{"id":213,"name":"Sweden","iso3":"SWE","iso2":"SE","numeric_code":"752","phone_code":"46","capital":"Stockholm","currency":"SEK","currency_name":"Swedish krona","currency_symbol":"ko","tld":".se","native":"Sverige","region":"Europe","region_id":4,"subregion":"Northern Europe","subregion_id":18,"nationality":"Swedish","timezones":[{"zoneName":"Europe/Stockholm","gmtOffset":3600,"gmtOffsetName":"UTC+01:00","abbreviation":"CET","tzName":"Central European Time"}],"translations":{"ko":"\uc2a4\uc6e8\ub374","pt-BR":"Su\u00e9cia","pt":"Su\u00e9cia","nl":"Zweden","hr":"\u0160vedska","fa":"\u0633\u0648\u0626\u062f","de":"Schweden","es":"Suecia","fr":"Su\u00e8de","ja":"\u30b9\u30a6\u30a7\u30fc\u30c7\u30f3","it":"Svezia","zh-CN":"\u745e\u5178","tr":"\u0130sve\u00e7","ru":"\u0428\u0432\u0435\u0446\u0438\u044f","uk":"\u0428\u0432\u0435\u0446\u0456\u044f","pl":"Szwecja"},"latitude":"62.00000000","longitude":"15.00000000","emoji":"\ud83c\uddf8\ud83c\uddea","emojiU":"U+1F1F8 U+1F1EA","states":{"blekingecounty":{"id":1537,"name":"Blekinge County","state_code":"K","latitude":"56.28333333","longitude":"15.11666666","type":null,"cities":{"br\u00e4kne-hoby":{"id":103094,"name":"Br\u00e4kne-Hoby","latitude":"56.23333000","longitude":"15.11667000"},"h\u00e4llevik":{"id":103321,"name":"H\u00e4llevik","latitude":"56.01667000","longitude":"14.70000000"},"hassl\u00f6":{"id":103270,"name":"Hassl\u00f6","latitude":"56.11667000","longitude":"15.48333000"},"j\u00e4mj\u00f6":{"id":103359,"name":"J\u00e4mj\u00f6","latitude":"56.19187000","longitude":"15.84115000"},"j\u00e4msh\u00f6g":{"id":103360,"name":"J\u00e4msh\u00f6g","latitude":"56.23333000","longitude":"14.51667000"},"kallinge":{"id":103371,"name":"Kallinge","latitude":"56.24841000","longitude":"15.28721000"},"karlshamn":{"id":103377,"name":"Karlshamn","latitude":"56.17060000","longitude":"14.86188000"},"karlskrona":{"id":103381,"name":"Karlskrona","latitude":"56.16156000","longitude":"15.58661000"},"mj\u00e4llby":{"id":103539,"name":"Mj\u00e4llby","latitude":"56.05000000","longitude":"14.68333000"},"m\u00f6rrum":{"id":103570,"name":"M\u00f6rrum","latitude":"56.19281000","longitude":"14.74739000"},"n\u00e4ttraby":{"id":103605,"name":"N\u00e4ttraby","latitude":"56.20000000","longitude":"15.51667000"},"olofstr\u00f6m":{"id":103612,"name":"Olofstr\u00f6m","latitude":"56.27730000","longitude":"14.53402000"},"r\u00f6deby":{"id":103672,"name":"R\u00f6deby","latitude":"56.26078000","longitude":"15.62143000"},"ronneby":{"id":103655,"name":"Ronneby","latitude":"56.20999000","longitude":"15.27602000"},"s\u00f6lvesborg":{"id":103830,"name":"S\u00f6lvesborg","latitude":"56.05205000","longitude":"14.57525000"},"sturk\u00f6":{"id":103779,"name":"Sturk\u00f6","latitude":"56.08333000","longitude":"15.70000000"},"sv\u00e4ngsta":{"id":103801,"name":"Sv\u00e4ngsta","latitude":"56.26667000","longitude":"14.76667000"}}},"dalarnacounty":{"id":1534,"name":"Dalarna County","state_code":"W","latitude":"61.09170120","longitude":"14.66636530","type":null,"cities":{"abborrberget":{"id":102985,"name":"Abborrberget","latitude":"60.15000000","longitude":"14.80000000"},"\u00c4lvdalen":{"id":103989,"name":"\u00c4lvdalen","latitude":"61.22774000","longitude":"14.03935000"},"avesta":{"id":103022,"name":"Avesta","latitude":"60.14274000","longitude":"16.16295000"},"bjurs\u00e5s":{"id":103046,"name":"Bjurs\u00e5s","latitude":"60.73726000","longitude":"15.45291000"},"borl\u00e4nge":{"id":103075,"name":"Borl\u00e4nge","latitude":"60.48580000","longitude":"15.43714000"},"brunna":{"id":103093,"name":"Brunna","latitude":"60.26255000","longitude":"16.01034000"},"djur\u00e5s":{"id":103122,"name":"Djur\u00e5s","latitude":"60.56061000","longitude":"15.13281000"},"enbacka":{"id":103142,"name":"Enbacka","latitude":"60.40993000","longitude":"15.59575000"},"falun":{"id":103162,"name":"Falun","latitude":"60.60357000","longitude":"15.62597000"},"gagnef":{"id":103197,"name":"Gagnef","latitude":"60.59856000","longitude":"15.07745000"},"gr\u00e4ngesberg":{"id":103226,"name":"Gr\u00e4ngesberg","latitude":"60.07465000","longitude":"15.00784000"},"grycksbo":{"id":103225,"name":"Grycksbo","latitude":"60.68751000","longitude":"15.48507000"},"hedemora":{"id":103274,"name":"Hedemora","latitude":"60.27973000","longitude":"15.98855000"},"horndal":{"id":103297,"name":"Horndal","latitude":"60.30000000","longitude":"16.41667000"},"insj\u00f6n":{"id":103347,"name":"Insj\u00f6n","latitude":"60.67688000","longitude":"15.09487000"},"j\u00e4rna":{"id":103364,"name":"J\u00e4rna","latitude":"60.53333000","longitude":"14.36667000"},"krylbo":{"id":103419,"name":"Krylbo","latitude":"60.13333000","longitude":"16.21667000"},"l\u00e5ngshyttan":{"id":103504,"name":"L\u00e5ngshyttan","latitude":"60.45238000","longitude":"16.03831000"},"leksand":{"id":103456,"name":"Leksand","latitude":"60.73030000","longitude":"14.99994000"},"ludvika":{"id":103491,"name":"Ludvika","latitude":"60.14959000","longitude":"15.18776000"},"malung":{"id":103518,"name":"Malung","latitude":"60.68329000","longitude":"13.71542000"},"mockfj\u00e4rd":{"id":103542,"name":"Mockfj\u00e4rd","latitude":"60.50000000","longitude":"14.96667000"},"mora":{"id":103545,"name":"Mora","latitude":"61.00704000","longitude":"14.54316000"},"nyhammar":{"id":103595,"name":"Nyhammar","latitude":"60.28333000","longitude":"14.96667000"},"orn\u00e4s":{"id":103617,"name":"Orn\u00e4s","latitude":"60.50944000","longitude":"15.54128000"},"orsa":{"id":103618,"name":"Orsa","latitude":"61.12034000","longitude":"14.61550000"},"r\u00e4ttvik":{"id":103665,"name":"R\u00e4ttvik","latitude":"60.88632000","longitude":"15.11787000"},"romme":{"id":103654,"name":"Romme","latitude":"60.43333000","longitude":"15.50000000"},"s\u00e4ter":{"id":103807,"name":"S\u00e4ter","latitude":"60.34778000","longitude":"15.75051000"},"siljansn\u00e4s":{"id":103688,"name":"Siljansn\u00e4s","latitude":"60.78333000","longitude":"14.85000000"},"smedby":{"id":103728,"name":"Smedby","latitude":"60.70000000","longitude":"15.05000000"},"smedjebacken":{"id":103729,"name":"Smedjebacken","latitude":"60.14181000","longitude":"15.41416000"},"sv\u00e4rdsj\u00f6":{"id":103802,"name":"Sv\u00e4rdsj\u00f6","latitude":"60.74022000","longitude":"15.90173000"},"vansbro":{"id":103920,"name":"Vansbro","latitude":"60.50893000","longitude":"14.22458000"},"vikarbyn":{"id":103941,"name":"Vikarbyn","latitude":"60.91667000","longitude":"15.01667000"}}},"g\u00e4vleborgcounty":{"id":1533,"name":"G\u00e4vleborg County","state_code":"X","latitude":"61.30119930","longitude":"16.15342140","type":null,"cities":{"alfta":{"id":102990,"name":"Alfta","latitude":"61.34675000","longitude":"16.07499000"},"arbr\u00e5":{"id":103009,"name":"Arbr\u00e5","latitude":"61.46667000","longitude":"16.38333000"},"\u00c5rsunda":{"id":104014,"name":"\u00c5rsunda","latitude":"60.51644000","longitude":"16.73436000"},"bergby":{"id":103033,"name":"Bergby","latitude":"60.92931000","longitude":"17.04194000"},"bergsj\u00f6":{"id":103038,"name":"Bergsj\u00f6","latitude":"61.98253000","longitude":"17.06368000"},"bolln\u00e4s":{"id":103067,"name":"Bolln\u00e4s","latitude":"61.34817000","longitude":"16.39464000"},"delsbo":{"id":103118,"name":"Delsbo","latitude":"61.80104000","longitude":"16.55571000"},"edsbyn":{"id":103129,"name":"Edsbyn","latitude":"61.37692000","longitude":"15.81747000"},"f\u00e4rila":{"id":103193,"name":"F\u00e4rila","latitude":"61.80011000","longitude":"15.84422000"},"forsbacka":{"id":103177,"name":"Forsbacka","latitude":"60.61667000","longitude":"16.88333000"},"g\u00e4vle":{"id":103240,"name":"G\u00e4vle","latitude":"60.67452000","longitude":"17.14174000"},"gnarp":{"id":103214,"name":"Gnarp","latitude":"62.04874000","longitude":"17.25858000"},"hedesunda":{"id":103276,"name":"Hedesunda","latitude":"60.40000000","longitude":"17.00000000"},"hofors":{"id":103293,"name":"Hofors","latitude":"60.54573000","longitude":"16.28668000"},"hudiksvall":{"id":103305,"name":"Hudiksvall","latitude":"61.72744000","longitude":"17.10558000"},"iggesund":{"id":103344,"name":"Iggesund","latitude":"61.64219000","longitude":"17.07477000"},"j\u00e4rbo":{"id":103361,"name":"J\u00e4rbo","latitude":"60.71667000","longitude":"16.60000000"},"j\u00e4rvs\u00f6":{"id":103365,"name":"J\u00e4rvs\u00f6","latitude":"61.71667000","longitude":"16.16667000"},"kilafors":{"id":103389,"name":"Kilafors","latitude":"61.23333000","longitude":"16.56667000"},"ljusdal":{"id":103485,"name":"Ljusdal","latitude":"61.82883000","longitude":"16.09126000"},"ljusne":{"id":103488,"name":"Ljusne","latitude":"61.21170000","longitude":"17.12790000"},"ockelbo":{"id":103607,"name":"Ockelbo","latitude":"60.89120000","longitude":"16.71846000"},"sandarne":{"id":103680,"name":"Sandarne","latitude":"61.25893000","longitude":"17.15284000"},"sandviken":{"id":103681,"name":"Sandviken","latitude":"60.61667000","longitude":"16.76667000"},"s\u00f6derhamn":{"id":103819,"name":"S\u00f6derhamn","latitude":"61.30373000","longitude":"17.05921000"},"s\u00f6rforsa":{"id":103832,"name":"S\u00f6rforsa","latitude":"61.73333000","longitude":"16.98333000"},"storvik":{"id":103768,"name":"Storvik","latitude":"60.58333000","longitude":"16.53333000"},"valbo":{"id":103912,"name":"Valbo","latitude":"60.65000000","longitude":"17.03333000"}}},"gotlandcounty":{"id":1546,"name":"Gotland County","state_code":"I","latitude":"57.46841210","longitude":"18.48674470","type":null,"cities":{"gotland":{"id":103219,"name":"Gotland","latitude":"57.50000000","longitude":"18.50000000"},"hemse":{"id":103279,"name":"Hemse","latitude":"57.23788000","longitude":"18.37443000"},"klintehamn":{"id":103398,"name":"Klintehamn","latitude":"57.38667000","longitude":"18.20371000"},"vibble":{"id":103940,"name":"Vibble","latitude":"57.60452000","longitude":"18.25601000"},"visby":{"id":103957,"name":"Visby","latitude":"57.64089000","longitude":"18.29602000"}}},"hallandcounty":{"id":1548,"name":"Halland County","state_code":"N","latitude":"56.89668050","longitude":"12.80339930","type":null,"cities":{"\u00c5led":{"id":104005,"name":"\u00c5led","latitude":"56.75000000","longitude":"12.93333000"},"\u00c5sa":{"id":104016,"name":"\u00c5sa","latitude":"57.35000000","longitude":"12.11667000"},"bua":{"id":103096,"name":"Bua","latitude":"57.23780000","longitude":"12.12187000"},"falkenberg":{"id":103157,"name":"Falkenberg","latitude":"56.90552000","longitude":"12.49118000"},"fj\u00e4r\u00e5skyrkby":{"id":103172,"name":"Fj\u00e4r\u00e5s kyrkby","latitude":"57.45913000","longitude":"12.17508000"},"frilles\u00e5s":{"id":103182,"name":"Frilles\u00e5s","latitude":"57.31667000","longitude":"12.16667000"},"fr\u00f6sakull":{"id":103186,"name":"Fr\u00f6sakull","latitude":"56.68333000","longitude":"12.73333000"},"fyllinge":{"id":103190,"name":"Fyllinge","latitude":"56.65000000","longitude":"12.91667000"},"getinge":{"id":103207,"name":"Getinge","latitude":"56.81667000","longitude":"12.73333000"},"glommen":{"id":103212,"name":"Glommen","latitude":"56.93333000","longitude":"12.35000000"},"gullbrandstorp":{"id":103231,"name":"Gullbrandstorp","latitude":"56.70000000","longitude":"12.73333000"},"halmstad":{"id":103258,"name":"Halmstad","latitude":"56.67446000","longitude":"12.85676000"},"harplinge":{"id":103269,"name":"Harplinge","latitude":"56.74491000","longitude":"12.72758000"},"haverdal":{"id":103271,"name":"Haverdal","latitude":"56.72222000","longitude":"12.67194000"},"hyltebruk":{"id":103314,"name":"Hyltebruk","latitude":"56.99892000","longitude":"13.23958000"},"kn\u00e4red":{"id":103405,"name":"Kn\u00e4red","latitude":"56.51861000","longitude":"13.32423000"},"kungsbacka":{"id":103423,"name":"Kungsbacka","latitude":"57.48719000","longitude":"12.07612000"},"laholm":{"id":103447,"name":"Laholm","latitude":"56.51207000","longitude":"13.04371000"},"mellbystrand":{"id":103535,"name":"Mellbystrand","latitude":"56.48561000","longitude":"12.93958000"},"mj\u00e4llby":{"id":103538,"name":"Mj\u00e4llby","latitude":"56.68333000","longitude":"12.76667000"},"onsala":{"id":103616,"name":"Onsala","latitude":"57.42531000","longitude":"12.02903000"},"oskarstr\u00f6m":{"id":103625,"name":"Oskarstr\u00f6m","latitude":"56.80000000","longitude":"12.96667000"},"s\u00e4r\u00f6":{"id":103806,"name":"S\u00e4r\u00f6","latitude":"57.50577000","longitude":"11.93210000"},"skrea":{"id":103711,"name":"Skrea","latitude":"56.88333000","longitude":"12.56667000"},"steninge":{"id":103750,"name":"Steninge","latitude":"56.76900000","longitude":"12.63034000"},"torup":{"id":103868,"name":"Torup","latitude":"56.95663000","longitude":"13.07725000"},"tr\u00e4sl\u00f6vsl\u00e4ge":{"id":103879,"name":"Tr\u00e4sl\u00f6vsl\u00e4ge","latitude":"57.05417000","longitude":"12.27899000"},"tr\u00f6nninge":{"id":103880,"name":"Tr\u00f6nninge","latitude":"56.61667000","longitude":"12.93333000"},"tv\u00e5\u00e5ker":{"id":103883,"name":"Tv\u00e5\u00e5ker","latitude":"57.04147000","longitude":"12.39950000"},"vallda":{"id":103917,"name":"Vallda","latitude":"57.47750000","longitude":"12.00139000"},"varberg":{"id":103924,"name":"Varberg","latitude":"57.10557000","longitude":"12.25078000"},"v\u00e4strahagen":{"id":103974,"name":"V\u00e4stra Hagen","latitude":"57.42444000","longitude":"11.93583000"},"veddige":{"id":103932,"name":"Veddige","latitude":"57.26591000","longitude":"12.33220000"},"veinge":{"id":103933,"name":"Veinge","latitude":"56.55000000","longitude":"13.06667000"}}},"j\u00e4mtlandcounty":{"id":5117,"name":"J\u00e4mtland County","state_code":"Z","latitude":"63.28306200","longitude":"14.23828100","type":null},"j\u00f6nk\u00f6pingcounty":{"id":1550,"name":"J\u00f6nk\u00f6ping County","state_code":"F","latitude":"57.37084340","longitude":"14.34391740","type":null,"cities":{"anderstorp":{"id":102999,"name":"Anderstorp","latitude":"57.28333000","longitude":"13.63333000"},"aneby":{"id":103001,"name":"Aneby","latitude":"57.83895000","longitude":"14.81016000"},"bankeryd":{"id":103026,"name":"Bankeryd","latitude":"57.86021000","longitude":"14.12400000"},"bodafors":{"id":103060,"name":"Bodafors","latitude":"57.50000000","longitude":"14.70000000"},"bor":{"id":103071,"name":"Bor","latitude":"57.11667000","longitude":"14.16667000"},"bredaryd":{"id":103083,"name":"Bredaryd","latitude":"57.17343000","longitude":"13.73789000"},"eken\u00e4ssj\u00f6n":{"id":103132,"name":"Eken\u00e4ssj\u00f6n","latitude":"57.49175000","longitude":"15.02226000"},"eksj\u00f6":{"id":103136,"name":"Eksj\u00f6","latitude":"57.66643000","longitude":"14.97205000"},"forserum":{"id":103178,"name":"Forserum","latitude":"57.70000000","longitude":"14.46667000"},"forsheda":{"id":103181,"name":"Forsheda","latitude":"57.16415000","longitude":"13.83016000"},"gislaved":{"id":103209,"name":"Gislaved","latitude":"57.30440000","longitude":"13.54078000"},"gnosj\u00f6":{"id":103217,"name":"Gnosj\u00f6","latitude":"57.35850000","longitude":"13.73686000"},"gr\u00e4nna":{"id":103227,"name":"Gr\u00e4nna","latitude":"58.01667000","longitude":"14.46667000"},"habo":{"id":103249,"name":"Habo","latitude":"57.91185000","longitude":"14.07444000"},"hestra":{"id":103284,"name":"Hestra","latitude":"57.44232000","longitude":"13.59575000"},"hillerstorp":{"id":103285,"name":"Hillerstorp","latitude":"57.31293000","longitude":"13.88437000"},"huskvarna":{"id":103310,"name":"Huskvarna","latitude":"57.78596000","longitude":"14.30214000"},"j\u00f6nk\u00f6ping":{"id":103366,"name":"J\u00f6nk\u00f6ping","latitude":"57.78145000","longitude":"14.15618000"},"kaxholmen":{"id":103387,"name":"Kaxholmen","latitude":"57.85345000","longitude":"14.30457000"},"landsbro":{"id":103450,"name":"Landsbro","latitude":"57.36667000","longitude":"14.90000000"},"malmb\u00e4ck":{"id":103514,"name":"Malmb\u00e4ck","latitude":"57.57667000","longitude":"14.46170000"},"mariannelund":{"id":103523,"name":"Mariannelund","latitude":"57.61667000","longitude":"15.56667000"},"marieholm":{"id":103526,"name":"Marieholm","latitude":"57.38333000","longitude":"13.85000000"},"mullsj\u00f6":{"id":103550,"name":"Mullsj\u00f6","latitude":"57.91710000","longitude":"13.87831000"},"n\u00e4ssj\u00f6":{"id":103602,"name":"N\u00e4ssj\u00f6","latitude":"57.65307000","longitude":"14.69676000"},"odensj\u00f6":{"id":103610,"name":"Odensj\u00f6","latitude":"57.71667000","longitude":"14.16667000"},"reftele":{"id":103644,"name":"Reftele","latitude":"57.17467000","longitude":"13.59498000"},"rydaholm":{"id":103662,"name":"Rydaholm","latitude":"56.98388000","longitude":"14.30849000"},"s\u00e4vsj\u00f6":{"id":103814,"name":"S\u00e4vsj\u00f6","latitude":"57.40327000","longitude":"14.66244000"},"skillingaryd":{"id":103704,"name":"Skillingaryd","latitude":"57.43044000","longitude":"14.09383000"},"sm\u00e5landsstenar":{"id":103732,"name":"Sm\u00e5landsstenar","latitude":"57.16241000","longitude":"13.41212000"},"stockaryd":{"id":103757,"name":"Stockaryd","latitude":"57.31737000","longitude":"14.59341000"},"taberg":{"id":103835,"name":"Taberg","latitude":"57.67722000","longitude":"14.08876000"},"tenhult":{"id":103840,"name":"Tenhult","latitude":"57.70761000","longitude":"14.32205000"},"tran\u00e5s":{"id":103871,"name":"Tran\u00e5s","latitude":"58.03717000","longitude":"14.97820000"},"vaggeryd":{"id":103909,"name":"Vaggeryd","latitude":"57.49807000","longitude":"14.14842000"},"v\u00e4rnamo":{"id":103968,"name":"V\u00e4rnamo","latitude":"57.18604000","longitude":"14.04001000"},"vetlanda":{"id":103937,"name":"Vetlanda","latitude":"57.42887000","longitude":"15.07762000"},"vrigstad":{"id":103961,"name":"Vrigstad","latitude":"57.35000000","longitude":"14.46667000"}}},"kalmarcounty":{"id":1544,"name":"Kalmar County","state_code":"H","latitude":"57.23501560","longitude":"16.18493490","type":null,"cities":{"ankarsrum":{"id":103004,"name":"Ankarsrum","latitude":"57.69896000","longitude":"16.33407000"},"bergkvara":{"id":103035,"name":"Bergkvara","latitude":"56.39063000","longitude":"16.07274000"},"blomsterm\u00e5la":{"id":103059,"name":"Blomsterm\u00e5la","latitude":"56.98333000","longitude":"16.33333000"},"borgholm":{"id":103073,"name":"Borgholm","latitude":"56.87930000","longitude":"16.65634000"},"emmaboda":{"id":103140,"name":"Emmaboda","latitude":"56.63268000","longitude":"15.53648000"},"f\u00e4rjestaden":{"id":103194,"name":"F\u00e4rjestaden","latitude":"56.64990000","longitude":"16.46859000"},"gamleby":{"id":103201,"name":"Gamleby","latitude":"57.89485000","longitude":"16.40508000"},"gunnebo":{"id":103234,"name":"Gunnebo","latitude":"57.71667000","longitude":"16.53333000"},"h\u00f6gsby":{"id":103331,"name":"H\u00f6gsby","latitude":"57.16597000","longitude":"16.02562000"},"hultsfred":{"id":103307,"name":"Hultsfred","latitude":"57.48815000","longitude":"15.84357000"},"kalmar":{"id":103372,"name":"Kalmar","latitude":"56.66157000","longitude":"16.36163000"},"kristdala":{"id":103413,"name":"Kristdala","latitude":"57.40070000","longitude":"16.20496000"},"lindsdal":{"id":103473,"name":"Lindsdal","latitude":"56.73333000","longitude":"16.30000000"},"ljungbyholm":{"id":103481,"name":"Ljungbyholm","latitude":"56.63333000","longitude":"16.16667000"},"m\u00e5lilla":{"id":103559,"name":"M\u00e5lilla","latitude":"57.38773000","longitude":"15.80675000"},"m\u00f6nster\u00e5s":{"id":103565,"name":"M\u00f6nster\u00e5s","latitude":"57.04134000","longitude":"16.44463000"},"m\u00f6rbyl\u00e5nga":{"id":103568,"name":"M\u00f6rbyl\u00e5nga","latitude":"56.52480000","longitude":"16.37877000"},"nybro":{"id":103593,"name":"Nybro","latitude":"56.74461000","longitude":"15.90714000"},"oskarshamn":{"id":103623,"name":"Oskarshamn","latitude":"57.26455000","longitude":"16.44837000"},"\u00d6verum":{"id":104056,"name":"\u00d6verum","latitude":"57.98856000","longitude":"16.31390000"},"p\u00e5skallavik":{"id":103641,"name":"P\u00e5skallavik","latitude":"57.16667000","longitude":"16.45000000"},"rinkabyholm":{"id":103649,"name":"Rinkabyholm","latitude":"56.64972000","longitude":"16.26667000"},"smedby":{"id":103727,"name":"Smedby","latitude":"56.67413000","longitude":"16.24320000"},"s\u00f6drasandby":{"id":103827,"name":"S\u00f6dra Sandby","latitude":"56.56667000","longitude":"16.61667000"},"s\u00f6dravi":{"id":103829,"name":"S\u00f6dra Vi","latitude":"57.73993000","longitude":"15.79391000"},"storebro":{"id":103762,"name":"Storebro","latitude":"57.58333000","longitude":"15.85000000"},"timmernabben":{"id":103849,"name":"Timmernabben","latitude":"56.96667000","longitude":"16.43333000"},"tors\u00e5s":{"id":103866,"name":"Tors\u00e5s","latitude":"56.41251000","longitude":"15.99844000"},"trekanten":{"id":103873,"name":"Trekanten","latitude":"56.70000000","longitude":"16.11667000"},"v\u00e4stervik":{"id":103970,"name":"V\u00e4stervik","latitude":"57.75840000","longitude":"16.63733000"},"vimmerby":{"id":103947,"name":"Vimmerby","latitude":"57.66588000","longitude":"15.85515000"},"virserum":{"id":103956,"name":"Virserum","latitude":"57.31667000","longitude":"15.58333000"}}},"kronobergcounty":{"id":1542,"name":"Kronoberg County","state_code":"G","latitude":"56.71834030","longitude":"14.41146730","type":null,"cities":{"\u00c4lmhult":{"id":103985,"name":"\u00c4lmhult","latitude":"56.55146000","longitude":"14.13827000"},"alvesta":{"id":102995,"name":"Alvesta","latitude":"56.89935000","longitude":"14.55559000"},"\u00c5seda":{"id":104018,"name":"\u00c5seda","latitude":"57.17010000","longitude":"15.34430000"},"bra\u00e5s":{"id":103082,"name":"Bra\u00e5s","latitude":"57.06667000","longitude":"15.05000000"},"gemla":{"id":103205,"name":"Gemla","latitude":"56.86753000","longitude":"14.64379000"},"hovmantorp":{"id":103301,"name":"Hovmantorp","latitude":"56.78685000","longitude":"15.14023000"},"ingelstad":{"id":103346,"name":"Ingelstad","latitude":"56.75000000","longitude":"14.91667000"},"lagan":{"id":103446,"name":"Lagan","latitude":"56.91667000","longitude":"13.98333000"},"lammhult":{"id":103449,"name":"Lammhult","latitude":"57.16667000","longitude":"14.58333000"},"lenhovda":{"id":103458,"name":"Lenhovda","latitude":"57.00000000","longitude":"15.28333000"},"lessebo":{"id":103461,"name":"Lessebo","latitude":"56.75185000","longitude":"15.26969000"},"ljungby":{"id":103478,"name":"Ljungby","latitude":"56.83324000","longitude":"13.94082000"},"markaryd":{"id":103531,"name":"Markaryd","latitude":"56.46135000","longitude":"13.59644000"},"moheda":{"id":103543,"name":"Moheda","latitude":"57.00000000","longitude":"14.56667000"},"rottne":{"id":103659,"name":"Rottne","latitude":"57.01667000","longitude":"14.90000000"},"ryd":{"id":103660,"name":"Ryd","latitude":"56.46667000","longitude":"14.68333000"},"str\u00f6msn\u00e4sbruk":{"id":103774,"name":"Str\u00f6msn\u00e4sbruk","latitude":"56.55000000","longitude":"13.71667000"},"tingsryd":{"id":103852,"name":"Tingsryd","latitude":"56.52470000","longitude":"14.97902000"},"v\u00e4xj\u00f6":{"id":103975,"name":"V\u00e4xj\u00f6","latitude":"56.87767000","longitude":"14.80906000"},"vislanda":{"id":103959,"name":"Vislanda","latitude":"56.78333000","longitude":"14.45000000"}}},"norrbottencounty":{"id":1538,"name":"Norrbotten County","state_code":"BD","latitude":"66.83092160","longitude":"20.39919660","type":null,"cities":{"\u00c4lvsbyn":{"id":103993,"name":"\u00c4lvsbyn","latitude":"65.67624000","longitude":"21.00162000"},"arjeplog":{"id":103010,"name":"Arjeplog","latitude":"66.05173000","longitude":"17.88606000"},"arvidsjaur":{"id":103015,"name":"Arvidsjaur","latitude":"65.59033000","longitude":"19.16682000"},"bergn\u00e4set":{"id":103036,"name":"Bergn\u00e4set","latitude":"65.57791000","longitude":"22.10844000"},"bergsviken":{"id":103039,"name":"Bergsviken","latitude":"65.30000000","longitude":"21.38333000"},"bj\u00f6rkskatan":{"id":103054,"name":"Bj\u00f6rkskatan","latitude":"65.61373000","longitude":"22.17702000"},"boden":{"id":103061,"name":"Boden","latitude":"65.82518000","longitude":"21.68864000"},"g\u00e4llivare":{"id":103237,"name":"G\u00e4llivare","latitude":"67.13387000","longitude":"20.65278000"},"gammelstad":{"id":103202,"name":"Gammelstad","latitude":"65.63931000","longitude":"22.01145000"},"haparanda":{"id":103267,"name":"Haparanda","latitude":"65.83549000","longitude":"24.13676000"},"hortlax":{"id":103299,"name":"Hortlax","latitude":"65.28188000","longitude":"21.40544000"},"jokkmokk":{"id":103353,"name":"Jokkmokk","latitude":"66.60665000","longitude":"19.82324000"},"kalix":{"id":103369,"name":"Kalix","latitude":"65.85298000","longitude":"23.15645000"},"kiruna":{"id":103394,"name":"Kiruna","latitude":"67.85572000","longitude":"20.22513000"},"lule\u00e5":{"id":103493,"name":"Lule\u00e5","latitude":"65.58415000","longitude":"22.15465000"},"malmberget":{"id":103513,"name":"Malmberget","latitude":"67.17529000","longitude":"20.65495000"},"marielund":{"id":103528,"name":"Marielund","latitude":"65.85307000","longitude":"24.10486000"},"norrfj\u00e4rden":{"id":103585,"name":"Norrfj\u00e4rden","latitude":"65.41805000","longitude":"21.50151000"},"\u00d6verkalix":{"id":104052,"name":"\u00d6verkalix","latitude":"66.32754000","longitude":"22.84414000"},"\u00d6vertorne\u00e5":{"id":104054,"name":"\u00d6vertorne\u00e5","latitude":"66.38778000","longitude":"23.65425000"},"pajala":{"id":103630,"name":"Pajala","latitude":"67.21284000","longitude":"23.36607000"},"pite\u00e5":{"id":103637,"name":"Pite\u00e5","latitude":"65.31717000","longitude":"21.47944000"},"r\u00e5ne\u00e5":{"id":103668,"name":"R\u00e5ne\u00e5","latitude":"65.85482000","longitude":"22.29126000"},"rokn\u00e4s":{"id":103652,"name":"Rokn\u00e4s","latitude":"65.35000000","longitude":"21.20000000"},"rolfs":{"id":103653,"name":"Rolfs","latitude":"65.85000000","longitude":"23.11667000"},"rosvik":{"id":103658,"name":"Rosvik","latitude":"65.43333000","longitude":"21.70000000"},"s\u00e4vast":{"id":103812,"name":"S\u00e4vast","latitude":"65.77002000","longitude":"21.73113000"},"s\u00f6drasunderbyn":{"id":103828,"name":"S\u00f6dra Sunderbyn","latitude":"65.65983000","longitude":"21.94004000"},"t\u00f6re":{"id":103891,"name":"T\u00f6re","latitude":"65.91243000","longitude":"22.65128000"}}},"\u00d6rebrocounty":{"id":1539,"name":"\u00d6rebro County","state_code":"T","latitude":"59.53503600","longitude":"15.00657310","type":null,"cities":{"\u00c5sbro":{"id":104017,"name":"\u00c5sbro","latitude":"59.00000000","longitude":"15.05000000"},"askersund":{"id":103019,"name":"Askersund","latitude":"58.87988000","longitude":"14.90230000"},"degerfors":{"id":103115,"name":"Degerfors","latitude":"59.23797000","longitude":"14.43077000"},"ekeby-almby":{"id":103131,"name":"Ekeby-Almby","latitude":"59.26000000","longitude":"15.33000000"},"fellingsbro":{"id":103163,"name":"Fellingsbro","latitude":"59.43333000","longitude":"15.58333000"},"fjugesta":{"id":103170,"name":"Fjugesta","latitude":"59.17375000","longitude":"14.87227000"},"fr\u00f6vi":{"id":103187,"name":"Fr\u00f6vi","latitude":"59.46667000","longitude":"15.36667000"},"garphyttan":{"id":103204,"name":"Garphyttan","latitude":"59.30429000","longitude":"14.94623000"},"h\u00e4llabrottet":{"id":103316,"name":"H\u00e4llabrottet","latitude":"59.11667000","longitude":"15.20000000"},"h\u00e4llefors":{"id":103318,"name":"H\u00e4llefors","latitude":"59.78388000","longitude":"14.52197000"},"hallsberg":{"id":103253,"name":"Hallsberg","latitude":"59.06463000","longitude":"15.10993000"},"hovsta":{"id":103302,"name":"Hovsta","latitude":"59.35000000","longitude":"15.21667000"},"karlskoga":{"id":103379,"name":"Karlskoga","latitude":"59.32667000","longitude":"14.52386000"},"kopparberg":{"id":103409,"name":"Kopparberg","latitude":"59.87597000","longitude":"14.99436000"},"kumla":{"id":103420,"name":"Kumla","latitude":"59.12770000","longitude":"15.14341000"},"lax\u00e5":{"id":103453,"name":"Lax\u00e5","latitude":"58.98630000","longitude":"14.61904000"},"lindesberg":{"id":103469,"name":"Lindesberg","latitude":"59.59202000","longitude":"15.23040000"},"nora":{"id":103577,"name":"Nora","latitude":"59.51926000","longitude":"15.03979000"},"odensbacken":{"id":103609,"name":"Odensbacken","latitude":"59.16667000","longitude":"15.53333000"},"\u00d6rebro":{"id":104034,"name":"\u00d6rebro","latitude":"59.27412000","longitude":"15.20660000"},"p\u00e5lsboda":{"id":103640,"name":"P\u00e5lsboda","latitude":"59.06565000","longitude":"15.33747000"},"sk\u00f6llersta":{"id":103723,"name":"Sk\u00f6llersta","latitude":"59.13738000","longitude":"15.33940000"},"stor\u00e5":{"id":103770,"name":"Stor\u00e5","latitude":"59.71409000","longitude":"15.13169000"},"vintrosa":{"id":103955,"name":"Vintrosa","latitude":"59.25000000","longitude":"14.95000000"}}},"\u00d6sterg\u00f6tlandcounty":{"id":1536,"name":"\u00d6sterg\u00f6tland County","state_code":"E","latitude":"58.34536350","longitude":"15.51978440","type":null,"cities":{"\u00c5by":{"id":103999,"name":"\u00c5by","latitude":"58.66667000","longitude":"16.18333000"},"\u00c5tvidaberg":{"id":104023,"name":"\u00c5tvidaberg","latitude":"58.20152000","longitude":"15.99770000"},"berg":{"id":103032,"name":"Berg","latitude":"58.48831000","longitude":"15.52969000"},"borensberg":{"id":103072,"name":"Borensberg","latitude":"58.56667000","longitude":"15.28333000"},"boxholm":{"id":103079,"name":"Boxholm","latitude":"58.19719000","longitude":"15.05376000"},"ek\u00e4ngen":{"id":103138,"name":"Ek\u00e4ngen","latitude":"58.46667000","longitude":"15.63333000"},"finsp\u00e5ng":{"id":103166,"name":"Finsp\u00e5ng","latitude":"58.70578000","longitude":"15.76739000"},"grebo":{"id":103221,"name":"Grebo","latitude":"58.30145000","longitude":"15.87085000"},"gusum":{"id":103236,"name":"Gusum","latitude":"58.26880000","longitude":"16.49894000"},"herrestad":{"id":103281,"name":"Herrestad","latitude":"58.38333000","longitude":"14.80000000"},"jursla":{"id":103358,"name":"Jursla","latitude":"58.66667000","longitude":"16.18333000"},"kimstad":{"id":103391,"name":"Kimstad","latitude":"58.54967000","longitude":"15.96296000"},"kisa":{"id":103396,"name":"Kisa","latitude":"57.98781000","longitude":"15.63303000"},"krokek":{"id":103418,"name":"Krokek","latitude":"58.67231000","longitude":"16.36741000"},"lind\u00f6":{"id":103474,"name":"Lind\u00f6","latitude":"58.61667000","longitude":"16.25000000"},"linghem":{"id":103475,"name":"Linghem","latitude":"58.43333000","longitude":"15.78333000"},"link\u00f6ping":{"id":103476,"name":"Link\u00f6ping","latitude":"58.41086000","longitude":"15.62157000"},"ljungsbro":{"id":103483,"name":"Ljungsbro","latitude":"58.51667000","longitude":"15.50000000"},"malmsl\u00e4tt":{"id":103516,"name":"Malmsl\u00e4tt","latitude":"58.41102000","longitude":"15.51647000"},"mantorp":{"id":103522,"name":"Mantorp","latitude":"58.35000000","longitude":"15.28333000"},"mj\u00f6lby":{"id":103540,"name":"Mj\u00f6lby","latitude":"58.32595000","longitude":"15.12365000"},"motala":{"id":103548,"name":"Motala","latitude":"58.53706000","longitude":"15.03649000"},"norrk\u00f6ping":{"id":103586,"name":"Norrk\u00f6ping","latitude":"58.59419000","longitude":"16.18260000"},"\u00d6desh\u00f6g":{"id":104027,"name":"\u00d6desh\u00f6g","latitude":"58.22949000","longitude":"14.65294000"},"\u00d6sterbymo":{"id":104044,"name":"\u00d6sterbymo","latitude":"57.82465000","longitude":"15.27357000"},"rimforsa":{"id":103647,"name":"Rimforsa","latitude":"58.13624000","longitude":"15.68650000"},"ryd":{"id":103661,"name":"Ryd","latitude":"58.66667000","longitude":"15.08333000"},"sk\u00e4nninge":{"id":103718,"name":"Sk\u00e4nninge","latitude":"58.39427000","longitude":"15.08659000"},"sk\u00e4rblacka":{"id":103719,"name":"Sk\u00e4rblacka","latitude":"58.56667000","longitude":"15.90000000"},"s\u00f6derk\u00f6ping":{"id":103821,"name":"S\u00f6derk\u00f6ping","latitude":"58.48057000","longitude":"16.32221000"},"stenstorp":{"id":103752,"name":"Stenstorp","latitude":"58.48333000","longitude":"15.06667000"},"sturefors":{"id":103778,"name":"Sturefors","latitude":"58.33333000","longitude":"15.73333000"},"sv\u00e4rtinge":{"id":103803,"name":"Sv\u00e4rtinge","latitude":"58.65507000","longitude":"16.02823000"},"tallboda":{"id":103836,"name":"Tallboda","latitude":"58.42521000","longitude":"15.68154000"},"vadstena":{"id":103907,"name":"Vadstena","latitude":"58.44863000","longitude":"14.88969000"},"valdemarsvik":{"id":103913,"name":"Valdemarsvik","latitude":"58.20310000","longitude":"16.60225000"},"vikingstad":{"id":103944,"name":"Vikingstad","latitude":"58.38304000","longitude":"15.43201000"}}},"sk\u00e5necounty":{"id":1541,"name":"Sk\u00e5ne County","state_code":"M","latitude":"55.99025720","longitude":"13.59576920","type":null,"cities":{"\u00c5hus":{"id":104000,"name":"\u00c5hus","latitude":"55.91667000","longitude":"14.28333000"},"\u00c5karp":{"id":104002,"name":"\u00c5karp","latitude":"55.65396000","longitude":"13.11107000"},"andersl\u00f6v":{"id":102998,"name":"Andersl\u00f6v","latitude":"55.43836000","longitude":"13.31966000"},"\u00c4ngelholm":{"id":103996,"name":"\u00c4ngelholm","latitude":"56.24280000","longitude":"12.86219000"},"arl\u00f6v":{"id":103012,"name":"Arl\u00f6v","latitude":"55.63248000","longitude":"13.07141000"},"asmundtorp":{"id":103021,"name":"Asmundtorp","latitude":"55.88333000","longitude":"12.93333000"},"\u00c5storp":{"id":104021,"name":"\u00c5storp","latitude":"56.13566000","longitude":"12.94430000"},"bara":{"id":103028,"name":"Bara","latitude":"55.58155000","longitude":"13.17862000"},"b\u00e5rsl\u00f6v":{"id":103104,"name":"B\u00e5rsl\u00f6v","latitude":"56.00910000","longitude":"12.80580000"},"b\u00e5stad":{"id":103105,"name":"B\u00e5stad","latitude":"56.42689000","longitude":"12.85339000"},"billeberga":{"id":103041,"name":"Billeberga","latitude":"55.88333000","longitude":"13.00000000"},"billesholm":{"id":103042,"name":"Billesholm","latitude":"56.05000000","longitude":"13.00000000"},"bj\u00e4rnum":{"id":103049,"name":"Bj\u00e4rnum","latitude":"56.29032000","longitude":"13.71128000"},"bj\u00e4rred":{"id":103050,"name":"Bj\u00e4rred","latitude":"55.71667000","longitude":"13.01667000"},"bjuv":{"id":103047,"name":"Bjuv","latitude":"56.08372000","longitude":"12.91914000"},"blentarp":{"id":103058,"name":"Blentarp","latitude":"55.58333000","longitude":"13.60000000"},"broby":{"id":103087,"name":"Broby","latitude":"56.25521000","longitude":"14.07797000"},"brom\u00f6lla":{"id":103089,"name":"Brom\u00f6lla","latitude":"56.07551000","longitude":"14.46958000"},"bunkeflostrand":{"id":103097,"name":"Bunkeflostrand","latitude":"55.54478000","longitude":"12.92375000"},"dalby":{"id":103109,"name":"Dalby","latitude":"55.66655000","longitude":"13.34976000"},"degeberga":{"id":103114,"name":"Degeberga","latitude":"55.83333000","longitude":"14.08333000"},"ekeby":{"id":103130,"name":"Ekeby","latitude":"56.00000000","longitude":"12.96667000"},"esl\u00f6v":{"id":103152,"name":"Esl\u00f6v","latitude":"55.83928000","longitude":"13.30393000"},"f\u00e4rl\u00f6v":{"id":103195,"name":"F\u00e4rl\u00f6v","latitude":"56.06667000","longitude":"14.08333000"},"fj\u00e4lkinge":{"id":103171,"name":"Fj\u00e4lkinge","latitude":"56.04364000","longitude":"14.27562000"},"f\u00f6rsl\u00f6v":{"id":103196,"name":"F\u00f6rsl\u00f6v","latitude":"56.35000000","longitude":"12.81667000"},"furulund":{"id":103188,"name":"Furulund","latitude":"55.77380000","longitude":"13.09022000"},"gantofta":{"id":103203,"name":"Gantofta","latitude":"55.98729000","longitude":"12.80482000"},"g\u00e4rsn\u00e4s":{"id":103239,"name":"G\u00e4rsn\u00e4s","latitude":"55.54949000","longitude":"14.17923000"},"genarp":{"id":103206,"name":"Genarp","latitude":"55.59907000","longitude":"13.39820000"},"glim\u00e5kra":{"id":103211,"name":"Glim\u00e5kra","latitude":"56.30000000","longitude":"14.13333000"},"glumsl\u00f6v":{"id":103213,"name":"Glumsl\u00f6v","latitude":"55.94091000","longitude":"12.80929000"},"h\u00e4ljarp":{"id":103315,"name":"H\u00e4ljarp","latitude":"55.85000000","longitude":"12.91667000"},"hammar":{"id":103260,"name":"Hammar","latitude":"56.01667000","longitude":"14.21667000"},"hanaskog":{"id":103263,"name":"Hanaskog","latitude":"56.16061000","longitude":"14.09307000"},"h\u00e4ssleholm":{"id":103325,"name":"H\u00e4ssleholm","latitude":"56.15905000","longitude":"13.76638000"},"h\u00e4stveda":{"id":103327,"name":"H\u00e4stveda","latitude":"56.28468000","longitude":"13.93547000"},"helsingborg":{"id":103277,"name":"Helsingborg","latitude":"56.05648000","longitude":"12.78718000"},"hittarp":{"id":103287,"name":"Hittarp","latitude":"56.10000000","longitude":"12.63333000"},"hj\u00e4rnarp":{"id":103291,"name":"Hj\u00e4rnarp","latitude":"56.31667000","longitude":"12.91667000"},"hj\u00e4rup":{"id":103292,"name":"Hj\u00e4rup","latitude":"55.66880000","longitude":"13.13931000"},"hofterup":{"id":103295,"name":"Hofterup","latitude":"55.80485000","longitude":"12.97970000"},"h\u00f6gan\u00e4s":{"id":103329,"name":"H\u00f6gan\u00e4s","latitude":"56.19971000","longitude":"12.55795000"},"h\u00f6k\u00f6pinge":{"id":103334,"name":"H\u00f6k\u00f6pinge","latitude":"55.49411000","longitude":"13.00782000"},"h\u00f6llviken":{"id":103335,"name":"H\u00f6llviken","latitude":"55.40982000","longitude":"12.95580000"},"h\u00f6\u00f6r":{"id":103342,"name":"H\u00f6\u00f6r","latitude":"55.93444000","longitude":"13.53850000"},"h\u00f6rby":{"id":103338,"name":"H\u00f6rby","latitude":"55.85238000","longitude":"13.66094000"},"hyllinge":{"id":103312,"name":"Hyllinge","latitude":"56.10000000","longitude":"12.85000000"},"jonstorp":{"id":103356,"name":"Jonstorp","latitude":"56.23380000","longitude":"12.67184000"},"k\u00e5ger\u00f6d":{"id":103440,"name":"K\u00e5ger\u00f6d","latitude":"55.99976000","longitude":"13.08795000"},"k\u00e4vlinge":{"id":103437,"name":"K\u00e4vlinge","latitude":"55.79188000","longitude":"13.11021000"},"kl\u00e5gerup":{"id":103401,"name":"Kl\u00e5gerup","latitude":"55.59416000","longitude":"13.24574000"},"klippan":{"id":103399,"name":"Klippan","latitude":"56.13559000","longitude":"13.13086000"},"knislinge":{"id":103402,"name":"Knislinge","latitude":"56.18333000","longitude":"14.08333000"},"k\u00f6pingebro":{"id":103443,"name":"K\u00f6pingebro","latitude":"55.45526000","longitude":"13.93453000"},"kristianstad":{"id":103414,"name":"Kristianstad","latitude":"56.03129000","longitude":"14.15242000"},"kvidinge":{"id":103433,"name":"Kvidinge","latitude":"56.13386000","longitude":"13.04678000"},"landskrona":{"id":103451,"name":"Landskrona","latitude":"55.88620000","longitude":"12.85880000"},"ljungbyhed":{"id":103480,"name":"Ljungbyhed","latitude":"56.07437000","longitude":"13.24010000"},"ljunghusen":{"id":103482,"name":"Ljunghusen","latitude":"55.39793000","longitude":"12.92486000"},"l\u00f6ber\u00f6d":{"id":103506,"name":"L\u00f6ber\u00f6d","latitude":"55.77610000","longitude":"13.52414000"},"l\u00f6ddek\u00f6pinge":{"id":103507,"name":"L\u00f6ddek\u00f6pinge","latitude":"55.76667000","longitude":"13.01667000"},"lomma":{"id":103489,"name":"Lomma","latitude":"55.67244000","longitude":"13.06849000"},"l\u00f6nsboda":{"id":103509,"name":"L\u00f6nsboda","latitude":"56.40000000","longitude":"14.31667000"},"lund":{"id":103495,"name":"Lund","latitude":"55.70584000","longitude":"13.19321000"},"malm\u00f6":{"id":103517,"name":"Malm\u00f6","latitude":"55.60587000","longitude":"13.00073000"},"marieholm":{"id":103527,"name":"Marieholm","latitude":"55.86667000","longitude":"13.15000000"},"m\u00f6rarp":{"id":103567,"name":"M\u00f6rarp","latitude":"56.05749000","longitude":"12.88018000"},"munka-ljungby":{"id":103552,"name":"Munka-Ljungby","latitude":"56.25000000","longitude":"12.96667000"},"n\u00e4sum":{"id":103604,"name":"N\u00e4sum","latitude":"56.17693000","longitude":"14.49706000"},"norra\u00c5sum":{"id":103584,"name":"Norra \u00c5sum","latitude":"55.98333000","longitude":"14.15000000"},"\u00d6d\u00e5kra":{"id":104030,"name":"\u00d6d\u00e5kra","latitude":"56.10412000","longitude":"12.74770000"},"\u00d6nnestad":{"id":104032,"name":"\u00d6nnestad","latitude":"56.05747000","longitude":"14.02233000"},"\u00d6rkelljunga":{"id":104037,"name":"\u00d6rkelljunga","latitude":"56.28338000","longitude":"13.27773000"},"osby":{"id":103621,"name":"Osby","latitude":"56.38165000","longitude":"13.99364000"},"\u00d6straljungby":{"id":104051,"name":"\u00d6stra Ljungby","latitude":"56.19601000","longitude":"13.09199000"},"oxie":{"id":103629,"name":"Oxie","latitude":"55.54014000","longitude":"13.09605000"},"p\u00e5arp":{"id":103639,"name":"P\u00e5arp","latitude":"56.03333000","longitude":"12.81667000"},"perstorp":{"id":103635,"name":"Perstorp","latitude":"56.13829000","longitude":"13.39476000"},"rydeb\u00e4ck":{"id":103663,"name":"Rydeb\u00e4ck","latitude":"55.96667000","longitude":"12.76667000"},"rydsg\u00e5rd":{"id":103664,"name":"Rydsg\u00e5rd","latitude":"55.47285000","longitude":"13.58829000"},"s\u00e4tofta":{"id":103810,"name":"S\u00e4tofta","latitude":"55.91667000","longitude":"13.55000000"},"saxtorpsskogen":{"id":103683,"name":"Saxtorpsskogen","latitude":"55.83208000","longitude":"12.94429000"},"sibbhult":{"id":103685,"name":"Sibbhult","latitude":"56.26667000","longitude":"14.20000000"},"simrishamn":{"id":103689,"name":"Simrishamn","latitude":"55.55653000","longitude":"14.35037000"},"sj\u00f6bo":{"id":103692,"name":"Sj\u00f6bo","latitude":"55.63135000","longitude":"13.70622000"},"skan\u00f6rmedfalsterbo":{"id":103695,"name":"Skan\u00f6r med Falsterbo","latitude":"55.40000000","longitude":"12.85000000"},"sk\u00e5re":{"id":103721,"name":"Sk\u00e5re","latitude":"55.38333000","longitude":"13.05000000"},"skegrie":{"id":103699,"name":"Skegrie","latitude":"55.40633000","longitude":"13.07693000"},"skivarp":{"id":103707,"name":"Skivarp","latitude":"55.41667000","longitude":"13.56667000"},"skurup":{"id":103714,"name":"Skurup","latitude":"55.47839000","longitude":"13.50186000"},"smygehamn":{"id":103731,"name":"Smygehamn","latitude":"55.34337000","longitude":"13.36989000"},"s\u00f6drasandby":{"id":103826,"name":"S\u00f6dra Sandby","latitude":"55.71677000","longitude":"13.34659000"},"s\u00f6sdala":{"id":103834,"name":"S\u00f6sdala","latitude":"56.03992000","longitude":"13.67811000"},"staffanstorp":{"id":103744,"name":"Staffanstorp","latitude":"55.64277000","longitude":"13.20638000"},"st\u00e5ngby":{"id":103781,"name":"St\u00e5ngby","latitude":"55.75030000","longitude":"13.19797000"},"stehag":{"id":103748,"name":"Stehag","latitude":"55.90188000","longitude":"13.39577000"},"str\u00f6velstorp":{"id":103777,"name":"Str\u00f6velstorp","latitude":"56.16979000","longitude":"12.83925000"},"sval\u00f6v":{"id":103794,"name":"Sval\u00f6v","latitude":"55.91340000","longitude":"13.10762000"},"svedala":{"id":103797,"name":"Svedala","latitude":"55.50788000","longitude":"13.23515000"},"teckomatorp":{"id":103839,"name":"Teckomatorp","latitude":"55.86667000","longitude":"13.08333000"},"tollarp":{"id":103856,"name":"Tollarp","latitude":"55.93333000","longitude":"13.98333000"},"tollarp1":{"id":103857,"name":"Tollarp1","latitude":"56.16667000","longitude":"14.28333000"},"tomelilla":{"id":103858,"name":"Tomelilla","latitude":"55.54293000","longitude":"13.95460000"},"torekov":{"id":103860,"name":"Torekov","latitude":"56.42500000","longitude":"12.63333000"},"tormestorp":{"id":103861,"name":"Tormestorp","latitude":"56.11350000","longitude":"13.74516000"},"trelleborg":{"id":103874,"name":"Trelleborg","latitude":"55.37514000","longitude":"13.15691000"},"tygelsj\u00f6":{"id":103884,"name":"Tygelsj\u00f6","latitude":"55.51667000","longitude":"13.00000000"},"tyringe":{"id":103886,"name":"Tyringe","latitude":"56.16037000","longitude":"13.59811000"},"valje":{"id":103915,"name":"Valje","latitude":"56.06279000","longitude":"14.54388000"},"veber\u00f6d":{"id":103931,"name":"Veber\u00f6d","latitude":"55.63333000","longitude":"13.48333000"},"vejbystrand":{"id":103934,"name":"Vejbystrand","latitude":"56.31778000","longitude":"12.76722000"},"vellinge":{"id":103935,"name":"Vellinge","latitude":"55.47124000","longitude":"13.01971000"},"viken":{"id":103943,"name":"Viken","latitude":"56.15063000","longitude":"12.57429000"},"vinsl\u00f6v":{"id":103954,"name":"Vinsl\u00f6v","latitude":"56.10000000","longitude":"13.91667000"},"vittsj\u00f6":{"id":103960,"name":"Vittsj\u00f6","latitude":"56.34366000","longitude":"13.66081000"},"ystad":{"id":103983,"name":"Ystad","latitude":"55.42966000","longitude":"13.82041000"}}},"s\u00f6dermanlandcounty":{"id":1540,"name":"S\u00f6dermanland County","state_code":"D","latitude":"59.03363490","longitude":"16.75188990","type":null,"cities":{"\u00c5kersstyckebruk":{"id":104003,"name":"\u00c5kers Styckebruk","latitude":"59.25000000","longitude":"17.08333000"},"\u00c4rla":{"id":103998,"name":"\u00c4rla","latitude":"59.27983000","longitude":"16.67896000"},"arn\u00f6":{"id":103013,"name":"Arn\u00f6","latitude":"58.72675000","longitude":"17.02322000"},"bara":{"id":103027,"name":"Bara","latitude":"58.68333000","longitude":"17.06667000"},"eskilstuna":{"id":103150,"name":"Eskilstuna","latitude":"59.36661000","longitude":"16.50770000"},"flen":{"id":103173,"name":"Flen","latitude":"59.05834000","longitude":"16.58781000"},"gnesta":{"id":103215,"name":"Gnesta","latitude":"59.04751000","longitude":"17.31191000"},"h\u00e4llbybrunn":{"id":103317,"name":"H\u00e4llbybrunn","latitude":"59.39152000","longitude":"16.42229000"},"h\u00e4lleforsn\u00e4s":{"id":103320,"name":"H\u00e4lleforsn\u00e4s","latitude":"59.15208000","longitude":"16.49700000"},"katrineholm":{"id":103385,"name":"Katrineholm","latitude":"58.99587000","longitude":"16.20721000"},"kvicksund":{"id":103432,"name":"Kvicksund","latitude":"59.45099000","longitude":"16.32131000"},"malmk\u00f6ping":{"id":103515,"name":"Malmk\u00f6ping","latitude":"59.13333000","longitude":"16.73333000"},"mariefred":{"id":103525,"name":"Mariefred","latitude":"59.25963000","longitude":"17.22300000"},"nyk\u00f6ping":{"id":103598,"name":"Nyk\u00f6ping","latitude":"58.75300000","longitude":"17.00788000"},"olstorp":{"id":103614,"name":"Olstorp","latitude":"58.81667000","longitude":"16.63333000"},"oxel\u00f6sund":{"id":103627,"name":"Oxel\u00f6sund","latitude":"58.67057000","longitude":"17.10152000"},"skogstorp":{"id":103709,"name":"Skogstorp","latitude":"59.32472000","longitude":"16.48284000"},"stallarholmen":{"id":103746,"name":"Stallarholmen","latitude":"59.36667000","longitude":"17.20000000"},"stigtomta":{"id":103756,"name":"Stigtomta","latitude":"58.80000000","longitude":"16.78333000"},"str\u00e4ngn\u00e4s":{"id":103771,"name":"Str\u00e4ngn\u00e4s","latitude":"59.37741000","longitude":"17.03119000"},"svalsta":{"id":103793,"name":"Svalsta","latitude":"58.74273000","longitude":"16.86978000"},"torsh\u00e4lla":{"id":103864,"name":"Torsh\u00e4lla","latitude":"59.41667000","longitude":"16.46667000"},"trosa":{"id":103877,"name":"Trosa","latitude":"58.89621000","longitude":"17.54812000"},"vagnh\u00e4rad":{"id":103911,"name":"Vagnh\u00e4rad","latitude":"58.94587000","longitude":"17.48757000"},"valla":{"id":103916,"name":"Valla","latitude":"59.01667000","longitude":"16.38333000"},"ving\u00e5ker":{"id":103951,"name":"Ving\u00e5ker","latitude":"59.04330000","longitude":"15.87374000"}}},"stockholmcounty":{"id":1551,"name":"Stockholm County","state_code":"AB","latitude":"59.60249580","longitude":"18.13843830","type":null,"cities":{"akalla":{"id":102986,"name":"Akalla","latitude":"59.41465000","longitude":"17.91398000"},"\u00c5kersberga":{"id":104004,"name":"\u00c5kersberga","latitude":"59.47944000","longitude":"18.29967000"},"alby":{"id":102988,"name":"Alby","latitude":"59.23350000","longitude":"17.85380000"},"\u00c4lmsta":{"id":103987,"name":"\u00c4lmsta","latitude":"59.96667000","longitude":"18.80000000"},"\u00c4lta":{"id":103988,"name":"\u00c4lta","latitude":"59.26667000","longitude":"18.18333000"},"arn\u00f6":{"id":103014,"name":"Arn\u00f6","latitude":"60.11667000","longitude":"18.63333000"},"\u00c5rsta":{"id":104013,"name":"\u00c5rsta","latitude":"59.29780000","longitude":"18.05140000"},"bergshamra":{"id":103037,"name":"Bergshamra","latitude":"59.38083000","longitude":"18.03427000"},"bollmora":{"id":103066,"name":"Bollmora","latitude":"59.24196000","longitude":"18.22762000"},"boo":{"id":103070,"name":"Boo","latitude":"59.33333000","longitude":"18.28333000"},"brevik":{"id":103085,"name":"Brevik","latitude":"59.35000000","longitude":"18.20000000"},"bro":{"id":103086,"name":"Bro","latitude":"59.51667000","longitude":"17.63333000"},"bromma":{"id":103088,"name":"Bromma","latitude":"59.34000000","longitude":"17.94000000"},"brunn":{"id":103091,"name":"Brunn","latitude":"59.28000000","longitude":"18.43000000"},"brunna":{"id":103092,"name":"Brunna","latitude":"59.51667000","longitude":"17.75000000"},"dalar\u00f6":{"id":103108,"name":"Dalar\u00f6","latitude":"59.13306000","longitude":"18.40639000"},"djur\u00f6":{"id":103123,"name":"Djur\u00f6","latitude":"59.32653000","longitude":"18.71152000"},"djursholm":{"id":103121,"name":"Djursholm","latitude":"59.39926000","longitude":"18.05619000"},"eker\u00f6":{"id":103133,"name":"Eker\u00f6","latitude":"59.29100000","longitude":"17.81212000"},"enebyberg":{"id":103143,"name":"Enebyberg","latitude":"59.43333000","longitude":"18.05000000"},"eriksberg":{"id":103147,"name":"Eriksberg","latitude":"59.24241000","longitude":"17.81631000"},"fisks\u00e4tra":{"id":103168,"name":"Fisks\u00e4tra","latitude":"59.29153000","longitude":"18.25490000"},"fittja":{"id":103169,"name":"Fittja","latitude":"59.24868000","longitude":"17.85991000"},"gamlastan":{"id":103199,"name":"Gamla Stan","latitude":"59.32627000","longitude":"18.07251000"},"gustavsberg":{"id":103235,"name":"Gustavsberg","latitude":"59.32684000","longitude":"18.38975000"},"hallstavik":{"id":103257,"name":"Hallstavik","latitude":"60.05000000","longitude":"18.60000000"},"handen":{"id":103264,"name":"Handen","latitude":"59.16809000","longitude":"18.13796000"},"haninge":{"id":103265,"name":"Haninge","latitude":"59.16775000","longitude":"18.14478000"},"hemmesta":{"id":103278,"name":"Hemmesta","latitude":"59.32273000","longitude":"18.48675000"},"h\u00f6l\u00f6":{"id":103336,"name":"H\u00f6l\u00f6","latitude":"59.01667000","longitude":"17.53333000"},"huddinge":{"id":103303,"name":"Huddinge","latitude":"59.23705000","longitude":"17.98192000"},"jakobsberg":{"id":103351,"name":"Jakobsberg","latitude":"59.42268000","longitude":"17.83508000"},"j\u00e4rna":{"id":103363,"name":"J\u00e4rna","latitude":"59.09165000","longitude":"17.56615000"},"jordbro":{"id":103357,"name":"Jordbro","latitude":"59.14972000","longitude":"18.11667000"},"kista":{"id":103397,"name":"Kista","latitude":"59.40316000","longitude":"17.94479000"},"kopparmora":{"id":103410,"name":"Kopparmora","latitude":"59.33306000","longitude":"18.58306000"},"kummeln\u00e4s":{"id":103422,"name":"Kummeln\u00e4s","latitude":"59.35000000","longitude":"18.28333000"},"kungs\u00e4ngen":{"id":103427,"name":"Kungs\u00e4ngen","latitude":"59.47857000","longitude":"17.74834000"},"kungsholmen":{"id":103426,"name":"Kungsholmen","latitude":"59.33183000","longitude":"18.04118000"},"l\u00e5ngvik":{"id":103505,"name":"L\u00e5ngvik","latitude":"59.24583000","longitude":"18.51667000"},"liding\u00f6":{"id":103463,"name":"Liding\u00f6","latitude":"59.36303000","longitude":"18.15096000"},"lindholmen":{"id":103471,"name":"Lindholmen","latitude":"59.58333000","longitude":"18.10000000"},"m\u00e4rsta":{"id":103558,"name":"M\u00e4rsta","latitude":"59.62157000","longitude":"17.85476000"},"m\u00f6lnbo":{"id":103561,"name":"M\u00f6lnbo","latitude":"59.05000000","longitude":"17.41667000"},"m\u00f6rtn\u00e4s":{"id":103571,"name":"M\u00f6rtn\u00e4s","latitude":"59.31862000","longitude":"18.44312000"},"nacka":{"id":103572,"name":"Nacka","latitude":"59.31053000","longitude":"18.16372000"},"norrt\u00e4lje":{"id":103588,"name":"Norrt\u00e4lje","latitude":"59.75799000","longitude":"18.70496000"},"nykvarn":{"id":103596,"name":"Nykvarn","latitude":"59.80000000","longitude":"18.30000000"},"nyn\u00e4shamn":{"id":103600,"name":"Nyn\u00e4shamn","latitude":"58.90337000","longitude":"17.94793000"},"\u00d6smo":{"id":104042,"name":"\u00d6smo","latitude":"58.98333000","longitude":"17.90000000"},"\u00d6stermalm":{"id":104045,"name":"\u00d6stermalm","latitude":"59.33879000","longitude":"18.08487000"},"pershagen":{"id":103634,"name":"Pershagen","latitude":"59.15494000","longitude":"17.65340000"},"r\u00e5sunda":{"id":103669,"name":"R\u00e5sunda","latitude":"59.36588000","longitude":"17.99569000"},"resar\u00f6":{"id":103645,"name":"Resar\u00f6","latitude":"59.42910000","longitude":"18.33386000"},"rimbo":{"id":103646,"name":"Rimbo","latitude":"59.75000000","longitude":"18.36667000"},"rind\u00f6":{"id":103648,"name":"Rind\u00f6","latitude":"59.39688000","longitude":"18.39434000"},"r\u00f6nninge":{"id":103673,"name":"R\u00f6nninge","latitude":"59.20000000","longitude":"17.73333000"},"rosersberg":{"id":103657,"name":"Rosersberg","latitude":"59.58333000","longitude":"17.88333000"},"saltsj\u00f6baden":{"id":103678,"name":"Saltsj\u00f6baden","latitude":"59.28333000","longitude":"18.30000000"},"segeltorp":{"id":103684,"name":"Segeltorp","latitude":"59.27597000","longitude":"17.93072000"},"sigtuna":{"id":103686,"name":"Sigtuna","latitude":"59.61731000","longitude":"17.72361000"},"sk\u00e4nninge":{"id":103717,"name":"Sk\u00e4nninge","latitude":"59.93333000","longitude":"18.48333000"},"s\u00f6dermalm":{"id":103823,"name":"S\u00f6dermalm","latitude":"59.31278000","longitude":"18.07577000"},"s\u00f6dert\u00e4lje":{"id":103824,"name":"S\u00f6dert\u00e4lje","latitude":"59.19554000","longitude":"17.62525000"},"sollentuna":{"id":103737,"name":"Sollentuna","latitude":"59.42804000","longitude":"17.95093000"},"solna":{"id":103739,"name":"Solna","latitude":"59.36004000","longitude":"18.00086000"},"stavsn\u00e4s":{"id":103747,"name":"Stavsn\u00e4s","latitude":"59.28333000","longitude":"18.68333000"},"stenhamra":{"id":103749,"name":"Stenhamra","latitude":"59.33440000","longitude":"17.68842000"},"stockholm":{"id":103758,"name":"Stockholm","latitude":"59.33258000","longitude":"18.06490000"},"str\u00f6mma":{"id":103773,"name":"Str\u00f6mma","latitude":"59.28333000","longitude":"18.53333000"},"sundbyberg":{"id":103783,"name":"Sundbyberg","latitude":"59.36128000","longitude":"17.97114000"},"tensta":{"id":103841,"name":"Tensta","latitude":"59.39390000","longitude":"17.90111000"},"tullinge":{"id":103881,"name":"Tullinge","latitude":"59.20000000","longitude":"17.90000000"},"tumba":{"id":103882,"name":"Tumba","latitude":"59.19858000","longitude":"17.83317000"},"upplandsv\u00e4sby":{"id":103900,"name":"Upplands V\u00e4sby","latitude":"59.51839000","longitude":"17.91128000"},"vallentuna":{"id":103918,"name":"Vallentuna","latitude":"59.53436000","longitude":"18.07758000"},"v\u00e5rby":{"id":103978,"name":"V\u00e5rby","latitude":"59.26671000","longitude":"17.88407000"},"v\u00e5rsta":{"id":103981,"name":"V\u00e5rsta","latitude":"59.16528000","longitude":"17.79722000"},"vasastan":{"id":103927,"name":"Vasastan","latitude":"59.34571000","longitude":"18.04985000"},"vaxholm":{"id":103929,"name":"Vaxholm","latitude":"59.40225000","longitude":"18.35317000"}}},"uppsalacounty":{"id":1545,"name":"Uppsala County","state_code":"C","latitude":"60.00922620","longitude":"17.27145880","type":null,"cities":{"alsike":{"id":102993,"name":"Alsike","latitude":"59.75324000","longitude":"17.77331000"},"alunda":{"id":102994,"name":"Alunda","latitude":"60.26667000","longitude":"18.40000000"},"\u00c4lvkarleby":{"id":103991,"name":"\u00c4lvkarleby","latitude":"60.57081000","longitude":"17.44895000"},"anneberg":{"id":103005,"name":"Anneberg","latitude":"60.24167000","longitude":"18.41667000"},"b\u00e4linge":{"id":103102,"name":"B\u00e4linge","latitude":"59.95000000","longitude":"17.53333000"},"b\u00e5lsta":{"id":103103,"name":"B\u00e5lsta","latitude":"59.56710000","longitude":"17.52781000"},"bj\u00f6rklinge":{"id":103053,"name":"Bj\u00f6rklinge","latitude":"60.03004000","longitude":"17.55203000"},"enk\u00f6ping":{"id":103145,"name":"Enk\u00f6ping","latitude":"59.63607000","longitude":"17.07768000"},"gamlauppsala":{"id":103200,"name":"Gamla Uppsala","latitude":"59.89817000","longitude":"17.63386000"},"gimo":{"id":103208,"name":"Gimo","latitude":"60.17304000","longitude":"18.18507000"},"grillby":{"id":103222,"name":"Grillby","latitude":"59.62603000","longitude":"17.25787000"},"heby":{"id":103272,"name":"Heby","latitude":"59.93815000","longitude":"16.86217000"},"irsta":{"id":103350,"name":"Irsta","latitude":"59.70000000","longitude":"16.93333000"},"karlholmsbruk":{"id":103374,"name":"Karlholmsbruk","latitude":"60.52091000","longitude":"17.63152000"},"knivsta":{"id":103403,"name":"Knivsta","latitude":"59.72564000","longitude":"17.78753000"},"l\u00f6vstal\u00f6t":{"id":103511,"name":"L\u00f6vstal\u00f6t","latitude":"59.95740000","longitude":"17.57826000"},"marieberg":{"id":103524,"name":"Marieberg","latitude":"60.23333000","longitude":"18.50000000"},"morgong\u00e5va":{"id":103547,"name":"Morgong\u00e5va","latitude":"59.93395000","longitude":"16.96353000"},"\u00d6rbyhus":{"id":104033,"name":"\u00d6rbyhus","latitude":"60.22407000","longitude":"17.70138000"},"\u00d6regrund":{"id":104036,"name":"\u00d6regrund","latitude":"60.33333000","longitude":"18.43333000"},"\u00d6rsundsbro":{"id":104041,"name":"\u00d6rsundsbro","latitude":"59.73333000","longitude":"17.30000000"},"\u00d6sterbybruk":{"id":104043,"name":"\u00d6sterbybruk","latitude":"60.20000000","longitude":"17.90000000"},"\u00d6sterv\u00e5la":{"id":104046,"name":"\u00d6sterv\u00e5la","latitude":"60.18333000","longitude":"17.18333000"},"\u00d6sthammar":{"id":104048,"name":"\u00d6sthammar","latitude":"60.25909000","longitude":"18.37408000"},"s\u00e4vja":{"id":103813,"name":"S\u00e4vja","latitude":"59.81872000","longitude":"17.69958000"},"skutsk\u00e4r":{"id":103716,"name":"Skutsk\u00e4r","latitude":"60.62507000","longitude":"17.41552000"},"s\u00f6derfors":{"id":103817,"name":"S\u00f6derfors","latitude":"60.38333000","longitude":"17.23333000"},"storvreta":{"id":103769,"name":"Storvreta","latitude":"59.95933000","longitude":"17.70588000"},"t\u00e4rnsj\u00f6":{"id":103889,"name":"T\u00e4rnsj\u00f6","latitude":"60.15000000","longitude":"16.93333000"},"tierp":{"id":103846,"name":"Tierp","latitude":"60.34269000","longitude":"17.51812000"},"uppsala":{"id":103903,"name":"Uppsala","latitude":"59.85882000","longitude":"17.63889000"},"vattholma":{"id":103928,"name":"Vattholma","latitude":"60.01667000","longitude":"17.73333000"}}},"v\u00e4rmlandcounty":{"id":1535,"name":"V\u00e4rmland County","state_code":"S","latitude":"59.72940650","longitude":"13.23540240","type":null,"cities":{"\u00c5motfors":{"id":104006,"name":"\u00c5motfors","latitude":"59.76191000","longitude":"12.36211000"},"\u00c5rj\u00e4ng":{"id":104011,"name":"\u00c5rj\u00e4ng","latitude":"59.39217000","longitude":"12.13336000"},"arvika":{"id":103017,"name":"Arvika","latitude":"59.65528000","longitude":"12.58518000"},"bj\u00f6rneborg":{"id":103057,"name":"Bj\u00f6rneborg","latitude":"59.24122000","longitude":"14.24942000"},"charlottenberg":{"id":103107,"name":"Charlottenberg","latitude":"59.88422000","longitude":"12.30398000"},"deje":{"id":103117,"name":"Deje","latitude":"59.60300000","longitude":"13.47200000"},"eksh\u00e4rad":{"id":103135,"name":"Eksh\u00e4rad","latitude":"60.17275000","longitude":"13.49647000"},"filipstad":{"id":103164,"name":"Filipstad","latitude":"59.71236000","longitude":"14.16831000"},"forshaga":{"id":103179,"name":"Forshaga","latitude":"59.52541000","longitude":"13.48127000"},"grums":{"id":103223,"name":"Grums","latitude":"59.35141000","longitude":"13.11105000"},"hagfors":{"id":103251,"name":"Hagfors","latitude":"60.02378000","longitude":"13.67214000"},"karlstad":{"id":103383,"name":"Karlstad","latitude":"59.37930000","longitude":"13.50357000"},"kil":{"id":103388,"name":"Kil","latitude":"59.50234000","longitude":"13.31277000"},"kristinehamn":{"id":103416,"name":"Kristinehamn","latitude":"59.30978000","longitude":"14.10808000"},"molkom":{"id":103544,"name":"Molkom","latitude":"59.60057000","longitude":"13.72115000"},"munkfors":{"id":103555,"name":"Munkfors","latitude":"59.83856000","longitude":"13.54361000"},"r\u00e5torp":{"id":103670,"name":"R\u00e5torp","latitude":"59.40197000","longitude":"13.49144000"},"s\u00e4ffle":{"id":103804,"name":"S\u00e4ffle","latitude":"59.13229000","longitude":"12.92888000"},"sk\u00e5re":{"id":103722,"name":"Sk\u00e5re","latitude":"59.43333000","longitude":"13.43333000"},"skattk\u00e4rr":{"id":103698,"name":"Skattk\u00e4rr","latitude":"59.41208000","longitude":"13.67078000"},"skoghall":{"id":103708,"name":"Skoghall","latitude":"59.32324000","longitude":"13.46552000"},"slottsbron":{"id":103726,"name":"Slottsbron","latitude":"59.32270000","longitude":"13.10268000"},"storfors":{"id":103763,"name":"Storfors","latitude":"59.53183000","longitude":"14.27201000"},"sunne":{"id":103788,"name":"Sunne","latitude":"59.83764000","longitude":"13.14302000"},"t\u00f6cksfors":{"id":103890,"name":"T\u00f6cksfors","latitude":"59.50816000","longitude":"11.84431000"},"torsby":{"id":103862,"name":"Torsby","latitude":"60.13527000","longitude":"13.00820000"},"v\u00e5lberg":{"id":103977,"name":"V\u00e5lberg","latitude":"59.39145000","longitude":"13.18633000"}}},"v\u00e4sterbottencounty":{"id":1543,"name":"V\u00e4sterbotten County","state_code":"AC","latitude":"65.33373110","longitude":"16.51616940","type":null,"cities":{"\u00c5sele":{"id":104019,"name":"\u00c5sele","latitude":"64.16026000","longitude":"17.34762000"},"backa":{"id":103025,"name":"Backa","latitude":"64.98333000","longitude":"21.06667000"},"bjurholm":{"id":103044,"name":"Bjurholm","latitude":"63.93027000","longitude":"19.21369000"},"boliden":{"id":103063,"name":"Boliden","latitude":"64.86667000","longitude":"20.38333000"},"bure\u00e5":{"id":103098,"name":"Bure\u00e5","latitude":"64.61667000","longitude":"21.20000000"},"burtr\u00e4sk":{"id":103100,"name":"Burtr\u00e4sk","latitude":"64.51667000","longitude":"20.65000000"},"byske":{"id":103101,"name":"Byske","latitude":"64.95258000","longitude":"21.20580000"},"dorotea":{"id":103125,"name":"Dorotea","latitude":"64.26185000","longitude":"16.41306000"},"ersmark":{"id":103149,"name":"Ersmark","latitude":"63.88333000","longitude":"20.31667000"},"forsbacka":{"id":103176,"name":"Forsbacka","latitude":"64.76667000","longitude":"20.50000000"},"holmsund":{"id":103296,"name":"Holmsund","latitude":"63.70602000","longitude":"20.36409000"},"h\u00f6rnefors":{"id":103340,"name":"H\u00f6rnefors","latitude":"63.62312000","longitude":"19.90856000"},"insj\u00f6n":{"id":103348,"name":"Insj\u00f6n","latitude":"64.40000000","longitude":"17.48333000"},"k\u00e5ge":{"id":103439,"name":"K\u00e5ge","latitude":"64.83571000","longitude":"20.98453000"},"l\u00e5ngsele":{"id":103503,"name":"L\u00e5ngsele","latitude":"64.81667000","longitude":"20.25000000"},"lycksele":{"id":103497,"name":"Lycksele","latitude":"64.59537000","longitude":"18.67351000"},"mal\u00e5":{"id":103520,"name":"Mal\u00e5","latitude":"65.18501000","longitude":"18.74243000"},"nordmaling":{"id":103582,"name":"Nordmaling","latitude":"63.56852000","longitude":"19.50244000"},"norsj\u00f6":{"id":103590,"name":"Norsj\u00f6","latitude":"64.91206000","longitude":"19.48153000"},"obbola":{"id":103606,"name":"Obbola","latitude":"63.70000000","longitude":"20.31667000"},"r\u00f6b\u00e4ck":{"id":103671,"name":"R\u00f6b\u00e4ck","latitude":"63.80879000","longitude":"20.18901000"},"robertsfors":{"id":103650,"name":"Robertsfors","latitude":"64.19324000","longitude":"20.84806000"},"s\u00e4var":{"id":103811,"name":"S\u00e4var","latitude":"63.90383000","longitude":"20.55014000"},"skellefte\u00e5":{"id":103701,"name":"Skellefte\u00e5","latitude":"64.75067000","longitude":"20.95279000"},"skelleftehamn":{"id":103700,"name":"Skelleftehamn","latitude":"64.68333000","longitude":"21.23333000"},"s\u00f6derfors":{"id":103818,"name":"S\u00f6derfors","latitude":"64.81667000","longitude":"18.05000000"},"sorsele":{"id":103741,"name":"Sorsele","latitude":"65.53484000","longitude":"17.53702000"},"storuman":{"id":103765,"name":"Storuman","latitude":"65.09590000","longitude":"17.11731000"},"storvik":{"id":103767,"name":"Storvik","latitude":"65.15000000","longitude":"20.73333000"},"t\u00e4fte\u00e5":{"id":103888,"name":"T\u00e4fte\u00e5","latitude":"63.83970000","longitude":"20.47857000"},"ume\u00e5":{"id":103898,"name":"Ume\u00e5","latitude":"63.82842000","longitude":"20.25972000"},"ursviken":{"id":103906,"name":"Ursviken","latitude":"64.71261000","longitude":"21.16580000"},"v\u00e4nn\u00e4s":{"id":103964,"name":"V\u00e4nn\u00e4s","latitude":"63.90676000","longitude":"19.75712000"},"v\u00e4nn\u00e4sby":{"id":103966,"name":"V\u00e4nn\u00e4sby","latitude":"63.91564000","longitude":"19.82438000"},"viken":{"id":103942,"name":"Viken","latitude":"64.72587000","longitude":"20.91548000"},"vilhelmina":{"id":103945,"name":"Vilhelmina","latitude":"64.62417000","longitude":"16.65596000"},"vindeln":{"id":103949,"name":"Vindeln","latitude":"64.20175000","longitude":"19.71945000"}}},"v\u00e4sternorrlandcounty":{"id":1552,"name":"V\u00e4sternorrland County","state_code":"Y","latitude":"63.42764730","longitude":"17.72924440","type":null,"cities":{"\u00c5nge":{"id":104009,"name":"\u00c5nge","latitude":"62.52495000","longitude":"15.65904000"},"\u00c5s":{"id":104015,"name":"\u00c5s","latitude":"63.36667000","longitude":"16.58333000"},"bergeforsen":{"id":103034,"name":"Bergeforsen","latitude":"62.53074000","longitude":"17.38123000"},"bj\u00e4sta":{"id":103051,"name":"Bj\u00e4sta","latitude":"63.20000000","longitude":"18.50000000"},"bollstabruk":{"id":103069,"name":"Bollstabruk","latitude":"62.99777000","longitude":"17.67348000"},"bredbyn":{"id":103084,"name":"Bredbyn","latitude":"63.44655000","longitude":"18.11019000"},"fr\u00e4nsta":{"id":103185,"name":"Fr\u00e4nsta","latitude":"62.49855000","longitude":"16.17016000"},"h\u00e4rn\u00f6sand":{"id":103322,"name":"H\u00e4rn\u00f6sand","latitude":"62.63228000","longitude":"17.93794000"},"husum":{"id":103311,"name":"Husum","latitude":"63.33333000","longitude":"19.16667000"},"johannedal":{"id":103352,"name":"Johannedal","latitude":"62.43424000","longitude":"17.37273000"},"k\u00f6pmanholmen":{"id":103445,"name":"K\u00f6pmanholmen","latitude":"63.16667000","longitude":"18.56667000"},"kramfors":{"id":103411,"name":"Kramfors","latitude":"62.93161000","longitude":"17.77646000"},"kvissleby":{"id":103434,"name":"Kvissleby","latitude":"62.29361000","longitude":"17.37500000"},"l\u00e5ngsele":{"id":103502,"name":"L\u00e5ngsele","latitude":"63.18333000","longitude":"17.06667000"},"matfors":{"id":103534,"name":"Matfors","latitude":"62.34864000","longitude":"17.03173000"},"njurundabommen":{"id":103574,"name":"Njurundabommen","latitude":"62.26339000","longitude":"17.38354000"},"nolby":{"id":103575,"name":"Nolby","latitude":"62.28750000","longitude":"17.36917000"},"\u00d6rnsk\u00f6ldsvik":{"id":104039,"name":"\u00d6rnsk\u00f6ldsvik","latitude":"63.29091000","longitude":"18.71525000"},"skottsund":{"id":103710,"name":"Skottsund","latitude":"62.29056000","longitude":"17.38694000"},"sollefte\u00e5":{"id":103735,"name":"Sollefte\u00e5","latitude":"63.16667000","longitude":"17.26667000"},"s\u00f6r\u00e5ker":{"id":103833,"name":"S\u00f6r\u00e5ker","latitude":"62.50561000","longitude":"17.51032000"},"stockvik":{"id":103760,"name":"Stockvik","latitude":"62.33667000","longitude":"17.36583000"},"sundsbruk":{"id":103785,"name":"Sundsbruk","latitude":"62.45806000","longitude":"17.34889000"},"sundsvall":{"id":103786,"name":"Sundsvall","latitude":"62.39129000","longitude":"17.30630000"},"timr\u00e5":{"id":103850,"name":"Timr\u00e5","latitude":"62.48654000","longitude":"17.32613000"},"vi":{"id":103939,"name":"Vi","latitude":"62.43333000","longitude":"17.41667000"}}},"v\u00e4stmanlandcounty":{"id":1549,"name":"V\u00e4stmanland County","state_code":"U","latitude":"59.67138790","longitude":"16.21589530","type":null,"cities":{"arboga":{"id":103007,"name":"Arboga","latitude":"59.39387000","longitude":"15.83882000"},"barkar\u00f6":{"id":103029,"name":"Barkar\u00f6","latitude":"59.54935000","longitude":"16.50740000"},"dingtuna":{"id":103119,"name":"Dingtuna","latitude":"59.57279000","longitude":"16.38722000"},"enhagen-ekbacken":{"id":103144,"name":"Enhagen-Ekbacken","latitude":"59.56543000","longitude":"16.53045000"},"fagersta":{"id":103155,"name":"Fagersta","latitude":"60.00418000","longitude":"15.79316000"},"hallstahammar":{"id":103255,"name":"Hallstahammar","latitude":"59.61395000","longitude":"16.22846000"},"h\u00f6k\u00e5sen":{"id":103333,"name":"H\u00f6k\u00e5sen","latitude":"59.66667000","longitude":"16.58333000"},"irsta":{"id":103349,"name":"Irsta","latitude":"59.60000000","longitude":"16.70000000"},"kolb\u00e4ck":{"id":103407,"name":"Kolb\u00e4ck","latitude":"59.56516000","longitude":"16.23037000"},"kolsva":{"id":103408,"name":"Kolsva","latitude":"59.60000000","longitude":"15.83333000"},"k\u00f6ping":{"id":103442,"name":"K\u00f6ping","latitude":"59.51404000","longitude":"15.99255000"},"kungs\u00f6r":{"id":103428,"name":"Kungs\u00f6r","latitude":"59.42245000","longitude":"16.09656000"},"norberg":{"id":103579,"name":"Norberg","latitude":"60.06505000","longitude":"15.92366000"},"ramn\u00e4s":{"id":103642,"name":"Ramn\u00e4s","latitude":"59.76667000","longitude":"16.20000000"},"sala":{"id":103675,"name":"Sala","latitude":"59.91993000","longitude":"16.60655000"},"skinnskatteberg":{"id":103705,"name":"Skinnskatteberg","latitude":"59.83028000","longitude":"15.69337000"},"skultuna":{"id":103713,"name":"Skultuna","latitude":"59.71667000","longitude":"16.41667000"},"surahammar":{"id":103790,"name":"Surahammar","latitude":"59.70725000","longitude":"16.22188000"},"tillberga":{"id":103848,"name":"Tillberga","latitude":"59.68333000","longitude":"16.61667000"},"v\u00e4ster\u00e5s":{"id":103972,"name":"V\u00e4ster\u00e5s","latitude":"59.64914000","longitude":"16.56445000"}}},"v\u00e4strag\u00f6talandcounty":{"id":1547,"name":"V\u00e4stra G\u00f6taland County","state_code":"O","latitude":"58.25279260","longitude":"13.05964250","type":null,"cities":{"\u00c5karp":{"id":104001,"name":"\u00c5karp","latitude":"58.23333000","longitude":"13.65000000"},"alafors":{"id":102987,"name":"Alafors","latitude":"57.92579000","longitude":"12.07835000"},"alings\u00e5s":{"id":102991,"name":"Alings\u00e5s","latitude":"57.93033000","longitude":"12.53345000"},"\u00c4lv\u00e4ngen":{"id":103995,"name":"\u00c4lv\u00e4ngen","latitude":"57.95872000","longitude":"12.12350000"},"\u00c5m\u00e5l":{"id":104007,"name":"\u00c5m\u00e5l","latitude":"59.05100000","longitude":"12.70492000"},"andalen":{"id":102997,"name":"Andalen","latitude":"57.70039000","longitude":"11.76136000"},"anderstorp":{"id":103000,"name":"Anderstorp","latitude":"58.88333000","longitude":"14.28333000"},"angered":{"id":103003,"name":"Angered","latitude":"57.78628000","longitude":"12.09852000"},"annelund":{"id":103006,"name":"Annelund","latitude":"57.98843000","longitude":"13.07483000"},"axvall":{"id":103024,"name":"Axvall","latitude":"58.38333000","longitude":"13.56667000"},"bengtsfors":{"id":103030,"name":"Bengtsfors","latitude":"59.02912000","longitude":"12.23207000"},"billdal":{"id":103040,"name":"Billdal","latitude":"57.56667000","longitude":"11.93333000"},"billingsfors":{"id":103043,"name":"Billingsfors","latitude":"58.98333000","longitude":"12.25000000"},"bj\u00f6rboholm":{"id":103052,"name":"Bj\u00f6rboholm","latitude":"57.87096000","longitude":"12.32546000"},"bj\u00f6rk\u00f6":{"id":103055,"name":"Bj\u00f6rk\u00f6","latitude":"57.73221000","longitude":"11.67916000"},"bj\u00f6rlanda":{"id":103056,"name":"Bj\u00f6rlanda","latitude":"57.76667000","longitude":"11.83333000"},"bollebygd":{"id":103064,"name":"Bollebygd","latitude":"57.66866000","longitude":"12.57272000"},"bor\u00e5s":{"id":103077,"name":"Bor\u00e5s","latitude":"57.73783000","longitude":"12.94076000"},"br\u00e5landa":{"id":103095,"name":"Br\u00e5landa","latitude":"58.56344000","longitude":"12.34923000"},"brastad":{"id":103081,"name":"Brastad","latitude":"58.38333000","longitude":"11.48333000"},"dalsl\u00e5nged":{"id":103110,"name":"Dals L\u00e5nged","latitude":"58.92555000","longitude":"12.30865000"},"dalsj\u00f6fors":{"id":103112,"name":"Dalsj\u00f6fors","latitude":"57.71667000","longitude":"13.08333000"},"diser\u00f6d":{"id":103120,"name":"Diser\u00f6d","latitude":"57.92636000","longitude":"12.02598000"},"dons\u00f6":{"id":103124,"name":"Dons\u00f6","latitude":"57.60000000","longitude":"11.79917000"},"ed":{"id":103127,"name":"Ed","latitude":"58.91247000","longitude":"11.93308000"},"ell\u00f6s":{"id":103139,"name":"Ell\u00f6s","latitude":"58.18333000","longitude":"11.46667000"},"eriksbo":{"id":103148,"name":"Eriksbo","latitude":"57.77141000","longitude":"12.04183000"},"falk\u00f6ping":{"id":103159,"name":"Falk\u00f6ping","latitude":"58.17347000","longitude":"13.55068000"},"f\u00e4rgelanda":{"id":103191,"name":"F\u00e4rgelanda","latitude":"58.56816000","longitude":"11.99235000"},"floby":{"id":103175,"name":"Floby","latitude":"58.13333000","longitude":"13.33333000"},"fristad":{"id":103183,"name":"Fristad","latitude":"57.82483000","longitude":"13.01064000"},"fritsla":{"id":103184,"name":"Fritsla","latitude":"57.55655000","longitude":"12.78457000"},"furulund":{"id":103189,"name":"Furulund","latitude":"57.71667000","longitude":"12.13333000"},"g\u00e5nghester":{"id":103242,"name":"G\u00e5nghester","latitude":"57.70000000","longitude":"13.01667000"},"g\u00e5rdsten":{"id":103243,"name":"G\u00e5rdsten","latitude":"57.80480000","longitude":"12.02883000"},"g\u00f6ta":{"id":103244,"name":"G\u00f6ta","latitude":"58.10617000","longitude":"12.15254000"},"g\u00f6teborg":{"id":103245,"name":"G\u00f6teborg","latitude":"57.70716000","longitude":"11.96679000"},"g\u00f6teborgsstad":{"id":103246,"name":"G\u00f6teborgs stad","latitude":"57.72288000","longitude":"11.94577000"},"g\u00f6tene":{"id":103247,"name":"G\u00f6tene","latitude":"58.52824000","longitude":"13.49458000"},"gr\u00e5bo":{"id":103230,"name":"Gr\u00e5bo","latitude":"57.83625000","longitude":"12.29954000"},"gr\u00e4storp":{"id":103228,"name":"Gr\u00e4storp","latitude":"58.33219000","longitude":"12.68122000"},"grebbestad":{"id":103220,"name":"Grebbestad","latitude":"58.70248000","longitude":"11.25738000"},"gullsp\u00e5ng":{"id":103232,"name":"Gullsp\u00e5ng","latitude":"58.98615000","longitude":"14.09644000"},"hammarkullen":{"id":103261,"name":"Hammarkullen","latitude":"57.78049000","longitude":"12.03604000"},"hen\u00e5n":{"id":103280,"name":"Hen\u00e5n","latitude":"58.23848000","longitude":"11.67598000"},"herrljunga":{"id":103282,"name":"Herrljunga","latitude":"58.07739000","longitude":"13.02662000"},"hind\u00e5s":{"id":103286,"name":"Hind\u00e5s","latitude":"57.70338000","longitude":"12.44657000"},"hjo":{"id":103288,"name":"Hjo","latitude":"58.30133000","longitude":"14.28784000"},"hjuvik":{"id":103290,"name":"Hjuvik","latitude":"57.70167000","longitude":"11.71639000"},"h\u00f6n\u00f6":{"id":103337,"name":"H\u00f6n\u00f6","latitude":"57.68972000","longitude":"11.64972000"},"horred":{"id":103298,"name":"Horred","latitude":"57.35475000","longitude":"12.47777000"},"hova":{"id":103300,"name":"Hova","latitude":"58.85363000","longitude":"14.21914000"},"h\u00f6viksn\u00e4s":{"id":103341,"name":"H\u00f6viksn\u00e4s","latitude":"58.03333000","longitude":"11.76667000"},"hunnebostrand":{"id":103309,"name":"Hunnebostrand","latitude":"58.44127000","longitude":"11.30320000"},"ingared":{"id":103345,"name":"Ingared","latitude":"57.85989000","longitude":"12.45161000"},"jonstorp":{"id":103355,"name":"Jonstorp","latitude":"58.00000000","longitude":"12.71667000"},"j\u00f6rlanda":{"id":103368,"name":"J\u00f6rlanda","latitude":"57.98630000","longitude":"11.82943000"},"k\u00e4llby":{"id":103436,"name":"K\u00e4llby","latitude":"58.50999000","longitude":"13.30582000"},"k\u00e5llered":{"id":103441,"name":"K\u00e5llered","latitude":"57.60992000","longitude":"12.05106000"},"karlsborg":{"id":103375,"name":"Karlsborg","latitude":"58.53724000","longitude":"14.50470000"},"kinna":{"id":103393,"name":"Kinna","latitude":"57.50728000","longitude":"12.69463000"},"kode":{"id":103406,"name":"Kode","latitude":"57.94263000","longitude":"11.85051000"},"kung\u00e4lv":{"id":103430,"name":"Kung\u00e4lv","latitude":"57.87096000","longitude":"11.98054000"},"kungshamn":{"id":103425,"name":"Kungshamn","latitude":"58.36305000","longitude":"11.25938000"},"kv\u00e4num":{"id":103435,"name":"Kv\u00e4num","latitude":"58.30000000","longitude":"13.18333000"},"landvetter":{"id":103452,"name":"Landvetter","latitude":"57.68665000","longitude":"12.21169000"},"l\u00e4nghem":{"id":103501,"name":"L\u00e4nghem","latitude":"57.60000000","longitude":"13.23333000"},"lerum":{"id":103459,"name":"Lerum","latitude":"57.77051000","longitude":"12.26904000"},"lidk\u00f6ping":{"id":103464,"name":"Lidk\u00f6ping","latitude":"58.50517000","longitude":"13.15765000"},"lillaedet":{"id":103466,"name":"Lilla Edet","latitude":"58.13333000","longitude":"12.13333000"},"limmared":{"id":103468,"name":"Limmared","latitude":"57.53592000","longitude":"13.35566000"},"lindome":{"id":103472,"name":"Lindome","latitude":"57.56667000","longitude":"12.08333000"},"ljungskile":{"id":103484,"name":"Ljungskile","latitude":"58.22452000","longitude":"11.92014000"},"l\u00f6d\u00f6se":{"id":103508,"name":"L\u00f6d\u00f6se","latitude":"58.02994000","longitude":"12.15934000"},"l\u00f6vg\u00e4rdet":{"id":103510,"name":"L\u00f6vg\u00e4rdet","latitude":"57.81555000","longitude":"12.03861000"},"lysekil":{"id":103499,"name":"Lysekil","latitude":"58.27429000","longitude":"11.43576000"},"majorna":{"id":103512,"name":"Majorna","latitude":"57.69195000","longitude":"11.91605000"},"mariestad":{"id":103529,"name":"Mariestad","latitude":"58.70971000","longitude":"13.82367000"},"mellerud":{"id":103536,"name":"Mellerud","latitude":"58.69979000","longitude":"12.45312000"},"m\u00f6lltorp":{"id":103560,"name":"M\u00f6lltorp","latitude":"58.50000000","longitude":"14.40000000"},"m\u00f6lndal":{"id":103562,"name":"M\u00f6lndal","latitude":"57.65540000","longitude":"12.01378000"},"m\u00f6lnlycke":{"id":103564,"name":"M\u00f6lnlycke","latitude":"57.65893000","longitude":"12.11792000"},"munkedal":{"id":103553,"name":"Munkedal","latitude":"58.46634000","longitude":"11.67345000"},"myggen\u00e4s":{"id":103557,"name":"Myggen\u00e4s","latitude":"58.06176000","longitude":"11.74936000"},"nolvik":{"id":103576,"name":"Nolvik","latitude":"57.77500000","longitude":"11.83333000"},"nossebro":{"id":103592,"name":"Nossebro","latitude":"58.18808000","longitude":"12.71599000"},"\u00d6cker\u00f6":{"id":104025,"name":"\u00d6cker\u00f6","latitude":"57.70814000","longitude":"11.65585000"},"\u00d6dsm\u00e5l":{"id":104029,"name":"\u00d6dsm\u00e5l","latitude":"58.10000000","longitude":"11.85000000"},"\u00d6jersj\u00f6":{"id":104031,"name":"\u00d6jersj\u00f6","latitude":"57.69882000","longitude":"12.13448000"},"olofstorp":{"id":103611,"name":"Olofstorp","latitude":"57.80444000","longitude":"12.17131000"},"olstorp":{"id":103615,"name":"Olstorp","latitude":"57.82277000","longitude":"12.27696000"},"orust":{"id":103620,"name":"Orust","latitude":"58.18025000","longitude":"11.63419000"},"partille":{"id":103632,"name":"Partille","latitude":"57.73950000","longitude":"12.10642000"},"rannebergen":{"id":103643,"name":"Rannebergen","latitude":"57.80236000","longitude":"12.07131000"},"r\u00e4vlanda":{"id":103667,"name":"R\u00e4vlanda","latitude":"57.65338000","longitude":"12.49791000"},"r\u00f6nn\u00e4ng":{"id":103674,"name":"R\u00f6nn\u00e4ng","latitude":"57.93333000","longitude":"11.58333000"},"s\u00e5landa":{"id":103816,"name":"S\u00e5landa","latitude":"57.98333000","longitude":"12.21667000"},"sandared":{"id":103679,"name":"Sandared","latitude":"57.70992000","longitude":"12.79238000"},"s\u00e4tila":{"id":103809,"name":"S\u00e4tila","latitude":"57.54172000","longitude":"12.43429000"},"sj\u00f6marken":{"id":103694,"name":"Sj\u00f6marken","latitude":"57.71533000","longitude":"12.83495000"},"sjuntorp":{"id":103691,"name":"Sjuntorp","latitude":"58.20000000","longitude":"12.21667000"},"skara":{"id":103696,"name":"Skara","latitude":"58.38659000","longitude":"13.43836000"},"sk\u00e4rhamn":{"id":103720,"name":"Sk\u00e4rhamn","latitude":"57.98665000","longitude":"11.55742000"},"skepplanda":{"id":103703,"name":"Skepplanda","latitude":"57.98333000","longitude":"12.20000000"},"sk\u00f6vde":{"id":103724,"name":"Sk\u00f6vde","latitude":"58.39118000","longitude":"13.84506000"},"skultorp":{"id":103712,"name":"Skultorp","latitude":"58.35000000","longitude":"13.83333000"},"sm\u00f6gen":{"id":103733,"name":"Sm\u00f6gen","latitude":"58.35593000","longitude":"11.22411000"},"sollebrunn":{"id":103734,"name":"Sollebrunn","latitude":"58.11667000","longitude":"12.53333000"},"stenkullen":{"id":103751,"name":"Stenkullen","latitude":"57.79476000","longitude":"12.31688000"},"stenstorp":{"id":103753,"name":"Stenstorp","latitude":"58.27254000","longitude":"13.71454000"},"stenungsund":{"id":103754,"name":"Stenungsund","latitude":"58.07046000","longitude":"11.81810000"},"st\u00f6pen":{"id":103782,"name":"St\u00f6pen","latitude":"58.47802000","longitude":"13.86611000"},"storah\u00f6ga":{"id":103761,"name":"Stora H\u00f6ga","latitude":"58.01667000","longitude":"11.83333000"},"str\u00f6mstad":{"id":103775,"name":"Str\u00f6mstad","latitude":"58.93945000","longitude":"11.17120000"},"styrs\u00f6":{"id":103780,"name":"Styrs\u00f6","latitude":"57.61639000","longitude":"11.78556000"},"surte":{"id":103792,"name":"Surte","latitude":"57.82533000","longitude":"12.01604000"},"svanesund":{"id":103796,"name":"Svanesund","latitude":"58.14292000","longitude":"11.81821000"},"svenljunga":{"id":103799,"name":"Svenljunga","latitude":"57.49551000","longitude":"13.11078000"},"tanumshede":{"id":103838,"name":"Tanumshede","latitude":"58.72385000","longitude":"11.32587000"},"tibro":{"id":103842,"name":"Tibro","latitude":"58.42453000","longitude":"14.16162000"},"tidaholm":{"id":103844,"name":"Tidaholm","latitude":"58.18035000","longitude":"13.95824000"},"tjuvkil":{"id":103854,"name":"Tjuvkil","latitude":"57.90000000","longitude":"11.73333000"},"t\u00f6reboda":{"id":103892,"name":"T\u00f6reboda","latitude":"58.70739000","longitude":"14.12597000"},"torslanda":{"id":103865,"name":"Torslanda","latitude":"57.72432000","longitude":"11.77013000"},"tranemo":{"id":103869,"name":"Tranemo","latitude":"57.48333000","longitude":"13.35000000"},"trollh\u00e4ttan":{"id":103876,"name":"Trollh\u00e4ttan","latitude":"58.21208000","longitude":"12.35033000"},"uddevalla":{"id":103894,"name":"Uddevalla","latitude":"58.34784000","longitude":"11.94240000"},"ulricehamn":{"id":103896,"name":"Ulricehamn","latitude":"57.79159000","longitude":"13.41422000"},"v\u00e4nersborg":{"id":103962,"name":"V\u00e4nersborg","latitude":"58.38075000","longitude":"12.32340000"},"vara":{"id":103922,"name":"Vara","latitude":"58.26234000","longitude":"12.95413000"},"v\u00e5rg\u00e5rda":{"id":103979,"name":"V\u00e5rg\u00e5rda","latitude":"58.03706000","longitude":"12.80907000"},"varg\u00f6n":{"id":103926,"name":"Varg\u00f6n","latitude":"58.35599000","longitude":"12.39060000"},"v\u00e4strafr\u00f6lunda":{"id":103973,"name":"V\u00e4stra Fr\u00f6lunda","latitude":"57.64667000","longitude":"11.92944000"},"vinninga":{"id":103953,"name":"Vinninga","latitude":"58.45000000","longitude":"13.26667000"},"viskafors":{"id":103958,"name":"Viskafors","latitude":"57.62941000","longitude":"12.84890000"}}}}}