{"id":42,"name":"Central African Republic","iso3":"CAF","iso2":"CF","numeric_code":"140","phonecode":"236","capital":"Bangui","currency":"XAF","currency_name":"Central African CFA franc","currency_symbol":"FCFA","tld":".cf","native":"K\u00f6d\u00f6r\u00f6s\u00ease t\u00ee B\u00eaafr\u00eeka","region":"Africa","region_id":1,"subregion":"Middle Africa","subregion_id":2,"nationality":"Central African","timezones":[{"zoneName":"Africa/Bangui","gmtOffset":3600,"gmtOffsetName":"UTC+01:00","abbreviation":"WAT","tzName":"West Africa Time"}],"translations":{"ko":"\uc911\uc559\uc544\ud504\ub9ac\uce74 \uacf5\ud654\uad6d","pt-BR":"Rep\u00fablica Centro-Africana","pt":"Rep\u00fablica Centro-Africana","nl":"Centraal-Afrikaanse Republiek","hr":"Srednjoafri\u010dka Republika","fa":"\u062c\u0645\u0647\u0648\u0631\u06cc \u0622\u0641\u0631\u06cc\u0642\u0627\u06cc \u0645\u0631\u06a9\u0632\u06cc","de":"Zentralafrikanische Republik","es":"Rep\u00fablica Centroafricana","fr":"R\u00e9publique centrafricaine","ja":"\u4e2d\u592e\u30a2\u30d5\u30ea\u30ab\u5171\u548c\u56fd","it":"Repubblica Centrafricana","zh-CN":"\u4e2d\u975e","tr":"Orta Afrika Cumhuriyeti","ru":"\u0426\u0435\u043d\u0442\u0440\u0430\u043b\u044c\u043d\u043e\u0430\u0444\u0440\u0438\u043a\u0430\u043d\u0441\u043a\u0430\u044f \u0420\u0435\u0441\u043f\u0443\u0431\u043b\u0438\u043a\u0430","uk":"\u0426\u0435\u043d\u0442\u0440\u0430\u043b\u044c\u043d\u043e\u0430\u0444\u0440\u0438\u043a\u0430\u043d\u0441\u044c\u043a\u0430 \u0420\u0435\u0441\u043f\u0443\u0431\u043b\u0456\u043a\u0430","pl":"Republika \u015arodkowoafryka\u0144ska"},"latitude":"7.00000000","longitude":"21.00000000","emoji":"\ud83c\udde8\ud83c\uddeb","emojiU":"U+1F1E8 U+1F1EB","states":{"bamingui-bangoran":{"id":1259,"name":"Bamingui-Bangoran","state_code":"BB","latitude":"8.27334550","longitude":"20.71224650","type":"prefecture","cities":{"bamingui":{"id":17296,"name":"Bamingui","latitude":"7.88897000","longitude":"20.04875000"},"nd\u00e9l\u00e9":{"id":17329,"name":"Nd\u00e9l\u00e9","latitude":"8.74287000","longitude":"20.89108000"}}},"bangui":{"id":1262,"name":"Bangui","state_code":"BGF","latitude":"4.39467350","longitude":"18.55818990","type":"commune","cities":{"bangui":{"id":17298,"name":"Bangui","latitude":"4.36122000","longitude":"18.55496000"}}},"basse-kotto":{"id":1264,"name":"Basse-Kotto","state_code":"BK","latitude":"4.87193190","longitude":"21.28450250","type":"prefecture","cities":{"alindao":{"id":17294,"name":"Alindao","latitude":"5.02667000","longitude":"21.20876000"},"kemb\u00e9":{"id":17323,"name":"Kemb\u00e9","latitude":"4.62275000","longitude":"21.88645000"},"mobaye":{"id":17327,"name":"Mobaye","latitude":"4.31902000","longitude":"21.17861000"}}},"haut-mbomou":{"id":1258,"name":"Haut-Mbomou","state_code":"HM","latitude":"6.25371340","longitude":"25.47335540","type":"prefecture","cities":{"obo":{"id":17331,"name":"Obo","latitude":"5.39586000","longitude":"26.49211000"},"zemio":{"id":17338,"name":"Zemio","latitude":"5.03144000","longitude":"25.13614000"}}},"haute-kotto":{"id":1268,"name":"Haute-Kotto","state_code":"HK","latitude":"7.79643790","longitude":"23.38235450","type":"prefecture","cities":{"bria":{"id":17313,"name":"Bria","latitude":"6.54233000","longitude":"21.98633000"},"ouadda":{"id":17332,"name":"Ouadda","latitude":"8.07771000","longitude":"22.40075000"}}},"k\u00e9mo":{"id":1263,"name":"K\u00e9mo","state_code":"KG","latitude":"5.88677940","longitude":"19.37832060","type":"prefecture","cities":{"sibut":{"id":17337,"name":"Sibut","latitude":"5.71801000","longitude":"19.07389000"}}},"lobaye":{"id":1256,"name":"Lobaye","state_code":"LB","latitude":"4.35259810","longitude":"17.47951730","type":"prefecture","cities":{"boda":{"id":17307,"name":"Boda","latitude":"4.31887000","longitude":"17.46953000"},"boganangone":{"id":17308,"name":"Boganangone","latitude":"4.73558000","longitude":"17.14047000"},"mbaiki":{"id":17325,"name":"Mbaiki","latitude":"3.97145000","longitude":"17.93352000"},"mongoumba":{"id":17328,"name":"Mongoumba","latitude":"3.64153000","longitude":"18.59364000"}}},"mamb\u00e9r\u00e9-kad\u00e9\u00ef":{"id":1257,"name":"Mamb\u00e9r\u00e9-Kad\u00e9\u00ef","state_code":"HS","latitude":"4.70556530","longitude":"15.96998780","type":"prefecture","cities":{"berberati":{"id":17301,"name":"Berberati","latitude":"4.31211000","longitude":"15.88948000"},"carnot":{"id":17314,"name":"Carnot","latitude":"4.94273000","longitude":"15.87735000"},"gamboula":{"id":17317,"name":"Gamboula","latitude":"4.11775000","longitude":"15.13926000"}}},"mbomou":{"id":1266,"name":"Mbomou","state_code":"MB","latitude":"5.55683700","longitude":"23.76328280","type":"prefecture","cities":{"bangassou":{"id":17297,"name":"Bangassou","latitude":"4.74132000","longitude":"22.81838000"},"gambo":{"id":17316,"name":"Gambo","latitude":"4.64816000","longitude":"22.26331000"},"ouango":{"id":17334,"name":"Ouango","latitude":"4.31325000","longitude":"22.55524000"},"rafai":{"id":17336,"name":"Rafai","latitude":"5.81012000","longitude":"24.20305000"}}},"nana-gr\u00e9bizi":{"id":1253,"name":"Nana-Gr\u00e9bizi","state_code":"KB","latitude":"7.18486070","longitude":"19.37832060","type":"economic prefecture","cities":{"kagabandoro":{"id":17321,"name":"Kaga Bandoro","latitude":"6.98961000","longitude":"19.18744000"},"kaga-bandoro":{"id":17322,"name":"Kaga-Bandoro","latitude":"7.23774000","longitude":"19.21819000"}}},"nana-mamb\u00e9r\u00e9":{"id":1260,"name":"Nana-Mamb\u00e9r\u00e9","state_code":"NM","latitude":"5.69321350","longitude":"15.21948080","type":"prefecture","cities":{"baoro":{"id":17299,"name":"Baoro","latitude":"5.66667000","longitude":"15.96667000"},"bouar":{"id":17310,"name":"Bouar","latitude":"5.93404000","longitude":"15.59599000"}}},"ombella-m\u0027poko":{"id":1255,"name":"Ombella-M\u0027Poko","state_code":"MP","latitude":"5.11888250","longitude":"18.42760470","type":"prefecture","cities":{"bimbo":{"id":17303,"name":"Bimbo","latitude":"4.25671000","longitude":"18.41583000"},"boali":{"id":17305,"name":"Boali","latitude":"4.80048000","longitude":"18.12747000"},"damara":{"id":17315,"name":"Damara","latitude":"4.96075000","longitude":"18.70350000"}}},"ouaka":{"id":1265,"name":"Ouaka","state_code":"UK","latitude":"6.31682160","longitude":"20.71224650","type":"prefecture","cities":{"bambari":{"id":17295,"name":"Bambari","latitude":"5.76795000","longitude":"20.67565000"},"grimari":{"id":17318,"name":"Grimari","latitude":"5.73549000","longitude":"19.91209000"},"ippy":{"id":17319,"name":"Ippy","latitude":"6.26793000","longitude":"21.22468000"},"kouango":{"id":17324,"name":"Kouango","latitude":"4.99337000","longitude":"19.96186000"}}},"ouham":{"id":1254,"name":"Ouham","state_code":"AC","latitude":"7.09091100","longitude":"17.66888700","type":"prefecture","cities":{"batangafo":{"id":17300,"name":"Batangafo","latitude":"7.30082000","longitude":"18.28330000"},"bossangoa":{"id":17309,"name":"Bossangoa","latitude":"6.49263000","longitude":"17.45518000"},"bouca":{"id":17311,"name":"Bouca","latitude":"6.50734000","longitude":"18.27670000"},"kabo":{"id":17320,"name":"Kabo","latitude":"7.69937000","longitude":"18.62903000"}}},"ouham-pend\u00e9":{"id":1267,"name":"Ouham-Pend\u00e9","state_code":"OP","latitude":"6.48509840","longitude":"16.15809370","type":"prefecture","cities":{"bocaranga":{"id":17306,"name":"Bocaranga","latitude":"6.76546000","longitude":"15.77873000"},"bozoum":{"id":17312,"name":"Bozoum","latitude":"6.31933000","longitude":"16.37992000"},"paoua":{"id":17335,"name":"Paoua","latitude":"7.24269000","longitude":"16.44059000"}}},"sangha-mba\u00e9r\u00e9":{"id":1252,"name":"Sangha-Mba\u00e9r\u00e9","state_code":"SE","latitude":"3.43686070","longitude":"16.34637910","type":"prefecture","cities":{"nola":{"id":17330,"name":"Nola","latitude":"3.52494000","longitude":"16.04583000"}}},"vakaga":{"id":1261,"name":"Vakaga","state_code":"VK","latitude":"9.51132960","longitude":"22.23840170","type":"prefecture","cities":{"birao":{"id":17304,"name":"Birao","latitude":"10.28488000","longitude":"22.78818000"},"ouanda-djall\u00e9":{"id":17333,"name":"Ouanda-Djall\u00e9","latitude":"9.05877000","longitude":"22.42741000"}}}}}