{"id":47,"name":"Cocos (Keeling) Islands","iso3":"CCK","iso2":"CC","numeric_code":"166","phone_code":"61","capital":"West Island","currency":"AUD","currency_name":"Australian dollar","currency_symbol":"$","tld":".cc","native":"Cocos (Keeling) Islands","region":"Oceania","region_id":"5","subregion":"Australia and New Zealand","subregion_id":"19","nationality":"Cocos Island","timezones":[{"zoneName":"Indian/Cocos","gmtOffset":23400,"gmtOffsetName":"UTC+06:30","abbreviation":"CCT","tzName":"Cocos Islands Time"}],"translations":{"kr":"\ucf54\ucf54\uc2a4 \uc81c\ub3c4","pt-BR":"Ilhas Cocos","pt":"Ilhas dos Cocos","nl":"Cocoseilanden","hr":"Kokosovi Otoci","fa":"\u062c\u0632\u0627\u06cc\u0631 \u06a9\u0648\u06a9\u0648\u0633","de":"Kokosinseln","es":"Islas Cocos o Islas Keeling","fr":"\u00celes Cocos","ja":"\u30b3\u30b3\u30b9\uff08\u30ad\u30fc\u30ea\u30f3\u30b0\uff09\u8af8\u5cf6","it":"Isole Cocos e Keeling","cn":"\u79d1\u79d1\u65af\uff08\u57fa\u6797\uff09\u7fa4\u5c9b","tr":"Cocos Adalari"},"latitude":"-12.50000000","longitude":"96.83333333","emoji":"\ud83c\udde8\ud83c\udde8","emojiU":"U+1F1E8 U+1F1E8"}