{"id":159,"name":"Nicaragua","iso3":"NIC","iso2":"NI","numeric_code":"558","phone_code":"505","capital":"Managua","currency":"NIO","currency_name":"Nicaraguan c\u00f3rdoba","currency_symbol":"C$","tld":".ni","native":"Nicaragua","region":"Americas","region_id":"2","subregion":"Central America","subregion_id":"9","nationality":"Nicaraguan","timezones":[{"zoneName":"America/Managua","gmtOffset":-21600,"gmtOffsetName":"UTC-06:00","abbreviation":"CST","tzName":"Central Standard Time (North America"}],"translations":{"kr":"\ub2c8\uce74\ub77c\uacfc","pt-BR":"Nicar\u00e1gua","pt":"Nicar\u00e1gua","nl":"Nicaragua","hr":"Nikaragva","fa":"\u0646\u06cc\u06a9\u0627\u0631\u0627\u06af\u0648\u0626\u0647","de":"Nicaragua","es":"Nicaragua","fr":"Nicaragua","ja":"\u30cb\u30ab\u30e9\u30b0\u30a2","it":"Nicaragua","cn":"\u5c3c\u52a0\u62c9\u74dc","tr":"Nikaragua","ru":"\u041d\u0438\u043a\u0430\u0440\u0430\u0433\u0443\u0430","uk":"\u041d\u0456\u043a\u0430\u0440\u0430\u0433\u0443\u0430","pl":"Nikaragua"},"latitude":"13.00000000","longitude":"-85.00000000","emoji":"\ud83c\uddf3\ud83c\uddee","emojiU":"U+1F1F3 U+1F1EE","states":{"boaco":{"id":946,"name":"Boaco","state_code":"BO","latitude":"12.46928400","longitude":"-85.66146820","type":"department","cities":{"boaco":{"id":77159,"name":"Boaco","latitude":"12.47224000","longitude":"-85.65860000"},"camoapa":{"id":77163,"name":"Camoapa","latitude":"12.38383000","longitude":"-85.51277000"},"sanjos\u00e9delosremates":{"id":77260,"name":"San Jos\u00e9 de los Remates","latitude":"12.59750000","longitude":"-85.76174000"},"sanlorenzo":{"id":77265,"name":"San Lorenzo","latitude":"12.37830000","longitude":"-85.66646000"},"santaluc\u00eda":{"id":77273,"name":"Santa Luc\u00eda","latitude":"12.53262000","longitude":"-85.71074000"},"teustepe":{"id":77285,"name":"Teustepe","latitude":"12.42030000","longitude":"-85.79798000"}}},"carazo":{"id":950,"name":"Carazo","state_code":"CA","latitude":"11.72747290","longitude":"-86.21584970","type":"department","cities":{"diriamba":{"id":77176,"name":"Diriamba","latitude":"11.85812000","longitude":"-86.23922000"},"dolores":{"id":77179,"name":"Dolores","latitude":"11.85672000","longitude":"-86.21552000"},"elrosario":{"id":77187,"name":"El Rosario","latitude":"11.77756000","longitude":"-86.37374000"},"jinotepe":{"id":77195,"name":"Jinotepe","latitude":"11.84962000","longitude":"-86.19903000"},"laconquista":{"id":77202,"name":"La Conquista","latitude":"11.73426000","longitude":"-86.19279000"},"lapazdecarazo":{"id":77206,"name":"La Paz de Carazo","latitude":"11.82311000","longitude":"-86.12781000"},"municipiodesanmarcos":{"id":77236,"name":"Municipio de San Marcos","latitude":"11.91784000","longitude":"-86.27474000"},"sanmarcos":{"id":77267,"name":"San Marcos","latitude":"11.90949000","longitude":"-86.20351000"},"santateresa":{"id":77275,"name":"Santa Teresa","latitude":"11.74321000","longitude":"-86.21413000"}}},"chinandega":{"id":954,"name":"Chinandega","state_code":"CI","latitude":"12.88200620","longitude":"-87.14228950","type":"department","cities":{"chichigalpa":{"id":77165,"name":"Chichigalpa","latitude":"12.57758000","longitude":"-87.02705000"},"chinandega":{"id":77166,"name":"Chinandega","latitude":"12.62937000","longitude":"-87.13105000"},"cincopinos":{"id":77167,"name":"Cinco Pinos","latitude":"13.22956000","longitude":"-86.86808000"},"corinto":{"id":77172,"name":"Corinto","latitude":"12.48250000","longitude":"-87.17304000"},"elrealejo":{"id":77186,"name":"El Realejo","latitude":"12.54333000","longitude":"-87.16517000"},"elviejo":{"id":77190,"name":"El Viejo","latitude":"12.66348000","longitude":"-87.16663000"},"jiquilillo":{"id":77196,"name":"Jiquilillo","latitude":"12.74593000","longitude":"-87.45160000"},"municipiodesanfranciscodelnorte":{"id":77232,"name":"Municipio de San Francisco del Norte","latitude":"13.21187000","longitude":"-86.77107000"},"posoltega":{"id":77246,"name":"Posoltega","latitude":"12.54422000","longitude":"-86.97982000"},"puertomoraz\u00e1n":{"id":77251,"name":"Puerto Moraz\u00e1n","latitude":"12.85042000","longitude":"-87.17167000"},"santotom\u00e1sdelnorte":{"id":77278,"name":"Santo Tom\u00e1s del Norte","latitude":"13.18610000","longitude":"-86.92267000"},"somotillo":{"id":77280,"name":"Somotillo","latitude":"13.04387000","longitude":"-86.90506000"}}},"chontales":{"id":940,"name":"Chontales","state_code":"CO","latitude":"11.93947170","longitude":"-85.18940450","type":"department","cities":{"acoyapa":{"id":77155,"name":"Acoyapa","latitude":"11.97028000","longitude":"-85.17113000"},"comalapa":{"id":77170,"name":"Comalapa","latitude":"12.28345000","longitude":"-85.51081000"},"cuapa":{"id":77174,"name":"Cuapa","latitude":"12.26875000","longitude":"-85.38205000"},"elayote":{"id":77181,"name":"El Ayote","latitude":"12.19046000","longitude":"-85.28737000"},"juigalpa":{"id":77197,"name":"Juigalpa","latitude":"12.10629000","longitude":"-85.36452000"},"lalibertad":{"id":77204,"name":"La Libertad","latitude":"12.21635000","longitude":"-85.16595000"},"santodomingo":{"id":77276,"name":"Santo Domingo","latitude":"12.26438000","longitude":"-85.08235000"},"santotom\u00e1s":{"id":77277,"name":"Santo Tom\u00e1s","latitude":"12.06938000","longitude":"-85.09059000"},"villasandino":{"id":77293,"name":"Villa Sandino","latitude":"12.04830000","longitude":"-84.99362000"}}},"estel\u00ed":{"id":945,"name":"Estel\u00ed","state_code":"ES","latitude":"13.08511390","longitude":"-86.36301970","type":"department","cities":{"condega":{"id":77171,"name":"Condega","latitude":"13.36502000","longitude":"-86.39846000"},"estel\u00ed":{"id":77191,"name":"Estel\u00ed","latitude":"13.09185000","longitude":"-86.35384000"},"latrinidad":{"id":77207,"name":"La Trinidad","latitude":"12.96881000","longitude":"-86.23534000"},"pueblonuevo":{"id":77249,"name":"Pueblo Nuevo","latitude":"13.37984000","longitude":"-86.48075000"},"sanjuandelimay":{"id":77261,"name":"San Juan de Limay","latitude":"13.17603000","longitude":"-86.61234000"}}},"granada":{"id":943,"name":"Granada","state_code":"GR","latitude":"11.93440730","longitude":"-85.95600050","type":"department","cities":{"diri\u00e1":{"id":77178,"name":"Diri\u00e1","latitude":"11.88420000","longitude":"-86.05508000"},"diriomo":{"id":77177,"name":"Diriomo","latitude":"11.87631000","longitude":"-86.05184000"},"granada":{"id":77192,"name":"Granada","latitude":"11.92988000","longitude":"-85.95602000"},"nandaime":{"id":77240,"name":"Nandaime","latitude":"11.75696000","longitude":"-86.05286000"}}},"jinotega":{"id":955,"name":"Jinotega","state_code":"JI","latitude":"13.08839070","longitude":"-85.99939970","type":"department","cities":{"elcu\u00e1":{"id":77183,"name":"El Cu\u00e1","latitude":"13.41667000","longitude":"-85.75000000"},"jinotega":{"id":77194,"name":"Jinotega","latitude":"13.09103000","longitude":"-86.00234000"},"laconcordia":{"id":77201,"name":"La Concordia","latitude":"13.19528000","longitude":"-86.16659000"},"laspraderas":{"id":77210,"name":"Las Praderas","latitude":"13.17000000","longitude":"-85.85000000"},"llanodelacruz":{"id":77199,"name":"LLano de La Cruz","latitude":"13.12449000","longitude":"-86.00833000"},"sanjos\u00e9debocay":{"id":77258,"name":"San Jos\u00e9 de Bocay","latitude":"13.54204000","longitude":"-85.53942000"},"sanrafaeldelnorte":{"id":77269,"name":"San Rafael del Norte","latitude":"13.21248000","longitude":"-86.11089000"},"sansebasti\u00e1ndeyal\u00ed":{"id":77272,"name":"San Sebasti\u00e1n de Yal\u00ed","latitude":"13.30540000","longitude":"-86.18641000"}}},"le\u00f3n":{"id":944,"name":"Le\u00f3n","state_code":"LE","latitude":"12.50920370","longitude":"-86.66110830","type":"department","cities":{"achuapa":{"id":77154,"name":"Achuapa","latitude":"13.05370000","longitude":"-86.59004000"},"eljicaral":{"id":77184,"name":"El Jicaral","latitude":"12.72676000","longitude":"-86.38057000"},"elsauce":{"id":77188,"name":"El Sauce","latitude":"12.88687000","longitude":"-86.53903000"},"lapazcentro":{"id":77205,"name":"La Paz Centro","latitude":"12.34000000","longitude":"-86.67528000"},"larreynaga":{"id":77209,"name":"Larreynaga","latitude":"12.67692000","longitude":"-86.57193000"},"le\u00f3n":{"id":77212,"name":"Le\u00f3n","latitude":"12.43787000","longitude":"-86.87804000"},"nagarote":{"id":77239,"name":"Nagarote","latitude":"12.26593000","longitude":"-86.56474000"},"quezalguaque":{"id":77252,"name":"Quezalguaque","latitude":"12.50683000","longitude":"-86.90292000"},"santarosadelpe\u00f1\u00f3n":{"id":77274,"name":"Santa Rosa del Pe\u00f1\u00f3n","latitude":"12.80116000","longitude":"-86.36994000"},"telica":{"id":77282,"name":"Telica","latitude":"12.52200000","longitude":"-86.85938000"}}},"madriz":{"id":948,"name":"Madriz","state_code":"MD","latitude":"13.47260050","longitude":"-86.45920910","type":"department","cities":{"lassabanas":{"id":77211,"name":"Las Sabanas","latitude":"13.34302000","longitude":"-86.62184000"},"palacag\u00fcina":{"id":77245,"name":"Palacag\u00fcina","latitude":"13.45566000","longitude":"-86.40622000"},"sanjos\u00e9decusmapa":{"id":77259,"name":"San Jos\u00e9 de Cusmapa","latitude":"13.28841000","longitude":"-86.65539000"},"sanjuander\u00edococo":{"id":77263,"name":"San Juan de R\u00edo Coco","latitude":"13.54476000","longitude":"-86.16499000"},"sanlucas":{"id":77266,"name":"San Lucas","latitude":"13.41380000","longitude":"-86.61110000"},"somoto":{"id":77281,"name":"Somoto","latitude":"13.48082000","longitude":"-86.58208000"},"telpaneca":{"id":77283,"name":"Telpaneca","latitude":"13.53151000","longitude":"-86.28710000"},"totogalpa":{"id":77290,"name":"Totogalpa","latitude":"13.56284000","longitude":"-86.49254000"},"yalag\u00fcina":{"id":77296,"name":"Yalag\u00fcina","latitude":"13.48383000","longitude":"-86.49305000"}}},"managua":{"id":941,"name":"Managua","state_code":"MN","latitude":"12.13916990","longitude":"-86.33767610","type":"department","cities":{"ciudadsandino":{"id":77169,"name":"Ciudad Sandino","latitude":"12.15889000","longitude":"-86.34417000"},"elcrucero":{"id":77182,"name":"El Crucero","latitude":"11.99008000","longitude":"-86.30954000"},"managua":{"id":77213,"name":"Managua","latitude":"12.13282000","longitude":"-86.25040000"},"masachapa":{"id":77214,"name":"Masachapa","latitude":"11.78687000","longitude":"-86.51416000"},"sanrafaeldelsur":{"id":77270,"name":"San Rafael del Sur","latitude":"11.84854000","longitude":"-86.43839000"},"ticuantepe":{"id":77286,"name":"Ticuantepe","latitude":"12.02263000","longitude":"-86.20493000"},"tipitapa":{"id":77287,"name":"Tipitapa","latitude":"12.19732000","longitude":"-86.09706000"},"vallesanfrancisco":{"id":77291,"name":"Valle San Francisco","latitude":"12.51667000","longitude":"-86.28333000"},"villaelcarmen":{"id":77292,"name":"Villa El Carmen","latitude":"11.98009000","longitude":"-86.50571000"}}},"masaya":{"id":953,"name":"Masaya","state_code":"MS","latitude":"11.97593280","longitude":"-86.07334980","type":"department","cities":{"catarina":{"id":77164,"name":"Catarina","latitude":"11.91197000","longitude":"-86.07383000"},"laconcepci\u00f3n":{"id":77200,"name":"La Concepci\u00f3n","latitude":"11.93711000","longitude":"-86.18976000"},"masatepe":{"id":77215,"name":"Masatepe","latitude":"11.91445000","longitude":"-86.14458000"},"masaya":{"id":77216,"name":"Masaya","latitude":"11.97444000","longitude":"-86.09417000"},"municipiodemasatepe":{"id":77226,"name":"Municipio de Masatepe","latitude":"11.90567000","longitude":"-86.14946000"},"municipiodenandasmo":{"id":77228,"name":"Municipio de Nandasmo","latitude":"11.93333000","longitude":"-86.11667000"},"municipiodeniquinohomo":{"id":77229,"name":"Municipio de Niquinohomo","latitude":"11.88228000","longitude":"-86.10035000"},"municipiodesanjuandeoriente":{"id":77234,"name":"Municipio de San Juan de Oriente","latitude":"11.90517000","longitude":"-86.07460000"},"nandasmo":{"id":77241,"name":"Nandasmo","latitude":"11.92411000","longitude":"-86.12072000"},"nindir\u00ed":{"id":77242,"name":"Nindir\u00ed","latitude":"12.00386000","longitude":"-86.12128000"},"niquinohomo":{"id":77243,"name":"Niquinohomo","latitude":"11.90518000","longitude":"-86.09446000"},"sanjuandeoriente":{"id":77262,"name":"San Juan de Oriente","latitude":"11.90624000","longitude":"-86.07343000"},"tisma":{"id":77288,"name":"Tisma","latitude":"12.08194000","longitude":"-86.01739000"}}},"matagalpa":{"id":947,"name":"Matagalpa","state_code":"MT","latitude":"12.94984360","longitude":"-85.43755740","type":"department","cities":{"ciudaddar\u00edo":{"id":77168,"name":"Ciudad Dar\u00edo","latitude":"12.73143000","longitude":"-86.12402000"},"matagalpa":{"id":77217,"name":"Matagalpa","latitude":"12.92559000","longitude":"-85.91747000"},"matigu\u00e1s":{"id":77218,"name":"Matigu\u00e1s","latitude":"12.83734000","longitude":"-85.46218000"},"muymuy":{"id":77238,"name":"Muy Muy","latitude":"12.76224000","longitude":"-85.62915000"},"r\u00edoblanco":{"id":77254,"name":"R\u00edo Blanco","latitude":"12.93435000","longitude":"-85.22354000"},"sandionisio":{"id":77256,"name":"San Dionisio","latitude":"12.76023000","longitude":"-85.85018000"},"sanram\u00f3n":{"id":77271,"name":"San Ram\u00f3n","latitude":"12.92344000","longitude":"-85.83898000"},"terrabona":{"id":77284,"name":"Terrabona","latitude":"12.73028000","longitude":"-85.96474000"}}},"northcaribbeancoast":{"id":951,"name":"North Caribbean Coast","state_code":"AN","latitude":"13.83944560","longitude":"-83.93208060","type":"autonomous region","cities":{"bonanza":{"id":77161,"name":"Bonanza","latitude":"14.02885000","longitude":"-84.59103000"},"prinzapolka":{"id":77248,"name":"Prinzapolka","latitude":"13.40708000","longitude":"-83.56452000"},"puertocabezas":{"id":77250,"name":"Puerto Cabezas","latitude":"14.03507000","longitude":"-83.38882000"},"siuna":{"id":77279,"name":"Siuna","latitude":"13.73321000","longitude":"-84.77725000"},"waslala":{"id":77294,"name":"Waslala","latitude":"13.23333000","longitude":"-85.38333000"},"wasp\u00e1n":{"id":77295,"name":"Wasp\u00e1n","latitude":"14.74189000","longitude":"-83.97170000"}}},"nuevasegovia":{"id":4964,"name":"Nueva Segovia","state_code":"NS","latitude":"13.76570610","longitude":"-86.53700390","type":"department","cities":{"ciudadantigua":{"id":149132,"name":"Ciudad Antigua","latitude":"13.63929030","longitude":"-86.31189830"},"dipilto":{"id":149133,"name":"Dipilto","latitude":"13.72225520","longitude":"-86.51366060"},"elj\u00edcaro":{"id":149134,"name":"El J\u00edcaro","latitude":"13.72222480","longitude":"-86.14115420"},"jalapa":{"id":149135,"name":"Jalapa","latitude":"13.92071420","longitude":"-86.14212330"},"macuelizo":{"id":149136,"name":"Macuelizo","latitude":"13.65192960","longitude":"-86.61427170"},"mozonte":{"id":149137,"name":"Mozonte","latitude":"13.65956840","longitude":"-86.44536490"},"murra":{"id":149138,"name":"Murra","latitude":"13.75927550","longitude":"-86.02196840"},"ocotal":{"id":149139,"name":"Ocotal","latitude":"13.63411380","longitude":"-86.50107470"},"quilal\u00ed":{"id":149140,"name":"Quilal\u00ed","latitude":"13.56491080","longitude":"-86.02921480"},"sanfernando":{"id":149141,"name":"San Fernando","latitude":"13.67873430","longitude":"-86.32079750"},"santamar\u00eda":{"id":149142,"name":"Santa Mar\u00eda","latitude":"13.74665480","longitude":"-86.71124070"},"wiwil\u00ed":{"id":149143,"name":"Wiwil\u00ed","latitude":"13.62076450","longitude":"-85.83169700"}}},"r\u00edosanjuan":{"id":949,"name":"R\u00edo San Juan","state_code":"SJ","latitude":"11.47816100","longitude":"-84.77333250","type":"department","cities":{"elalmendro":{"id":77180,"name":"El Almendro","latitude":"11.67859000","longitude":"-84.70269000"},"greytown":{"id":77193,"name":"Greytown","latitude":"10.94684000","longitude":"-83.73467000"},"morrito":{"id":77219,"name":"Morrito","latitude":"11.62118000","longitude":"-85.08052000"},"sancarlos":{"id":77255,"name":"San Carlos","latitude":"11.12360000","longitude":"-84.77795000"},"sanmiguelito":{"id":77268,"name":"San Miguelito","latitude":"11.40255000","longitude":"-84.89991000"}}},"rivas":{"id":942,"name":"Rivas","state_code":"RI","latitude":"11.40234900","longitude":"-85.68457800","type":"department","cities":{"altagracia":{"id":77156,"name":"Altagracia","latitude":"11.56615000","longitude":"-85.57840000"},"bel\u00e9n":{"id":77157,"name":"Bel\u00e9n","latitude":"11.50299000","longitude":"-85.88935000"},"buenosaires":{"id":77162,"name":"Buenos Aires","latitude":"11.46916000","longitude":"-85.81661000"},"c\u00e1rdenas":{"id":77175,"name":"C\u00e1rdenas","latitude":"11.19639000","longitude":"-85.50890000"},"moyogalpa":{"id":77220,"name":"Moyogalpa","latitude":"11.54006000","longitude":"-85.69795000"},"municipiodealtagracia":{"id":77222,"name":"Municipio de Altagracia","latitude":"11.47983000","longitude":"-85.54166000"},"municipiodebel\u00e9n":{"id":77223,"name":"Municipio de Bel\u00e9n","latitude":"11.57193000","longitude":"-85.96316000"},"municipiodebuenosaires":{"id":77224,"name":"Municipio de Buenos Aires","latitude":"11.51760000","longitude":"-85.78333000"},"municipiodec\u00e1rdenas":{"id":77225,"name":"Municipio de C\u00e1rdenas","latitude":"11.14912000","longitude":"-85.42323000"},"municipiodemoyogalpa":{"id":77227,"name":"Municipio de Moyogalpa","latitude":"11.52632000","longitude":"-85.67329000"},"municipiodepotos\u00ed":{"id":77230,"name":"Municipio de Potos\u00ed","latitude":"11.57854000","longitude":"-85.87764000"},"municipioderivas":{"id":77231,"name":"Municipio de Rivas","latitude":"11.43931000","longitude":"-85.82700000"},"municipiodesanjorge":{"id":77233,"name":"Municipio de San Jorge","latitude":"11.42703000","longitude":"-85.78904000"},"municipiodesanjuandelsur":{"id":77235,"name":"Municipio de San Juan del Sur","latitude":"11.22368000","longitude":"-85.78289000"},"municipiodetola":{"id":77237,"name":"Municipio de Tola","latitude":"11.46009000","longitude":"-86.00789000"},"potos\u00ed":{"id":77247,"name":"Potos\u00ed","latitude":"11.49416000","longitude":"-85.85680000"},"rivas":{"id":77253,"name":"Rivas","latitude":"11.43716000","longitude":"-85.82632000"},"sanjorge":{"id":77257,"name":"San Jorge","latitude":"11.45584000","longitude":"-85.80308000"},"sanjuandelsur":{"id":77264,"name":"San Juan del Sur","latitude":"11.25292000","longitude":"-85.87049000"},"tola":{"id":77289,"name":"Tola","latitude":"11.43927000","longitude":"-85.93891000"}}},"southcaribbeancoast":{"id":952,"name":"South Caribbean Coast","state_code":"AS","latitude":"12.19185020","longitude":"-84.10128610","type":"autonomous region","cities":{"bluefields":{"id":77158,"name":"Bluefields","latitude":"12.01366000","longitude":"-83.76353000"},"bocanadepaiwas":{"id":77160,"name":"Bocana de Paiwas","latitude":"12.78571000","longitude":"-85.12269000"},"cornisland":{"id":77173,"name":"Corn Island","latitude":"12.17575000","longitude":"-83.06145000"},"elrama":{"id":77185,"name":"El Rama","latitude":"12.15965000","longitude":"-84.21952000"},"eltortuguero":{"id":77189,"name":"El Tortuguero","latitude":"12.82247000","longitude":"-84.19629000"},"kukrahill":{"id":77198,"name":"Kukrahill","latitude":"12.24096000","longitude":"-83.74517000"},"lacruzder\u00edogrande":{"id":77203,"name":"La Cruz de R\u00edo Grande","latitude":"13.11290000","longitude":"-84.18588000"},"lagunadeperlas":{"id":77208,"name":"Laguna de Perlas","latitude":"12.34294000","longitude":"-83.67123000"},"muelledelosbueyes":{"id":77221,"name":"Muelle de los Bueyes","latitude":"12.06999000","longitude":"-84.53503000"},"nuevaguinea":{"id":77244,"name":"Nueva Guinea","latitude":"11.68758000","longitude":"-84.45616000"}}}}}