{"id":30,"name":"Bouvet Island","iso3":"BVT","iso2":"BV","numeric_code":"074","phone_code":"0055","capital":"","currency":"NOK","currency_name":"Norwegian Krone","currency_symbol":"kr","tld":".bv","native":"Bouvet\u00f8ya","region":"","region_id":null,"subregion":"","subregion_id":null,"nationality":"Bouvet Island","timezones":[{"zoneName":"Europe/Oslo","gmtOffset":3600,"gmtOffsetName":"UTC+01:00","abbreviation":"CET","tzName":"Central European Time"}],"translations":{"kr":"\ubd80\ubcb3 \uc12c","pt-BR":"Ilha Bouvet","pt":"Ilha Bouvet","nl":"Bouveteiland","hr":"Otok Bouvet","fa":"\u062c\u0632\u06cc\u0631\u0647 \u0628\u0648\u0648\u0647","de":"Bouvetinsel","es":"Isla Bouvet","fr":"\u00cele Bouvet","ja":"\u30d6\u30fc\u30d9\u5cf6","it":"Isola Bouvet","cn":"\u5e03\u7ef4\u5c9b","tr":"Bouvet Adasi","ru":"\u041e\u0441\u0442\u0440\u043e\u0432 \u0411\u0443\u0432\u0435","uk":"\u041e\u0441\u0442\u0440\u0456\u0432 \u0411\u0443\u0432\u0435","pl":"Wyspa Bouveta"},"latitude":"-54.43333333","longitude":"3.40000000","emoji":"\ud83c\udde7\ud83c\uddfb","emojiU":"U+1F1E7 U+1F1FB"}