{"id":198,"name":"Sierra Leone","iso3":"SLE","iso2":"SL","numeric_code":"694","phone_code":"232","capital":"Freetown","currency":"SLL","currency_name":"Sierra Leonean leone","currency_symbol":"Le","tld":".sl","native":"Sierra Leone","region":"Africa","region_id":"1","subregion":"Western Africa","subregion_id":"3","nationality":"Sierra Leonean","timezones":[{"zoneName":"Africa/Freetown","gmtOffset":0,"gmtOffsetName":"UTC\u00b100","abbreviation":"GMT","tzName":"Greenwich Mean Time"}],"translations":{"kr":"\uc2dc\uc5d0\ub77c\ub9ac\uc628","pt-BR":"Serra Leoa","pt":"Serra Leoa","nl":"Sierra Leone","hr":"Sijera Leone","fa":"\u0633\u06cc\u0631\u0627\u0644\u0626\u0648\u0646","de":"Sierra Leone","es":"Sierra Leone","fr":"Sierra Leone","ja":"\u30b7\u30a8\u30e9\u30ec\u30aa\u30cd","it":"Sierra Leone","cn":"\u585e\u62c9\u5229\u6602","tr":"Sierra Leone"},"latitude":"8.50000000","longitude":"-11.50000000","emoji":"\ud83c\uddf8\ud83c\uddf1","emojiU":"U+1F1F8 U+1F1F1","states":{"easternprovince":{"id":914,"name":"Eastern Province","state_code":"E","latitude":null,"longitude":null,"type":null,"cities":{"barma":{"id":104606,"name":"Barma","latitude":"8.34959000","longitude":"-11.33059000"},"blama":{"id":104609,"name":"Blama","latitude":"7.87481000","longitude":"-11.34548000"},"boajibu":{"id":104612,"name":"Boajibu","latitude":"8.18763000","longitude":"-11.34026000"},"buedu":{"id":104617,"name":"Buedu","latitude":"8.27960000","longitude":"-10.37135000"},"bunumbu":{"id":104620,"name":"Bunumbu","latitude":"8.17421000","longitude":"-10.86432000"},"daru":{"id":104621,"name":"Daru","latitude":"7.98976000","longitude":"-10.84223000"},"giehun":{"id":104627,"name":"Giehun","latitude":"7.88405000","longitude":"-11.04908000"},"gorahun":{"id":104628,"name":"Gorahun","latitude":"7.46439000","longitude":"-11.23952000"},"hangha":{"id":104629,"name":"Hangha","latitude":"7.93974000","longitude":"-11.14132000"},"jojoima":{"id":104631,"name":"Jojoima","latitude":"7.87815000","longitude":"-10.78976000"},"kailahun":{"id":104633,"name":"Kailahun","latitude":"8.27890000","longitude":"-10.57300000"},"kailahundistrict":{"id":104634,"name":"Kailahun District","latitude":"8.10768000","longitude":"-10.75146000"},"kayima":{"id":104638,"name":"Kayima","latitude":"8.88790000","longitude":"-11.15932000"},"kenema":{"id":104639,"name":"Kenema","latitude":"7.87687000","longitude":"-11.19025000"},"kenemadistrict":{"id":104640,"name":"Kenema District","latitude":"7.95171000","longitude":"-11.19004000"},"koidu":{"id":104642,"name":"Koidu","latitude":"8.64387000","longitude":"-10.97140000"},"konodistrict":{"id":104645,"name":"Kono District","latitude":"8.70687000","longitude":"-10.93368000"},"koyima":{"id":104647,"name":"Koyima","latitude":"8.70552000","longitude":"-11.02241000"},"manowa":{"id":104658,"name":"Manowa","latitude":"8.17392000","longitude":"-10.74834000"},"mobai":{"id":104662,"name":"Mobai","latitude":"7.99343000","longitude":"-10.75355000"},"motema":{"id":104664,"name":"Motema","latitude":"8.61427000","longitude":"-11.01252000"},"panguma":{"id":104668,"name":"Panguma","latitude":"8.18507000","longitude":"-11.13290000"},"pendembu":{"id":104669,"name":"Pendembu","latitude":"8.09807000","longitude":"-10.69429000"},"segbwema":{"id":104677,"name":"Segbwema","latitude":"7.99471000","longitude":"-10.95020000"},"simbakoro":{"id":104680,"name":"Simbakoro","latitude":"8.61243000","longitude":"-11.00755000"},"tefeya":{"id":104682,"name":"Tefeya","latitude":"8.70395000","longitude":"-11.21260000"},"tombodu":{"id":104684,"name":"Tombodu","latitude":"8.13526000","longitude":"-10.61960000"},"tombu":{"id":104685,"name":"Tombu","latitude":"8.53991000","longitude":"-10.73132000"},"wima":{"id":104689,"name":"Wima","latitude":"8.30052000","longitude":"-11.20455000"},"yengema":{"id":104690,"name":"Yengema","latitude":"8.71441000","longitude":"-11.17057000"}}},"northernprovince":{"id":911,"name":"Northern Province","state_code":"N","latitude":null,"longitude":null,"type":null,"cities":{"alikalia":{"id":104603,"name":"Alikalia","latitude":"9.15356000","longitude":"-11.38712000"},"bindi":{"id":104607,"name":"Bindi","latitude":"9.91376000","longitude":"-11.44669000"},"binkolo":{"id":104608,"name":"Binkolo","latitude":"8.95225000","longitude":"-11.98029000"},"bombalidistrict":{"id":104613,"name":"Bombali District","latitude":"9.28444000","longitude":"-12.16449000"},"bumbuna":{"id":104618,"name":"Bumbuna","latitude":"9.04466000","longitude":"-11.74576000"},"gberiafotombu":{"id":104625,"name":"Gberia Fotombu","latitude":"9.87852000","longitude":"-11.16548000"},"kabala":{"id":104632,"name":"Kabala","latitude":"9.58893000","longitude":"-11.55256000"},"kamakwie":{"id":104635,"name":"Kamakwie","latitude":"9.49689000","longitude":"-12.24061000"},"kambia":{"id":104636,"name":"Kambia","latitude":"9.12504000","longitude":"-12.91816000"},"kassiri":{"id":104637,"name":"Kassiri","latitude":"8.93814000","longitude":"-13.11541000"},"koinadugudistrict":{"id":104643,"name":"Koinadugu District","latitude":"9.50991000","longitude":"-11.34601000"},"konakridee":{"id":104644,"name":"Konakridee","latitude":"8.69778000","longitude":"-13.23917000"},"kukuna":{"id":104648,"name":"Kukuna","latitude":"9.39841000","longitude":"-12.66476000"},"loma":{"id":104650,"name":"Loma","latitude":"9.75931000","longitude":"-12.03383000"},"lunsar":{"id":104651,"name":"Lunsar","latitude":"8.68439000","longitude":"-12.53499000"},"magburaka":{"id":104652,"name":"Magburaka","latitude":"8.72306000","longitude":"-11.94880000"},"makali":{"id":104653,"name":"Makali","latitude":"8.62964000","longitude":"-11.66168000"},"makeni":{"id":104654,"name":"Makeni","latitude":"8.88605000","longitude":"-12.04417000"},"mambolo":{"id":104655,"name":"Mambolo","latitude":"8.91860000","longitude":"-13.03674000"},"mange":{"id":104657,"name":"Mange","latitude":"8.92262000","longitude":"-12.85688000"},"masaka":{"id":104659,"name":"Masaka","latitude":"8.66492000","longitude":"-11.80260000"},"masingbi":{"id":104660,"name":"Masingbi","latitude":"8.78197000","longitude":"-11.95171000"},"masoyila":{"id":104661,"name":"Masoyila","latitude":"8.61119000","longitude":"-13.19101000"},"pepel":{"id":104670,"name":"Pepel","latitude":"8.58611000","longitude":"-13.05444000"},"rokupr":{"id":104674,"name":"Rokupr","latitude":"8.67121000","longitude":"-12.38497000"},"sawkta":{"id":104676,"name":"Sawkta","latitude":"8.63230000","longitude":"-13.20250000"},"seidu":{"id":104678,"name":"Seidu","latitude":"9.01801000","longitude":"-10.59496000"},"tintafor":{"id":104683,"name":"Tintafor","latitude":"8.62667000","longitude":"-13.21500000"},"tonkolilidistrict":{"id":104687,"name":"Tonkolili District","latitude":"8.61885000","longitude":"-11.84173000"},"yonibana":{"id":104691,"name":"Yonibana","latitude":"8.44347000","longitude":"-12.23929000"}}},"southernprovince":{"id":912,"name":"Southern Province","state_code":"S","latitude":null,"longitude":null,"type":null,"cities":{"baiima":{"id":104604,"name":"Baiima","latitude":"8.10826000","longitude":"-11.84772000"},"baoma":{"id":104605,"name":"Baoma","latitude":"7.99344000","longitude":"-11.71468000"},"bo":{"id":104610,"name":"Bo","latitude":"7.96472000","longitude":"-11.73833000"},"bodistrict":{"id":104611,"name":"Bo District","latitude":"7.98877000","longitude":"-11.67340000"},"bomi":{"id":104614,"name":"Bomi","latitude":"7.24611000","longitude":"-11.52583000"},"bonthe":{"id":104615,"name":"Bonthe","latitude":"7.52639000","longitude":"-12.50500000"},"bonthedistrict":{"id":104616,"name":"Bonthe District","latitude":"7.51622000","longitude":"-12.33591000"},"bumpe":{"id":104619,"name":"Bumpe","latitude":"7.89209000","longitude":"-11.90541000"},"foindu":{"id":104622,"name":"Foindu","latitude":"7.40906000","longitude":"-11.54328000"},"gandorhun":{"id":104624,"name":"Gandorhun","latitude":"7.55502000","longitude":"-11.69260000"},"gbewebu":{"id":104626,"name":"Gbewebu","latitude":"7.55091000","longitude":"-11.60750000"},"koribundu":{"id":104646,"name":"Koribundu","latitude":"7.70952000","longitude":"-11.69354000"},"largo":{"id":104649,"name":"Largo","latitude":"8.27903000","longitude":"-12.15780000"},"mamboma":{"id":104656,"name":"Mamboma","latitude":"8.08742000","longitude":"-11.68841000"},"mogbwemo":{"id":104663,"name":"Mogbwemo","latitude":"7.76237000","longitude":"-12.30864000"},"moyamba":{"id":104665,"name":"Moyamba","latitude":"8.15898000","longitude":"-12.43168000"},"moyambadistrict":{"id":104666,"name":"Moyamba District","latitude":"8.06290000","longitude":"-12.44401000"},"palima":{"id":104667,"name":"Palima","latitude":"8.11996000","longitude":"-11.50702000"},"potoru":{"id":104671,"name":"Potoru","latitude":"7.50596000","longitude":"-11.47897000"},"pujehun":{"id":104672,"name":"Pujehun","latitude":"7.35806000","longitude":"-11.72083000"},"pujehundistrict":{"id":104673,"name":"Pujehun District","latitude":"7.31855000","longitude":"-11.57920000"},"rotifunk":{"id":104675,"name":"Rotifunk","latitude":"8.22591000","longitude":"-12.67760000"},"serabu":{"id":104679,"name":"Serabu","latitude":"7.79311000","longitude":"-12.05294000"},"sumbuya":{"id":104681,"name":"Sumbuya","latitude":"7.64789000","longitude":"-11.96060000"},"tongole":{"id":104686,"name":"Tongole","latitude":"7.45092000","longitude":"-11.90071000"},"zimmi":{"id":104692,"name":"Zimmi","latitude":"7.31356000","longitude":"-11.30818000"}}},"westernarea":{"id":913,"name":"Western Area","state_code":"W","latitude":"40.25459690","longitude":"-80.24554440","type":null,"cities":{"freetown":{"id":104623,"name":"Freetown","latitude":"8.48714000","longitude":"-13.23560000"},"hastings":{"id":104630,"name":"Hastings","latitude":"8.37994000","longitude":"-13.13693000"},"kent":{"id":104641,"name":"Kent","latitude":"8.33333000","longitude":"-13.06667000"},"waterloo":{"id":104688,"name":"Waterloo","latitude":"8.33890000","longitude":"-13.07091000"}}}}}