{"id":112,"name":"Kazakhstan","iso3":"KAZ","iso2":"KZ","numeric_code":"398","phonecode":"7","capital":"Astana","currency":"KZT","currency_name":"Kazakhstani tenge","currency_symbol":"\u043b\u0432","tld":".kz","native":"\u049a\u0430\u0437\u0430\u049b\u0441\u0442\u0430\u043d","region":"Asia","region_id":3,"subregion":"Central Asia","subregion_id":10,"nationality":"Kazakhstani, Kazakh","timezones":[{"zoneName":"Asia/Almaty","gmtOffset":21600,"gmtOffsetName":"UTC+06:00","abbreviation":"ALMT","tzName":"Alma-Ata Time[1"},{"zoneName":"Asia/Aqtau","gmtOffset":18000,"gmtOffsetName":"UTC+05:00","abbreviation":"AQTT","tzName":"Aqtobe Time"},{"zoneName":"Asia/Aqtobe","gmtOffset":18000,"gmtOffsetName":"UTC+05:00","abbreviation":"AQTT","tzName":"Aqtobe Time"},{"zoneName":"Asia/Atyrau","gmtOffset":18000,"gmtOffsetName":"UTC+05:00","abbreviation":"MSD+1","tzName":"Moscow Daylight Time+1"},{"zoneName":"Asia/Oral","gmtOffset":18000,"gmtOffsetName":"UTC+05:00","abbreviation":"ORAT","tzName":"Oral Time"},{"zoneName":"Asia/Qostanay","gmtOffset":21600,"gmtOffsetName":"UTC+06:00","abbreviation":"QYZST","tzName":"Qyzylorda Summer Time"},{"zoneName":"Asia/Qyzylorda","gmtOffset":18000,"gmtOffsetName":"UTC+05:00","abbreviation":"QYZT","tzName":"Qyzylorda Summer Time"}],"translations":{"ko":"\uce74\uc790\ud750\uc2a4\ud0c4","pt-BR":"Cazaquist\u00e3o","pt":"Cazaquist\u00e3o","nl":"Kazachstan","hr":"Kazahstan","fa":"\u0642\u0632\u0627\u0642\u0633\u062a\u0627\u0646","de":"Kasachstan","es":"Kazajist\u00e1n","fr":"Kazakhstan","ja":"\u30ab\u30b6\u30d5\u30b9\u30bf\u30f3","it":"Kazakistan","zh-CN":"\u54c8\u8428\u514b\u65af\u5766","tr":"Kazakistan","ru":"\u041a\u0430\u0437\u0430\u0445\u0441\u0442\u0430\u043d","uk":"\u041a\u0430\u0437\u0430\u0445\u0441\u0442\u0430\u043d","pl":"Kazachstan"},"latitude":"48.00000000","longitude":"68.00000000","emoji":"\ud83c\uddf0\ud83c\uddff","emojiU":"U+1F1F0 U+1F1FF","states":{"akmola":{"id":145,"name":"Akmola","state_code":"AKM","latitude":"51.91653200","longitude":"69.41104940","type":"region","cities":{"akkol":{"id":65596,"name":"Akkol","latitude":"51.99374000","longitude":"70.94704000"},"akkol\u2019":{"id":65597,"name":"Akkol\u2019","latitude":"53.29617000","longitude":"69.59997000"},"aksu":{"id":65600,"name":"Aksu","latitude":"52.44422000","longitude":"71.95761000"},"astrakhan":{"id":65619,"name":"Astrakhan","latitude":"51.53092000","longitude":"69.79684000"},"atbasar":{"id":65624,"name":"Atbasar","latitude":"51.80652000","longitude":"68.35996000"},"balkashino":{"id":65632,"name":"Balkashino","latitude":"52.51779000","longitude":"68.75160000"},"bestobe":{"id":65647,"name":"Bestobe","latitude":"52.49795000","longitude":"73.09592000"},"derzhav\u012bnsk":{"id":65665,"name":"Derzhav\u012bnsk","latitude":"51.09922000","longitude":"66.31557000"},"egindik\u00f6l":{"id":65672,"name":"Egindik\u00f6l","latitude":"51.05412000","longitude":"69.47928000"},"esil":{"id":65676,"name":"Esil","latitude":"51.95495000","longitude":"66.40841000"},"kokshetau":{"id":65698,"name":"Kokshetau","latitude":"53.28333000","longitude":"69.40000000"},"krasnogorskiy":{"id":65703,"name":"Krasnogorskiy","latitude":"52.24560000","longitude":"66.52081000"},"makinsk":{"id":65720,"name":"Makinsk","latitude":"52.63290000","longitude":"70.41911000"},"shantobe":{"id":65781,"name":"Shantobe","latitude":"52.45376000","longitude":"68.17475000"},"shchuchinsk":{"id":65784,"name":"Shchuchinsk","latitude":"52.93592000","longitude":"70.18895000"},"shortandy":{"id":65787,"name":"Shortandy","latitude":"51.69946000","longitude":"70.99457000"},"stepnogorsk":{"id":65796,"name":"Stepnogorsk","latitude":"52.35062000","longitude":"71.88161000"},"stepnyak":{"id":65797,"name":"Stepnyak","latitude":"52.83489000","longitude":"70.78861000"},"yermentau":{"id":65830,"name":"Yermentau","latitude":"51.62364000","longitude":"73.10265000"},"zavodskoy":{"id":65832,"name":"Zavodskoy","latitude":"52.47031000","longitude":"72.01514000"},"zhaqsy":{"id":65840,"name":"Zhaqsy","latitude":"51.91058000","longitude":"67.31665000"},"zholymbet":{"id":65847,"name":"Zholymbet","latitude":"51.74211000","longitude":"71.71245000"}}},"aktobe":{"id":151,"name":"Aktobe","state_code":"AKT","latitude":"48.77970780","longitude":"57.99743780","type":"region","cities":{"aktobe":{"id":65605,"name":"Aktobe","latitude":"50.27969000","longitude":"57.20718000"},"batamshinskiy":{"id":65636,"name":"Batamshinskiy","latitude":"50.56022000","longitude":"58.27715000"},"bayganin":{"id":65638,"name":"Bayganin","latitude":"48.68975000","longitude":"55.87512000"},"embi":{"id":65674,"name":"Embi","latitude":"48.82981000","longitude":"58.15042000"},"kandyagash":{"id":65687,"name":"Kandyagash","latitude":"49.46912000","longitude":"57.41914000"},"khromtau":{"id":65697,"name":"Khromtau","latitude":"50.25117000","longitude":"58.44003000"},"martuk":{"id":65725,"name":"Martuk","latitude":"50.74746000","longitude":"56.50611000"},"shalqar":{"id":65779,"name":"Shalqar","latitude":"47.83333000","longitude":"59.60000000"},"shubarkuduk":{"id":65788,"name":"Shubarkuduk","latitude":"49.14391000","longitude":"56.48196000"},"shubarshi":{"id":65790,"name":"Shubarshi","latitude":"48.58022000","longitude":"57.18289000"},"temir":{"id":65808,"name":"Temir","latitude":"49.14132000","longitude":"57.12855000"},"yrghyz":{"id":65831,"name":"Yrghyz","latitude":"48.61667000","longitude":"61.26667000"}}},"almaty":{"id":152,"name":"Almaty","state_code":"ALA","latitude":"43.22201460","longitude":"76.85124850","type":"region","cities":{"almaty":{"id":65607,"name":"Almaty","latitude":"43.25667000","longitude":"76.92861000"}}},"astana":{"id":156,"name":"Astana","state_code":"AST","latitude":"51.16052270","longitude":"71.47035580","type":"capital city","cities":{"nur-sultan":{"id":65737,"name":"Nur-Sultan","latitude":"51.18010000","longitude":"71.44598000"}}},"atyrau":{"id":153,"name":"Atyrau","state_code":"ATY","latitude":"47.10761880","longitude":"51.91413300","type":"region","cities":{"akkol\u2019":{"id":65598,"name":"Akkol\u2019","latitude":"48.77177000","longitude":"53.18580000"},"atyrau":{"id":65625,"name":"Atyrau","latitude":"47.11667000","longitude":"51.88333000"},"balykshi":{"id":65635,"name":"Balykshi","latitude":"47.06667000","longitude":"51.86667000"},"bayshonas":{"id":65639,"name":"Bayshonas","latitude":"47.24139000","longitude":"52.94111000"},"dossor":{"id":65667,"name":"Dossor","latitude":"47.52722000","longitude":"52.98111000"},"inderbor":{"id":65684,"name":"Inderbor","latitude":"48.55000000","longitude":"51.78333000"},"makhambet":{"id":65719,"name":"Makhambet","latitude":"47.66667000","longitude":"51.58333000"},"maloyeganyushkino":{"id":65722,"name":"Maloye Ganyushkino","latitude":"46.60000000","longitude":"49.26667000"},"maqat":{"id":65723,"name":"Maqat","latitude":"47.65000000","longitude":"53.31667000"},"miyaly":{"id":65729,"name":"Miyaly","latitude":"48.88504000","longitude":"53.79194000"},"qaraton":{"id":65751,"name":"Qaraton","latitude":"46.43528000","longitude":"53.48639000"},"qulsary":{"id":65759,"name":"Qulsary","latitude":"46.95307000","longitude":"54.01978000"},"shalkar":{"id":65778,"name":"Shalkar","latitude":"48.03333000","longitude":"48.90000000"}}},"baikonur":{"id":155,"name":"Baikonur","state_code":"BAY","latitude":"45.96458510","longitude":"63.30524280","type":"region","cities":{"baikonur":{"id":65630,"name":"Baikonur","latitude":"45.61667000","longitude":"63.31667000"}}},"eastkazakhstan":{"id":154,"name":"East Kazakhstan","state_code":"VOS","latitude":"48.70626870","longitude":"80.79225340","type":"region","cities":{"altayskiy":{"id":65608,"name":"Altayskiy","latitude":"50.24593000","longitude":"82.36252000"},"aqtoghay":{"id":65613,"name":"Aqtoghay","latitude":"46.95000000","longitude":"79.66667000"},"as\u016bbulaq":{"id":65621,"name":"As\u016bbulaq","latitude":"49.55688000","longitude":"83.06355000"},"auezov":{"id":65626,"name":"Auezov","latitude":"49.71003000","longitude":"81.58018000"},"ayagoz":{"id":65627,"name":"Ayagoz","latitude":"47.96447000","longitude":"80.43437000"},"belogorsk\u012by":{"id":65643,"name":"Belogorsk\u012by","latitude":"49.47698000","longitude":"83.14803000"},"belousovka":{"id":65645,"name":"Belousovka","latitude":"50.13287000","longitude":"82.52481000"},"borodulikha":{"id":65651,"name":"Borodulikha","latitude":"50.71841000","longitude":"80.92950000"},"georg\u012bevka":{"id":65681,"name":"Georg\u012bevka","latitude":"49.32671000","longitude":"81.57373000"},"glubokoye":{"id":65682,"name":"Glubokoye","latitude":"50.13887000","longitude":"82.31114000"},"kurchatov":{"id":65705,"name":"Kurchatov","latitude":"50.75617000","longitude":"78.54188000"},"kurchum":{"id":65706,"name":"Kurchum","latitude":"48.56603000","longitude":"83.66146000"},"maleyevsk":{"id":65721,"name":"Maleyevsk","latitude":"49.81441000","longitude":"84.29102000"},"ognevka":{"id":65738,"name":"Ognevka","latitude":"49.68351000","longitude":"83.01674000"},"priiskboko":{"id":65749,"name":"Priisk Boko","latitude":"49.06028000","longitude":"81.64528000"},"qara\u016byl":{"id":65753,"name":"Qara\u016byl","latitude":"48.94509000","longitude":"79.25502000"},"ridder":{"id":65761,"name":"Ridder","latitude":"50.34413000","longitude":"83.51287000"},"semey":{"id":65774,"name":"Semey","latitude":"50.42675000","longitude":"80.26669000"},"shar":{"id":65782,"name":"Shar","latitude":"49.58720000","longitude":"81.04883000"},"shemona\u012bkha":{"id":65785,"name":"Shemona\u012bkha","latitude":"50.62811000","longitude":"81.91213000"},"suykbulak":{"id":65798,"name":"Suykbulak","latitude":"49.70837000","longitude":"81.04854000"},"t\u016bghyl":{"id":65821,"name":"T\u016bghyl","latitude":"47.72521000","longitude":"84.20629000"},"urzhar":{"id":65822,"name":"Urzhar","latitude":"47.09302000","longitude":"81.62939000"},"ust-kamenogorsk":{"id":65824,"name":"Ust-Kamenogorsk","latitude":"49.97143000","longitude":"82.60586000"},"\u016ast\u2019-talovka":{"id":65853,"name":"\u016ast\u2019-Talovka","latitude":"50.54927000","longitude":"81.84997000"},"zaysan":{"id":65833,"name":"Zaysan","latitude":"47.46657000","longitude":"84.87144000"},"zhalghyztobe":{"id":65835,"name":"Zhalghyztobe","latitude":"49.21094000","longitude":"81.21596000"},"zhangabuqtyrma":{"id":65838,"name":"Zhanga Buqtyrma","latitude":"49.62950000","longitude":"83.52475000"},"zhezkent":{"id":65845,"name":"Zhezkent","latitude":"50.93112000","longitude":"81.36150000"},"zyryanovsk":{"id":65850,"name":"Zyryanovsk","latitude":"49.72654000","longitude":"84.27318000"}}},"jambyl":{"id":147,"name":"Jambyl","state_code":"ZHA","latitude":"44.22203080","longitude":"72.36579670","type":"region","cities":{"aqbaqay":{"id":65610,"name":"Aqbaqay","latitude":"45.00000000","longitude":"72.78333000"},"chu":{"id":65663,"name":"Chu","latitude":"43.60334000","longitude":"73.75919000"},"georgiyevka":{"id":65680,"name":"Georgiyevka","latitude":"43.03882000","longitude":"74.71287000"},"granitogorsk":{"id":65683,"name":"Granitogorsk","latitude":"42.74400000","longitude":"73.46848000"},"karatau":{"id":65692,"name":"Karatau","latitude":"43.17869000","longitude":"70.46768000"},"khanta\u016b":{"id":65696,"name":"Khanta\u016b","latitude":"44.22744000","longitude":"73.79555000"},"lugovoy":{"id":65717,"name":"Lugovoy","latitude":"42.94197000","longitude":"72.76098000"},"lugovoye":{"id":65718,"name":"Lugovoye","latitude":"42.91010000","longitude":"72.72066000"},"merke":{"id":65728,"name":"Merke","latitude":"42.86976000","longitude":"73.18463000"},"moyynkum":{"id":65730,"name":"Moyynkum","latitude":"44.28461000","longitude":"72.93920000"},"mynaral":{"id":65733,"name":"Mynaral","latitude":"45.41611000","longitude":"73.68444000"},"oytal":{"id":65743,"name":"Oytal","latitude":"42.90573000","longitude":"73.26972000"},"sarykemer":{"id":65766,"name":"Sarykemer","latitude":"43.00000000","longitude":"71.50000000"},"shyghanaq":{"id":65791,"name":"Shyghanaq","latitude":"44.83056000","longitude":"70.00194000"},"taraz":{"id":65803,"name":"Taraz","latitude":"42.90000000","longitude":"71.36667000"},"zhangatas":{"id":65839,"name":"Zhangatas","latitude":"43.56222000","longitude":"69.73428000"}}},"karaganda":{"id":150,"name":"Karaganda","state_code":"KAR","latitude":"47.90221820","longitude":"71.77068070","type":"region","cities":{"abay":{"id":65594,"name":"Abay","latitude":"49.63575000","longitude":"72.86164000"},"abayqalasy":{"id":65595,"name":"Abay Qalasy","latitude":"49.63333000","longitude":"72.88333000"},"aksu-ayuly":{"id":65601,"name":"Aksu-Ayuly","latitude":"48.76788000","longitude":"73.67272000"},"aktas":{"id":65602,"name":"Aktas","latitude":"49.77952000","longitude":"72.96128000"},"aktau":{"id":65603,"name":"Aktau","latitude":"48.03333000","longitude":"72.83333000"},"aktogay":{"id":65606,"name":"Aktogay","latitude":"48.16667000","longitude":"75.30000000"},"aqadyr":{"id":65609,"name":"Aqadyr","latitude":"48.26014000","longitude":"72.85851000"},"aqshata\u016b":{"id":65612,"name":"Aqshata\u016b","latitude":"47.98917000","longitude":"74.05750000"},"aqtoghaya\u016bdany":{"id":65614,"name":"Aqtoghay A\u016bdany","latitude":"48.50000000","longitude":"74.75000000"},"atas\u016b":{"id":65623,"name":"Atas\u016b","latitude":"48.68659000","longitude":"71.64469000"},"balqash":{"id":65634,"name":"Balqash","latitude":"46.84806000","longitude":"74.99500000"},"bukhar-zhyrau":{"id":65653,"name":"Bukhar-Zhyrau","latitude":"49.85658000","longitude":"73.68118000"},"dolinka":{"id":65666,"name":"Dolinka","latitude":"49.67685000","longitude":"72.67822000"},"karagandy":{"id":65690,"name":"Karagandy","latitude":"49.80187000","longitude":"73.10211000"},"k\u012bevka":{"id":65711,"name":"K\u012bevka","latitude":"50.26212000","longitude":"71.54839000"},"koktal":{"id":65699,"name":"Koktal","latitude":"49.65000000","longitude":"73.51667000"},"kushoky":{"id":65707,"name":"Kushoky","latitude":"50.23091000","longitude":"73.40146000"},"kyzylzhar":{"id":65709,"name":"Kyzylzhar","latitude":"49.98197000","longitude":"72.60761000"},"moyynty":{"id":65731,"name":"Moyynty","latitude":"47.22111000","longitude":"73.36694000"},"novodolinskiy":{"id":65735,"name":"Novodolinskiy","latitude":"49.70650000","longitude":"72.70807000"},"osakarovka":{"id":65741,"name":"Osakarovka","latitude":"50.56219000","longitude":"72.57089000"},"prigorodnoye":{"id":65748,"name":"Prigorodnoye","latitude":"49.69244000","longitude":"75.58438000"},"priozersk":{"id":65750,"name":"Priozersk","latitude":"46.03106000","longitude":"73.70247000"},"qarazhal":{"id":65752,"name":"Qarazhal","latitude":"48.00627000","longitude":"70.79607000"},"qarqaraly":{"id":65754,"name":"Qarqaraly","latitude":"49.41287000","longitude":"75.47286000"},"saryshaghan":{"id":65768,"name":"Saryshaghan","latitude":"46.11917000","longitude":"73.61917000"},"sayaq":{"id":65770,"name":"Sayaq","latitude":"47.00000000","longitude":"77.26667000"},"shakhan":{"id":65776,"name":"Shakhan","latitude":"49.81958000","longitude":"72.65407000"},"shakhtinsk":{"id":65777,"name":"Shakhtinsk","latitude":"49.70885000","longitude":"72.59212000"},"shash\u016bbay":{"id":65783,"name":"Shash\u016bbay","latitude":"46.81694000","longitude":"75.04028000"},"shubark\u00f6l":{"id":65789,"name":"Shubark\u00f6l","latitude":"48.88222000","longitude":"68.80722000"},"soran":{"id":65794,"name":"Soran","latitude":"49.79080000","longitude":"72.83744000"},"temirtau":{"id":65810,"name":"Temirtau","latitude":"50.05494000","longitude":"72.96464000"},"tokarevka":{"id":65814,"name":"Tokarevka","latitude":"50.11573000","longitude":"73.16034000"},"verkhniyekayrakty":{"id":65825,"name":"Verkhniye Kayrakty","latitude":"48.68333000","longitude":"73.28333000"},"zhambyl":{"id":65836,"name":"Zhambyl","latitude":"47.20694000","longitude":"71.39694000"},"zharyk":{"id":65842,"name":"Zharyk","latitude":"48.85692000","longitude":"72.83598000"},"zhezqazghan":{"id":65846,"name":"Zhezqazghan","latitude":"47.78333000","longitude":"67.76667000"}}},"kostanay":{"id":157,"name":"Kostanay","state_code":"KUS","latitude":"51.50770960","longitude":"64.04790730","type":"region","cities":{"arkalyk":{"id":65616,"name":"Arkalyk","latitude":"50.24915000","longitude":"66.92027000"},"ayat":{"id":65628,"name":"Ayat","latitude":"52.83554000","longitude":"62.52078000"},"borovskoy":{"id":65652,"name":"Borovskoy","latitude":"53.79270000","longitude":"64.18268000"},"dzhetygara":{"id":65671,"name":"Dzhetygara","latitude":"52.19019000","longitude":"61.19894000"},"fyodorovka":{"id":65679,"name":"Fyodorovka","latitude":"53.63809000","longitude":"62.69653000"},"karasu":{"id":65691,"name":"Karasu","latitude":"52.65995000","longitude":"65.48421000"},"komsomolets":{"id":65701,"name":"Komsomolets","latitude":"53.75019000","longitude":"62.05840000"},"kostanay":{"id":65702,"name":"Kostanay","latitude":"53.21435000","longitude":"63.62463000"},"lisakovsk":{"id":65716,"name":"Lisakovsk","latitude":"52.54707000","longitude":"62.49987000"},"ordzhonikidze":{"id":65740,"name":"Ordzhonikidze","latitude":"52.44772000","longitude":"61.74942000"},"qashar":{"id":65755,"name":"Qashar","latitude":"53.36799000","longitude":"62.86839000"},"qusmuryn":{"id":65760,"name":"Qusmuryn","latitude":"52.45107000","longitude":"64.61977000"},"rudnyy":{"id":65762,"name":"Rudnyy","latitude":"52.97290000","longitude":"63.11677000"},"tobol":{"id":65813,"name":"Tobol","latitude":"52.69366000","longitude":"62.59140000"},"torghay":{"id":65815,"name":"Torghay","latitude":"49.63389000","longitude":"63.49806000"},"troyebratskiy":{"id":65816,"name":"Troyebratskiy","latitude":"54.44306000","longitude":"66.07982000"}}},"kyzylorda":{"id":142,"name":"Kyzylorda","state_code":"KZY","latitude":"44.69226130","longitude":"62.65718850","type":"region","cities":{"aral":{"id":65615,"name":"Aral","latitude":"46.80000000","longitude":"61.66667000"},"aytekebi":{"id":65629,"name":"Ayteke Bi","latitude":"45.84607000","longitude":"62.15264000"},"belk\u00f6l":{"id":65642,"name":"Belk\u00f6l","latitude":"44.81162000","longitude":"65.58796000"},"dzhalagash":{"id":65669,"name":"Dzhalagash","latitude":"45.08333000","longitude":"64.66667000"},"kyzylorda":{"id":65708,"name":"Kyzylorda","latitude":"44.85278000","longitude":"65.50917000"},"qazaly":{"id":65757,"name":"Qazaly","latitude":"45.76278000","longitude":"62.10750000"},"sekse\u016bil":{"id":65773,"name":"Sekse\u016bil","latitude":"47.09000000","longitude":"61.15194000"},"shalq\u012bya":{"id":65780,"name":"Shalq\u012bya","latitude":"44.00947000","longitude":"67.41062000"},"sh\u012beli":{"id":65792,"name":"Sh\u012beli","latitude":"44.16882000","longitude":"66.73887000"},"tasb\u00f6get":{"id":65804,"name":"Tasb\u00f6get","latitude":"44.77384000","longitude":"65.55227000"},"terenozek":{"id":65811,"name":"Terenozek","latitude":"45.05053000","longitude":"64.98395000"},"yanykurgan":{"id":65827,"name":"Yanykurgan","latitude":"43.90652000","longitude":"67.24637000"},"zhosaly":{"id":65848,"name":"Zhosaly","latitude":"45.48778000","longitude":"64.07806000"}}},"mangystau":{"id":141,"name":"Mangystau","state_code":"MAN","latitude":"44.59080200","longitude":"53.84995080","type":"region","cities":{"aktau":{"id":65604,"name":"Aktau","latitude":"43.65000000","longitude":"51.16667000"},"ba\u016bt\u012bno":{"id":65641,"name":"Ba\u016bt\u012bno","latitude":"44.54479000","longitude":"50.24629000"},"beyneu":{"id":65648,"name":"Beyneu","latitude":"45.31667000","longitude":"55.20000000"},"fort-shevchenko":{"id":65678,"name":"Fort-Shevchenko","latitude":"44.50654000","longitude":"50.26388000"},"munayshy":{"id":65732,"name":"Munayshy","latitude":"43.49111000","longitude":"52.10861000"},"\u00d6mirzaq":{"id":65851,"name":"\u00d6mirzaq","latitude":"43.59786000","longitude":"51.24171000"},"say\u00f6tesh":{"id":65772,"name":"Say\u00f6tesh","latitude":"44.32781000","longitude":"53.53246000"},"shetpe":{"id":65786,"name":"Shetpe","latitude":"44.16667000","longitude":"52.11667000"},"ta\u016bshyq":{"id":65806,"name":"Ta\u016bshyq","latitude":"44.34678000","longitude":"51.34932000"},"yeraliyev":{"id":65829,"name":"Yeraliyev","latitude":"43.18032000","longitude":"51.68116000"},"zhanaozen":{"id":65837,"name":"Zhanaozen","latitude":"43.34116000","longitude":"52.86192000"},"zhetibay":{"id":65844,"name":"Zhetibay","latitude":"43.59417000","longitude":"52.07889000"}}},"northkazakhstan":{"id":144,"name":"North Kazakhstan","state_code":"SEV","latitude":"54.16220660","longitude":"69.93870710","type":"region","cities":{"birlestik":{"id":65649,"name":"Birlestik","latitude":"53.58414000","longitude":"68.35382000"},"bishkul":{"id":65650,"name":"Bishkul","latitude":"54.77763000","longitude":"69.09951000"},"bulayevo":{"id":65654,"name":"Bulayevo","latitude":"54.90596000","longitude":"70.44155000"},"b\u016brabay":{"id":65657,"name":"B\u016brabay","latitude":"53.08382000","longitude":"70.31379000"},"kzyltu":{"id":65710,"name":"Kzyltu","latitude":"53.63589000","longitude":"72.34079000"},"novoishimskiy":{"id":65736,"name":"Novoishimskiy","latitude":"53.19806000","longitude":"66.76944000"},"petropavl":{"id":65747,"name":"Petropavl","latitude":"54.86667000","longitude":"69.15000000"},"sergeyevka":{"id":65775,"name":"Sergeyevka","latitude":"53.88139000","longitude":"67.40882000"},"smirnovo":{"id":65793,"name":"Smirnovo","latitude":"54.51480000","longitude":"69.42732000"},"taiynsha":{"id":65799,"name":"Taiynsha","latitude":"53.84796000","longitude":"69.76773000"},"talshik":{"id":65802,"name":"Talshik","latitude":"53.63736000","longitude":"71.87404000"},"timiryazevo":{"id":65812,"name":"Timiryazevo","latitude":"53.74947000","longitude":"66.48852000"},"volodarskoye":{"id":65826,"name":"Volodarskoye","latitude":"53.29270000","longitude":"68.10500000"},"yavlenka":{"id":65828,"name":"Yavlenka","latitude":"54.34525000","longitude":"68.45740000"}}},"pavlodar":{"id":146,"name":"Pavlodar","state_code":"PAV","latitude":"52.28784440","longitude":"76.97334530","type":"region","cities":{"aksu":{"id":65599,"name":"Aksu","latitude":"52.04023000","longitude":"76.92748000"},"bayanaul":{"id":65637,"name":"Bayanaul","latitude":"50.79304000","longitude":"75.70123000"},"belogor\u2019ye":{"id":65644,"name":"Belogor\u2019ye","latitude":"51.52983000","longitude":"77.47146000"},"ekibastuz":{"id":65673,"name":"Ekibastuz","latitude":"51.72371000","longitude":"75.32287000"},"irtyshsk":{"id":65685,"name":"Irtyshsk","latitude":"53.33365000","longitude":"75.45775000"},"kalkaman":{"id":65686,"name":"Kalkaman","latitude":"51.95349000","longitude":"76.02723000"},"leninskiy":{"id":65713,"name":"Leninskiy","latitude":"52.25346000","longitude":"76.78211000"},"mayqayyng":{"id":65727,"name":"Mayqayyng","latitude":"51.45981000","longitude":"75.80232000"},"pavlodar":{"id":65744,"name":"Pavlodar","latitude":"52.28333000","longitude":"76.96667000"},"qashyr":{"id":65756,"name":"Qashyr","latitude":"53.06649000","longitude":"76.10489000"},"zhelezinka":{"id":65843,"name":"Zhelezinka","latitude":"53.53880000","longitude":"75.31326000"}}},"turkestan":{"id":149,"name":"Turkestan","state_code":"YUZ","latitude":"43.36669580","longitude":"68.40944050","type":"region","cities":{"arys":{"id":65617,"name":"Arys","latitude":"42.43015000","longitude":"68.80870000"},"ashchysay":{"id":65618,"name":"Ashchysay","latitude":"43.55370000","longitude":"68.89792000"},"asyqata":{"id":65620,"name":"Asyqata","latitude":"40.89460000","longitude":"68.36430000"},"atakent":{"id":65622,"name":"Atakent","latitude":"40.84782000","longitude":"68.50643000"},"bayzhansay":{"id":65640,"name":"Bayzhansay","latitude":"43.16708000","longitude":"69.91459000"},"belyyevody":{"id":65646,"name":"Belyye Vody","latitude":"42.42193000","longitude":"69.82709000"},"chardara":{"id":65659,"name":"Chardara","latitude":"41.25832000","longitude":"67.96991000"},"chayan":{"id":65660,"name":"Chayan","latitude":"43.03399000","longitude":"69.38048000"},"chulakkurgan":{"id":65664,"name":"Chulakkurgan","latitude":"43.76453000","longitude":"69.17856000"},"kantagi":{"id":65688,"name":"Kantagi","latitude":"43.52786000","longitude":"68.58287000"},"kentau":{"id":65695,"name":"Kentau","latitude":"43.51672000","longitude":"68.50463000"},"kokterek":{"id":65700,"name":"Kokterek","latitude":"42.49442000","longitude":"70.25478000"},"lenger":{"id":65712,"name":"Lenger","latitude":"42.18152000","longitude":"69.88582000"},"leninskoye":{"id":65714,"name":"Leninskoye","latitude":"41.75640000","longitude":"69.38390000"},"maqtaarala\u016bdany":{"id":65724,"name":"Maqtaaral A\u016bdany","latitude":"40.75000000","longitude":"68.58333000"},"myrzakent":{"id":65734,"name":"Myrzakent","latitude":"40.66338000","longitude":"68.54510000"},"qogham":{"id":65758,"name":"Qogham","latitude":"42.82774000","longitude":"68.28074000"},"saryaghash":{"id":65764,"name":"Saryaghash","latitude":"41.46042000","longitude":"69.16791000"},"saryaghasha\u016bdany":{"id":65765,"name":"Saryaghash A\u016bdany","latitude":"41.66667000","longitude":"68.83333000"},"sastobe":{"id":65769,"name":"Sastobe","latitude":"42.55330000","longitude":"69.99835000"},"sozaqa\u016bdany":{"id":65795,"name":"Sozaq A\u016bdany","latitude":"44.83333000","longitude":"68.50000000"},"temirlanovka":{"id":65809,"name":"Temirlanovka","latitude":"42.59998000","longitude":"69.25836000"},"turarryskulov":{"id":65817,"name":"Turar Ryskulov","latitude":"42.53340000","longitude":"70.34960000"},"turkestan":{"id":65819,"name":"Turkestan","latitude":"43.29733000","longitude":"68.25175000"},"tyul\u2019kubas":{"id":65820,"name":"Tyul\u2019kubas","latitude":"42.48578000","longitude":"70.29601000"},"zhabagly":{"id":65834,"name":"Zhabagly","latitude":"42.43781000","longitude":"70.47841000"}}},"westkazakhstan":{"id":148,"name":"West Kazakhstan","state_code":"ZAP","latitude":"49.56797270","longitude":"50.80666160","type":"province","cities":{"aqsay":{"id":65611,"name":"Aqsay","latitude":"51.16810000","longitude":"52.99782000"},"burlin":{"id":65655,"name":"Burlin","latitude":"51.42724000","longitude":"52.71392000"},"chapaev":{"id":65658,"name":"Chapaev","latitude":"50.20000000","longitude":"51.16667000"},"chingirlau":{"id":65662,"name":"Chingirlau","latitude":"51.09878000","longitude":"54.08426000"},"dzhambeyty":{"id":65670,"name":"Dzhambeyty","latitude":"50.25676000","longitude":"52.59895000"},"fedorovka":{"id":65677,"name":"Fedorovka","latitude":"51.22102000","longitude":"51.95723000"},"kaztalovka":{"id":65693,"name":"Kaztalovka","latitude":"49.76612000","longitude":"48.68903000"},"kr\u016bgloozernoe":{"id":65704,"name":"Kr\u016bgloozernoe","latitude":"51.07854000","longitude":"51.28992000"},"oral":{"id":65739,"name":"Oral","latitude":"51.23333000","longitude":"51.36667000"},"peremetnoe":{"id":65745,"name":"Peremetnoe","latitude":"51.19925000","longitude":"50.85544000"},"saykhin":{"id":65771,"name":"Saykhin","latitude":"48.85611000","longitude":"46.83361000"},"tasqala":{"id":65805,"name":"Tasqala","latitude":"51.11073000","longitude":"50.29454000"},"zh\u00e4nibek":{"id":65849,"name":"Zh\u00e4nibek","latitude":"49.42207000","longitude":"46.84705000"}}}}}