{"id":132,"name":"Malaysia","iso3":"MYS","iso2":"MY","numeric_code":"458","phonecode":"60","capital":"Kuala Lumpur","currency":"MYR","currency_name":"Malaysian ringgit","currency_symbol":"RM","tld":".my","native":"Malaysia","region":"Asia","region_id":3,"subregion":"South-Eastern Asia","subregion_id":13,"nationality":"Malaysian","timezones":[{"zoneName":"Asia/Kuala_Lumpur","gmtOffset":28800,"gmtOffsetName":"UTC+08:00","abbreviation":"MYT","tzName":"Malaysia Time"},{"zoneName":"Asia/Kuching","gmtOffset":28800,"gmtOffsetName":"UTC+08:00","abbreviation":"MYT","tzName":"Malaysia Time"}],"translations":{"ko":"\ub9d0\ub808\uc774\uc2dc\uc544","pt-BR":"Mal\u00e1sia","pt":"Mal\u00e1sia","nl":"Maleisi\u00eb","hr":"Malezija","fa":"\u0645\u0627\u0644\u0632\u06cc","de":"Malaysia","es":"Malasia","fr":"Malaisie","ja":"\u30de\u30ec\u30fc\u30b7\u30a2","it":"Malesia","zh-CN":"\u9a6c\u6765\u897f\u4e9a","tr":"Malezya","ru":"\u041c\u0430\u043b\u0430\u0439\u0437\u0438\u044f","uk":"\u041c\u0430\u043b\u0430\u0439\u0437\u0456\u044f","pl":"Malezja"},"latitude":"2.50000000","longitude":"112.50000000","emoji":"\ud83c\uddf2\ud83c\uddfe","emojiU":"U+1F1F2 U+1F1FE","states":{"johor":{"id":1950,"name":"Johor","state_code":"01","latitude":"1.48536820","longitude":"103.76181540","type":"state","cities":{"bakri":{"id":76416,"name":"Bakri","latitude":"2.04410000","longitude":"102.65270000"},"batupahat":{"id":76424,"name":"Batu Pahat","latitude":"1.85480000","longitude":"102.93250000"},"bulohkasap":{"id":76433,"name":"Buloh Kasap","latitude":"2.55360000","longitude":"102.76400000"},"chaah":{"id":76435,"name":"Chaah","latitude":"2.24900000","longitude":"103.04800000"},"daerahbatupahat":{"id":76437,"name":"Daerah Batu Pahat","latitude":"1.93333000","longitude":"103.00000000"},"daerahjohorbaharu":{"id":76438,"name":"Daerah Johor Baharu","latitude":"1.65000000","longitude":"103.60000000"},"daerahkeluang":{"id":76439,"name":"Daerah Keluang","latitude":"2.20000000","longitude":"103.33333000"},"daerahkotatinggi":{"id":76440,"name":"Daerah Kota Tinggi","latitude":"1.81667000","longitude":"103.96667000"},"daerahmersing":{"id":76441,"name":"Daerah Mersing","latitude":"2.31667000","longitude":"103.71667000"},"daerahmuar":{"id":76442,"name":"Daerah Muar","latitude":"2.25000000","longitude":"102.75000000"},"daerahpontian":{"id":76443,"name":"Daerah Pontian","latitude":"1.50000000","longitude":"103.50000000"},"daerahsegamat":{"id":76444,"name":"Daerah Segamat","latitude":"2.60000000","longitude":"102.81667000"},"johorbahru":{"id":76455,"name":"Johor Bahru","latitude":"1.46550000","longitude":"103.75780000"},"kampungpasirgudangbaru":{"id":76473,"name":"Kampung Pasir Gudang Baru","latitude":"1.47260000","longitude":"103.87800000"},"kampungsimpangrenggam":{"id":76474,"name":"Kampung Simpang Renggam","latitude":"1.82780000","longitude":"103.30000000"},"kelapasawit":{"id":76480,"name":"Kelapa Sawit","latitude":"1.66980000","longitude":"103.53270000"},"kluang":{"id":76487,"name":"Kluang","latitude":"2.03046000","longitude":"103.31689000"},"kotatinggi":{"id":76491,"name":"Kota Tinggi","latitude":"1.73810000","longitude":"103.89990000"},"kulai":{"id":76508,"name":"Kulai","latitude":"1.65610000","longitude":"103.60320000"},"labis":{"id":76510,"name":"Labis","latitude":"2.38500000","longitude":"103.02100000"},"mersing":{"id":76524,"name":"Mersing","latitude":"2.43120000","longitude":"103.84050000"},"muar":{"id":76526,"name":"Muar","latitude":"2.04420000","longitude":"102.56890000"},"paritraja":{"id":76535,"name":"Parit Raja","latitude":"1.86810000","longitude":"103.11240000"},"pekannenas":{"id":76538,"name":"Pekan Nenas","latitude":"1.51000000","longitude":"103.51410000"},"pontiankechil":{"id":76544,"name":"Pontian Kechil","latitude":"1.48660000","longitude":"103.38960000"},"segamat":{"id":76556,"name":"Segamat","latitude":"2.51480000","longitude":"102.81580000"},"skudai":{"id":76565,"name":"Skudai","latitude":"1.53741000","longitude":"103.65779000"},"tamansenai":{"id":76573,"name":"Taman Senai","latitude":"1.60060000","longitude":"103.64190000"},"tangkak":{"id":76576,"name":"Tangkak","latitude":"2.26730000","longitude":"102.54530000"},"ulutiram":{"id":76586,"name":"Ulu Tiram","latitude":"1.60000000","longitude":"103.81667000"},"yongpeng":{"id":76587,"name":"Yong Peng","latitude":"2.01360000","longitude":"103.06590000"}}},"kedah":{"id":1947,"name":"Kedah","state_code":"02","latitude":"6.11839640","longitude":"100.36845950","type":"state","cities":{"alorsetar":{"id":76410,"name":"Alor Setar","latitude":"6.12104000","longitude":"100.36014000"},"ayerhangat":{"id":76412,"name":"Ayer Hangat","latitude":"6.42062000","longitude":"99.82199000"},"bedong":{"id":76426,"name":"Bedong","latitude":"5.72743000","longitude":"100.50876000"},"gurun":{"id":76449,"name":"Gurun","latitude":"5.81717000","longitude":"100.47381000"},"jitra":{"id":76454,"name":"Jitra","latitude":"6.26812000","longitude":"100.42167000"},"kampungkilim":{"id":76470,"name":"Kampung Kilim","latitude":"6.40550000","longitude":"99.85020000"},"kampungkok":{"id":76471,"name":"Kampung Kok","latitude":"6.36759000","longitude":"99.68252000"},"kuah":{"id":76492,"name":"Kuah","latitude":"6.32649000","longitude":"99.84320000"},"kualakedah":{"id":76495,"name":"Kuala Kedah","latitude":"6.10000000","longitude":"100.30000000"},"kualateriang":{"id":76503,"name":"Kuala Teriang","latitude":"6.36377000","longitude":"99.71532000"},"kulim":{"id":76509,"name":"Kulim","latitude":"5.36499000","longitude":"100.56177000"},"langkawi":{"id":76514,"name":"Langkawi","latitude":"6.35608000","longitude":"99.78375000"},"padangmatsirat":{"id":76529,"name":"Padang Mat Sirat","latitude":"6.35423000","longitude":"99.73404000"},"sungaipetani":{"id":76569,"name":"Sungai Petani","latitude":"5.64700000","longitude":"100.48772000"}}},"kelantan":{"id":1946,"name":"Kelantan","state_code":"03","latitude":"6.12539690","longitude":"102.23807100","type":"state","cities":{"guamusang":{"id":76448,"name":"Gua Musang","latitude":"4.88441000","longitude":"101.96857000"},"kampongkadok":{"id":76460,"name":"Kampong Kadok","latitude":"6.00000000","longitude":"102.25000000"},"kampongpangkalkalong":{"id":76462,"name":"Kampong Pangkal Kalong","latitude":"5.91667000","longitude":"102.21667000"},"kotabharu":{"id":76489,"name":"Kota Bharu","latitude":"6.12361000","longitude":"102.24333000"},"pasirmas":{"id":76536,"name":"Pasir Mas","latitude":"6.04934000","longitude":"102.13987000"},"peringat":{"id":76541,"name":"Peringat","latitude":"6.03333000","longitude":"102.28333000"},"tumpat":{"id":76585,"name":"Tumpat","latitude":"6.19775000","longitude":"102.17098000"}}},"kualalumpur":{"id":1949,"name":"Kuala Lumpur","state_code":"14","latitude":"3.13900300","longitude":"101.68685500","type":"federal territory","cities":{"kualalumpur":{"id":76497,"name":"Kuala Lumpur","latitude":"3.14120000","longitude":"101.68653000"}}},"labuan":{"id":1935,"name":"Labuan","state_code":"15","latitude":"5.28314560","longitude":"115.23082500","type":"federal territory","cities":{"labuan":{"id":76511,"name":"Labuan","latitude":"5.28028000","longitude":"115.24750000"}}},"malacca":{"id":1941,"name":"Malacca","state_code":"04","latitude":"2.18959400","longitude":"102.25008680","type":"state","cities":{"alorgajah":{"id":76409,"name":"Alor Gajah","latitude":"2.38040000","longitude":"102.20890000"},"batuberendam":{"id":76421,"name":"Batu Berendam","latitude":"2.24870000","longitude":"102.24600000"},"bemban":{"id":76427,"name":"Bemban","latitude":"2.26840000","longitude":"102.37460000"},"bukitrambai":{"id":76432,"name":"Bukit Rambai","latitude":"2.25940000","longitude":"102.18380000"},"kampongmasjidtanah":{"id":76461,"name":"Kampong Masjid Tanah","latitude":"2.35000000","longitude":"102.11667000"},"kampungayerkeroh":{"id":76463,"name":"Kampung Ayer Keroh","latitude":"2.26540000","longitude":"102.28010000"},"kampungayermolek":{"id":76464,"name":"Kampung Ayer Molek","latitude":"2.21390000","longitude":"102.32780000"},"kampungbukitbaharu":{"id":76468,"name":"Kampung Bukit Baharu","latitude":"2.21520000","longitude":"102.28510000"},"klebangbesar":{"id":76486,"name":"Klebang Besar","latitude":"2.21860000","longitude":"102.19950000"},"kualasungaibaru":{"id":76501,"name":"Kuala Sungai Baru","latitude":"2.35940000","longitude":"102.03530000"},"malacca":{"id":76520,"name":"Malacca","latitude":"2.19600000","longitude":"102.24050000"},"pulausebang":{"id":76546,"name":"Pulau Sebang","latitude":"2.45500000","longitude":"102.23290000"},"sungaiudang":{"id":76570,"name":"Sungai Udang","latitude":"2.26900000","longitude":"102.14270000"}}},"negerisembilan":{"id":1948,"name":"Negeri Sembilan","state_code":"05","latitude":"2.72580580","longitude":"101.94237820","type":"state","cities":{"bahau":{"id":76415,"name":"Bahau","latitude":"2.80790000","longitude":"102.40490000"},"kampungbaharunilai":{"id":76465,"name":"Kampung Baharu Nilai","latitude":"2.80330000","longitude":"101.79720000"},"kualapilah":{"id":76499,"name":"Kuala Pilah","latitude":"2.73890000","longitude":"102.24870000"},"portdickson":{"id":76545,"name":"Port Dickson","latitude":"2.53718000","longitude":"101.80571000"},"seremban":{"id":76559,"name":"Seremban","latitude":"2.72970000","longitude":"101.93810000"},"tampin":{"id":76574,"name":"Tampin","latitude":"2.47010000","longitude":"102.23020000"}}},"pahang":{"id":1940,"name":"Pahang","state_code":"06","latitude":"3.81263180","longitude":"103.32562040","type":"state","cities":{"bentongtown":{"id":76428,"name":"Bentong Town","latitude":"3.52229000","longitude":"101.90866000"},"jerantut":{"id":76452,"name":"Jerantut","latitude":"3.93600000","longitude":"102.36260000"},"kampungbukittinggibentong":{"id":76469,"name":"Kampung Bukit Tinggi Bentong","latitude":"3.34944000","longitude":"101.82631000"},"kampungtekek":{"id":76477,"name":"Kampung Tekek","latitude":"2.81470000","longitude":"104.15920000"},"kualalipis":{"id":76496,"name":"Kuala Lipis","latitude":"4.18420000","longitude":"102.04680000"},"kuantan":{"id":76505,"name":"Kuantan","latitude":"3.80770000","longitude":"103.32600000"},"mentekab":{"id":76523,"name":"Mentekab","latitude":"3.48540000","longitude":"102.34840000"},"pekan":{"id":76537,"name":"Pekan","latitude":"3.48360000","longitude":"103.39960000"},"raub":{"id":76551,"name":"Raub","latitude":"3.78990000","longitude":"101.85700000"},"tanahrata":{"id":76575,"name":"Tanah Rata","latitude":"4.46361000","longitude":"101.37630000"},"temerluh":{"id":76584,"name":"Temerluh","latitude":"3.45060000","longitude":"102.41760000"}}},"penang":{"id":1939,"name":"Penang","state_code":"07","latitude":"5.41639350","longitude":"100.33267860","type":"state","cities":{"batuferinggi":{"id":76422,"name":"Batu Feringgi","latitude":"5.47090000","longitude":"100.24529000"},"bukitmertajam":{"id":76431,"name":"Bukit Mertajam","latitude":"5.36301000","longitude":"100.46670000"},"butterworth":{"id":76434,"name":"Butterworth","latitude":"5.39910000","longitude":"100.36382000"},"georgetown":{"id":76447,"name":"George Town","latitude":"5.41123000","longitude":"100.33543000"},"juru":{"id":76456,"name":"Juru","latitude":"5.31201000","longitude":"100.44229000"},"kampungbatuferinggi":{"id":76467,"name":"Kampung Batu Feringgi","latitude":"5.46948000","longitude":"100.24449000"},"kampungsungaiara":{"id":76475,"name":"Kampung Sungai Ara","latitude":"5.32699000","longitude":"100.27348000"},"kepalabatas":{"id":76482,"name":"Kepala Batas","latitude":"5.51707000","longitude":"100.42650000"},"nibongtebal":{"id":76528,"name":"Nibong Tebal","latitude":"5.16586000","longitude":"100.47793000"},"perai":{"id":76540,"name":"Perai","latitude":"5.38333000","longitude":"100.38333000"},"permatangkuching":{"id":76542,"name":"Permatang Kuching","latitude":"5.46339000","longitude":"100.38144000"},"seberangperai":{"id":76555,"name":"Seberang Perai","latitude":"5.38770000","longitude":"100.42603000"},"tanjungtokong":{"id":76578,"name":"Tanjung Tokong","latitude":"5.46061000","longitude":"100.30742000"},"tasekglugor":{"id":76580,"name":"Tasek Glugor","latitude":"5.48032000","longitude":"100.49849000"},"telagabatu":{"id":76582,"name":"Telaga Batu","latitude":"5.46667000","longitude":"100.23333000"}}},"perak":{"id":1943,"name":"Perak","state_code":"08","latitude":"4.59211260","longitude":"101.09010900","type":"state","cities":{"baganserai":{"id":76414,"name":"Bagan Serai","latitude":"5.01080000","longitude":"100.54101000"},"batugajah":{"id":76423,"name":"Batu Gajah","latitude":"4.46916000","longitude":"101.04107000"},"bidur":{"id":76429,"name":"Bidur","latitude":"4.11667000","longitude":"101.28333000"},"ipoh":{"id":76450,"name":"Ipoh","latitude":"4.58410000","longitude":"101.08290000"},"kampar":{"id":76457,"name":"Kampar","latitude":"4.30000000","longitude":"101.15000000"},"kampongdungun":{"id":76459,"name":"Kampong Dungun","latitude":"3.21667000","longitude":"101.31667000"},"kualakangsar":{"id":76494,"name":"Kuala Kangsar","latitude":"4.76667000","longitude":"100.93333000"},"lumut":{"id":76519,"name":"Lumut","latitude":"4.23230000","longitude":"100.62980000"},"pantairemis":{"id":76532,"name":"Pantai Remis","latitude":"4.45570000","longitude":"100.62880000"},"paritbuntar":{"id":76534,"name":"Parit Buntar","latitude":"5.12671000","longitude":"100.49316000"},"simpangempat":{"id":76564,"name":"Simpang Empat","latitude":"4.95000000","longitude":"100.63333000"},"taiping":{"id":76571,"name":"Taiping","latitude":"4.85000000","longitude":"100.73333000"},"tapahroad":{"id":76579,"name":"Tapah Road","latitude":"4.16667000","longitude":"101.20000000"},"telukintan":{"id":76583,"name":"Teluk Intan","latitude":"4.02219000","longitude":"101.02083000"}}},"perlis":{"id":1938,"name":"Perlis","state_code":"09","latitude":"29.92270940","longitude":"-90.12285590","type":"state","cities":{"kangar":{"id":76478,"name":"Kangar","latitude":"6.44140000","longitude":"100.19862000"},"kualaperlis":{"id":76498,"name":"Kuala Perlis","latitude":"6.40000000","longitude":"100.13333000"},"pantaicenang":{"id":76531,"name":"Pantai Cenang","latitude":"6.29369000","longitude":"99.72786000"}}},"putrajaya":{"id":1945,"name":"Putrajaya","state_code":"16","latitude":"2.92636100","longitude":"101.69644500","type":"federal territory","cities":{"putrajaya":{"id":76549,"name":"Putrajaya","latitude":"2.93527000","longitude":"101.69112000"}}},"sabah":{"id":1936,"name":"Sabah","state_code":"12","latitude":"5.97883980","longitude":"116.07531990","type":"state","cities":{"bandarlabuan":{"id":76417,"name":"Bandar Labuan","latitude":"5.28883000","longitude":"115.26924000"},"beaufort":{"id":76425,"name":"Beaufort","latitude":"5.34730000","longitude":"115.74550000"},"donggongon":{"id":76446,"name":"Donggongon","latitude":"5.90702000","longitude":"116.10146000"},"keningau":{"id":76481,"name":"Keningau","latitude":"5.33780000","longitude":"116.16020000"},"kinarut":{"id":76484,"name":"Kinarut","latitude":"5.82310000","longitude":"116.04660000"},"kotabelud":{"id":76488,"name":"Kota Belud","latitude":"6.35100000","longitude":"116.43050000"},"kotakinabalu":{"id":76490,"name":"Kota Kinabalu","latitude":"5.97490000","longitude":"116.07240000"},"kudat":{"id":76507,"name":"Kudat","latitude":"6.88732000","longitude":"116.82364000"},"lahaddatu":{"id":76513,"name":"Lahad Datu","latitude":"5.02298000","longitude":"118.32897000"},"papar":{"id":76533,"name":"Papar","latitude":"5.73333000","longitude":"115.93333000"},"putatan":{"id":76547,"name":"Putatan","latitude":"5.92580000","longitude":"116.06094000"},"ranau":{"id":76550,"name":"Ranau","latitude":"5.95380000","longitude":"116.66410000"},"sandakan":{"id":76553,"name":"Sandakan","latitude":"5.84020000","longitude":"118.11790000"},"semporna":{"id":76558,"name":"Semporna","latitude":"4.48178000","longitude":"118.61119000"},"tamanrajawali":{"id":76572,"name":"Taman Rajawali","latitude":"5.89477000","longitude":"118.04576000"},"tawau":{"id":76581,"name":"Tawau","latitude":"4.24482000","longitude":"117.89115000"}}},"sarawak":{"id":1937,"name":"Sarawak","state_code":"13","latitude":"1.55327830","longitude":"110.35921270","type":"state","cities":{"bintulu":{"id":76430,"name":"Bintulu","latitude":"3.16667000","longitude":"113.03333000"},"datakakus":{"id":76445,"name":"Data Kakus","latitude":"2.65465000","longitude":"113.62249000"},"kapit":{"id":76479,"name":"Kapit","latitude":"1.99546000","longitude":"112.93254000"},"kuching":{"id":76506,"name":"Kuching","latitude":"1.55000000","longitude":"110.33333000"},"lawas":{"id":76515,"name":"Lawas","latitude":"4.86040000","longitude":"115.40900000"},"lidungjelo":{"id":76516,"name":"Lidung Jelo","latitude":"2.64848000","longitude":"114.78653000"},"limbang":{"id":76517,"name":"Limbang","latitude":"4.75000000","longitude":"115.00000000"},"longampanaingorabanang":{"id":76518,"name":"Long Ampan Aing or Abanang","latitude":"2.65671000","longitude":"114.73675000"},"marudi":{"id":76522,"name":"Marudi","latitude":"4.18333000","longitude":"114.31667000"},"miri":{"id":76525,"name":"Miri","latitude":"4.39928000","longitude":"113.99163000"},"mukah":{"id":76527,"name":"Mukah","latitude":"2.89435000","longitude":"112.09145000"},"sarikei":{"id":76554,"name":"Sarikei","latitude":"2.11667000","longitude":"111.51667000"},"sibu":{"id":76562,"name":"Sibu","latitude":"2.30000000","longitude":"111.81667000"},"simanggang":{"id":76563,"name":"Simanggang","latitude":"1.24722000","longitude":"111.45278000"}}},"selangor":{"id":1944,"name":"Selangor","state_code":"10","latitude":"3.07383790","longitude":"101.51834690","type":"state","cities":{"ampang":{"id":76411,"name":"Ampang","latitude":"3.15000000","longitude":"101.76667000"},"baganpulauketam":{"id":76413,"name":"Bagan Pulau Ketam","latitude":"3.01667000","longitude":"101.26667000"},"banting":{"id":76418,"name":"Banting","latitude":"2.81360000","longitude":"101.50185000"},"batangberjuntai":{"id":76419,"name":"Batang Berjuntai","latitude":"3.38333000","longitude":"101.41667000"},"batuarang":{"id":76420,"name":"Batu Arang","latitude":"3.31667000","longitude":"101.46667000"},"jenjarum":{"id":76451,"name":"Jenjarum","latitude":"2.87240000","longitude":"101.49484000"},"kampongbaharubalakong":{"id":76458,"name":"Kampong Baharu Balakong","latitude":"3.03333000","longitude":"101.75000000"},"kampungbarusubang":{"id":76466,"name":"Kampung Baru Subang","latitude":"3.15000000","longitude":"101.53333000"},"kampungtanjungkarang":{"id":76476,"name":"Kampung Tanjung Karang","latitude":"3.42420000","longitude":"101.18490000"},"klang":{"id":76485,"name":"Klang","latitude":"3.03667000","longitude":"101.44333000"},"kualaselangor":{"id":76500,"name":"Kuala Selangor","latitude":"3.35000000","longitude":"101.25000000"},"kuang":{"id":76504,"name":"Kuang","latitude":"3.25940000","longitude":"101.55410000"},"ladangserikundang":{"id":76512,"name":"Ladang Seri Kundang","latitude":"3.28560000","longitude":"101.51900000"},"pelabuhanklang":{"id":76539,"name":"Pelabuhan Klang","latitude":"2.99959000","longitude":"101.39287000"},"petalingjaya":{"id":76543,"name":"Petaling Jaya","latitude":"3.10726000","longitude":"101.60671000"},"puchong":{"id":153725,"name":"Puchong","latitude":"3.03270000","longitude":"101.61880000"},"putraheights":{"id":76548,"name":"Putra Heights","latitude":"2.99361000","longitude":"101.57255000"},"rawang":{"id":76552,"name":"Rawang","latitude":"3.32130000","longitude":"101.57670000"},"semenyih":{"id":76557,"name":"Semenyih","latitude":"2.95160000","longitude":"101.84300000"},"serendah":{"id":76560,"name":"Serendah","latitude":"3.36460000","longitude":"101.60410000"},"shahalam":{"id":76561,"name":"Shah Alam","latitude":"3.08507000","longitude":"101.53281000"},"subangjaya":{"id":76566,"name":"Subang Jaya","latitude":"3.04384000","longitude":"101.58062000"},"sungaibesar":{"id":76567,"name":"Sungai Besar","latitude":"3.67460000","longitude":"100.98670000"},"sungaipeleknewvillage":{"id":76568,"name":"Sungai Pelek New Village","latitude":"2.65000000","longitude":"101.70000000"},"tanjungsepat":{"id":76577,"name":"Tanjung Sepat","latitude":"2.65790000","longitude":"101.56290000"}}},"terengganu":{"id":1942,"name":"Terengganu","state_code":"11","latitude":"5.31169160","longitude":"103.13241540","type":"state","cities":{"cukai":{"id":76436,"name":"Cukai","latitude":"4.25000000","longitude":"103.41667000"},"jertih":{"id":76453,"name":"Jertih","latitude":"5.73360000","longitude":"102.48970000"},"kampungkualabesut":{"id":76472,"name":"Kampung Kuala Besut","latitude":"5.83297000","longitude":"102.55061000"},"kertih":{"id":76483,"name":"Kertih","latitude":"4.51410000","longitude":"103.44830000"},"kualabesut":{"id":76493,"name":"Kuala Besut","latitude":"5.83303000","longitude":"102.55514000"},"kualaterengganu":{"id":76502,"name":"Kuala Terengganu","latitude":"5.33020000","longitude":"103.14080000"},"marang":{"id":76521,"name":"Marang","latitude":"5.20560000","longitude":"103.20590000"},"paka":{"id":76530,"name":"Paka","latitude":"4.63740000","longitude":"103.43680000"}}}}}