{"id":160,"name":"Niger","iso3":"NER","iso2":"NE","numeric_code":"562","phonecode":"227","capital":"Niamey","currency":"XOF","currency_name":"West African CFA franc","currency_symbol":"CFA","tld":".ne","native":"Niger","region":"Africa","region_id":1,"subregion":"Western Africa","subregion_id":3,"nationality":"Nigerien","timezones":[{"zoneName":"Africa/Niamey","gmtOffset":3600,"gmtOffsetName":"UTC+01:00","abbreviation":"WAT","tzName":"West Africa Time"}],"translations":{"ko":"\ub2c8\uc81c\ub974","pt-BR":"N\u00edger","pt":"N\u00edger","nl":"Niger","hr":"Niger","fa":"\u0646\u06cc\u062c\u0631","de":"Niger","es":"N\u00edger","fr":"Niger","ja":"\u30cb\u30b8\u30a7\u30fc\u30eb","it":"Niger","zh-CN":"\u5c3c\u65e5\u5c14","tr":"Nijer","ru":"\u041d\u0438\u0433\u0435\u0440","uk":"\u041d\u0456\u0433\u0435\u0440","pl":"Niger"},"latitude":"16.00000000","longitude":"8.00000000","emoji":"\ud83c\uddf3\ud83c\uddea","emojiU":"U+1F1F3 U+1F1EA","states":{"agadez":{"id":71,"name":"Agadez","state_code":"1","latitude":"20.66707520","longitude":"12.07182810","type":"region","cities":{"agadez":{"id":76675,"name":"Agadez","latitude":"16.97333000","longitude":"7.99111000"},"alaghsas":{"id":76677,"name":"Alaghsas","latitude":"17.01870000","longitude":"8.01680000"},"arlit":{"id":76678,"name":"Arlit","latitude":"18.83409000","longitude":"7.43327000"},"bilma":{"id":76681,"name":"Bilma","latitude":"18.68532000","longitude":"12.91643000"},"d\u00e9partementdebilma":{"id":76690,"name":"D\u00e9partement de Bilma","latitude":"20.50000000","longitude":"13.25000000"},"d\u00e9partementdetchiroz\u00e9rine":{"id":76711,"name":"D\u00e9partement de Tchiroz\u00e9rine","latitude":"17.43293000","longitude":"7.89321000"}}},"diffa":{"id":72,"name":"Diffa","state_code":"2","latitude":"13.67686470","longitude":"12.71351210","type":"region","cities":{"d\u00e9partementdediffa":{"id":76694,"name":"D\u00e9partement de Diffa","latitude":"13.66667000","longitude":"12.50000000"},"d\u00e9partementdema\u00efn\u00e9-soroa":{"id":76705,"name":"D\u00e9partement de Ma\u00efn\u00e9-Soroa","latitude":"13.31206000","longitude":"12.08321000"},"d\u00e9partementdenguigmi":{"id":76706,"name":"D\u00e9partement de Nguigmi","latitude":"14.20753000","longitude":"13.12177000"},"diffa":{"id":76686,"name":"Diffa","latitude":"13.31536000","longitude":"12.61135000"},"ma\u00efn\u00e9soroa":{"id":76729,"name":"Ma\u00efn\u00e9 Soroa","latitude":"13.21139000","longitude":"12.02410000"},"nguigmi":{"id":76731,"name":"Nguigmi","latitude":"14.24953000","longitude":"13.10921000"}}},"dosso":{"id":68,"name":"Dosso","state_code":"3","latitude":"13.15139470","longitude":"3.41955270","type":"region","cities":{"boboyedepartment":{"id":76683,"name":"Boboye Department","latitude":"13.08167000","longitude":"2.91083000"},"d\u00e9partementdedogondoutchi":{"id":76695,"name":"D\u00e9partement de Dogondoutchi","latitude":"13.50000000","longitude":"4.00000000"},"d\u00e9partementdedosso":{"id":76696,"name":"D\u00e9partement de Dosso","latitude":"12.83333000","longitude":"3.33333000"},"d\u00e9partementdegaya":{"id":76698,"name":"D\u00e9partement de Gaya","latitude":"11.95970000","longitude":"3.46045000"},"d\u00e9partementdeloga":{"id":76702,"name":"D\u00e9partement de Loga","latitude":"13.63333000","longitude":"3.50000000"},"dogondoutchi":{"id":76687,"name":"Dogondoutchi","latitude":"13.64030000","longitude":"4.02649000"},"dosso":{"id":76688,"name":"Dosso","latitude":"13.04900000","longitude":"3.19370000"},"gaya":{"id":76716,"name":"Gaya","latitude":"11.88435000","longitude":"3.44919000"}}},"maradi":{"id":70,"name":"Maradi","state_code":"4","latitude":"13.80180740","longitude":"7.43813550","type":"region","cities":{"agui\u00e9":{"id":76676,"name":"Agui\u00e9","latitude":"13.50601000","longitude":"7.77863000"},"dakoro":{"id":76685,"name":"Dakoro","latitude":"14.51056000","longitude":"6.76500000"},"d\u00e9partementd\u2019agui\u00e9":{"id":76714,"name":"D\u00e9partement d\u2019Agui\u00e9","latitude":"13.46976000","longitude":"7.74219000"},"d\u00e9partementdedakoro":{"id":76693,"name":"D\u00e9partement de Dakoro","latitude":"14.75000000","longitude":"7.00000000"},"d\u00e9partementdemayahi":{"id":76704,"name":"D\u00e9partement de Mayahi","latitude":"14.10000000","longitude":"7.60000000"},"d\u00e9partementdetessaoua":{"id":76712,"name":"D\u00e9partement de Tessaoua","latitude":"13.60000000","longitude":"7.90000000"},"guidanroumdjidepartment":{"id":76718,"name":"Guidan Roumdji Department","latitude":"13.65750000","longitude":"6.69583000"},"madarounfa":{"id":76724,"name":"Madarounfa","latitude":"13.28253000","longitude":"7.15495000"},"maradi":{"id":76726,"name":"Maradi","latitude":"13.50000000","longitude":"7.10174000"},"mayahi":{"id":76728,"name":"Mayahi","latitude":"13.95532000","longitude":"7.67122000"},"tessaoua":{"id":76738,"name":"Tessaoua","latitude":"13.75737000","longitude":"7.98740000"},"tibiri":{"id":76739,"name":"Tibiri","latitude":"13.56271000","longitude":"7.04848000"}}},"tahoua":{"id":73,"name":"Tahoua","state_code":"5","latitude":"16.09025430","longitude":"5.39395510","type":"region","cities":{"abalak":{"id":76674,"name":"Abalak","latitude":"15.41618000","longitude":"6.16975000"},"birninkonni":{"id":76682,"name":"Birni N Konni","latitude":"13.79599000","longitude":"5.25026000"},"bouza":{"id":76684,"name":"Bouza","latitude":"14.42293000","longitude":"6.04278000"},"d\u00e9partementd\u0027ill\u00e9la":{"id":76689,"name":"D\u00e9partement d\u0027 Ill\u00e9la","latitude":"14.25000000","longitude":"5.00000000"},"d\u00e9partementdebirninkonni":{"id":76691,"name":"D\u00e9partement de Birni Nkonni","latitude":"13.90000000","longitude":"5.25000000"},"d\u00e9partementdebouza":{"id":76692,"name":"D\u00e9partement de Bouza","latitude":"14.43333000","longitude":"6.00000000"},"d\u00e9partementdeke\u00efta":{"id":76701,"name":"D\u00e9partement de Ke\u00efta","latitude":"14.80000000","longitude":"6.00000000"},"d\u00e9partementdemadaoua":{"id":76703,"name":"D\u00e9partement de Madaoua","latitude":"13.99988000","longitude":"6.10012000"},"d\u00e9partementdetahoua":{"id":76709,"name":"D\u00e9partement de Tahoua","latitude":"14.80000000","longitude":"4.80000000"},"d\u00e9partementdetchin-tabaraden":{"id":76710,"name":"D\u00e9partement de Tchin-Tabaraden","latitude":"15.86694000","longitude":"5.71042000"},"ill\u00e9la":{"id":76719,"name":"Ill\u00e9la","latitude":"14.46050000","longitude":"5.24370000"},"ke\u00efta":{"id":76720,"name":"Ke\u00efta","latitude":"14.75510000","longitude":"5.77490000"},"madaoua":{"id":76723,"name":"Madaoua","latitude":"14.07300000","longitude":"5.96000000"},"tahoua":{"id":76734,"name":"Tahoua","latitude":"14.88880000","longitude":"5.26920000"},"tchintabaraden":{"id":76736,"name":"Tchintabaraden","latitude":"15.89690000","longitude":"5.79850000"}}},"tillab\u00e9ri":{"id":67,"name":"Tillab\u00e9ri","state_code":"6","latitude":"14.64895250","longitude":"2.14502450","type":"region","cities":{"ayorou":{"id":76679,"name":"Ayorou","latitude":"14.73075000","longitude":"0.91739000"},"balleyara":{"id":76680,"name":"Balleyara","latitude":"13.72848000","longitude":"2.87503000"},"d\u00e9partementdefilingu\u00e9":{"id":76697,"name":"D\u00e9partement de Filingu\u00e9","latitude":"14.31645000","longitude":"3.23611000"},"d\u00e9partementdeouallam":{"id":76707,"name":"D\u00e9partement de Ouallam","latitude":"14.63333000","longitude":"2.25000000"},"d\u00e9partementdesay":{"id":76708,"name":"D\u00e9partement de Say","latitude":"13.03579000","longitude":"2.22112000"},"filingu\u00e9":{"id":76715,"name":"Filingu\u00e9","latitude":"14.35210000","longitude":"3.31680000"},"kollo":{"id":76721,"name":"Kollo","latitude":"13.30430000","longitude":"2.33900000"},"kollodepartment":{"id":76722,"name":"Kollo Department","latitude":"13.57600000","longitude":"2.45200000"},"ouallam":{"id":76732,"name":"Ouallam","latitude":"14.31641000","longitude":"2.08597000"},"say":{"id":76733,"name":"Say","latitude":"13.10070000","longitude":"2.36890000"},"t\u00e9ra":{"id":76742,"name":"T\u00e9ra","latitude":"14.00776000","longitude":"0.75306000"},"teradepartment":{"id":76737,"name":"Tera Department","latitude":"14.18600000","longitude":"0.84300000"},"tillab\u00e9ri":{"id":76741,"name":"Tillab\u00e9ri","latitude":"14.20711000","longitude":"1.45418000"},"tillaberidepartment":{"id":76740,"name":"Tillaberi Department","latitude":"14.51600000","longitude":"1.44300000"}}},"zinder":{"id":69,"name":"Zinder","state_code":"7","latitude":"15.17188810","longitude":"10.26001250","type":"region","cities":{"d\u00e9partementdegour\u00e9":{"id":76699,"name":"D\u00e9partement de Gour\u00e9","latitude":"14.01618000","longitude":"10.14722000"},"d\u00e9partementdekantch\u00e9":{"id":76700,"name":"D\u00e9partement de Kantch\u00e9","latitude":"13.40000000","longitude":"8.60000000"},"d\u00e9partementdet\u00e2nout":{"id":76713,"name":"D\u00e9partement de T\u00e2nout","latitude":"14.75000000","longitude":"8.33333000"},"gour\u00e9":{"id":76717,"name":"Gour\u00e9","latitude":"13.98350000","longitude":"10.27035000"},"magaria":{"id":76725,"name":"Magaria","latitude":"12.99826000","longitude":"8.90991000"},"matamey":{"id":76727,"name":"Matamey","latitude":"13.42309000","longitude":"8.47485000"},"mirriah":{"id":76730,"name":"Mirriah","latitude":"13.70727000","longitude":"9.15013000"},"tanout":{"id":76735,"name":"Tanout","latitude":"14.97089000","longitude":"8.88786000"},"zinder":{"id":76743,"name":"Zinder","latitude":"13.80716000","longitude":"8.98810000"}}}}}