{"id":63,"name":"Timor-Leste","iso3":"TLS","iso2":"TL","numeric_code":"626","phone_code":"670","capital":"Dili","currency":"USD","currency_name":"United States dollar","currency_symbol":"$","tld":".tl","native":"Timor-Leste","region":"Asia","region_id":3,"subregion":"South-Eastern Asia","subregion_id":13,"nationality":"Timorese","timezones":[{"zoneName":"Asia/Dili","gmtOffset":32400,"gmtOffsetName":"UTC+09:00","abbreviation":"TLT","tzName":"Timor Leste Time"}],"translations":{"ko":"\ub3d9\ud2f0\ubaa8\ub974","pt-BR":"Timor Leste","pt":"Timor Leste","nl":"Oost-Timor","hr":"Isto\u010dni Timor","fa":"\u062a\u06cc\u0645\u0648\u0631 \u0634\u0631\u0642\u06cc","de":"Timor-Leste","es":"Timor Oriental","fr":"Timor oriental","ja":"\u6771\u30c6\u30a3\u30e2\u30fc\u30eb","it":"Timor Est","zh-CN":"\u4e1c\u5e1d\u6c76","tr":"Do\u011fu Timor","ru":"\u0422\u0438\u043c\u043e\u0440-\u041b\u0435\u0448\u0442\u0438","uk":"\u0422\u0438\u043c\u043e\u0440-\u041b\u0435\u0448\u0442\u0456","pl":"Timor Wschodni"},"latitude":"-8.83333333","longitude":"125.91666666","emoji":"\ud83c\uddf9\ud83c\uddf1","emojiU":"U+1F1F9 U+1F1F1","states":{"aileumunicipality":{"id":4520,"name":"Aileu municipality","state_code":"AL","latitude":"-8.70439940","longitude":"125.60954740","type":null,"cities":{"aileu":{"id":106830,"name":"Aileu","latitude":"-8.72806000","longitude":"125.56639000"},"lequidoe":{"id":106854,"name":"Lequidoe","latitude":"-8.69139000","longitude":"125.63611000"},"remexio":{"id":106868,"name":"Remexio","latitude":"-8.61667000","longitude":"125.66667000"}}},"ainaromunicipality":{"id":4518,"name":"Ainaro Municipality","state_code":"AN","latitude":"-9.01131710","longitude":"125.52200120","type":null,"cities":{"ainaro":{"id":106831,"name":"Ainaro","latitude":"-8.99241000","longitude":"125.50816000"},"hato-udo":{"id":106846,"name":"Hato-Udo","latitude":"-9.12036000","longitude":"125.58935000"}}},"baucaumunicipality":{"id":4521,"name":"Baucau Municipality","state_code":"BA","latitude":"-8.47143080","longitude":"126.45759910","type":null,"cities":{"baguia":{"id":106834,"name":"Baguia","latitude":"-8.62787000","longitude":"126.65743000"},"baucau":{"id":106836,"name":"Baucau","latitude":"-8.46667000","longitude":"126.45000000"},"baukau":{"id":106837,"name":"Baukau","latitude":"-8.47572000","longitude":"126.45633000"},"laga":{"id":106852,"name":"Laga","latitude":"-8.47411000","longitude":"126.59228000"},"quelicai":{"id":106866,"name":"Quelicai","latitude":"-8.60135000","longitude":"126.55904000"},"vemasse":{"id":106877,"name":"Vemasse","latitude":"-8.51036000","longitude":"126.20823000"},"venilale":{"id":106878,"name":"Venilale","latitude":"-8.64306000","longitude":"126.37833000"}}},"bobonaromunicipality":{"id":4525,"name":"Bobonaro Municipality","state_code":"BO","latitude":"-8.96554060","longitude":"125.25879640","type":null,"cities":{"maliana":{"id":106859,"name":"Maliana","latitude":"-8.99167000","longitude":"125.21972000"}}},"covalimamunicipality":{"id":4522,"name":"Cova Lima Municipality","state_code":"CO","latitude":"-9.26503750","longitude":"125.25879640","type":null,"cities":{"fatumean":{"id":106843,"name":"Fatumean","latitude":"-9.22917000","longitude":"125.03583000"},"fohorem":{"id":106844,"name":"Fohorem","latitude":"-9.28361000","longitude":"125.08944000"},"maucatar":{"id":106863,"name":"Maucatar","latitude":"-9.21772000","longitude":"125.22981000"},"suai":{"id":106871,"name":"Suai","latitude":"-9.30000000","longitude":"125.25000000"},"tilomar":{"id":106872,"name":"Tilomar","latitude":"-9.34182000","longitude":"125.10887000"}}},"dilimunicipality":{"id":4524,"name":"Dili municipality","state_code":"DI","latitude":"-8.24496130","longitude":"125.58766970","type":null,"cities":{"atauroisland":{"id":106833,"name":"Atauro Island","latitude":"-8.26785000","longitude":"125.59699000"},"cristorei":{"id":106839,"name":"Cristo Rei","latitude":"-8.52047000","longitude":"125.60837000"},"dili":{"id":106840,"name":"Dili","latitude":"-8.55861000","longitude":"125.57361000"},"metinaro":{"id":106864,"name":"Metinaro","latitude":"-8.53007000","longitude":"125.74163000"}}},"ermeradistrict":{"id":4516,"name":"Ermera District","state_code":"ER","latitude":"-8.75248020","longitude":"125.39872940","type":null,"cities":{"ermeravilla":{"id":106841,"name":"Ermera Villa","latitude":"-8.75222000","longitude":"125.39694000"},"gleno":{"id":106845,"name":"Gleno","latitude":"-8.72389000","longitude":"125.43611000"},"hatulia":{"id":106847,"name":"Hatulia","latitude":"-8.81667000","longitude":"125.31667000"},"letefoho":{"id":106855,"name":"Letefoho","latitude":"-8.83444000","longitude":"125.42639000"},"railaco":{"id":106867,"name":"Railaco","latitude":"-8.67237000","longitude":"125.42546000"}}},"laut\u00e9mmunicipality":{"id":4523,"name":"Laut\u00e9m Municipality","state_code":"LA","latitude":"-8.36423070","longitude":"126.90438450","type":null,"cities":{"iliomar":{"id":106848,"name":"Iliomar","latitude":"-8.70917000","longitude":"126.82833000"},"lautem":{"id":106853,"name":"Lautem","latitude":"-8.36514000","longitude":"126.90389000"},"lospalos":{"id":106857,"name":"Lospalos","latitude":"-8.52167000","longitude":"126.99833000"},"luro":{"id":106858,"name":"Luro","latitude":"-8.54359000","longitude":"126.83003000"},"tutuala":{"id":106874,"name":"Tutuala","latitude":"-8.39597000","longitude":"127.25923000"}}},"liqui\u00e7\u00e1municipality":{"id":4515,"name":"Liqui\u00e7\u00e1 Municipality","state_code":"LI","latitude":"-8.66740950","longitude":"125.25879640","type":null,"cities":{"bazartete":{"id":106838,"name":"Bazartete","latitude":"-8.62464000","longitude":"125.38168000"},"likis\u00e1":{"id":106856,"name":"Likis\u00e1","latitude":"-8.58750000","longitude":"125.34194000"},"maubara":{"id":106862,"name":"Maubara","latitude":"-8.61194000","longitude":"125.20611000"}}},"manatutodistrict":{"id":4517,"name":"Manatuto District","state_code":"MT","latitude":"-8.51556080","longitude":"126.01592550","type":null,"cities":{"barique":{"id":106835,"name":"Barique","latitude":"-8.85472000","longitude":"126.06556000"},"laclo":{"id":106849,"name":"Laclo","latitude":"-8.55000000","longitude":"125.91667000"},"laclubar":{"id":106850,"name":"Laclubar","latitude":"-8.74975000","longitude":"125.91186000"},"manatuto":{"id":106860,"name":"Manatuto","latitude":"-8.52207000","longitude":"126.01516000"},"manatutu":{"id":106861,"name":"Manatutu","latitude":"-8.51139000","longitude":"126.01306000"},"soibada":{"id":106870,"name":"Soibada","latitude":"-8.86000000","longitude":"125.94000000"}}},"manufahimunicipality":{"id":4519,"name":"Manufahi Municipality","state_code":"MF","latitude":"-9.01454950","longitude":"125.82799590","type":null,"cities":{"alas":{"id":106832,"name":"Alas","latitude":"-9.02730000","longitude":"125.78680000"},"fatuberliu":{"id":106842,"name":"Fatuberliu","latitude":"-8.94790000","longitude":"125.86633000"},"same":{"id":106869,"name":"Same","latitude":"-9.00000000","longitude":"125.65000000"},"turiscai":{"id":106873,"name":"Turiscai","latitude":"-8.82371000","longitude":"125.70454000"}}},"viquequemunicipality":{"id":4514,"name":"Viqueque Municipality","state_code":"VI","latitude":"-8.85979180","longitude":"126.36335160","type":null,"cities":{"lacluta":{"id":106851,"name":"Lacluta","latitude":"-8.80000000","longitude":"126.13333000"},"ossu":{"id":106865,"name":"Ossu","latitude":"-8.73477000","longitude":"126.38324000"},"uatocarabau":{"id":106875,"name":"Uatocarabau","latitude":"-8.75658000","longitude":"126.68060000"},"uatolari":{"id":106876,"name":"Uatolari","latitude":"-8.76277000","longitude":"126.57353000"},"viqueque":{"id":106879,"name":"Viqueque","latitude":"-8.85908000","longitude":"126.36972000"}}}}}