{"id":144,"name":"Moldova","iso3":"MDA","iso2":"MD","numeric_code":"498","phone_code":"373","capital":"Chisinau","currency":"MDL","currency_name":"Moldovan leu","currency_symbol":"L","tld":".md","native":"Moldova","region":"Europe","region_id":"4","subregion":"Eastern Europe","subregion_id":"15","nationality":"Moldovan","timezones":[{"zoneName":"Europe/Chisinau","gmtOffset":7200,"gmtOffsetName":"UTC+02:00","abbreviation":"EET","tzName":"Eastern European Time"}],"translations":{"kr":"\ubab0\ub3c4\ubc14","pt-BR":"Mold\u00e1via","pt":"Mold\u00e1via","nl":"Moldavi\u00eb","hr":"Moldova","fa":"\u0645\u0648\u0644\u062f\u0627\u0648\u06cc","de":"Moldawie","es":"Moldavia","fr":"Moldavie","ja":"\u30e2\u30eb\u30c9\u30d0\u5171\u548c\u56fd","it":"Moldavia","cn":"\u6469\u5c14\u591a\u74e6","tr":"Moldova"},"latitude":"47.00000000","longitude":"29.00000000","emoji":"\ud83c\uddf2\ud83c\udde9","emojiU":"U+1F1F2 U+1F1E9","states":{"aneniinoidistrict":{"id":4368,"name":"Anenii Noi District","state_code":"AN","latitude":"46.87956630","longitude":"29.23121750","type":null,"cities":{"aneniinoi":{"id":67271,"name":"Anenii Noi","latitude":"46.87839000","longitude":"29.23483000"},"varni\u0163a":{"id":67337,"name":"Varni\u0163a","latitude":"46.86606000","longitude":"29.46636000"}}},"b\u0103l\u021bimunicipality":{"id":4393,"name":"B\u0103l\u021bi Municipality","state_code":"BA","latitude":"47.75399470","longitude":"27.91841480","type":null,"cities":{"b\u0103l\u0163i":{"id":67280,"name":"B\u0103l\u0163i","latitude":"47.76314000","longitude":"27.92932000"}}},"basarabeascadistrict":{"id":4379,"name":"Basarabeasca District","state_code":"BS","latitude":"46.42370600","longitude":"28.89354920","type":null,"cities":{"basarabeasca":{"id":67272,"name":"Basarabeasca","latitude":"46.33170000","longitude":"28.96365000"}}},"bendermunicipality":{"id":4362,"name":"Bender Municipality","state_code":"BD","latitude":"46.82275510","longitude":"29.46201010","type":null,"cities":{"bender":{"id":67273,"name":"Bender","latitude":"46.83156000","longitude":"29.47769000"}}},"bricenidistrict":{"id":4375,"name":"Briceni District","state_code":"BR","latitude":"48.36320220","longitude":"27.07503980","type":null,"cities":{"briceni":{"id":67276,"name":"Briceni","latitude":"48.36289000","longitude":"27.07787000"}}},"cahuldistrict":{"id":4391,"name":"Cahul District","state_code":"CA","latitude":"45.89394040","longitude":"28.18902750","type":null,"cities":{"cahul":{"id":67281,"name":"Cahul","latitude":"45.90425000","longitude":"28.19929000"},"giurgiule\u015fti":{"id":67305,"name":"Giurgiule\u015fti","latitude":"45.48167000","longitude":"28.19722000"}}},"c\u0103l\u0103ra\u0219idistrict":{"id":4366,"name":"C\u0103l\u0103ra\u0219i District","state_code":"CL","latitude":"47.28694600","longitude":"28.27453100","type":null,"cities":{"c\u0103l\u0103ra\u015fi":{"id":67294,"name":"C\u0103l\u0103ra\u015fi","latitude":"47.25560000","longitude":"28.30987000"}}},"cantemirdistrict":{"id":4380,"name":"Cantemir District","state_code":"CT","latitude":"46.27717420","longitude":"28.20096530","type":null,"cities":{"cantemir":{"id":67283,"name":"Cantemir","latitude":"46.27743000","longitude":"28.20270000"},"iargara":{"id":67310,"name":"Iargara","latitude":"46.42520000","longitude":"28.42676000"},"vi\u015fniovca":{"id":67339,"name":"Vi\u015fniovca","latitude":"46.33260000","longitude":"28.44797000"}}},"c\u0103u\u0219enidistrict":{"id":4365,"name":"C\u0103u\u0219eni District","state_code":"CS","latitude":"46.65547150","longitude":"29.40912220","type":null,"cities":{"c\u0103u\u015feni":{"id":67295,"name":"C\u0103u\u015feni","latitude":"46.63674000","longitude":"29.41114000"},"chi\u0163cani":{"id":67286,"name":"Chi\u0163cani","latitude":"46.78296000","longitude":"29.61682000"}}},"chi\u0219in\u0103umunicipality":{"id":4373,"name":"Chi\u0219in\u0103u Municipality","state_code":"CU","latitude":"47.01045290","longitude":"28.86381020","type":null,"cities":{"chisinau":{"id":67285,"name":"Chisinau","latitude":"47.00556000","longitude":"28.85750000"},"ciorescu":{"id":67288,"name":"Ciorescu","latitude":"47.13000000","longitude":"28.88937000"},"cricova":{"id":67292,"name":"Cricova","latitude":"47.13835000","longitude":"28.86156000"},"s\u00eengera":{"id":67327,"name":"S\u00eengera","latitude":"46.91557000","longitude":"28.96673000"},"st\u0103uceni":{"id":67326,"name":"St\u0103uceni","latitude":"47.09643000","longitude":"28.86791000"},"vadulluivod\u0103":{"id":67336,"name":"Vadul lui Vod\u0103","latitude":"47.09009000","longitude":"29.07570000"},"vatra":{"id":67338,"name":"Vatra","latitude":"47.07460000","longitude":"28.73685000"}}},"cimi\u0219liadistrict":{"id":4360,"name":"Cimi\u0219lia District","state_code":"CM","latitude":"46.52508510","longitude":"28.77218350","type":null,"cities":{"cimi\u015flia":{"id":67287,"name":"Cimi\u015flia","latitude":"46.52685000","longitude":"28.76441000"}}},"criulenidistrict":{"id":4390,"name":"Criuleni District","state_code":"CR","latitude":"47.21361140","longitude":"29.15575190","type":null,"cities":{"criuleni":{"id":67293,"name":"Criuleni","latitude":"47.21307000","longitude":"29.15926000"}}},"dondu\u0219enidistrict":{"id":4384,"name":"Dondu\u0219eni District","state_code":"DO","latitude":"48.23383050","longitude":"27.59980870","type":null,"cities":{"briceni":{"id":67277,"name":"Briceni","latitude":"48.35628000","longitude":"27.70293000"},"dondu\u015feni":{"id":67298,"name":"Dondu\u015feni","latitude":"48.24268000","longitude":"27.61010000"}}},"drochiadistrict":{"id":4392,"name":"Drochia District","state_code":"DR","latitude":"48.07977880","longitude":"27.86041140","type":null,"cities":{"drochia":{"id":67299,"name":"Drochia","latitude":"48.03555000","longitude":"27.81293000"}}},"dub\u0103saridistrict":{"id":4383,"name":"Dub\u0103sari District","state_code":"DU","latitude":"47.26439420","longitude":"29.15503480","type":null,"cities":{"cocieri":{"id":67289,"name":"Cocieri","latitude":"47.30170000","longitude":"29.11755000"},"ustia":{"id":67335,"name":"Ustia","latitude":"47.25524000","longitude":"29.12406000"}}},"edine\u021bdistrict":{"id":4387,"name":"Edine\u021b District","state_code":"ED","latitude":"48.16789910","longitude":"27.29361430","type":null,"cities":{"edine\u0163":{"id":67301,"name":"Edine\u0163","latitude":"48.17215000","longitude":"27.30337000"}}},"f\u0103le\u0219tidistrict":{"id":4381,"name":"F\u0103le\u0219ti District","state_code":"FA","latitude":"47.56477250","longitude":"27.72655930","type":null,"cities":{"f\u0103le\u0219ti":{"id":67303,"name":"F\u0103le\u0219ti","latitude":"47.57667000","longitude":"27.71264000"}}},"flore\u0219tidistrict":{"id":4370,"name":"Flore\u0219ti District","state_code":"FL","latitude":"47.86678490","longitude":"28.33918640","type":null,"cities":{"flore\u015fti":{"id":67302,"name":"Flore\u015fti","latitude":"47.89137000","longitude":"28.29312000"},"ghinde\u0219ti":{"id":67304,"name":"Ghinde\u0219ti","latitude":"47.85482000","longitude":"28.37679000"},"m\u0103rcule\u015fti":{"id":67313,"name":"M\u0103rcule\u015fti","latitude":"47.86897000","longitude":"28.24109000"}}},"gagauzia":{"id":4385,"name":"Gagauzia","state_code":"GA","latitude":"46.09794350","longitude":"28.63846450","type":null,"cities":{"bugeac":{"id":67279,"name":"Bugeac","latitude":"46.36554000","longitude":"28.66250000"},"cead\u00eer-lunga":{"id":67284,"name":"Cead\u00eer-Lunga","latitude":"46.06169000","longitude":"28.83078000"},"comrat":{"id":67290,"name":"Comrat","latitude":"46.29456000","longitude":"28.65650000"},"vulc\u0103ne\u015fti":{"id":67340,"name":"Vulc\u0103ne\u015fti","latitude":"45.68492000","longitude":"28.40613000"}}},"glodenidistrict":{"id":4367,"name":"Glodeni District","state_code":"GL","latitude":"47.77901560","longitude":"27.51680100","type":null,"cities":{"glodeni":{"id":67306,"name":"Glodeni","latitude":"47.77513000","longitude":"27.51891000"}}},"h\u00eence\u0219tidistrict":{"id":4382,"name":"H\u00eence\u0219ti District","state_code":"HI","latitude":"46.82811470","longitude":"28.58508890","type":null,"cities":{"dancu":{"id":67296,"name":"Dancu","latitude":"46.75818000","longitude":"28.20716000"},"h\u00eence\u015fti":{"id":67308,"name":"H\u00eence\u015fti","latitude":"46.83047000","longitude":"28.59064000"}}},"ialovenidistrict":{"id":4369,"name":"Ialoveni District","state_code":"IA","latitude":"46.86308600","longitude":"28.82342180","type":null,"cities":{"ialoveni":{"id":67309,"name":"Ialoveni","latitude":"46.94346000","longitude":"28.78233000"}}},"nisporenidistrict":{"id":4363,"name":"Nisporeni District","state_code":"NI","latitude":"47.07513490","longitude":"28.17681550","type":null,"cities":{"nisporeni":{"id":67314,"name":"Nisporeni","latitude":"47.08159000","longitude":"28.17138000"}}},"ocni\u021badistrict":{"id":4389,"name":"Ocni\u021ba District","state_code":"OC","latitude":"48.41104350","longitude":"27.47680920","type":null,"cities":{"ocni\u0163a":{"id":67315,"name":"Ocni\u0163a","latitude":"48.38274000","longitude":"27.43805000"},"otaci":{"id":67317,"name":"Otaci","latitude":"48.43285000","longitude":"27.79912000"}}},"orheidistrict":{"id":4361,"name":"Orhei District","state_code":"OR","latitude":"47.38604000","longitude":"28.83030820","type":null,"cities":{"orhei":{"id":67316,"name":"Orhei","latitude":"47.38494000","longitude":"28.82446000"}}},"rezinadistrict":{"id":4394,"name":"Rezina District","state_code":"RE","latitude":"47.71804470","longitude":"28.88710240","type":null,"cities":{"rezina":{"id":67319,"name":"Rezina","latitude":"47.74928000","longitude":"28.96583000"},"saharna":{"id":67322,"name":"Saharna","latitude":"47.69107000","longitude":"28.97458000"}}},"r\u00ee\u0219canidistrict":{"id":4376,"name":"R\u00ee\u0219cani District","state_code":"RI","latitude":"47.90701530","longitude":"27.53749960","type":null,"cities":{"r\u00ee\u015fcani":{"id":67321,"name":"R\u00ee\u015fcani","latitude":"47.94792000","longitude":"27.56376000"}}},"s\u00eengereidistrict":{"id":4364,"name":"S\u00eengerei District","state_code":"SI","latitude":"47.63891340","longitude":"28.13718160","type":null,"cities":{"biliceniivechi":{"id":67274,"name":"Bilicenii Vechi","latitude":"47.65580000","longitude":"28.04734000"},"biruin\u0163a":{"id":67275,"name":"Biruin\u0163a","latitude":"47.81353000","longitude":"28.07004000"},"s\u00eengerei":{"id":67328,"name":"S\u00eengerei","latitude":"47.63632000","longitude":"28.14296000"}}},"\u0218old\u0103ne\u0219tidistrict":{"id":4388,"name":"\u0218old\u0103ne\u0219ti District","state_code":"SD","latitude":"47.81473890","longitude":"28.78895860","type":null,"cities":{"\u015eold\u0103ne\u015fti":{"id":67341,"name":"\u015eold\u0103ne\u015fti","latitude":"47.81608000","longitude":"28.79718000"}}},"sorocadistrict":{"id":4374,"name":"Soroca District","state_code":"SO","latitude":"48.15497430","longitude":"28.28707830","type":null,"cities":{"soroca":{"id":67324,"name":"Soroca","latitude":"48.15659000","longitude":"28.28489000"}}},"\u0218tefanvod\u0103district":{"id":4378,"name":"\u0218tefan Vod\u0103 District","state_code":"SV","latitude":"46.55404880","longitude":"29.70224200","type":null,"cities":{"\u015etefanvod\u0103":{"id":67342,"name":"\u015etefan Vod\u0103","latitude":"46.51287000","longitude":"29.66193000"}}},"str\u0103\u0219enidistrict":{"id":4377,"name":"Str\u0103\u0219eni District","state_code":"ST","latitude":"47.14502670","longitude":"28.61367360","type":null,"cities":{"bucov\u0103\u0163":{"id":67278,"name":"Bucov\u0103\u0163","latitude":"47.19064000","longitude":"28.45802000"},"str\u0103\u0219eni":{"id":67325,"name":"Str\u0103\u0219eni","latitude":"47.14216000","longitude":"28.60774000"}}},"taracliadistrict":{"id":4372,"name":"Taraclia District","state_code":"TA","latitude":"45.89865100","longitude":"28.66716440","type":null,"cities":{"taraclia":{"id":67329,"name":"Taraclia","latitude":"45.90273000","longitude":"28.66816000"},"tvardi\u021ba":{"id":67333,"name":"Tvardi\u021ba","latitude":"46.14826000","longitude":"28.96491000"}}},"telene\u0219tidistrict":{"id":4371,"name":"Telene\u0219ti District","state_code":"TE","latitude":"47.49839620","longitude":"28.36760190","type":null,"cities":{"m\u00eendre\u015fti":{"id":67312,"name":"M\u00eendre\u015fti","latitude":"47.50525000","longitude":"28.27687000"},"telene\u015fti":{"id":67330,"name":"Telene\u015fti","latitude":"47.50110000","longitude":"28.36536000"}}},"transnistriaautonomousterritorialunit":{"id":4395,"name":"Transnistria autonomous territorial unit","state_code":"SN","latitude":"47.21529720","longitude":"29.46380540","type":null,"cities":{"camenca":{"id":67282,"name":"Camenca","latitude":"48.03233000","longitude":"28.69899000"},"crasnoe":{"id":67291,"name":"Crasnoe","latitude":"46.64844000","longitude":"29.80403000"},"dnestrovsc":{"id":67297,"name":"Dnestrovsc","latitude":"46.61640000","longitude":"29.91926000"},"dub\u0103sari":{"id":67300,"name":"Dub\u0103sari","latitude":"47.26562000","longitude":"29.16667000"},"hryhoriopol":{"id":67307,"name":"Hryhoriopol","latitude":"47.15413000","longitude":"29.30008000"},"maiac":{"id":67311,"name":"Maiac","latitude":"47.23727000","longitude":"29.38498000"},"pervomaisc":{"id":67318,"name":"Pervomaisc","latitude":"46.73253000","longitude":"29.96170000"},"r\u00eebni\u0163a":{"id":67320,"name":"R\u00eebni\u0163a","latitude":"47.76817000","longitude":"29.01000000"},"slobozia":{"id":67323,"name":"Slobozia","latitude":"46.72927000","longitude":"29.70446000"},"tiraspol":{"id":67331,"name":"Tiraspol","latitude":"46.84274000","longitude":"29.62909000"},"tiraspolulnou":{"id":67332,"name":"Tiraspolul Nou","latitude":"46.82874000","longitude":"29.52174000"}}},"unghenidistrict":{"id":4386,"name":"Ungheni District","state_code":"UN","latitude":"47.23057670","longitude":"27.78926610","type":null,"cities":{"ungheni":{"id":67334,"name":"Ungheni","latitude":"47.21079000","longitude":"27.80047000"}}}}}