{"id":170,"name":"Panama","iso3":"PAN","iso2":"PA","numeric_code":"591","phonecode":"507","capital":"Panama City","currency":"PAB","currency_name":"Panamanian balboa","currency_symbol":"B/.","tld":".pa","native":"Panam\u00e1","region":"Americas","region_id":2,"subregion":"Central America","subregion_id":9,"nationality":"Panamanian","timezones":[{"zoneName":"America/Panama","gmtOffset":-18000,"gmtOffsetName":"UTC-05:00","abbreviation":"EST","tzName":"Eastern Standard Time (North America"}],"translations":{"ko":"\ud30c\ub098\ub9c8","pt-BR":"Panam\u00e1","pt":"Panam\u00e1","nl":"Panama","hr":"Panama","fa":"\u067e\u0627\u0646\u0627\u0645\u0627","de":"Panama","es":"Panam\u00e1","fr":"Panama","ja":"\u30d1\u30ca\u30de","it":"Panama","zh-CN":"\u5df4\u62ff\u9a6c","tr":"Panama","ru":"\u041f\u0430\u043d\u0430\u043c\u0430","uk":"\u041f\u0430\u043d\u0430\u043c\u0430","pl":"Panama"},"latitude":"9.00000000","longitude":"-80.00000000","emoji":"\ud83c\uddf5\ud83c\udde6","emojiU":"U+1F1F5 U+1F1E6","states":{"bocasdeltoro":{"id":1393,"name":"Bocas del Toro","state_code":"1","latitude":"9.41655210","longitude":"-82.52077870","type":"province","cities":{"almirante":{"id":79962,"name":"Almirante","latitude":"9.30091000","longitude":"-82.40180000"},"barranco":{"id":79982,"name":"Barranco","latitude":"9.51984000","longitude":"-82.70424000"},"barrancoadentro":{"id":79983,"name":"Barranco Adentro","latitude":"9.52757000","longitude":"-82.73344000"},"bastimentos":{"id":79986,"name":"Bastimentos","latitude":"9.34707000","longitude":"-82.20880000"},"bocasdeltoro":{"id":80000,"name":"Bocas del Toro","latitude":"9.34031000","longitude":"-82.24204000"},"cauchero":{"id":80036,"name":"Cauchero","latitude":"9.15226000","longitude":"-82.26450000"},"changuinola":{"id":80054,"name":"Changuinola","latitude":"9.43000000","longitude":"-82.52000000"},"chiriqu\u00edgrande":{"id":80063,"name":"Chiriqu\u00ed Grande","latitude":"8.94557000","longitude":"-82.11769000"},"distritochiriqu\u00edgrande":{"id":80084,"name":"Distrito Chiriqu\u00ed Grande","latitude":"8.94748000","longitude":"-82.12418000"},"distritodebocasdeltoro":{"id":80092,"name":"Distrito de Bocas del Toro","latitude":"9.36235000","longitude":"-82.26288000"},"distritodechanguinola":{"id":80101,"name":"Distrito de Changuinola","latitude":"9.25000000","longitude":"-82.63333000"},"elempalme":{"id":80170,"name":"El Empalme","latitude":"9.41667000","longitude":"-82.51667000"},"elsilencio":{"id":80202,"name":"El Silencio","latitude":"9.37222000","longitude":"-82.52877000"},"guabito":{"id":80217,"name":"Guabito","latitude":"9.48968000","longitude":"-82.61279000"},"islabastimentos":{"id":80235,"name":"Isla Bastimentos","latitude":"9.30000000","longitude":"-82.13333000"},"lamesa":{"id":80265,"name":"La Mesa","latitude":"9.49587000","longitude":"-82.67534000"},"miramar":{"id":80355,"name":"Miramar","latitude":"8.99482000","longitude":"-82.24147000"},"puntalaurel":{"id":80437,"name":"Punta Laurel","latitude":"9.14100000","longitude":"-82.12717000"},"puntape\u00f1a":{"id":80438,"name":"Punta Pe\u00f1a","latitude":"8.91659000","longitude":"-82.18488000"},"puntar\u00f3balo":{"id":80439,"name":"Punta R\u00f3balo","latitude":"9.03631000","longitude":"-82.24952000"},"valledelrisco":{"id":80537,"name":"Valle del Risco","latitude":"9.23064000","longitude":"-82.42748000"}}},"chiriqu\u00edprovince":{"id":1397,"name":"Chiriqu\u00ed Province","state_code":"4","latitude":"8.58489800","longitude":"-82.38857830","type":"province","cities":{"alanje":{"id":79959,"name":"Alanje","latitude":"8.39791000","longitude":"-82.55947000"},"algarrobosarriba":{"id":79961,"name":"Algarrobos Arriba","latitude":"8.51550000","longitude":"-82.42263000"},"altoboquete":{"id":79963,"name":"Alto Boquete","latitude":"8.73458000","longitude":"-82.43213000"},"aserr\u00edodegarich\u00e9":{"id":79974,"name":"Aserr\u00edo de Garich\u00e9","latitude":"8.48257000","longitude":"-82.79086000"},"b\u00e1gala":{"id":80012,"name":"B\u00e1gala","latitude":"8.46399000","longitude":"-82.52617000"},"bajoboquete":{"id":79979,"name":"Bajo Boquete","latitude":"8.77058000","longitude":"-82.43306000"},"barrioguadalupe":{"id":79985,"name":"Barrio Guadalupe","latitude":"8.86482000","longitude":"-82.56523000"},"bijagual":{"id":79992,"name":"Bijagual","latitude":"8.51486000","longitude":"-82.33361000"},"bocachica":{"id":79995,"name":"Boca Chica","latitude":"8.21911000","longitude":"-82.21592000"},"bocadelmonte":{"id":79999,"name":"Boca del Monte","latitude":"8.35296000","longitude":"-82.11379000"},"boquer\u00f3n":{"id":80002,"name":"Boquer\u00f3n","latitude":"8.50510000","longitude":"-82.57025000"},"boquete":{"id":80003,"name":"Boquete","latitude":"8.78024000","longitude":"-82.44136000"},"bre\u00f1\u00f3n":{"id":80005,"name":"Bre\u00f1\u00f3n","latitude":"8.62491000","longitude":"-82.81277000"},"bugaba":{"id":80010,"name":"Bugaba","latitude":"8.48255000","longitude":"-82.61991000"},"bugabitaarriba":{"id":80011,"name":"Bugabita Arriba","latitude":"8.52143000","longitude":"-82.63638000"},"caimito":{"id":80021,"name":"Caimito","latitude":"8.54162000","longitude":"-82.41900000"},"caldera":{"id":80023,"name":"Caldera","latitude":"8.64907000","longitude":"-82.38058000"},"ca\u00f1asgordas":{"id":80038,"name":"Ca\u00f1as Gordas","latitude":"8.74309000","longitude":"-82.91275000"},"celmira":{"id":80043,"name":"Celmira","latitude":"8.54026000","longitude":"-82.80022000"},"cerropunta":{"id":80051,"name":"Cerro Punta","latitude":"8.84968000","longitude":"-82.57261000"},"cerroviejo":{"id":80052,"name":"Cerro Viejo","latitude":"8.25349000","longitude":"-81.57658000"},"chiriqu\u00ed":{"id":80062,"name":"Chiriqu\u00ed","latitude":"8.39291000","longitude":"-82.31993000"},"cocheaabajo":{"id":80070,"name":"Cochea Abajo","latitude":"8.50512000","longitude":"-82.35878000"},"cordillera":{"id":80075,"name":"Cordillera","latitude":"8.70683000","longitude":"-82.60327000"},"david":{"id":80082,"name":"David","latitude":"8.42729000","longitude":"-82.43085000"},"distritodealanje":{"id":80087,"name":"Distrito de Alanje","latitude":"8.39842000","longitude":"-82.64065000"},"distritodebar\u00fa":{"id":80091,"name":"Distrito de Bar\u00fa","latitude":"8.29482000","longitude":"-82.92726000"},"distritodeboquer\u00f3n":{"id":80093,"name":"Distrito de Boquer\u00f3n","latitude":"8.61667000","longitude":"-82.56667000"},"distritodeboquete":{"id":80094,"name":"Distrito de Boquete","latitude":"8.74896000","longitude":"-82.36842000"},"distritodebugaba":{"id":80095,"name":"Distrito de Bugaba","latitude":"8.68786000","longitude":"-82.67937000"},"distritodedavid":{"id":80107,"name":"Distrito de David","latitude":"8.40000000","longitude":"-82.40000000"},"distritodedolega":{"id":80108,"name":"Distrito de Dolega","latitude":"8.61667000","longitude":"-82.45000000"},"distritodegualaca":{"id":80110,"name":"Distrito de Gualaca","latitude":"8.57398000","longitude":"-82.22207000"},"distritoderemedios":{"id":80132,"name":"Distrito de Remedios","latitude":"8.20253000","longitude":"-81.81163000"},"distritoderenacimiento":{"id":80133,"name":"Distrito de Renacimiento","latitude":"8.71667000","longitude":"-82.76667000"},"distritodesanf\u00e9lix":{"id":80137,"name":"Distrito de San F\u00e9lix","latitude":"8.27768000","longitude":"-81.87377000"},"distritodesanlorenzo":{"id":80138,"name":"Distrito de San Lorenzo","latitude":"8.29366000","longitude":"-82.08922000"},"distritodetol\u00e9":{"id":80145,"name":"Distrito de Tol\u00e9","latitude":"8.19015000","longitude":"-81.66007000"},"dival\u00e1":{"id":80147,"name":"Dival\u00e1","latitude":"8.41066000","longitude":"-82.71332000"},"dolegadistrict":{"id":80148,"name":"Dolega District","latitude":"8.56667000","longitude":"-82.41407000"},"elnancito":{"id":80185,"name":"El Nancito","latitude":"8.23811000","longitude":"-81.73218000"},"elpalmar":{"id":80186,"name":"El Palmar","latitude":"8.30098000","longitude":"-82.85344000"},"elporvenir":{"id":80193,"name":"El Porvenir","latitude":"8.22919000","longitude":"-81.83278000"},"eltejar":{"id":80203,"name":"El Tejar","latitude":"8.42973000","longitude":"-82.57294000"},"fincablanco":{"id":80210,"name":"Finca Blanco","latitude":"8.37979000","longitude":"-82.87385000"},"g\u00f3mez":{"id":80229,"name":"G\u00f3mez","latitude":"8.56085000","longitude":"-82.74142000"},"guabal":{"id":80216,"name":"Guabal","latitude":"8.57466000","longitude":"-82.53730000"},"guacaarriba":{"id":80218,"name":"Guaca Arriba","latitude":"8.53733000","longitude":"-82.49281000"},"gualaca":{"id":80220,"name":"Gualaca","latitude":"8.53006000","longitude":"-82.29959000"},"guarumal":{"id":80223,"name":"Guarumal","latitude":"8.34523000","longitude":"-82.53205000"},"guayabal":{"id":80225,"name":"Guayabal","latitude":"8.62193000","longitude":"-82.57935000"},"horconcitos":{"id":80233,"name":"Horconcitos","latitude":"8.31142000","longitude":"-82.15102000"},"laconcepci\u00f3n":{"id":80247,"name":"La Concepci\u00f3n","latitude":"8.51212000","longitude":"-82.61858000"},"laesperanza":{"id":80252,"name":"La Esperanza","latitude":"8.40344000","longitude":"-82.79197000"},"laestrella":{"id":80254,"name":"La Estrella","latitude":"8.51572000","longitude":"-82.67212000"},"lajasadentro":{"id":80283,"name":"Lajas Adentro","latitude":"8.24981000","longitude":"-81.87779000"},"lajasdetol\u00e9":{"id":80284,"name":"Lajas de Tol\u00e9","latitude":"8.16994000","longitude":"-81.69654000"},"laslajas":{"id":80295,"name":"Las Lajas","latitude":"8.24184000","longitude":"-81.86931000"},"laslomas":{"id":80296,"name":"Las Lomas","latitude":"8.42927000","longitude":"-82.38743000"},"limones":{"id":80311,"name":"Limones","latitude":"8.10007000","longitude":"-82.86679000"},"losalgarrobos":{"id":80326,"name":"Los Algarrobos","latitude":"8.49601000","longitude":"-82.42417000"},"losanastacios":{"id":80328,"name":"Los Anastacios","latitude":"8.53027000","longitude":"-82.42295000"},"los\u00c1ngeles":{"id":80344,"name":"Los \u00c1ngeles","latitude":"8.52271000","longitude":"-82.19997000"},"losnaranjos":{"id":80338,"name":"Los Naranjos","latitude":"8.79210000","longitude":"-82.44665000"},"manacacivil":{"id":80347,"name":"Manaca Civil","latitude":"8.32458000","longitude":"-82.81570000"},"manacanorte":{"id":80348,"name":"Manaca Norte","latitude":"8.33419000","longitude":"-82.81003000"},"matadelnance":{"id":80351,"name":"Mata del Nance","latitude":"8.45056000","longitude":"-82.40057000"},"montelirio":{"id":80360,"name":"Monte Lirio","latitude":"8.78935000","longitude":"-82.82865000"},"nuevosancarlitos":{"id":80378,"name":"Nuevo San Carlitos","latitude":"8.45698000","longitude":"-82.43712000"},"pajadesombrero":{"id":80387,"name":"Paja de Sombrero","latitude":"8.68335000","longitude":"-82.31911000"},"palmira":{"id":80392,"name":"Palmira","latitude":"8.73401000","longitude":"-82.45887000"},"palmiracentro":{"id":80393,"name":"Palmira Centro","latitude":"8.73956000","longitude":"-82.45228000"},"para\u00edso":{"id":80395,"name":"Para\u00edso","latitude":"8.65842000","longitude":"-82.58625000"},"pasocanoasarriba":{"id":80402,"name":"Paso Canoas Arriba","latitude":"8.56516000","longitude":"-82.82214000"},"pedregal":{"id":80405,"name":"Pedregal","latitude":"8.36586000","longitude":"-82.43524000"},"plazadecais\u00e1n":{"id":80418,"name":"Plaza de Cais\u00e1n","latitude":"8.73672000","longitude":"-82.81968000"},"potrerillosabajo":{"id":80424,"name":"Potrerillos Abajo","latitude":"8.63978000","longitude":"-82.48560000"},"potrerillosarriba":{"id":80425,"name":"Potrerillos Arriba","latitude":"8.68547000","longitude":"-82.49090000"},"progreso":{"id":80428,"name":"Progreso","latitude":"8.44669000","longitude":"-82.83859000"},"puebloviejo":{"id":80430,"name":"Pueblo Viejo","latitude":"8.25081000","longitude":"-81.66259000"},"puertoarmuelles":{"id":80431,"name":"Puerto Armuelles","latitude":"8.27775000","longitude":"-82.86206000"},"puntadeburica":{"id":80440,"name":"Punta de Burica","latitude":"8.03333000","longitude":"-82.86667000"},"quebradadepiedra":{"id":80447,"name":"Quebrada de Piedra","latitude":"8.09418000","longitude":"-81.67915000"},"quer\u00e9valo":{"id":80449,"name":"Quer\u00e9valo","latitude":"8.37174000","longitude":"-82.52670000"},"quinte\u00f1o":{"id":80450,"name":"Quinte\u00f1o","latitude":"8.47102000","longitude":"-82.39352000"},"remedios":{"id":80451,"name":"Remedios","latitude":"8.22436000","longitude":"-81.82747000"},"rinc\u00f3n":{"id":80452,"name":"Rinc\u00f3n","latitude":"8.46374000","longitude":"-82.27951000"},"r\u00edosereno":{"id":80465,"name":"R\u00edo Sereno","latitude":"8.81741000","longitude":"-82.85731000"},"roviraarriba":{"id":80455,"name":"Rovira Arriba","latitude":"8.63822000","longitude":"-82.49965000"},"sanandr\u00e9s":{"id":80471,"name":"San Andr\u00e9s","latitude":"8.60260000","longitude":"-82.72588000"},"sancarlos":{"id":80474,"name":"San Carlos","latitude":"8.51663000","longitude":"-82.50906000"},"sanf\u00e9lix":{"id":80478,"name":"San F\u00e9lix","latitude":"8.29063000","longitude":"-81.86702000"},"sanisidro":{"id":80480,"name":"San Isidro","latitude":"8.53032000","longitude":"-82.82720000"},"sanlorenzo":{"id":80487,"name":"San Lorenzo","latitude":"8.30561000","longitude":"-82.10114000"},"sanpablonuevoabajo":{"id":80491,"name":"San Pablo Nuevo Abajo","latitude":"8.42558000","longitude":"-82.50173000"},"sanpabloviejoabajo":{"id":80492,"name":"San Pablo Viejo Abajo","latitude":"8.45339000","longitude":"-82.50179000"},"santaclara":{"id":80497,"name":"Santa Clara","latitude":"8.83376000","longitude":"-82.77945000"},"santacruz":{"id":80499,"name":"Santa Cruz","latitude":"8.23219000","longitude":"-81.91323000"},"santamarta":{"id":80503,"name":"Santa Marta","latitude":"8.51406000","longitude":"-82.69870000"},"santarosa":{"id":80507,"name":"Santa Rosa","latitude":"8.59958000","longitude":"-82.68489000"},"santodomingo":{"id":80510,"name":"Santo Domingo","latitude":"8.50803000","longitude":"-82.71295000"},"santotom\u00e1s":{"id":80511,"name":"Santo Tom\u00e1s","latitude":"8.38959000","longitude":"-82.65058000"},"siogu\u00edabajo":{"id":80513,"name":"Siogu\u00ed Abajo","latitude":"8.48678000","longitude":"-82.66539000"},"siogu\u00edarriba":{"id":80514,"name":"Siogu\u00ed Arriba","latitude":"8.53865000","longitude":"-82.68619000"},"sortova":{"id":80517,"name":"Sortova","latitude":"8.54642000","longitude":"-82.65170000"},"tijeras":{"id":80520,"name":"Tijeras","latitude":"8.47514000","longitude":"-82.56058000"},"tinajas":{"id":80521,"name":"Tinajas","latitude":"8.55281000","longitude":"-82.45963000"},"tol\u00e9":{"id":80525,"name":"Tol\u00e9","latitude":"8.23989000","longitude":"-81.67168000"},"veladero":{"id":80539,"name":"Veladero","latitude":"8.23136000","longitude":"-81.65417000"},"volc\u00e1n":{"id":80550,"name":"Volc\u00e1n","latitude":"8.77291000","longitude":"-82.63823000"}}},"cocl\u00e9":{"id":1387,"name":"Cocl\u00e9","state_code":"2","latitude":"8.62660680","longitude":"-80.36586500","type":"province","cities":{"aguadulce":{"id":79956,"name":"Aguadulce","latitude":"8.24183000","longitude":"-80.54609000"},"aguasblancas":{"id":79957,"name":"Aguas Blancas","latitude":"8.50351000","longitude":"-80.31169000"},"altodelaestancia":{"id":79965,"name":"Alto de La Estancia","latitude":"8.58792000","longitude":"-80.18443000"},"ant\u00f3n":{"id":79969,"name":"Ant\u00f3n","latitude":"8.39733000","longitude":"-80.26063000"},"barrancocolorado":{"id":79984,"name":"Barranco Colorado","latitude":"8.38937000","longitude":"-80.63546000"},"caballero":{"id":80013,"name":"Caballero","latitude":"8.54343000","longitude":"-80.19769000"},"cabuya":{"id":80017,"name":"Cabuya","latitude":"8.54703000","longitude":"-80.16756000"},"caimito":{"id":80019,"name":"Caimito","latitude":"8.62271000","longitude":"-80.23919000"},"ca\u00f1averal":{"id":80039,"name":"Ca\u00f1averal","latitude":"8.51700000","longitude":"-80.42916000"},"capellan\u00eda":{"id":80032,"name":"Capellan\u00eda","latitude":"8.29858000","longitude":"-80.55480000"},"chigor\u00e9":{"id":80058,"name":"Chigor\u00e9","latitude":"8.53035000","longitude":"-80.35117000"},"chiguir\u00edarriba":{"id":80059,"name":"Chiguir\u00ed Arriba","latitude":"8.67187000","longitude":"-80.18975000"},"churuquitachiquita":{"id":80067,"name":"Churuquita Chiquita","latitude":"8.57555000","longitude":"-80.27161000"},"churuquitagrande":{"id":80068,"name":"Churuquita Grande","latitude":"8.59449000","longitude":"-80.27182000"},"cocl\u00e9":{"id":80071,"name":"Cocl\u00e9","latitude":"8.45601000","longitude":"-80.42899000"},"distritodeaguadulce":{"id":80086,"name":"Distrito de Aguadulce","latitude":"8.21270000","longitude":"-80.61441000"},"distritodeant\u00f3n":{"id":80088,"name":"Distrito de Ant\u00f3n","latitude":"8.45394000","longitude":"-80.18361000"},"distritodelapintada":{"id":80114,"name":"Distrito de La Pintada","latitude":"8.71801000","longitude":"-80.53946000"},"distritodenat\u00e1":{"id":80122,"name":"Distrito de Nat\u00e1","latitude":"8.34416000","longitude":"-80.60934000"},"distritodeol\u00e1":{"id":80124,"name":"Distrito de Ol\u00e1","latitude":"8.48053000","longitude":"-80.65324000"},"distritopenonom\u00e9":{"id":80085,"name":"Distrito Penonom\u00e9","latitude":"8.63000000","longitude":"-80.28333000"},"elca\u00f1o":{"id":80157,"name":"El Ca\u00f1o","latitude":"8.40195000","longitude":"-80.51791000"},"elchir\u00fa":{"id":80159,"name":"El Chir\u00fa","latitude":"8.39876000","longitude":"-80.18721000"},"elcoco":{"id":80163,"name":"El Coco","latitude":"8.39716000","longitude":"-80.35000000"},"elcop\u00e9":{"id":80165,"name":"El Cop\u00e9","latitude":"8.62036000","longitude":"-80.58433000"},"elcortezo":{"id":80167,"name":"El Cortezo","latitude":"8.34556000","longitude":"-80.58721000"},"elcristo":{"id":80168,"name":"El Cristo","latitude":"8.25071000","longitude":"-80.62093000"},"elpotrero":{"id":80194,"name":"El Potrero","latitude":"8.52146000","longitude":"-80.51681000"},"elretiro":{"id":80198,"name":"El Retiro","latitude":"8.48014000","longitude":"-80.15426000"},"elroble":{"id":80201,"name":"El Roble","latitude":"8.16850000","longitude":"-80.65897000"},"entradero":{"id":80207,"name":"Entradero","latitude":"8.56880000","longitude":"-80.20743000"},"farall\u00f3n":{"id":80209,"name":"Farall\u00f3n","latitude":"8.35658000","longitude":"-80.13723000"},"guzman":{"id":80228,"name":"Guzman","latitude":"8.51969000","longitude":"-80.58405000"},"juand\u00edaz":{"id":80237,"name":"Juan D\u00edaz","latitude":"8.46240000","longitude":"-80.28280000"},"laloma":{"id":80261,"name":"La Loma","latitude":"8.16667000","longitude":"-80.63742000"},"lapintada":{"id":80275,"name":"La Pintada","latitude":"8.59299000","longitude":"-80.44349000"},"lashuacasdelquije":{"id":80293,"name":"Las Huacas del Quije","latitude":"8.46702000","longitude":"-80.75089000"},"lasmarias":{"id":80299,"name":"Las Marias","latitude":"8.88809000","longitude":"-80.21893000"},"lasminas":{"id":80301,"name":"Las Minas","latitude":"8.64118000","longitude":"-80.39432000"},"lassabanas":{"id":80305,"name":"Las Sabanas","latitude":"8.58141000","longitude":"-80.67978000"},"llanogrande":{"id":80317,"name":"Llano Grande","latitude":"8.63817000","longitude":"-80.43848000"},"llanomar\u00edn":{"id":80320,"name":"Llano Mar\u00edn","latitude":"8.47696000","longitude":"-80.32499000"},"lospollos":{"id":80340,"name":"Los Pollos","latitude":"8.39898000","longitude":"-80.15731000"},"nat\u00e1":{"id":80366,"name":"Nat\u00e1","latitude":"8.33209000","longitude":"-80.51969000"},"nuestroamo":{"id":80370,"name":"Nuestro Amo","latitude":"8.44485000","longitude":"-80.58934000"},"ol\u00e1":{"id":80383,"name":"Ol\u00e1","latitude":"8.41807000","longitude":"-80.65123000"},"penonom\u00e9":{"id":80406,"name":"Penonom\u00e9","latitude":"8.51889000","longitude":"-80.35727000"},"piedrasgordas":{"id":80411,"name":"Piedras Gordas","latitude":"8.63777000","longitude":"-80.51024000"},"pocr\u00ed":{"id":80420,"name":"Pocr\u00ed","latitude":"8.25814000","longitude":"-80.55000000"},"r\u00edogrande":{"id":80460,"name":"R\u00edo Grande","latitude":"8.42679000","longitude":"-80.48457000"},"r\u00edohato":{"id":80462,"name":"R\u00edo Hato","latitude":"8.37940000","longitude":"-80.16621000"},"sanjuandedios":{"id":80486,"name":"San Juan de Dios","latitude":"8.55119000","longitude":"-80.22623000"},"toabr\u00e9":{"id":80522,"name":"Toabr\u00e9","latitude":"8.65131000","longitude":"-80.32017000"},"toza":{"id":80528,"name":"Toza","latitude":"8.34542000","longitude":"-80.64012000"},"vistahermosa":{"id":80548,"name":"Vista Hermosa","latitude":"8.52687000","longitude":"-80.37486000"}}},"col\u00f3n":{"id":1386,"name":"Col\u00f3n","state_code":"3","latitude":"9.18519890","longitude":"-80.05349230","type":"province","cities":{"buenavista":{"id":80007,"name":"Buena Vista","latitude":"9.27356000","longitude":"-79.69551000"},"cativ\u00e1":{"id":80035,"name":"Cativ\u00e1","latitude":"9.36218000","longitude":"-79.83232000"},"cocl\u00e9delnorte":{"id":80072,"name":"Cocl\u00e9 del Norte","latitude":"9.07540000","longitude":"-80.57177000"},"col\u00f3n":{"id":80073,"name":"Col\u00f3n","latitude":"9.35451000","longitude":"-79.90011000"},"crist\u00f3bal":{"id":80078,"name":"Crist\u00f3bal","latitude":"9.35222000","longitude":"-79.90444000"},"distritodechagres":{"id":80099,"name":"Distrito de Chagres","latitude":"9.12300000","longitude":"-80.11841000"},"distritodecol\u00f3n":{"id":80106,"name":"Distrito de Col\u00f3n","latitude":"9.24313000","longitude":"-79.79463000"},"distritodedonoso":{"id":80109,"name":"Distrito de Donoso","latitude":"9.01999000","longitude":"-80.42967000"},"distritodeportobelo":{"id":80131,"name":"Distrito de Portobelo","latitude":"9.49748000","longitude":"-79.60730000"},"distritodesantaisabel":{"id":80140,"name":"Distrito de Santa Isabel","latitude":"9.48333000","longitude":"-79.31667000"},"elgiral":{"id":80174,"name":"El Giral","latitude":"9.24509000","longitude":"-79.69266000"},"elguabo":{"id":80175,"name":"El Guabo","latitude":"9.07842000","longitude":"-80.08316000"},"elvalledelauni\u00f3n":{"id":80206,"name":"El Valle de la Uni\u00f3n","latitude":"9.23630000","longitude":"-79.65986000"},"escobal":{"id":80208,"name":"Escobal","latitude":"9.14373000","longitude":"-79.96439000"},"gat\u00fan":{"id":80214,"name":"Gat\u00fan","latitude":"9.28922000","longitude":"-79.77204000"},"gatuncillo":{"id":80213,"name":"Gatuncillo","latitude":"9.24346000","longitude":"-79.64856000"},"lasmargaritas":{"id":80298,"name":"Las Margaritas","latitude":"9.32603000","longitude":"-79.89028000"},"mar\u00edachiquita":{"id":80350,"name":"Mar\u00eda Chiquita","latitude":"9.43991000","longitude":"-79.75455000"},"miramar":{"id":80354,"name":"Miramar","latitude":"9.57544000","longitude":"-79.33573000"},"nombrededios":{"id":80368,"name":"Nombre de Dios","latitude":"9.57937000","longitude":"-79.47109000"},"nuevochagres":{"id":80376,"name":"Nuevo Chagres","latitude":"9.23979000","longitude":"-80.08267000"},"nuevosanjuan":{"id":80379,"name":"Nuevo San Juan","latitude":"9.22205000","longitude":"-79.66602000"},"nuevovig\u00eda":{"id":80380,"name":"Nuevo Vig\u00eda","latitude":"9.24263000","longitude":"-79.60756000"},"palenque":{"id":80388,"name":"Palenque","latitude":"9.56970000","longitude":"-79.36341000"},"palmasbellas":{"id":80389,"name":"Palmas Bellas","latitude":"9.22838000","longitude":"-80.08503000"},"palmira":{"id":80391,"name":"Palmira","latitude":"9.54359000","longitude":"-79.21946000"},"playachiquita":{"id":80415,"name":"Playa Chiquita","latitude":"9.56620000","longitude":"-79.29185000"},"portobelo":{"id":80423,"name":"Portobelo","latitude":"9.55303000","longitude":"-79.65693000"},"puertoescondido":{"id":80433,"name":"Puerto Escondido","latitude":"9.19333000","longitude":"-80.08833000"},"puertopil\u00f3n":{"id":80435,"name":"Puerto Pil\u00f3n","latitude":"9.36316000","longitude":"-79.79333000"},"quebradabonitaadentro":{"id":80443,"name":"Quebrada Bonita Adentro","latitude":"9.29662000","longitude":"-79.70606000"},"r\u00edoalejandro":{"id":80457,"name":"R\u00edo Alejandro","latitude":"9.37149000","longitude":"-79.78809000"},"r\u00edoduque":{"id":80459,"name":"R\u00edo Duque","latitude":"9.25688000","longitude":"-79.67937000"},"r\u00edorita":{"id":80464,"name":"R\u00edo Rita","latitude":"9.30296000","longitude":"-79.79234000"},"sabanitas":{"id":80469,"name":"Sabanitas","latitude":"9.34269000","longitude":"-79.80961000"},"santaisabel":{"id":80502,"name":"Santa Isabel","latitude":"9.53922000","longitude":"-79.19570000"},"santaritaarriba":{"id":80506,"name":"Santa Rita Arriba","latitude":"9.33032000","longitude":"-79.79363000"},"vientofr\u00edo":{"id":80541,"name":"Viento Fr\u00edo","latitude":"9.58263000","longitude":"-79.40690000"}}},"dari\u00e9n":{"id":1385,"name":"Dari\u00e9n","state_code":"5","latitude":"7.86817130","longitude":"-77.83672820","type":"province","cities":{"bocadecup\u00e9":{"id":79997,"name":"Boca de Cup\u00e9","latitude":"8.03003000","longitude":"-77.58978000"},"camogant\u00ed":{"id":80030,"name":"Camogant\u00ed","latitude":"8.04171000","longitude":"-77.88682000"},"cucunat\u00ed":{"id":80079,"name":"Cucunat\u00ed","latitude":"8.57508000","longitude":"-78.25671000"},"distritodechepigana":{"id":80102,"name":"Distrito de Chepigana","latitude":"7.84374000","longitude":"-77.83830000"},"distritodepinogana":{"id":80129,"name":"Distrito de Pinogana","latitude":"7.89343000","longitude":"-77.52562000"},"garachin\u00e9":{"id":80212,"name":"Garachin\u00e9","latitude":"8.06684000","longitude":"-78.36436000"},"jaqu\u00e9":{"id":80236,"name":"Jaqu\u00e9","latitude":"7.51826000","longitude":"-78.16343000"},"lapalma":{"id":80270,"name":"La Palma","latitude":"8.40608000","longitude":"-78.13964000"},"metet\u00ed":{"id":80353,"name":"Metet\u00ed","latitude":"8.49909000","longitude":"-77.97897000"},"mort\u00ed":{"id":80362,"name":"Mort\u00ed","latitude":"8.84246000","longitude":"-77.97539000"},"p\u00facuro":{"id":80442,"name":"P\u00facuro","latitude":"7.97876000","longitude":"-77.48758000"},"santaf\u00e9":{"id":80500,"name":"Santa F\u00e9","latitude":"8.65525000","longitude":"-78.16140000"},"yaviza":{"id":80552,"name":"Yaviza","latitude":"8.15835000","longitude":"-77.69276000"}}},"ember\u00e1-wounaancomarca":{"id":1396,"name":"Ember\u00e1-Wounaan Comarca","state_code":"EM","latitude":"8.37669830","longitude":"-77.65361250","type":"indigenous region","cities":{"bayam\u00f3n":{"id":79987,"name":"Bayam\u00f3n","latitude":"7.96817000","longitude":"-78.21648000"},"c\u00e9maco":{"id":80081,"name":"C\u00e9maco","latitude":"8.08285000","longitude":"-77.54210000"},"corozal":{"id":80076,"name":"Corozal","latitude":"8.20108000","longitude":"-77.59637000"},"samb\u00fa":{"id":80470,"name":"Samb\u00fa","latitude":"7.82013000","longitude":"-78.11005000"},"uni\u00f3nchoc\u00f3":{"id":80531,"name":"Uni\u00f3n Choc\u00f3","latitude":"8.08404000","longitude":"-77.53507000"},"yape":{"id":80551,"name":"Yape","latitude":"8.09839000","longitude":"-77.59817000"}}},"guna":{"id":1388,"name":"Guna","state_code":"KY","latitude":"9.23443950","longitude":"-78.19262500","type":"indigenous region","cities":{"achutupo":{"id":79954,"name":"Achutupo","latitude":"9.19827000","longitude":"-77.98729000"},"ailigand\u00ed":{"id":79958,"name":"Ailigand\u00ed","latitude":"9.22810000","longitude":"-78.02778000"},"cart\u00edsugdup":{"id":80034,"name":"Cart\u00ed Sugdup","latitude":"9.46460000","longitude":"-78.95931000"},"elporvenir":{"id":80192,"name":"El Porvenir","latitude":"9.55276000","longitude":"-78.95230000"},"mulatupo":{"id":80363,"name":"Mulatupo","latitude":"8.94672000","longitude":"-77.75080000"},"nargan\u00e1":{"id":80365,"name":"Nargan\u00e1","latitude":"9.44394000","longitude":"-78.58666000"},"play\u00f3nchico":{"id":80417,"name":"Play\u00f3n Chico","latitude":"9.31128000","longitude":"-78.23270000"},"puertoobald\u00eda":{"id":80434,"name":"Puerto Obald\u00eda","latitude":"8.66632000","longitude":"-77.41922000"},"sanignaciodetupile":{"id":80479,"name":"San Ignacio de Tupile","latitude":"9.28905000","longitude":"-78.15206000"},"tubual\u00e1":{"id":80530,"name":"Tubual\u00e1","latitude":"9.51667000","longitude":"-79.03333000"},"ustupo":{"id":80534,"name":"Ustupo","latitude":"9.13112000","longitude":"-77.92620000"}}},"herrera":{"id":1389,"name":"Herrera","state_code":"6","latitude":"7.77042820","longitude":"-80.72144170","type":"province","cities":{"bocadeparita":{"id":79998,"name":"Boca de Parita","latitude":"8.00796000","longitude":"-80.45320000"},"cabuya":{"id":80015,"name":"Cabuya","latitude":"8.03138000","longitude":"-80.63227000"},"cerrolargo":{"id":80049,"name":"Cerro Largo","latitude":"7.83377000","longitude":"-80.83168000"},"chitr\u00e9":{"id":80064,"name":"Chitr\u00e9","latitude":"7.96082000","longitude":"-80.42944000"},"chumical":{"id":80065,"name":"Chumical","latitude":"7.84482000","longitude":"-80.72627000"},"chupampa":{"id":80066,"name":"Chupampa","latitude":"8.07620000","longitude":"-80.77656000"},"distritodechitr\u00e9":{"id":80105,"name":"Distrito de Chitr\u00e9","latitude":"7.98333000","longitude":"-80.43333000"},"distritodelasminas":{"id":80115,"name":"Distrito de Las Minas","latitude":"7.76525000","longitude":"-80.82249000"},"distritodelospozos":{"id":80118,"name":"Distrito de Los Pozos","latitude":"7.70944000","longitude":"-80.64311000"},"distritodeoc\u00fa":{"id":80123,"name":"Distrito de Oc\u00fa","latitude":"7.90641000","longitude":"-80.79752000"},"distritodeparita":{"id":80126,"name":"Distrito de Parita","latitude":"8.06240000","longitude":"-80.56373000"},"distritodepes\u00e9":{"id":80128,"name":"Distrito de Pes\u00e9","latitude":"7.88194000","longitude":"-80.63261000"},"distritodesantamar\u00eda":{"id":80141,"name":"Distrito de Santa Mar\u00eda","latitude":"8.11667000","longitude":"-80.68333000"},"elcalabacito":{"id":80153,"name":"El Calabacito","latitude":"7.71843000","longitude":"-80.59757000"},"elcapur\u00ed":{"id":80154,"name":"El Capur\u00ed","latitude":"7.72571000","longitude":"-80.64349000"},"elcedro":{"id":80158,"name":"El Cedro","latitude":"7.68565000","longitude":"-80.65927000"},"elpedregoso":{"id":80188,"name":"El Pedregoso","latitude":"7.93642000","longitude":"-80.63807000"},"elrinc\u00f3n":{"id":80199,"name":"El Rinc\u00f3n","latitude":"8.11923000","longitude":"-80.61707000"},"eltoro":{"id":80204,"name":"El Toro","latitude":"7.75110000","longitude":"-80.86943000"},"laarena":{"id":80241,"name":"La Arena","latitude":"7.96766000","longitude":"-80.46523000"},"latrinidad":{"id":80279,"name":"La Trinidad","latitude":"7.91457000","longitude":"-80.70332000"},"lasguabas":{"id":80289,"name":"Las Guabas","latitude":"7.90949000","longitude":"-80.80706000"},"lasminas":{"id":80300,"name":"Las Minas","latitude":"7.79581000","longitude":"-80.74570000"},"leonesarriba":{"id":80309,"name":"Leones Arriba","latitude":"7.76590000","longitude":"-80.84515000"},"lim\u00f3ndetijeras":{"id":80312,"name":"Lim\u00f3n de Tijeras","latitude":"7.81756000","longitude":"-80.91335000"},"llanobonito":{"id":80314,"name":"Llano Bonito","latitude":"7.97637000","longitude":"-80.41646000"},"llanodelacruz":{"id":80321,"name":"Llano de La Cruz","latitude":"7.95178000","longitude":"-80.64239000"},"llanogrande":{"id":80315,"name":"Llano Grande","latitude":"7.97406000","longitude":"-80.71103000"},"loscanelos":{"id":80330,"name":"Los Canelos","latitude":"8.11722000","longitude":"-80.70769000"},"loscastillos":{"id":80331,"name":"Los Castillos","latitude":"7.98565000","longitude":"-80.61886000"},"loscerritos":{"id":80333,"name":"Los Cerritos","latitude":"7.79746000","longitude":"-80.61071000"},"loscerrosdepaja":{"id":80334,"name":"Los Cerros de Paja","latitude":"7.71821000","longitude":"-80.67273000"},"lospozos":{"id":80341,"name":"Los Pozos","latitude":"7.78300000","longitude":"-80.64524000"},"monagrillo":{"id":80358,"name":"Monagrillo","latitude":"7.98179000","longitude":"-80.43764000"},"oc\u00fa":{"id":80382,"name":"Oc\u00fa","latitude":"7.94052000","longitude":"-80.77936000"},"par\u00eds":{"id":80401,"name":"Par\u00eds","latitude":"8.05053000","longitude":"-80.55409000"},"parita":{"id":80398,"name":"Parita","latitude":"7.99393000","longitude":"-80.52097000"},"pe\u00f1aschatas":{"id":80410,"name":"Pe\u00f1as Chatas","latitude":"8.01502000","longitude":"-80.80366000"},"pes\u00e9":{"id":80408,"name":"Pes\u00e9","latitude":"7.90863000","longitude":"-80.61433000"},"pitalozaarriba":{"id":80413,"name":"Pitaloza Arriba","latitude":"7.64216000","longitude":"-80.66788000"},"portobelillo":{"id":80422,"name":"Portobelillo","latitude":"8.01738000","longitude":"-80.59538000"},"potuga":{"id":80427,"name":"Potuga","latitude":"8.06317000","longitude":"-80.62271000"},"quebradadelrosario":{"id":80448,"name":"Quebrada del Rosario","latitude":"7.71238000","longitude":"-80.74222000"},"rinc\u00f3nhondo":{"id":80453,"name":"Rinc\u00f3n Hondo","latitude":"7.84436000","longitude":"-80.60397000"},"sabanagrande":{"id":80467,"name":"Sabana Grande","latitude":"7.88002000","longitude":"-80.63818000"},"sanjuanbautista":{"id":80485,"name":"San Juan Bautista","latitude":"7.96099000","longitude":"-80.41283000"},"santamar\u00eda":{"id":80504,"name":"Santa Mar\u00eda","latitude":"8.11143000","longitude":"-80.66582000"}}},"lossantos":{"id":1390,"name":"Los Santos","state_code":"7","latitude":"7.59093020","longitude":"-80.36586500","type":"province","cities":{"aguabuena":{"id":79955,"name":"Agua Buena","latitude":"7.83465000","longitude":"-80.39405000"},"avemar\u00eda":{"id":79976,"name":"Ave Mar\u00eda","latitude":"7.32481000","longitude":"-80.45361000"},"bah\u00edahonda":{"id":79978,"name":"Bah\u00eda Honda","latitude":"7.70517000","longitude":"-80.45342000"},"bajocorral":{"id":79980,"name":"Bajo Corral","latitude":"7.60463000","longitude":"-80.26016000"},"bayano":{"id":79988,"name":"Bayano","latitude":"7.63014000","longitude":"-80.38201000"},"bellavista":{"id":79990,"name":"Bella Vista","latitude":"7.75000000","longitude":"-80.23333000"},"cambutal":{"id":80029,"name":"Cambutal","latitude":"7.26534000","longitude":"-80.49105000"},"ca\u00f1as":{"id":80037,"name":"Ca\u00f1as","latitude":"7.44713000","longitude":"-80.26480000"},"cedroarriba":{"id":80042,"name":"Cedro Arriba","latitude":"7.78097000","longitude":"-80.53057000"},"distritodeguarar\u00e9":{"id":80111,"name":"Distrito de Guarar\u00e9","latitude":"7.77021000","longitude":"-80.37515000"},"distritodelastablas":{"id":80117,"name":"Distrito de Las Tablas","latitude":"7.64843000","longitude":"-80.29933000"},"distritodelossantos":{"id":80119,"name":"Distrito de Los Santos","latitude":"7.88333000","longitude":"-80.45000000"},"distritodemacaracas":{"id":80120,"name":"Distrito de Macaracas","latitude":"7.65817000","longitude":"-80.53526000"},"distritodepedas\u00ed":{"id":80127,"name":"Distrito de Pedas\u00ed","latitude":"7.48528000","longitude":"-80.12747000"},"distritodepocr\u00ed":{"id":80130,"name":"Distrito de Pocr\u00ed","latitude":"7.63721000","longitude":"-80.16470000"},"distritodetonos\u00ed":{"id":80146,"name":"Distrito de Tonos\u00ed","latitude":"7.43597000","longitude":"-80.45828000"},"elcacao":{"id":80151,"name":"El Cacao","latitude":"7.44570000","longitude":"-80.40938000"},"elca\u00f1af\u00edstulo":{"id":80156,"name":"El Ca\u00f1af\u00edstulo","latitude":"7.61768000","longitude":"-80.23322000"},"elcarate":{"id":80155,"name":"El Carate","latitude":"7.73124000","longitude":"-80.29691000"},"elcocal":{"id":80161,"name":"El Cocal","latitude":"7.73697000","longitude":"-80.27980000"},"elcortezo":{"id":80166,"name":"El Cortezo","latitude":"7.42661000","longitude":"-80.63311000"},"elejido":{"id":80169,"name":"El Ejido","latitude":"7.91634000","longitude":"-80.38686000"},"elgu\u00e1simo":{"id":80176,"name":"El Gu\u00e1simo","latitude":"7.80640000","longitude":"-80.52991000"},"elhato":{"id":80177,"name":"El Hato","latitude":"7.79316000","longitude":"-80.38267000"},"elmacano":{"id":80180,"name":"El Macano","latitude":"7.68489000","longitude":"-80.40309000"},"elmanantial":{"id":80181,"name":"El Manantial","latitude":"7.78245000","longitude":"-80.24713000"},"elmu\u00f1oz":{"id":80184,"name":"El Mu\u00f1oz","latitude":"7.67582000","longitude":"-80.32130000"},"elpedregoso":{"id":80189,"name":"El Pedregoso","latitude":"7.69173000","longitude":"-80.32793000"},"flores":{"id":80211,"name":"Flores","latitude":"7.48157000","longitude":"-80.40695000"},"guarar\u00e9":{"id":80221,"name":"Guarar\u00e9","latitude":"7.81531000","longitude":"-80.28345000"},"guarar\u00e9arriba":{"id":80222,"name":"Guarar\u00e9 Arriba","latitude":"7.80023000","longitude":"-80.35983000"},"lacolorada":{"id":80246,"name":"La Colorada","latitude":"7.82362000","longitude":"-80.55552000"},"laenea":{"id":80248,"name":"La Enea","latitude":"7.83333000","longitude":"-80.27417000"},"laespigadilla":{"id":80253,"name":"La Espigadilla","latitude":"7.88389000","longitude":"-80.39039000"},"lalaja":{"id":80260,"name":"La Laja","latitude":"7.73102000","longitude":"-80.25298000"},"lamesa":{"id":80266,"name":"La Mesa","latitude":"7.65670000","longitude":"-80.61794000"},"lamiel":{"id":80267,"name":"La Miel","latitude":"7.56022000","longitude":"-80.32736000"},"lapalma":{"id":80271,"name":"La Palma","latitude":"7.71667000","longitude":"-80.38333000"},"lapasera":{"id":80272,"name":"La Pasera","latitude":"7.79757000","longitude":"-80.30342000"},"latiza":{"id":80278,"name":"La Tiza","latitude":"7.75110000","longitude":"-80.29216000"},"latronosa":{"id":80280,"name":"La Tronosa","latitude":"7.43609000","longitude":"-80.58698000"},"lajamina":{"id":80282,"name":"Lajamina","latitude":"7.58587000","longitude":"-80.13212000"},"lascruces":{"id":80287,"name":"Las Cruces","latitude":"7.82285000","longitude":"-80.43003000"},"lasguabas":{"id":80290,"name":"Las Guabas","latitude":"7.81469000","longitude":"-80.50155000"},"laspalmas":{"id":80303,"name":"Las Palmas","latitude":"7.68314000","longitude":"-80.49728000"},"laspalmitas":{"id":80304,"name":"Las Palmitas","latitude":"7.76523000","longitude":"-80.29350000"},"lastablas":{"id":80306,"name":"Las Tablas","latitude":"7.76472000","longitude":"-80.27483000"},"lastrancas":{"id":80307,"name":"Las Trancas","latitude":"7.73400000","longitude":"-80.37384000"},"llanoabajo":{"id":80313,"name":"Llano Abajo","latitude":"7.78598000","longitude":"-80.41060000"},"llanodepiedra":{"id":80322,"name":"Llano de Piedra","latitude":"7.65972000","longitude":"-80.56347000"},"llanolargo":{"id":80319,"name":"Llano Largo","latitude":"7.90607000","longitude":"-80.42561000"},"los\u00c1ngeles":{"id":80343,"name":"Los \u00c1ngeles","latitude":"7.88422000","longitude":"-80.35772000"},"losasientos":{"id":80329,"name":"Los Asientos","latitude":"7.51656000","longitude":"-80.13521000"},"losolivos":{"id":80339,"name":"Los Olivos","latitude":"7.91589000","longitude":"-80.48884000"},"lossantos":{"id":80342,"name":"Los Santos","latitude":"7.93333000","longitude":"-80.41667000"},"macaracas":{"id":80346,"name":"Macaracas","latitude":"7.73168000","longitude":"-80.55364000"},"mogoll\u00f3n":{"id":80357,"name":"Mogoll\u00f3n","latitude":"7.64261000","longitude":"-80.45950000"},"nuario":{"id":80369,"name":"Nuario","latitude":"7.53047000","longitude":"-80.32692000"},"oriaarriba":{"id":80385,"name":"Oria Arriba","latitude":"7.50505000","longitude":"-80.20567000"},"palmira":{"id":80390,"name":"Palmira","latitude":"7.66347000","longitude":"-80.35728000"},"para\u00edso":{"id":80396,"name":"Para\u00edso","latitude":"7.68510000","longitude":"-80.16082000"},"paritilla":{"id":80399,"name":"Paritilla","latitude":"7.62848000","longitude":"-80.17240000"},"pedas\u00ed":{"id":80403,"name":"Pedas\u00ed","latitude":"7.53034000","longitude":"-80.02699000"},"pe\u00f1ablanca":{"id":80409,"name":"Pe\u00f1a Blanca","latitude":"7.71931000","longitude":"-80.28366000"},"perales":{"id":80407,"name":"Perales","latitude":"7.77461000","longitude":"-80.32494000"},"pocr\u00ed":{"id":80419,"name":"Pocr\u00ed","latitude":"7.65816000","longitude":"-80.12119000"},"r\u00edohondo":{"id":80463,"name":"R\u00edo Hondo","latitude":"7.71192000","longitude":"-80.35904000"},"sabanagrande":{"id":80468,"name":"Sabana Grande","latitude":"7.83543000","longitude":"-80.36490000"},"sanjos\u00e9":{"id":80481,"name":"San Jos\u00e9","latitude":"7.67395000","longitude":"-80.24438000"},"santaanaarriba":{"id":80496,"name":"Santa Ana Arriba","latitude":"7.93300000","longitude":"-80.36369000"},"santodomingo":{"id":80509,"name":"Santo Domingo","latitude":"7.74614000","longitude":"-80.24173000"},"sesteadero":{"id":80512,"name":"Sesteadero","latitude":"7.73885000","longitude":"-80.24854000"},"tonos\u00ed":{"id":80526,"name":"Tonos\u00ed","latitude":"7.40684000","longitude":"-80.44217000"},"tresquebradas":{"id":80529,"name":"Tres Quebradas","latitude":"7.84018000","longitude":"-80.40740000"},"vallerico":{"id":80536,"name":"Valle Rico","latitude":"7.62011000","longitude":"-80.35076000"},"vallerriquito":{"id":80538,"name":"Vallerriquito","latitude":"7.62163000","longitude":"-80.31975000"},"villalourdes":{"id":80544,"name":"Villa Lourdes","latitude":"7.81141000","longitude":"-80.47029000"}}},"ng\u00f6be-bugl\u00e9comarca":{"id":1391,"name":"Ng\u00f6be-Bugl\u00e9 Comarca","state_code":"NB","latitude":"8.65958330","longitude":"-81.77870210","type":"indigenous region","cities":{"bah\u00edaazul":{"id":79977,"name":"Bah\u00eda Azul","latitude":"9.14176000","longitude":"-81.89425000"},"besiko":{"id":79991,"name":"Besiko","latitude":"8.54863000","longitude":"-82.08980000"},"bisira":{"id":79993,"name":"Bisira","latitude":"8.89553000","longitude":"-81.85352000"},"bocadebalsa":{"id":79996,"name":"Boca de Balsa","latitude":"8.52995000","longitude":"-82.03132000"},"buenosaires":{"id":80009,"name":"Buenos Aires","latitude":"8.41384000","longitude":"-81.48440000"},"camar\u00f3narriba":{"id":80028,"name":"Camar\u00f3n Arriba","latitude":"8.38324000","longitude":"-81.99345000"},"cerrobanco":{"id":80046,"name":"Cerro Banco","latitude":"8.45797000","longitude":"-82.03081000"},"cerroca\u00f1a":{"id":80048,"name":"Cerro Ca\u00f1a","latitude":"8.35174000","longitude":"-81.61050000"},"cerroplata":{"id":80050,"name":"Cerro Plata","latitude":"8.47733000","longitude":"-81.54585000"},"chichica":{"id":80057,"name":"Chichica","latitude":"8.35885000","longitude":"-81.66582000"},"guayabito":{"id":80226,"name":"Guayabito","latitude":"8.53949000","longitude":"-81.48225000"},"hatochami":{"id":80230,"name":"Hato Chami","latitude":"8.44281000","longitude":"-81.77196000"},"hatocorot\u00fa":{"id":80231,"name":"Hato Corot\u00fa","latitude":"8.33516000","longitude":"-81.97030000"},"kankint\u00fa":{"id":80239,"name":"Kankint\u00fa","latitude":"8.89503000","longitude":"-81.85750000"},"kusap\u00edn":{"id":80240,"name":"Kusap\u00edn","latitude":"9.17119000","longitude":"-81.89621000"},"lajeroarriba":{"id":80285,"name":"Lajero Arriba","latitude":"8.29060000","longitude":"-81.77047000"},"llano\u00d1opo":{"id":80323,"name":"Llano \u00d1opo","latitude":"8.41996000","longitude":"-81.61865000"},"lomayuca":{"id":80325,"name":"Loma Yuca","latitude":"8.71817000","longitude":"-81.40492000"},"mirono":{"id":80356,"name":"Mirono","latitude":"8.40469000","longitude":"-81.83064000"},"m\u00fcna":{"id":80364,"name":"M\u00fcna","latitude":"8.35035000","longitude":"-81.67219000"},"noled\u00fcima":{"id":80367,"name":"Nole D\u00fcima","latitude":"8.32682000","longitude":"-81.81531000"},"nurun":{"id":80381,"name":"Nurun","latitude":"8.47815000","longitude":"-81.47015000"},"oma":{"id":80384,"name":"Oma","latitude":"8.35019000","longitude":"-81.80177000"},"pared\u00f3narriba":{"id":80397,"name":"Pared\u00f3n Arriba","latitude":"8.45977000","longitude":"-81.19592000"},"plandechorcha":{"id":80414,"name":"Plan de Chorcha","latitude":"8.46168000","longitude":"-82.15924000"},"pueblonuevo":{"id":80429,"name":"Pueblo Nuevo","latitude":"8.88070000","longitude":"-82.22411000"},"quebradacanoa":{"id":80444,"name":"Quebrada Canoa","latitude":"8.43333000","longitude":"-81.78333000"},"quebradatula":{"id":80445,"name":"Quebrada Tula","latitude":"8.84037000","longitude":"-81.99645000"},"sitioprado":{"id":80515,"name":"Sitio Prado","latitude":"8.37233000","longitude":"-81.58141000"},"tobobe":{"id":80523,"name":"Tobobe","latitude":"9.12111000","longitude":"-81.82471000"}}},"panam\u00e1":{"id":1395,"name":"Panam\u00e1","state_code":"8","latitude":"9.11967510","longitude":"-79.29021330","type":"province","cities":{"alcalded\u00edaz":{"id":79960,"name":"Alcalde D\u00edaz","latitude":"9.12016000","longitude":"-79.55641000"},"anc\u00f3n":{"id":79968,"name":"Anc\u00f3n","latitude":"8.96015000","longitude":"-79.55140000"},"brujas":{"id":80006,"name":"Brujas","latitude":"8.58536000","longitude":"-78.53008000"},"cabran\u00famerouno":{"id":80014,"name":"Cabra N\u00famero Uno","latitude":"9.10863000","longitude":"-79.33694000"},"caimitillo":{"id":80018,"name":"Caimitillo","latitude":"9.15559000","longitude":"-79.53974000"},"calzadalarga":{"id":80027,"name":"Calzada Larga","latitude":"9.17272000","longitude":"-79.56212000"},"ca\u00f1ita":{"id":80041,"name":"Ca\u00f1ita","latitude":"9.22236000","longitude":"-78.89509000"},"cerroazul":{"id":80045,"name":"Cerro Azul","latitude":"9.15735000","longitude":"-79.42097000"},"chepillo":{"id":80055,"name":"Chepillo","latitude":"8.95396000","longitude":"-79.12856000"},"chepo":{"id":80056,"name":"Chepo","latitude":"9.17019000","longitude":"-79.10083000"},"chilibre":{"id":80060,"name":"Chilibre","latitude":"9.15093000","longitude":"-79.62098000"},"chim\u00e1n":{"id":80061,"name":"Chim\u00e1n","latitude":"8.69125000","longitude":"-78.63570000"},"contadora":{"id":80074,"name":"Contadora","latitude":"8.62483000","longitude":"-79.03748000"},"curund\u00fa":{"id":80080,"name":"Curund\u00fa","latitude":"8.97092000","longitude":"-79.54612000"},"distritodebalboa":{"id":80090,"name":"Distrito de Balboa","latitude":"8.46667000","longitude":"-79.00000000"},"distritodechepo":{"id":80103,"name":"Distrito de Chepo","latitude":"9.17391000","longitude":"-78.70374000"},"distritodechim\u00e1n":{"id":80104,"name":"Distrito de Chim\u00e1n","latitude":"8.76043000","longitude":"-78.56470000"},"distritodepanam\u00e1":{"id":80125,"name":"Distrito de Panam\u00e1","latitude":"9.30612000","longitude":"-79.45246000"},"distritodetaboga":{"id":80144,"name":"Distrito de Taboga","latitude":"8.78333000","longitude":"-79.55833000"},"elchorrillo":{"id":80160,"name":"El Chorrillo","latitude":"8.94964000","longitude":"-79.54715000"},"elprogreso":{"id":80196,"name":"El Progreso","latitude":"9.26667000","longitude":"-79.11667000"},"gonzalillo":{"id":80215,"name":"Gonzalillo","latitude":"9.09183000","longitude":"-79.51928000"},"howard":{"id":80234,"name":"Howard","latitude":"8.93942000","longitude":"-79.59097000"},"juand\u00edaz":{"id":80238,"name":"Juan D\u00edaz","latitude":"9.05000000","longitude":"-79.45000000"},"lacabima":{"id":80242,"name":"La Cabima","latitude":"9.11865000","longitude":"-79.53660000"},"lacolorada":{"id":80245,"name":"La Colorada","latitude":"9.10224000","longitude":"-79.41600000"},"laensenada":{"id":80249,"name":"La Ensenada","latitude":"8.36618000","longitude":"-78.84606000"},"laesmeralda":{"id":80251,"name":"La Esmeralda","latitude":"8.26817000","longitude":"-78.92460000"},"laguinea":{"id":80256,"name":"La Guinea","latitude":"8.34250000","longitude":"-78.93430000"},"lamesa":{"id":80264,"name":"La Mesa","latitude":"9.17308000","longitude":"-79.27401000"},"lascumbres":{"id":80288,"name":"Las Cumbres","latitude":"9.08916000","longitude":"-79.52809000"},"lasmargaritas":{"id":80297,"name":"Las Margaritas","latitude":"9.18426000","longitude":"-79.08730000"},"l\u00eddice":{"id":80345,"name":"L\u00eddice","latitude":"8.74869000","longitude":"-79.90974000"},"loslotes":{"id":80337,"name":"Los Lotes","latitude":"9.12425000","longitude":"-79.28929000"},"nuevaesperanza":{"id":80372,"name":"Nueva Esperanza","latitude":"9.10210000","longitude":"-79.33414000"},"nuevobel\u00e9n":{"id":80375,"name":"Nuevo Bel\u00e9n","latitude":"9.07939000","longitude":"-79.39556000"},"pacora":{"id":80386,"name":"Pacora","latitude":"9.07937000","longitude":"-79.28997000"},"panam\u00e1":{"id":80394,"name":"Panam\u00e1","latitude":"8.99360000","longitude":"-79.51973000"},"parquelefevre":{"id":80400,"name":"Parque Lefevre","latitude":"9.01667000","longitude":"-79.48333000"},"p\u00e1siga":{"id":80441,"name":"P\u00e1siga","latitude":"8.93647000","longitude":"-78.90917000"},"pedregal":{"id":80404,"name":"Pedregal","latitude":"9.06667000","longitude":"-79.43333000"},"r\u00edoabajo":{"id":80456,"name":"R\u00edo Abajo","latitude":"9.01667000","longitude":"-79.50000000"},"sanantonio":{"id":80472,"name":"San Antonio","latitude":"9.17290000","longitude":"-79.54743000"},"sanfelipe":{"id":80476,"name":"San Felipe","latitude":"8.95118000","longitude":"-79.53726000"},"sanmiguel":{"id":80489,"name":"San Miguel","latitude":"8.45685000","longitude":"-78.93695000"},"sanmiguelito":{"id":80490,"name":"San Miguelito","latitude":"9.05032000","longitude":"-79.47068000"},"sanvicente":{"id":80494,"name":"San Vicente","latitude":"9.11445000","longitude":"-79.59755000"},"tocumen":{"id":80524,"name":"Tocumen","latitude":"9.08939000","longitude":"-79.38310000"},"tort\u00ed":{"id":80527,"name":"Tort\u00ed","latitude":"8.92132000","longitude":"-78.40546000"},"uni\u00f3ndeazuero":{"id":80533,"name":"Uni\u00f3n de Azuero","latitude":"9.15256000","longitude":"-79.17005000"},"uni\u00f3nsante\u00f1a":{"id":80532,"name":"Uni\u00f3n Sante\u00f1a","latitude":"8.83525000","longitude":"-78.65104000"},"villaunida":{"id":80546,"name":"Villa Unida","latitude":"9.18908000","longitude":"-79.62452000"},"vistahermosa":{"id":80549,"name":"Vista Hermosa","latitude":"9.11178000","longitude":"-79.36113000"}}},"panam\u00e1oeste":{"id":1394,"name":"Panam\u00e1 Oeste","state_code":"10","latitude":"9.11967510","longitude":"-79.29021330","type":"province","cities":{"altodelespino":{"id":79966,"name":"Alto del Espino","latitude":"8.84213000","longitude":"-79.84551000"},"altosdesanfrancisco":{"id":79967,"name":"Altos de San Francisco","latitude":"8.86167000","longitude":"-79.79000000"},"arenosa":{"id":79971,"name":"Arenosa","latitude":"9.03978000","longitude":"-79.95128000"},"arosemena":{"id":79972,"name":"Arosemena","latitude":"8.97091000","longitude":"-79.96641000"},"arraij\u00e1n":{"id":79973,"name":"Arraij\u00e1n","latitude":"8.95187000","longitude":"-79.66011000"},"bejuco":{"id":79989,"name":"Bejuco","latitude":"8.60037000","longitude":"-79.88988000"},"buenosaires":{"id":80008,"name":"Buenos Aires","latitude":"8.63146000","longitude":"-79.94775000"},"cabuya":{"id":80016,"name":"Cabuya","latitude":"8.57472000","longitude":"-79.92714000"},"caimito":{"id":80020,"name":"Caimito","latitude":"8.81143000","longitude":"-79.94738000"},"capira":{"id":80033,"name":"Capira","latitude":"8.75636000","longitude":"-79.87996000"},"cerme\u00f1o":{"id":80044,"name":"Cerme\u00f1o","latitude":"8.74082000","longitude":"-79.85299000"},"cerrocama":{"id":80047,"name":"Cerro Cama","latitude":"9.02802000","longitude":"-79.90744000"},"chame":{"id":80053,"name":"Chame","latitude":"8.57753000","longitude":"-79.88595000"},"cir\u00eddelossotos":{"id":80069,"name":"Cir\u00ed de Los Sotos","latitude":"8.97206000","longitude":"-80.09209000"},"distritoarraij\u00e1n":{"id":80083,"name":"Distrito Arraij\u00e1n","latitude":"8.95000000","longitude":"-79.70000000"},"distritodecapira":{"id":80097,"name":"Distrito de Capira","latitude":"8.76228000","longitude":"-79.88275000"},"distritodechame":{"id":80100,"name":"Distrito de Chame","latitude":"8.60000000","longitude":"-79.91667000"},"distritodelachorrera":{"id":80112,"name":"Distrito de La Chorrera","latitude":"8.95000000","longitude":"-79.85000000"},"distritodesancarlos":{"id":80135,"name":"Distrito de San Carlos","latitude":"8.53196000","longitude":"-80.06906000"},"elcacao":{"id":80152,"name":"El Cacao","latitude":"8.76134000","longitude":"-80.01294000"},"elcoco":{"id":80164,"name":"El Coco","latitude":"8.87009000","longitude":"-79.80415000"},"elespav\u00e9":{"id":80171,"name":"El Espav\u00e9","latitude":"8.66161000","longitude":"-79.87584000"},"elespino":{"id":80172,"name":"El Espino","latitude":"8.83795000","longitude":"-79.84925000"},"elhigo":{"id":80178,"name":"El Higo","latitude":"8.44731000","longitude":"-80.03603000"},"ell\u00edbano":{"id":80179,"name":"El L\u00edbano","latitude":"8.61685000","longitude":"-79.83483000"},"guadalupe":{"id":80219,"name":"Guadalupe","latitude":"8.85452000","longitude":"-79.81408000"},"guayabito":{"id":80227,"name":"Guayabito","latitude":"8.54828000","longitude":"-80.01350000"},"hatomonta\u00f1a":{"id":80232,"name":"Hato Monta\u00f1a","latitude":"8.91938000","longitude":"-79.73915000"},"lachorrera":{"id":80243,"name":"La Chorrera","latitude":"8.88028000","longitude":"-79.78333000"},"laermita":{"id":80250,"name":"La Ermita","latitude":"8.45622000","longitude":"-80.06835000"},"laherradura":{"id":80257,"name":"La Herradura","latitude":"8.84848000","longitude":"-79.80404000"},"lalaguna":{"id":80258,"name":"La Laguna","latitude":"9.04404000","longitude":"-79.84215000"},"lamitra":{"id":80268,"name":"La Mitra","latitude":"8.84091000","longitude":"-79.78648000"},"lapesa":{"id":80273,"name":"La Pesa","latitude":"8.85073000","longitude":"-79.82374000"},"lascolinas":{"id":80286,"name":"Las Colinas","latitude":"8.55000000","longitude":"-80.08333000"},"laslajas":{"id":80294,"name":"Las Lajas","latitude":"8.54963000","longitude":"-79.93521000"},"lasuvas":{"id":80308,"name":"Las Uvas","latitude":"8.45937000","longitude":"-80.00075000"},"llanolargo":{"id":80318,"name":"Llano Largo","latitude":"8.83463000","longitude":"-79.80765000"},"losllanitos":{"id":80336,"name":"Los Llanitos","latitude":"8.59787000","longitude":"-80.09503000"},"mendoza":{"id":80352,"name":"Mendoza","latitude":"9.01471000","longitude":"-79.85073000"},"nuevaarenosa":{"id":80371,"name":"Nueva Arenosa","latitude":"8.86944000","longitude":"-79.99472000"},"nuevagorgona":{"id":80373,"name":"Nueva Gorgona","latitude":"8.55000000","longitude":"-79.87547000"},"nuevoarraij\u00e1n":{"id":80374,"name":"Nuevo Arraij\u00e1n","latitude":"8.92453000","longitude":"-79.72004000"},"nuevoemperador":{"id":80377,"name":"Nuevo Emperador","latitude":"9.00273000","longitude":"-79.73141000"},"playaleona":{"id":80416,"name":"Playa Leona","latitude":"8.78389000","longitude":"-79.77547000"},"potrerogrande":{"id":80426,"name":"Potrero Grande","latitude":"8.88051000","longitude":"-79.82795000"},"puertocaimito":{"id":80432,"name":"Puerto Caimito","latitude":"8.87022000","longitude":"-79.71423000"},"r\u00edocongo":{"id":80458,"name":"R\u00edo Congo","latitude":"8.96666000","longitude":"-79.76105000"},"sancarlos":{"id":80475,"name":"San Carlos","latitude":"8.47323000","longitude":"-79.96104000"},"sanjos\u00e9":{"id":80483,"name":"San Jos\u00e9","latitude":"8.93333000","longitude":"-79.73333000"},"sanvicentedebique":{"id":80495,"name":"San Vicente de Bique","latitude":"8.91143000","longitude":"-79.67360000"},"santaclara":{"id":80498,"name":"Santa Clara","latitude":"9.02875000","longitude":"-79.75443000"},"santarita":{"id":80505,"name":"Santa Rita","latitude":"8.85681000","longitude":"-79.87954000"},"sor\u00e1":{"id":80518,"name":"Sor\u00e1","latitude":"8.63191000","longitude":"-80.00888000"},"veracruz":{"id":80540,"name":"Veracruz","latitude":"8.88988000","longitude":"-79.62603000"},"villacarmen":{"id":80543,"name":"Villa Carmen","latitude":"8.79832000","longitude":"-79.86929000"},"villarosario":{"id":80545,"name":"Villa Rosario","latitude":"8.77379000","longitude":"-79.87547000"},"vistaalegre":{"id":80547,"name":"Vista Alegre","latitude":"8.92772000","longitude":"-79.70280000"}}},"veraguas":{"id":1392,"name":"Veraguas","state_code":"9","latitude":"8.12310330","longitude":"-81.07546570","type":"province","cities":{"altodejes\u00fas":{"id":79964,"name":"Alto de Jes\u00fas","latitude":"8.26152000","longitude":"-81.48412000"},"arenas":{"id":79970,"name":"Arenas","latitude":"7.36865000","longitude":"-80.86268000"},"atalaya":{"id":79975,"name":"Atalaya","latitude":"8.04213000","longitude":"-80.92528000"},"barnizal":{"id":79981,"name":"Barnizal","latitude":"8.40460000","longitude":"-80.77765000"},"bisvalles":{"id":79994,"name":"Bisvalles","latitude":"8.18298000","longitude":"-81.22092000"},"boquer\u00f3n":{"id":80001,"name":"Boquer\u00f3n","latitude":"8.24414000","longitude":"-80.85897000"},"bor\u00f3":{"id":80004,"name":"Bor\u00f3","latitude":"8.16933000","longitude":"-81.30071000"},"calabacito":{"id":80022,"name":"Calabacito","latitude":"8.24817000","longitude":"-81.08187000"},"calidonia":{"id":80024,"name":"Calidonia","latitude":"7.95756000","longitude":"-81.38633000"},"calobre":{"id":80025,"name":"Calobre","latitude":"8.31886000","longitude":"-80.84067000"},"calov\u00e9bora":{"id":80026,"name":"Calov\u00e9bora","latitude":"8.78703000","longitude":"-81.21056000"},"ca\u00f1azas":{"id":80040,"name":"Ca\u00f1azas","latitude":"8.32004000","longitude":"-81.21152000"},"cantodelllano":{"id":80031,"name":"Canto del Llano","latitude":"8.12472000","longitude":"-80.96374000"},"corozal":{"id":80077,"name":"Corozal","latitude":"8.07712000","longitude":"-81.43990000"},"distritodeatalaya":{"id":80089,"name":"Distrito de Atalaya","latitude":"8.02899000","longitude":"-80.91739000"},"distritodecalobre":{"id":80096,"name":"Distrito de Calobre","latitude":"8.39684000","longitude":"-80.85124000"},"distritodeca\u00f1azas":{"id":80098,"name":"Distrito de Ca\u00f1azas","latitude":"8.35596000","longitude":"-81.28633000"},"distritodelamesa":{"id":80113,"name":"Distrito de La Mesa","latitude":"8.10976000","longitude":"-81.17767000"},"distritodelaspalmas":{"id":80116,"name":"Distrito de Las Palmas","latitude":"8.14532000","longitude":"-81.42849000"},"distritodemontijo":{"id":80121,"name":"Distrito de Montijo","latitude":"7.95316000","longitude":"-81.05301000"},"distritoder\u00edodejes\u00fas":{"id":80134,"name":"Distrito de R\u00edo de Jes\u00fas","latitude":"7.91438000","longitude":"-81.16133000"},"distritodesanfrancisco":{"id":80136,"name":"Distrito de San Francisco","latitude":"8.26965000","longitude":"-81.00108000"},"distritodesantaf\u00e9":{"id":80139,"name":"Distrito de Santa F\u00e9","latitude":"8.72063000","longitude":"-80.95858000"},"distritodesantiago":{"id":80142,"name":"Distrito de Santiago","latitude":"8.12425000","longitude":"-80.87827000"},"distritodeson\u00e1":{"id":80143,"name":"Distrito de Son\u00e1","latitude":"7.84378000","longitude":"-81.36612000"},"elalto":{"id":80149,"name":"El Alto","latitude":"8.51191000","longitude":"-81.03646000"},"elbarrito":{"id":80150,"name":"El Barrito","latitude":"7.96059000","longitude":"-80.94801000"},"elcocl\u00e1":{"id":80162,"name":"El Cocl\u00e1","latitude":"8.32143000","longitude":"-80.92069000"},"elespinodesantarosa":{"id":80173,"name":"El Espino de Santa Rosa","latitude":"8.09286000","longitude":"-80.82380000"},"elmara\u00f1\u00f3n":{"id":80182,"name":"El Mara\u00f1\u00f3n","latitude":"8.03582000","longitude":"-81.21489000"},"elmar\u00eda":{"id":80183,"name":"El Mar\u00eda","latitude":"8.02905000","longitude":"-81.44384000"},"elp\u00e1jaro":{"id":80197,"name":"El P\u00e1jaro","latitude":"7.95342000","longitude":"-81.12154000"},"elpantano":{"id":80187,"name":"El Pantano","latitude":"8.53755000","longitude":"-81.06941000"},"elpe\u00f1\u00f3n":{"id":80190,"name":"El Pe\u00f1\u00f3n","latitude":"8.35000000","longitude":"-80.97620000"},"elpicador":{"id":80191,"name":"El Picador","latitude":"8.37803000","longitude":"-81.25621000"},"elpotrero":{"id":80195,"name":"El Potrero","latitude":"8.37692000","longitude":"-80.79434000"},"elrinc\u00f3n":{"id":80200,"name":"El Rinc\u00f3n","latitude":"8.18422000","longitude":"-81.43333000"},"eluvito":{"id":80205,"name":"El Uvito","latitude":"8.11648000","longitude":"-80.98461000"},"guarumal":{"id":80224,"name":"Guarumal","latitude":"7.79404000","longitude":"-81.25904000"},"lacolorada":{"id":80244,"name":"La Colorada","latitude":"8.01319000","longitude":"-80.98590000"},"lagarceana":{"id":80255,"name":"La Garceana","latitude":"7.93708000","longitude":"-81.01643000"},"lalaguna":{"id":80259,"name":"La Laguna","latitude":"8.33882000","longitude":"-80.72949000"},"laloma":{"id":80262,"name":"La Loma","latitude":"7.43708000","longitude":"-80.89118000"},"lamesa":{"id":80263,"name":"La Mesa","latitude":"8.14707000","longitude":"-81.18114000"},"lamonta\u00f1uela":{"id":80269,"name":"La Monta\u00f1uela","latitude":"8.02487000","longitude":"-80.86325000"},"lape\u00f1a":{"id":80274,"name":"La Pe\u00f1a","latitude":"8.12784000","longitude":"-81.02693000"},"larayadecalobre":{"id":80276,"name":"La Raya de Calobre","latitude":"8.21630000","longitude":"-80.82729000"},"larayadesantamar\u00eda":{"id":80277,"name":"La Raya de Santa Mar\u00eda","latitude":"8.16429000","longitude":"-80.82143000"},"layeguada":{"id":80281,"name":"La Yeguada","latitude":"8.43060000","longitude":"-80.85752000"},"lasgu\u00edasabajo":{"id":80291,"name":"Las Gu\u00edas Abajo","latitude":"8.19451000","longitude":"-80.75494000"},"lashuacas":{"id":80292,"name":"Las Huacas","latitude":"7.90167000","longitude":"-81.14056000"},"laspalmas":{"id":80302,"name":"Las Palmas","latitude":"8.13564000","longitude":"-81.45674000"},"leonesarriba":{"id":80310,"name":"Leones Arriba","latitude":"7.75415000","longitude":"-81.11556000"},"llanogrande":{"id":80316,"name":"Llano Grande","latitude":"8.07473000","longitude":"-81.13626000"},"lol\u00e1":{"id":80324,"name":"Lol\u00e1","latitude":"8.09326000","longitude":"-81.47163000"},"losalgarrobos":{"id":80327,"name":"Los Algarrobos","latitude":"8.10898000","longitude":"-81.01355000"},"loscastillos":{"id":80332,"name":"Los Castillos","latitude":"8.02326000","longitude":"-81.11941000"},"loshigos":{"id":80335,"name":"Los Higos","latitude":"8.20553000","longitude":"-80.86022000"},"mariatodistrict":{"id":80349,"name":"Mariato District","latitude":"7.67810000","longitude":"-81.00409000"},"monjar\u00e1s":{"id":80359,"name":"Monjar\u00e1s","latitude":"8.36942000","longitude":"-80.86667000"},"montijo":{"id":80361,"name":"Montijo","latitude":"7.98858000","longitude":"-81.05643000"},"piedrasgordas":{"id":80412,"name":"Piedras Gordas","latitude":"8.52419000","longitude":"-80.91152000"},"ponuga":{"id":80421,"name":"Ponuga","latitude":"7.88245000","longitude":"-80.97880000"},"puertovidal":{"id":80436,"name":"Puerto Vidal","latitude":"8.04834000","longitude":"-81.60499000"},"quebradadeoro":{"id":80446,"name":"Quebrada de Oro","latitude":"8.03548000","longitude":"-81.38692000"},"r\u00edodejes\u00fas":{"id":80466,"name":"R\u00edo de Jes\u00fas","latitude":"7.97882000","longitude":"-81.16162000"},"r\u00edogrande":{"id":80461,"name":"R\u00edo Grande","latitude":"7.71907000","longitude":"-81.33423000"},"rodeoviejo":{"id":80454,"name":"Rodeo Viejo","latitude":"8.11205000","longitude":"-81.31684000"},"sanbartolo":{"id":80473,"name":"San Bartolo","latitude":"8.21063000","longitude":"-81.27572000"},"sanfrancisco":{"id":80477,"name":"San Francisco","latitude":"8.06667000","longitude":"-81.36667000"},"sanjos\u00e9":{"id":80482,"name":"San Jos\u00e9","latitude":"8.46704000","longitude":"-80.80514000"},"sanjuan":{"id":80484,"name":"San Juan","latitude":"8.30311000","longitude":"-81.01575000"},"sanmarcelo":{"id":80488,"name":"San Marcelo","latitude":"8.27252000","longitude":"-81.15988000"},"sanpedrodelespino":{"id":80493,"name":"San Pedro del Espino","latitude":"8.14011000","longitude":"-81.08663000"},"santaf\u00e9":{"id":80501,"name":"Santa F\u00e9","latitude":"8.51063000","longitude":"-81.07802000"},"santiagodeveraguas":{"id":80508,"name":"Santiago de Veraguas","latitude":"8.10000000","longitude":"-80.98333000"},"son\u00e1":{"id":80516,"name":"Son\u00e1","latitude":"8.01223000","longitude":"-81.32163000"},"tebario":{"id":80519,"name":"Tebario","latitude":"7.71369000","longitude":"-80.97825000"},"utir\u00e1":{"id":80535,"name":"Utir\u00e1","latitude":"7.97208000","longitude":"-81.21777000"},"vigu\u00ed":{"id":80542,"name":"Vigu\u00ed","latitude":"8.33921000","longitude":"-81.49823000"},"zapotillo":{"id":80553,"name":"Zapotillo","latitude":"8.00532000","longitude":"-81.50653000"}}}}}