{"id":7,"name":"Angola","iso3":"AGO","iso2":"AO","numeric_code":"024","phone_code":"244","capital":"Luanda","currency":"AOA","currency_name":"Angolan kwanza","currency_symbol":"Kz","tld":".ao","native":"Angola","region":"Africa","region_id":"1","subregion":"Middle Africa","subregion_id":"2","nationality":"Angolan","timezones":[{"zoneName":"Africa/Luanda","gmtOffset":3600,"gmtOffsetName":"UTC+01:00","abbreviation":"WAT","tzName":"West Africa Time"}],"translations":{"kr":"\uc559\uace8\ub77c","pt-BR":"Angola","pt":"Angola","nl":"Angola","hr":"Angola","fa":"\u0622\u0646\u06af\u0648\u0644\u0627","de":"Angola","es":"Angola","fr":"Angola","ja":"\u30a2\u30f3\u30b4\u30e9","it":"Angola","cn":"\u5b89\u54e5\u62c9","tr":"Angola"},"latitude":"-12.50000000","longitude":"18.50000000","emoji":"\ud83c\udde6\ud83c\uddf4","emojiU":"U+1F1E6 U+1F1F4","states":{"bengoprovince":{"id":221,"name":"Bengo Province","state_code":"BGO","latitude":"-9.10422570","longitude":"13.72891670","type":null,"cities":{"ambriz":{"id":153645,"name":"Ambriz","latitude":"-7.85740000","longitude":"13.12510000"},"bulaatumba":{"id":153646,"name":"Bula Atumba","latitude":"-7.31170000","longitude":"14.31470000"},"caxito":{"id":598,"name":"Caxito","latitude":"-8.57848000","longitude":"13.66425000"},"dande":{"id":153647,"name":"Dande","latitude":"-8.11330000","longitude":"13.76520000"},"muxima":{"id":153648,"name":"Muxima","latitude":"-9.58790000","longitude":"13.52510000"},"nambuangongo":{"id":153649,"name":"Nambuangongo","latitude":"-8.56560000","longitude":"13.65720000"},"pangoaluqu\u00e9m":{"id":153650,"name":"Pango Aluqu\u00e9m","latitude":"-8.55440000","longitude":"13.58150000"},"\u00dacua":{"id":153651,"name":"\u00dacua","latitude":"-8.67240000","longitude":"13.68290000"}}},"benguelaprovince":{"id":218,"name":"Benguela Province","state_code":"BGU","latitude":"-12.80037440","longitude":"13.91439900","type":null,"cities":{"ba\u00edafarta":{"id":153653,"name":"Ba\u00eda Farta","latitude":"-12.57660000","longitude":"13.47760000"},"balombo":{"id":153654,"name":"Balombo","latitude":"-12.90460000","longitude":"13.59590000"},"benguela":{"id":590,"name":"Benguela","latitude":"-12.57626000","longitude":"13.40547000"},"bocoio":{"id":153656,"name":"Bocoio","latitude":"-12.53030000","longitude":"13.40420000"},"caimbambo":{"id":153659,"name":"Caimbambo","latitude":"-12.61330000","longitude":"14.41940000"},"catumbela":{"id":597,"name":"Catumbela","latitude":"-12.43002000","longitude":"13.54677000"},"chongoroi":{"id":153655,"name":"Chongoroi","latitude":"-12.78880000","longitude":"13.79750000"},"cubal":{"id":153658,"name":"Cubal","latitude":"-12.58850000","longitude":"14.42670000"},"ganda":{"id":153657,"name":"Ganda","latitude":"-12.68250000","longitude":"14.42330000"},"lobito":{"id":613,"name":"Lobito","latitude":"-12.36440000","longitude":"13.53601000"},"sumbe":{"id":153660,"name":"Sumbe","latitude":"-11.20610000","longitude":"13.84480000"}}},"bi\u00e9province":{"id":212,"name":"Bi\u00e9 Province","state_code":"BIE","latitude":"-12.57279070","longitude":"17.66888700","type":null,"cities":{"camacupa":{"id":595,"name":"Camacupa","latitude":"-12.01667000","longitude":"17.48333000"},"catabola":{"id":596,"name":"Catabola","latitude":"-12.15000000","longitude":"17.28333000"},"chissamba":{"id":605,"name":"Chissamba","latitude":"-12.16667000","longitude":"17.33333000"},"cuito":{"id":606,"name":"Cuito","latitude":"-12.38333000","longitude":"16.93333000"}}},"cabindaprovince":{"id":228,"name":"Cabinda Province","state_code":"CAB","latitude":"-5.02487490","longitude":"12.34638750","type":null,"cities":{"cabinda":{"id":591,"name":"Cabinda","latitude":"-5.55000000","longitude":"12.20000000"}}},"cuandocubangoprovince":{"id":226,"name":"Cuando Cubango Province","state_code":"CCU","latitude":"-16.41808240","longitude":"18.80761950","type":null,"cities":{"menongue":{"id":625,"name":"Menongue","latitude":"-14.65850000","longitude":"17.69099000"}}},"cuanzanorteprovince":{"id":217,"name":"Cuanza Norte Province","state_code":"CNO","latitude":"-9.23985130","longitude":"14.65878210","type":null,"cities":{"camabatela":{"id":594,"name":"Camabatela","latitude":"-8.18812000","longitude":"15.37495000"},"n\u2019dalatando":{"id":627,"name":"N\u2019dalatando","latitude":"-9.29782000","longitude":"14.91162000"}}},"cuanzasul":{"id":216,"name":"Cuanza Sul","state_code":"CUS","latitude":"-10.59519100","longitude":"15.40680790","type":null,"cities":{"quibala":{"id":629,"name":"Quibala","latitude":"-10.73366000","longitude":"14.97995000"},"sumbe":{"id":634,"name":"Sumbe","latitude":"-11.20605000","longitude":"13.84371000"},"uacucungo":{"id":635,"name":"Uacu Cungo","latitude":"-11.35669000","longitude":"15.11719000"}}},"cuneneprovince":{"id":215,"name":"Cunene Province","state_code":"CNN","latitude":"-16.28022210","longitude":"16.15809370","type":null,"cities":{"ondjiva":{"id":628,"name":"Ondjiva","latitude":"-17.06667000","longitude":"15.73333000"}}},"huamboprovince":{"id":213,"name":"Huambo Province","state_code":"HUA","latitude":"-12.52682210","longitude":"15.59433880","type":null,"cities":{"ca\u00e1la":{"id":600,"name":"Ca\u00e1la","latitude":"-12.85250000","longitude":"15.56056000"},"chela":{"id":601,"name":"Chela","latitude":"-12.30261000","longitude":"15.43358000"},"huambo":{"id":609,"name":"Huambo","latitude":"-12.77611000","longitude":"15.73917000"},"longonjo":{"id":614,"name":"Longonjo","latitude":"-12.90667000","longitude":"15.25333000"}}},"hu\u00edlaprovince":{"id":225,"name":"Hu\u00edla Province","state_code":"HUI","latitude":"-14.92805530","longitude":"14.65878210","type":null,"cities":{"caconda":{"id":592,"name":"Caconda","latitude":"-13.73333000","longitude":"15.06667000"},"caluquembe":{"id":593,"name":"Caluquembe","latitude":"-13.92093000","longitude":"14.53476000"},"chibia":{"id":602,"name":"Chibia","latitude":"-15.23657000","longitude":"13.88468000"},"chicomba":{"id":603,"name":"Chicomba","latitude":"-14.30788000","longitude":"14.98672000"},"chipindo":{"id":604,"name":"Chipindo","latitude":"-13.86830000","longitude":"15.73277000"},"cuvango":{"id":607,"name":"Cuvango","latitude":"-14.27693000","longitude":"16.31475000"},"gambos":{"id":608,"name":"Gambos","latitude":"-15.80926000","longitude":"14.07661000"},"humpata":{"id":610,"name":"Humpata","latitude":"-15.07250000","longitude":"13.36771000"},"jamba":{"id":612,"name":"Jamba","latitude":"-14.76294000","longitude":"15.83493000"},"lubango":{"id":617,"name":"Lubango","latitude":"-14.91717000","longitude":"13.49250000"},"matala":{"id":623,"name":"Matala","latitude":"-15.23967000","longitude":"15.17246000"},"quilengues":{"id":630,"name":"Quilengues","latitude":"-13.99213000","longitude":"13.76705000"},"quipungo":{"id":631,"name":"Quipungo","latitude":"-15.12203000","longitude":"14.55953000"}}},"luandaprovince":{"id":222,"name":"Luanda Province","state_code":"LUA","latitude":"-9.03508800","longitude":"13.26634790","type":null,"cities":{"belas":{"id":589,"name":"Belas","latitude":"-9.06875000","longitude":"13.16072000"},"cacuaco":{"id":153641,"name":"Cacuaco","latitude":"-8.82960000","longitude":"13.29730000"},"cazenga":{"id":153642,"name":"Cazenga","latitude":"-8.82860000","longitude":"13.26650000"},"icoloebengo":{"id":611,"name":"Icolo e Bengo","latitude":"-9.24191000","longitude":"13.73549000"},"luanda":{"id":615,"name":"Luanda","latitude":"-8.83682000","longitude":"13.23432000"},"talatona":{"id":153643,"name":"Talatona","latitude":"-8.89570000","longitude":"13.19430000"},"viana":{"id":153644,"name":"Viana","latitude":"-8.90210000","longitude":"13.28610000"}}},"lundanorteprovince":{"id":223,"name":"Lunda Norte Province","state_code":"LNO","latitude":"-8.35250220","longitude":"19.18800470","type":null,"cities":{"lucapa":{"id":618,"name":"Lucapa","latitude":"-8.68337000","longitude":"20.27045000"}}},"lundasulprovince":{"id":220,"name":"Lunda Sul Province","state_code":"LSU","latitude":"-10.28665780","longitude":"20.71224650","type":null,"cities":{"cazaji":{"id":599,"name":"Cazaji","latitude":"-11.06715000","longitude":"20.70148000"},"saurimo":{"id":632,"name":"Saurimo","latitude":"-9.66078000","longitude":"20.39155000"}}},"malanjeprovince":{"id":227,"name":"Malanje Province","state_code":"MAL","latitude":"-9.82511830","longitude":"16.91225100","type":null,"cities":{"malanje":{"id":622,"name":"Malanje","latitude":"-9.54015000","longitude":"16.34096000"}}},"moxicoprovince":{"id":219,"name":"Moxico Province","state_code":"MOX","latitude":"-13.42935790","longitude":"20.33088140","type":null,"cities":{"l\u00e9ua":{"id":621,"name":"L\u00e9ua","latitude":"-11.65000000","longitude":"20.45000000"},"luau":{"id":616,"name":"Luau","latitude":"-10.70727000","longitude":"22.22466000"},"luena":{"id":619,"name":"Luena","latitude":"-11.78333000","longitude":"19.91667000"},"lumeje":{"id":620,"name":"Lumeje","latitude":"-11.55000000","longitude":"20.78333000"}}},"u\u00edgeprovince":{"id":224,"name":"U\u00edge Province","state_code":"UIG","latitude":"-7.17367320","longitude":"15.40680790","type":null,"cities":{"u\u00edge":{"id":636,"name":"U\u00edge","latitude":"-7.60874000","longitude":"15.06131000"}}},"zaireprovince":{"id":214,"name":"Zaire Province","state_code":"ZAI","latitude":"-6.57334580","longitude":"13.17403480","type":null,"cities":{"mbanzacongo":{"id":624,"name":"Mbanza Congo","latitude":"-6.26703000","longitude":"14.24010000"},"n\u0027zeto":{"id":626,"name":"N\u0027zeto","latitude":"-7.23116000","longitude":"12.86660000"},"soio":{"id":633,"name":"Soio","latitude":"-6.13490000","longitude":"12.36894000"}}}}}