{"id":184,"name":"Saint Helena","iso3":"SHN","iso2":"SH","numeric_code":"654","phonecode":"290","capital":"Jamestown","currency":"SHP","currency_name":"Saint Helena pound","currency_symbol":"\u00a3","tld":".sh","native":"Saint Helena","region":"Africa","region_id":1,"subregion":"Western Africa","subregion_id":3,"nationality":"Saint Helenian","timezones":[{"zoneName":"Atlantic/St_Helena","gmtOffset":0,"gmtOffsetName":"UTC\u00b100","abbreviation":"GMT","tzName":"Greenwich Mean Time"}],"translations":{"ko":"\uc138\uc778\ud2b8\ud5ec\ub808\ub098","pt-BR":"Santa Helena","pt":"Santa Helena","nl":"Sint-Helena","hr":"Sveta Helena","fa":"\u0633\u0646\u062a \u0647\u0644\u0646\u0627\u060c \u0627\u0633\u0646\u0634\u0646 \u0648 \u062a\u0631\u06cc\u0633\u062a\u0627\u0646 \u062f\u0627 \u06a9\u0648\u0646\u0627","de":"Sankt Helena","es":"Santa Helena","fr":"Sainte-H\u00e9l\u00e8ne","ja":"\u30bb\u30f3\u30c8\u30d8\u30ec\u30ca\u30fb\u30a2\u30bb\u30f3\u30b7\u30e7\u30f3\u304a\u3088\u3073\u30c8\u30ea\u30b9\u30bf\u30f3\u30c0\u30af\u30fc\u30cb\u30e3","it":"Sant\u0027Elena","zh-CN":"\u5723\u8d6b\u52d2\u62ff","tr":"Saint Helena","ru":"\u0421\u0432\u044f\u0442\u0430\u044f \u0415\u043b\u0435\u043d\u0430","uk":"\u0421\u0432\u044f\u0442\u0430 \u0404\u043b\u0435\u043d\u0430","pl":"\u015awi\u0119ta Helena"},"latitude":"-15.95000000","longitude":"-5.70000000","emoji":"\ud83c\uddf8\ud83c\udded","emojiU":"U+1F1F8 U+1F1ED","states":{"alarmforest":{"id":5440,"name":"Alarm Forest","state_code":"01","latitude":"-15.94671440","longitude":"-5.72447520","type":"district"},"bluehill":{"id":5441,"name":"Blue Hill","state_code":"02","latitude":"-15.98354720","longitude":"-5.79656520","type":"district"},"halftreehollow":{"id":5442,"name":"Half Tree Hollow","state_code":"03","latitude":"-15.93468450","longitude":"-5.73134770","type":"district"},"jamestown":{"id":5443,"name":"Jamestown","state_code":"04","latitude":"-15.92883080","longitude":"-5.72033380","type":"district"},"levelwood":{"id":5444,"name":"Levelwood","state_code":"05","latitude":"-15.97475430","longitude":"-5.70960800","type":"district"},"longwood":{"id":5445,"name":"Longwood","state_code":"06","latitude":"-15.94458630","longitude":"-5.69502720","type":"district"},"saintpaul\u0027s":{"id":5447,"name":"Saint Paul\u0027s","state_code":"08","latitude":"-15.98695810","longitude":"-5.78096580","type":"district"},"sandybay":{"id":5446,"name":"Sandy Bay","state_code":"07","latitude":"-15.99187410","longitude":"-5.73991510","type":"district"}}}