{"id":184,"name":"Saint Helena","iso3":"SHN","iso2":"SH","numeric_code":"654","phone_code":"290","capital":"Jamestown","currency":"SHP","currency_name":"Saint Helena pound","currency_symbol":"\u00a3","tld":".sh","native":"Saint Helena","region":"Africa","region_id":"1","subregion":"Western Africa","subregion_id":"3","nationality":"Saint Helenian","timezones":[{"zoneName":"Atlantic/St_Helena","gmtOffset":0,"gmtOffsetName":"UTC\u00b100","abbreviation":"GMT","tzName":"Greenwich Mean Time"}],"translations":{"kr":"\uc138\uc778\ud2b8\ud5ec\ub808\ub098","pt-BR":"Santa Helena","pt":"Santa Helena","nl":"Sint-Helena","hr":"Sveta Helena","fa":"\u0633\u0646\u062a \u0647\u0644\u0646\u0627\u060c \u0627\u0633\u0646\u0634\u0646 \u0648 \u062a\u0631\u06cc\u0633\u062a\u0627\u0646 \u062f\u0627 \u06a9\u0648\u0646\u0627","de":"Sankt Helena","es":"Santa Helena","fr":"Sainte-H\u00e9l\u00e8ne","ja":"\u30bb\u30f3\u30c8\u30d8\u30ec\u30ca\u30fb\u30a2\u30bb\u30f3\u30b7\u30e7\u30f3\u304a\u3088\u3073\u30c8\u30ea\u30b9\u30bf\u30f3\u30c0\u30af\u30fc\u30cb\u30e3","it":"Sant\u0027Elena","cn":"\u5723\u8d6b\u52d2\u62ff","tr":"Saint Helena","ru":"\u0421\u0432\u044f\u0442\u0430\u044f \u0415\u043b\u0435\u043d\u0430","uk":"\u0421\u0432\u044f\u0442\u0430 \u0404\u043b\u0435\u043d\u0430","pl":"\u015awi\u0119ta Helena"},"latitude":"-15.95000000","longitude":"-5.70000000","emoji":"\ud83c\uddf8\ud83c\udded","emojiU":"U+1F1F8 U+1F1ED"}