{"id":121,"name":"Lebanon","iso3":"LBN","iso2":"LB","numeric_code":"422","phonecode":"961","capital":"Beirut","currency":"LBP","currency_name":"Lebanese pound","currency_symbol":"\u00a3","tld":".lb","native":"\u0644\u0628\u0646\u0627\u0646","region":"Asia","region_id":3,"subregion":"Western Asia","subregion_id":11,"nationality":"Lebanese","timezones":[{"zoneName":"Asia/Beirut","gmtOffset":7200,"gmtOffsetName":"UTC+02:00","abbreviation":"EET","tzName":"Eastern European Time"}],"translations":{"ko":"\ub808\ubc14\ub17c","pt-BR":"L\u00edbano","pt":"L\u00edbano","nl":"Libanon","hr":"Libanon","fa":"\u0644\u0628\u0646\u0627\u0646","de":"Libanon","es":"L\u00edbano","fr":"Liban","ja":"\u30ec\u30d0\u30ce\u30f3","it":"Libano","zh-CN":"\u9ece\u5df4\u5ae9","tr":"L\u00fcbnan","ru":"\u041b\u0438\u0432\u0430\u043d","uk":"\u041b\u0456\u0432\u0430\u043d","pl":"Liban"},"latitude":"33.83333333","longitude":"35.83333333","emoji":"\ud83c\uddf1\ud83c\udde7","emojiU":"U+1F1F1 U+1F1E7","states":{"akkar":{"id":2285,"name":"Akkar","state_code":"AK","latitude":"34.53287630","longitude":"36.13281320","type":"governorate","cities":{"cazadeaakkar":{"id":65939,"name":"Caza de Aakkar","latitude":"34.53333000","longitude":"36.16667000"}}},"baalbek-hermel":{"id":2283,"name":"Baalbek-Hermel","state_code":"BH","latitude":"34.26585560","longitude":"36.34980970","type":"governorate","cities":{"baalbek":{"id":65933,"name":"Baalbek","latitude":"34.00583000","longitude":"36.21806000"},"cazadebaalbek":{"id":65941,"name":"Caza de Baalbek","latitude":"34.09822000","longitude":"36.27157000"}}},"beirut":{"id":2286,"name":"Beirut","state_code":"BA","latitude":"33.88861060","longitude":"35.49547720","type":"governorate","cities":{"beirut":{"id":65936,"name":"Beirut","latitude":"33.89332000","longitude":"35.50157000"},"ra\u2019sbayr\u016bt":{"id":65951,"name":"Ra\u2019s Bayr\u016bt","latitude":"33.90000000","longitude":"35.48333000"}}},"beqaa":{"id":2287,"name":"Beqaa","state_code":"BI","latitude":"33.84626620","longitude":"35.90194890","type":"governorate","cities":{"aanjar":{"id":65930,"name":"Aanjar","latitude":"33.72778000","longitude":"35.93111000"},"zahl\u00e9":{"id":65955,"name":"Zahl\u00e9","latitude":"33.84675000","longitude":"35.90203000"}}},"mountlebanon":{"id":2282,"name":"Mount Lebanon","state_code":"JL","latitude":"33.81008580","longitude":"35.59731390","type":"governorate","cities":{"baabda":{"id":65932,"name":"Baabda","latitude":"33.83389000","longitude":"35.54417000"},"bhamdoun":{"id":65937,"name":"Bhamdoun","latitude":"33.79500000","longitude":"35.65111000"},"bhamdo\u00fbnelmhatta":{"id":65938,"name":"Bhamdo\u00fbn el Mhatta","latitude":"33.80861000","longitude":"35.65972000"},"cazadebaabda":{"id":65940,"name":"Caza de Baabda","latitude":"33.84592000","longitude":"35.66791000"},"jba\u00efl":{"id":65947,"name":"Jba\u00efl","latitude":"34.12111000","longitude":"35.64806000"},"jounieh":{"id":65948,"name":"Jounieh","latitude":"33.98083000","longitude":"35.61778000"}}},"nabatieh":{"id":2288,"name":"Nabatieh","state_code":"NA","latitude":"33.37716930","longitude":"35.48382930","type":"governorate","cities":{"ainebel":{"id":65931,"name":"Ain Ebel","latitude":"33.11023000","longitude":"35.40251000"},"cazadebentjba\u00efl":{"id":65942,"name":"Caza de Bent Jba\u00efl","latitude":"33.15964000","longitude":"35.41137000"},"cazadenabat\u00eey\u00e9":{"id":65943,"name":"Caza de Nabat\u00eey\u00e9","latitude":"33.39435000","longitude":"35.44483000"},"habbo\u00fbch":{"id":65946,"name":"Habbo\u00fbch","latitude":"33.40729000","longitude":"35.48169000"},"marjayo\u00fbn":{"id":65949,"name":"Marjayo\u00fbn","latitude":"33.36028000","longitude":"35.59111000"},"nabat\u00eey\u00e9ettahta":{"id":65950,"name":"Nabat\u00eey\u00e9 et Tahta","latitude":"33.37889000","longitude":"35.48389000"}}},"north":{"id":2284,"name":"North","state_code":"AS","latitude":"34.43806250","longitude":"35.83082330","type":"governorate","cities":{"batro\u00fbn":{"id":65934,"name":"Batro\u00fbn","latitude":"34.25528000","longitude":"35.65806000"},"bcharr\u00e9":{"id":65935,"name":"Bcharr\u00e9","latitude":"34.25083000","longitude":"36.01056000"},"tripoli":{"id":65953,"name":"Tripoli","latitude":"34.43352000","longitude":"35.84415000"}}},"south":{"id":2281,"name":"South","state_code":"JA","latitude":"33.27214790","longitude":"35.20327780","type":"governorate","cities":{"enn\u00e2qo\u00fbra":{"id":65944,"name":"En N\u00e2qo\u00fbra","latitude":"33.11806000","longitude":"35.13972000"},"ghazieh":{"id":65945,"name":"Ghazieh","latitude":"33.51750000","longitude":"35.36889000"},"sidon":{"id":65952,"name":"Sidon","latitude":"33.55751000","longitude":"35.37148000"},"tyre":{"id":65954,"name":"Tyre","latitude":"33.27333000","longitude":"35.19389000"}}}}}