{"id":68,"name":"Eritrea","iso3":"ERI","iso2":"ER","numeric_code":"232","phonecode":"291","capital":"Asmara","currency":"ERN","currency_name":"Eritrean nakfa","currency_symbol":"Nfk","tld":".er","native":"\u12a4\u122d\u1275\u122b","region":"Africa","region_id":1,"subregion":"Eastern Africa","subregion_id":4,"nationality":"Eritrean","timezones":[{"zoneName":"Africa/Asmara","gmtOffset":10800,"gmtOffsetName":"UTC+03:00","abbreviation":"EAT","tzName":"East Africa Time"}],"translations":{"ko":"\uc5d0\ub9ac\ud2b8\ub808\uc544","pt-BR":"Eritreia","pt":"Eritreia","nl":"Eritrea","hr":"Eritreja","fa":"\u0627\u0631\u06cc\u062a\u0631\u0647","de":"Eritrea","es":"Eritrea","fr":"\u00c9rythr\u00e9e","ja":"\u30a8\u30ea\u30c8\u30ea\u30a2","it":"Eritrea","zh-CN":"\u5384\u7acb\u7279\u91cc\u4e9a","tr":"Eritre","ru":"\u042d\u0440\u0438\u0442\u0440\u0435\u044f","uk":"\u0415\u0440\u0438\u0442\u0440\u0435\u044f","pl":"Erytrea"},"latitude":"15.00000000","longitude":"39.00000000","emoji":"\ud83c\uddea\ud83c\uddf7","emojiU":"U+1F1EA U+1F1F7","states":{"anseba":{"id":3425,"name":"Anseba","state_code":"AN","latitude":"16.47455310","longitude":"37.80876930","type":"region","cities":{"keren":{"id":31888,"name":"Keren","latitude":"15.77792000","longitude":"38.45107000"}}},"debub":{"id":3427,"name":"Debub","state_code":"DU","latitude":"14.94786920","longitude":"39.15436770","type":"region","cities":{"adikeyh":{"id":31881,"name":"Adi Keyh","latitude":"14.84444000","longitude":"39.37722000"},"dek\u2019emh\u0101re":{"id":31886,"name":"Dek\u2019emh\u0101re","latitude":"15.07000000","longitude":"39.04750000"},"mendefera":{"id":31890,"name":"Mendefera","latitude":"14.88722000","longitude":"38.81528000"}}},"gash-barka":{"id":3428,"name":"Gash-Barka","state_code":"GB","latitude":"15.40688250","longitude":"37.63866220","type":"region","cities":{"ak\u2019ordat":{"id":31882,"name":"Ak\u2019ordat","latitude":"15.54798000","longitude":"37.88291000"},"barentu":{"id":31885,"name":"Barentu","latitude":"15.10582000","longitude":"37.59067000"},"teseney":{"id":31891,"name":"Teseney","latitude":"15.11000000","longitude":"36.65750000"}}},"maekel":{"id":3426,"name":"Maekel","state_code":"MA","latitude":"15.35514090","longitude":"38.86236830","type":"region","cities":{"asmara":{"id":31883,"name":"Asmara","latitude":"15.33805000","longitude":"38.93184000"}}},"northernredsea":{"id":3424,"name":"Northern Red Sea","state_code":"SK","latitude":"16.25839970","longitude":"38.82054540","type":"region","cities":{"massawa":{"id":31889,"name":"Massawa","latitude":"15.60811000","longitude":"39.47455000"}}},"southernredsea":{"id":3429,"name":"Southern Red Sea","state_code":"DK","latitude":"13.51371030","longitude":"41.76064720","type":"region","cities":{"assab":{"id":31884,"name":"Assab","latitude":"13.00917000","longitude":"42.73944000"},"edd":{"id":31887,"name":"Edd","latitude":"13.93088000","longitude":"41.69380000"}}}}}