{"id":129,"name":"North Macedonia","iso3":"MKD","iso2":"MK","numeric_code":"807","phonecode":"389","capital":"Skopje","currency":"MKD","currency_name":"Denar","currency_symbol":"\u0434\u0435\u043d","tld":".mk","native":"\u0421\u0435\u0432\u0435\u0440\u043d\u0430 \u041c\u0430\u043a\u0435\u0434\u043e\u043d\u0438\u0458\u0430","region":"Europe","region_id":4,"subregion":"Southern Europe","subregion_id":16,"nationality":"Macedonian","timezones":[{"zoneName":"Europe/Skopje","gmtOffset":3600,"gmtOffsetName":"UTC+01:00","abbreviation":"CET","tzName":"Central European Time"}],"translations":{"ko":"\ubd81\ub9c8\ucf00\ub3c4\ub2c8\uc544","pt-BR":"Maced\u00f4nia do Norte","pt":"Maced\u00f3nia do Norte","nl":"Noord-Macedoni\u00eb","hr":"Sjeverna Makedonija","fa":"\ufee2\ufed7\ufea9\ufeee\ufee8\ufbff\ufeeb \ufeb6\ufee3\ufe8e\ufee0\ufbfe","de":"Nordmazedonien","es":"Macedonia del Norte","fr":"Mac\u00e9doine du Nord","ja":"\u5317\u30de\u30b1\u30c9\u30cb\u30a2","it":"Macedonia del Nord","zh-CN":"\u5317\u99ac\u5176\u9813","tr":"Kuzey Makedonya","ru":"\u0421\u0435\u0432\u0435\u0440\u043d\u0430\u044f \u041c\u0430\u043a\u0435\u0434\u043e\u043d\u0438\u044f","uk":"\u041f\u0456\u0432\u043d\u0456\u0447\u043d\u0430 \u041c\u0430\u043a\u0435\u0434\u043e\u043d\u0456\u044f","pl":"Macedonia P\u00f3\u0142nocna"},"latitude":"41.83333333","longitude":"22.00000000","emoji":"\ud83c\uddf2\ud83c\uddf0","emojiU":"U+1F1F2 U+1F1F0","states":{"aerodrom":{"id":703,"name":"Aerodrom","state_code":"01","latitude":"41.94643630","longitude":"21.49317130","type":"municipality"},"ara\u010dinovo":{"id":656,"name":"Ara\u010dinovo","state_code":"02","latitude":"42.02473810","longitude":"21.57664070","type":"municipality","cities":{"\u0410\u0440\u0430\u0447\u0438\u043d\u043e\u0432\u043e":{"id":67574,"name":"\u0410\u0440\u0430\u0447\u0438\u043d\u043e\u0432\u043e","latitude":"42.02639000","longitude":"21.56194000"}}},"berovo":{"id":716,"name":"Berovo","state_code":"03","latitude":"41.66619290","longitude":"22.76288300","type":"municipality","cities":{"berovo":{"id":67390,"name":"Berovo","latitude":"41.70306000","longitude":"22.85778000"},"rusinovo":{"id":67519,"name":"Rusinovo","latitude":"41.68728000","longitude":"22.80849000"},"vladimirovo":{"id":67556,"name":"Vladimirovo","latitude":"41.71000000","longitude":"22.79278000"}}},"bitola":{"id":679,"name":"Bitola","state_code":"04","latitude":"41.03633020","longitude":"21.33219740","type":"municipality","cities":{"bistrica":{"id":67391,"name":"Bistrica","latitude":"40.97892000","longitude":"21.36580000"},"bitola":{"id":67392,"name":"Bitola","latitude":"41.03143000","longitude":"21.33474000"},"capari":{"id":67403,"name":"Capari","latitude":"41.05656000","longitude":"21.17884000"},"dolnoorizari":{"id":67420,"name":"Dolno Orizari","latitude":"41.05028000","longitude":"21.37944000"},"gornoorizari":{"id":67430,"name":"Gorno Orizari","latitude":"41.05188000","longitude":"21.34548000"},"kukure\u010dani":{"id":67464,"name":"Kukure\u010dani","latitude":"41.09562000","longitude":"21.32454000"},"logovardi":{"id":67472,"name":"Logovardi","latitude":"41.03096000","longitude":"21.40967000"}}},"bogdanci":{"id":649,"name":"Bogdanci","state_code":"05","latitude":"41.18696160","longitude":"22.59602680","type":"municipality","cities":{"bogdanci":{"id":67394,"name":"Bogdanci","latitude":"41.20306000","longitude":"22.57556000"},"stojakovo":{"id":67534,"name":"Stojakovo","latitude":"41.15556000","longitude":"22.57750000"}}},"bogovinje":{"id":721,"name":"Bogovinje","state_code":"06","latitude":"41.92363710","longitude":"20.91638870","type":"municipality","cities":{"bogovinje":{"id":67396,"name":"Bogovinje","latitude":"41.92361000","longitude":"20.91361000"},"dolnopal\u010di\u0161te":{"id":67421,"name":"Dolno Pal\u010di\u0161te","latitude":"41.96859000","longitude":"20.92899000"},"gradec":{"id":67434,"name":"Gradec","latitude":"41.89611000","longitude":"20.90417000"},"kamenjane":{"id":67447,"name":"Kamenjane","latitude":"41.94568000","longitude":"20.92894000"}}},"bosilovo":{"id":652,"name":"Bosilovo","state_code":"07","latitude":"41.49048640","longitude":"22.78671740","type":"municipality","cities":{"bosilovo":{"id":67398,"name":"Bosilovo","latitude":"41.44056000","longitude":"22.72778000"},"ilovica":{"id":67441,"name":"Ilovica","latitude":"41.47224000","longitude":"22.80480000"},"sekirnik":{"id":67523,"name":"Sekirnik","latitude":"41.43999000","longitude":"22.79536000"}}},"brvenica":{"id":660,"name":"Brvenica","state_code":"08","latitude":"41.96814820","longitude":"20.98195860","type":"municipality","cities":{"brvenica":{"id":67399,"name":"Brvenica","latitude":"41.96722000","longitude":"20.98083000"},"\u010celopek":{"id":67568,"name":"\u010celopek","latitude":"41.93167000","longitude":"21.01333000"},"gurgurnica":{"id":67439,"name":"Gurgurnica","latitude":"41.84508000","longitude":"21.10538000"},"miletino":{"id":67483,"name":"Miletino","latitude":"41.90753000","longitude":"21.01601000"}}},"butel":{"id":694,"name":"Butel","state_code":"09","latitude":"42.08950680","longitude":"21.46336100","type":"municipality","cities":{"butel":{"id":67401,"name":"Butel","latitude":"42.03083000","longitude":"21.44667000"},"radishani":{"id":67512,"name":"Radishani","latitude":"42.06111000","longitude":"21.44778000"}}},"\u010cair":{"id":704,"name":"\u010cair","state_code":"79","latitude":"41.99303550","longitude":"21.43653180","type":"municipality","cities":{"\u010cair":{"id":67566,"name":"\u010cair","latitude":"42.01528000","longitude":"21.44111000"}}},"\u010ca\u0161ka":{"id":676,"name":"\u010ca\u0161ka","state_code":"80","latitude":"41.64743800","longitude":"21.69141150","type":"municipality","cities":{"bogomila":{"id":67395,"name":"Bogomila","latitude":"41.59306000","longitude":"21.47167000"},"\u010ca\u0161ka":{"id":67567,"name":"\u010ca\u0161ka","latitude":"41.65056000","longitude":"21.66222000"}}},"centar":{"id":702,"name":"Centar","state_code":"77","latitude":"41.96989340","longitude":"21.42162670","type":"municipality"},"centar\u017dupa":{"id":720,"name":"Centar \u017dupa","state_code":"78","latitude":"41.46522590","longitude":"20.59305480","type":"municipality","cities":{"centar\u017dupa":{"id":67405,"name":"Centar \u017dupa","latitude":"41.47849000","longitude":"20.55945000"}}},"\u010ce\u0161inovo-oble\u0161evo":{"id":644,"name":"\u010ce\u0161inovo-Oble\u0161evo","state_code":"81","latitude":"41.86393160","longitude":"22.26224600","type":"municipality","cities":{"\u010ce\u0161inovo":{"id":67569,"name":"\u010ce\u0161inovo","latitude":"41.87148000","longitude":"22.28961000"},"oblesevo":{"id":67494,"name":"Oblesevo","latitude":"41.88333000","longitude":"22.33389000"}}},"\u010cu\u010der-sandevo":{"id":715,"name":"\u010cu\u010der-Sandevo","state_code":"82","latitude":"42.14839460","longitude":"21.40374070","type":"municipality","cities":{"\u0427\u0443\u0447\u0435\u0440-\u0421\u0430\u043d\u0434\u0435\u0432\u043e":{"id":67582,"name":"\u0427\u0443\u0447\u0435\u0440 - \u0421\u0430\u043d\u0434\u0435\u0432\u043e","latitude":"42.10361000","longitude":"21.38222000"}}},"debarca":{"id":645,"name":"Debarca","state_code":"22","latitude":"41.35840770","longitude":"20.85529190","type":"municipality","cities":{"bel\u010di\u0161ta":{"id":67388,"name":"Bel\u010di\u0161ta","latitude":"41.30278000","longitude":"20.83028000"},"me\u0161ei\u0161ta":{"id":67481,"name":"Me\u0161ei\u0161ta","latitude":"41.23814000","longitude":"20.77414000"}}},"del\u010devo":{"id":695,"name":"Del\u010devo","state_code":"23","latitude":"41.96843870","longitude":"22.76288300","type":"municipality","cities":{"delcevo":{"id":67408,"name":"Delcevo","latitude":"41.96722000","longitude":"22.76944000"}}},"demirhisar":{"id":687,"name":"Demir Hisar","state_code":"25","latitude":"41.22708300","longitude":"21.14142260","type":"municipality","cities":{"demirhisar":{"id":67410,"name":"Demir Hisar","latitude":"41.22097000","longitude":"21.20302000"},"slep\u010de":{"id":67528,"name":"Slep\u010de","latitude":"41.23333000","longitude":"21.17500000"},"sopotnica":{"id":67529,"name":"Sopotnica","latitude":"41.29594000","longitude":"21.15357000"}}},"demirkapija":{"id":655,"name":"Demir Kapija","state_code":"24","latitude":"41.37955380","longitude":"22.21455710","type":"municipality","cities":{"demirkapija":{"id":67411,"name":"Demir Kapija","latitude":"41.40613000","longitude":"22.24631000"}}},"dojran":{"id":697,"name":"Dojran","state_code":"26","latitude":"41.24366720","longitude":"22.69137640","type":"municipality","cities":{"stardojran":{"id":67533,"name":"Star Dojran","latitude":"41.18647000","longitude":"22.72030000"}}},"dolneni":{"id":675,"name":"Dolneni","state_code":"27","latitude":"41.46409350","longitude":"21.40374070","type":"municipality","cities":{"crnili\u0161te":{"id":67407,"name":"Crnili\u0161te","latitude":"41.53025000","longitude":"21.41416000"},"desovo":{"id":67412,"name":"Desovo","latitude":"41.46278000","longitude":"21.49111000"},"dolneni":{"id":67418,"name":"Dolneni","latitude":"41.42579000","longitude":"21.45402000"},"la\u017eani":{"id":67468,"name":"La\u017eani","latitude":"41.44222000","longitude":"21.31583000"},"\u017dito\u0161e":{"id":67572,"name":"\u017dito\u0161e","latitude":"41.41991000","longitude":"21.29078000"}}},"drugovo":{"id":657,"name":"Drugovo","state_code":"28","latitude":"41.44081530","longitude":"20.92682010","type":"municipality"},"gazibaba":{"id":707,"name":"Gazi Baba","state_code":"17","latitude":"42.01629610","longitude":"21.49913340","type":"municipality","cities":{"cresevo":{"id":67406,"name":"Cresevo","latitude":"42.05083000","longitude":"21.50972000"}}},"gevgelija":{"id":648,"name":"Gevgelija","state_code":"18","latitude":"41.21186060","longitude":"22.38146240","type":"municipality","cities":{"gevgelija":{"id":67427,"name":"Gevgelija","latitude":"41.14166000","longitude":"22.50141000"},"miravci":{"id":67484,"name":"Miravci","latitude":"41.30925000","longitude":"22.43641000"}}},"gjor\u010depetrov":{"id":722,"name":"Gjor\u010de Petrov","state_code":"29","latitude":"42.06063740","longitude":"21.32027360","type":"municipality","cities":{"gjor\u010depetro":{"id":67428,"name":"Gjor\u010de Petro","latitude":"42.00778000","longitude":"21.35306000"}}},"gostivar":{"id":693,"name":"Gostivar","state_code":"19","latitude":"41.80255410","longitude":"20.90893780","type":"municipality","cities":{"cegrane":{"id":67404,"name":"Cegrane","latitude":"41.83889000","longitude":"20.97583000"},"dolnabanjica":{"id":67417,"name":"Dolna Banjica","latitude":"41.78611000","longitude":"20.90611000"},"forino":{"id":67426,"name":"Forino","latitude":"41.82334000","longitude":"20.96174000"},"gostivar":{"id":67433,"name":"Gostivar","latitude":"41.79601000","longitude":"20.90819000"},"srbinovo":{"id":67531,"name":"Srbinovo","latitude":"41.70586000","longitude":"20.95859000"},"vrutok":{"id":67560,"name":"Vrutok","latitude":"41.76861000","longitude":"20.83917000"}}},"gradsko":{"id":708,"name":"Gradsko","state_code":"20","latitude":"41.59916080","longitude":"21.88070640","type":"municipality","cities":{"gradsko":{"id":67436,"name":"Gradsko","latitude":"41.57750000","longitude":"21.94278000"}}},"greaterskopje":{"id":684,"name":"Greater Skopje","state_code":"85","latitude":"41.99812940","longitude":"21.42543550","type":"capital city","cities":{"bojane":{"id":67397,"name":"Bojane","latitude":"42.00009000","longitude":"21.19265000"},"dra\u010devo":{"id":67423,"name":"Dra\u010devo","latitude":"41.93667000","longitude":"21.52167000"},"ljubin":{"id":67471,"name":"Ljubin","latitude":"42.00139000","longitude":"21.30917000"},"saraj":{"id":67521,"name":"Saraj","latitude":"42.00000000","longitude":"21.32778000"},"usje":{"id":67546,"name":"Usje","latitude":"41.95871000","longitude":"21.45835000"}}},"ilinden":{"id":690,"name":"Ilinden","state_code":"34","latitude":"41.99574430","longitude":"21.56769750","type":"municipality","cities":{"ilinden":{"id":67440,"name":"Ilinden","latitude":"41.99451000","longitude":"21.58002000"},"kadino":{"id":67446,"name":"Kadino","latitude":"41.96889000","longitude":"21.60139000"},"marino":{"id":67478,"name":"Marino","latitude":"41.98776000","longitude":"21.59148000"},"miladinovci":{"id":67482,"name":"Miladinovci","latitude":"41.98029000","longitude":"21.64982000"},"\u0418\u0434\u0440\u0438\u0437\u043e\u0432\u043e":{"id":67575,"name":"\u0418\u0434\u0440\u0438\u0437\u043e\u0432\u043e","latitude":"41.96083000","longitude":"21.57556000"},"\u0408\u0443\u0440\u0443\u043c\u043b\u0435\u0440\u0438":{"id":67573,"name":"\u0408\u0443\u0440\u0443\u043c\u043b\u0435\u0440\u0438","latitude":"41.96722000","longitude":"21.55694000"}}},"jegunovce":{"id":678,"name":"Jegunovce","state_code":"35","latitude":"42.07407200","longitude":"21.12204780","type":"municipality","cities":{"jegunovce":{"id":67445,"name":"Jegunovce","latitude":"42.07238000","longitude":"21.12367000"},"vratnica":{"id":67559,"name":"Vratnica","latitude":"42.14333000","longitude":"21.11694000"}}},"karbinci":{"id":674,"name":"Karbinci","state_code":"37","latitude":"41.81801590","longitude":"22.23247580","type":"municipality","cities":{"karbinci":{"id":67449,"name":"Karbinci","latitude":"41.81758000","longitude":"22.23529000"}}},"karpo\u0161":{"id":681,"name":"Karpo\u0161","state_code":"38","latitude":"41.97096610","longitude":"21.39181680","type":"municipality","cities":{"skopje":{"id":67526,"name":"Skopje","latitude":"41.99646000","longitude":"21.43141000"}}},"kavadarci":{"id":713,"name":"Kavadarci","state_code":"36","latitude":"41.28900680","longitude":"21.99994350","type":"municipality","cities":{"kavadarci":{"id":67450,"name":"Kavadarci","latitude":"41.43306000","longitude":"22.01194000"},"vata\u0161a":{"id":67550,"name":"Vata\u0161a","latitude":"41.41694000","longitude":"22.01889000"}}},"ki\u010devo":{"id":688,"name":"Ki\u010devo","state_code":"40","latitude":"41.51291120","longitude":"20.95250650","type":"municipality","cities":{"drugovo":{"id":67424,"name":"Drugovo","latitude":"41.48490000","longitude":"20.92636000"},"ki\u010devo":{"id":67452,"name":"Ki\u010devo","latitude":"41.51267000","longitude":"20.95886000"},"srbica":{"id":67530,"name":"Srbica","latitude":"41.58672000","longitude":"21.03027000"},"strelci":{"id":67535,"name":"Strelci","latitude":"41.54046000","longitude":"21.00563000"},"tuin":{"id":67545,"name":"Tuin","latitude":"41.61944000","longitude":"21.04528000"},"vrane\u0161tica":{"id":67557,"name":"Vrane\u0161tica","latitude":"41.44496000","longitude":"21.02683000"},"zajas":{"id":67561,"name":"Zajas","latitude":"41.60722000","longitude":"20.93833000"}}},"kiselavoda":{"id":686,"name":"Kisela Voda","state_code":"39","latitude":"41.92748000","longitude":"21.49317130","type":"municipality","cities":{"kiselavoda":{"id":67451,"name":"Kisela Voda","latitude":"41.94889000","longitude":"21.50278000"}}},"ko\u010dani":{"id":723,"name":"Ko\u010dani","state_code":"42","latitude":"41.98583740","longitude":"22.40530460","type":"municipality","cities":{"kochani":{"id":67453,"name":"Kochani","latitude":"41.91639000","longitude":"22.41278000"},"orizari":{"id":67501,"name":"Orizari","latitude":"41.92262000","longitude":"22.44628000"}}},"kon\u010de":{"id":665,"name":"Kon\u010de","state_code":"41","latitude":"41.51710110","longitude":"22.38146240","type":"municipality","cities":{"kon\u010de":{"id":67455,"name":"Kon\u010de","latitude":"41.49511000","longitude":"22.38359000"}}},"kratovo":{"id":641,"name":"Kratovo","state_code":"43","latitude":"42.05371410","longitude":"22.07148350","type":"municipality","cities":{"kratovo":{"id":67458,"name":"Kratovo","latitude":"42.07838000","longitude":"22.18070000"}}},"krivapalanka":{"id":677,"name":"Kriva Palanka","state_code":"44","latitude":"42.20584540","longitude":"22.33079650","type":"municipality","cities":{"krivapalanka":{"id":67459,"name":"Kriva Palanka","latitude":"42.20088000","longitude":"22.33244000"}}},"krivoga\u0161tani":{"id":647,"name":"Krivoga\u0161tani","state_code":"45","latitude":"41.30823060","longitude":"21.36796890","type":"municipality","cities":{"krivogashtani":{"id":67460,"name":"Krivogashtani","latitude":"41.33611000","longitude":"21.33306000"},"obr\u0161ani":{"id":67495,"name":"Obr\u0161ani","latitude":"41.28168000","longitude":"21.36150000"},"\u041a\u043b\u0435\u0447\u043e\u0432\u0446\u0435":{"id":67576,"name":"\u041a\u043b\u0435\u0447\u043e\u0432\u0446\u0435","latitude":"42.11611000","longitude":"21.85722000"}}},"kru\u0161evo":{"id":714,"name":"Kru\u0161evo","state_code":"46","latitude":"41.37693310","longitude":"21.26065540","type":"municipality","cities":{"bu\u010din":{"id":67402,"name":"Bu\u010din","latitude":"41.27377000","longitude":"21.31692000"},"krusevo":{"id":67461,"name":"Krusevo","latitude":"41.36889000","longitude":"21.24889000"}}},"kumanovo":{"id":683,"name":"Kumanovo","state_code":"47","latitude":"42.07326130","longitude":"21.78531430","type":"municipality","cities":{"bedinje":{"id":67387,"name":"Bedinje","latitude":"42.14167000","longitude":"21.69639000"},"kumanovo":{"id":67465,"name":"Kumanovo","latitude":"42.13222000","longitude":"21.71444000"},"romanovci":{"id":67516,"name":"Romanovci","latitude":"42.09472000","longitude":"21.69306000"}}},"lipkovo":{"id":659,"name":"Lipkovo","state_code":"48","latitude":"42.20066260","longitude":"21.61837550","type":"municipality","cities":{"izvor":{"id":67443,"name":"Izvor","latitude":"42.20322000","longitude":"21.57812000"},"lipkovo":{"id":67469,"name":"Lipkovo","latitude":"42.15639000","longitude":"21.58528000"},"lojane":{"id":67473,"name":"Lojane","latitude":"42.23276000","longitude":"21.66550000"},"matejce":{"id":67480,"name":"Matejce","latitude":"42.12556000","longitude":"21.59778000"},"otlja":{"id":67502,"name":"Otlja","latitude":"42.14315000","longitude":"21.58675000"},"vaksince":{"id":67547,"name":"Vaksince","latitude":"42.20611000","longitude":"21.66306000"},"\u0421\u043b\u0443\u043f\u0447\u0430\u043d\u0435":{"id":67579,"name":"\u0421\u043b\u0443\u043f\u0447\u0430\u043d\u0435","latitude":"42.17333000","longitude":"21.62778000"}}},"lozovo":{"id":705,"name":"Lozovo","state_code":"49","latitude":"41.78181390","longitude":"21.90008270","type":"municipality","cities":{"lozovo":{"id":67474,"name":"Lozovo","latitude":"41.78389000","longitude":"21.90556000"}}},"makedonskakamenica":{"id":701,"name":"Makedonska Kamenica","state_code":"51","latitude":"42.06946040","longitude":"22.54834900","type":"municipality","cities":{"makedonskakamenica":{"id":67476,"name":"Makedonska Kamenica","latitude":"42.02079000","longitude":"22.58760000"}}},"makedonskibrod":{"id":692,"name":"Makedonski Brod","state_code":"52","latitude":"41.51330880","longitude":"21.21743290","type":"municipality","cities":{"makedonskibrod":{"id":67477,"name":"Makedonski Brod","latitude":"41.51361000","longitude":"21.21528000"},"samokov":{"id":67520,"name":"Samokov","latitude":"41.68331000","longitude":"21.14625000"}}},"mavrovoandrostu\u0161a":{"id":669,"name":"Mavrovo and Rostu\u0161a","state_code":"50","latitude":"41.60924270","longitude":"20.60124880","type":"municipality","cities":{"rostusa":{"id":67518,"name":"Rostusa","latitude":"41.61000000","longitude":"20.60000000"}}},"mogila":{"id":653,"name":"Mogila","state_code":"53","latitude":"41.14796450","longitude":"21.45143690","type":"municipality","cities":{"beranci":{"id":67389,"name":"Beranci","latitude":"41.15969000","longitude":"21.35963000"},"dobru\u0161evo":{"id":67416,"name":"Dobru\u0161evo","latitude":"41.16861000","longitude":"21.48250000"},"dolnosrpci":{"id":67422,"name":"Dolno Srpci","latitude":"41.17480000","longitude":"21.36464000"},"mogila":{"id":67486,"name":"Mogila","latitude":"41.10833000","longitude":"21.37861000"}}},"negotino":{"id":664,"name":"Negotino","state_code":"54","latitude":"41.49899850","longitude":"22.09532970","type":"municipality","cities":{"negotino":{"id":67490,"name":"Negotino","latitude":"41.48456000","longitude":"22.09056000"}}},"novaci":{"id":696,"name":"Novaci","state_code":"55","latitude":"41.04426610","longitude":"21.45888940","type":"municipality","cities":{"novaci":{"id":67492,"name":"Novaci","latitude":"41.04197000","longitude":"21.45866000"}}},"novoselo":{"id":718,"name":"Novo Selo","state_code":"56","latitude":"41.43255800","longitude":"22.88204890","type":"municipality","cities":{"novoselo":{"id":67493,"name":"Novo Selo","latitude":"41.41486000","longitude":"22.88164000"},"su\u0161ica":{"id":67540,"name":"Su\u0161ica","latitude":"41.43982000","longitude":"22.83676000"}}},"ohrid":{"id":699,"name":"Ohrid","state_code":"58","latitude":"41.06820880","longitude":"20.75992660","type":"municipality","cities":{"kosel":{"id":67456,"name":"Kosel","latitude":"41.17444000","longitude":"20.83556000"},"ohrid":{"id":67496,"name":"Ohrid","latitude":"41.11722000","longitude":"20.80194000"},"ohridop\u0161tina":{"id":67497,"name":"Ohrid Op\u0161tina","latitude":"41.16667000","longitude":"20.83333000"}}},"oslomej":{"id":682,"name":"Oslomej ","state_code":"57","latitude":"41.57583910","longitude":"21.02219600","type":"municipality"},"peh\u010devo":{"id":685,"name":"Peh\u010devo","state_code":"60","latitude":"41.77371320","longitude":"22.88204890","type":"municipality","cities":{"peh\u010devo":{"id":67503,"name":"Peh\u010devo","latitude":"41.76226000","longitude":"22.88921000"}}},"petrovec":{"id":698,"name":"Petrovec","state_code":"59","latitude":"41.90298970","longitude":"21.68992100","type":"municipality","cities":{"srednokonjare":{"id":67532,"name":"Sredno Konjare","latitude":"41.95743000","longitude":"21.71494000"},"\u041f\u0435\u0442\u0440\u043e\u0432\u0435\u0446":{"id":67577,"name":"\u041f\u0435\u0442\u0440\u043e\u0432\u0435\u0446","latitude":"41.93889000","longitude":"21.61500000"}}},"plasnica":{"id":670,"name":"Plasnica","state_code":"61","latitude":"41.45463490","longitude":"21.10565390","type":"municipality","cities":{"lisi\u010dani":{"id":67470,"name":"Lisi\u010dani","latitude":"41.46139000","longitude":"21.05444000"},"plasnica":{"id":67506,"name":"Plasnica","latitude":"41.46722000","longitude":"21.12306000"}}},"prilep":{"id":666,"name":"Prilep","state_code":"62","latitude":"41.26931420","longitude":"21.71376940","type":"municipality","cities":{"kanatlarci":{"id":67448,"name":"Kanatlarci","latitude":"41.21028000","longitude":"21.50333000"},"markovgrad":{"id":67479,"name":"Markov Grad","latitude":"41.35722000","longitude":"21.53250000"},"prilep":{"id":67509,"name":"Prilep","latitude":"41.34514000","longitude":"21.55504000"},"topol\u010dani":{"id":67544,"name":"Topol\u010dani","latitude":"41.22772000","longitude":"21.43113000"}}},"probi\u0161tip":{"id":646,"name":"Probi\u0161tip","state_code":"63","latitude":"41.95891460","longitude":"22.16686700","type":"municipality","cities":{"probishtip":{"id":67510,"name":"Probishtip","latitude":"42.00306000","longitude":"22.17861000"},"zletovo":{"id":67564,"name":"Zletovo","latitude":"41.98861000","longitude":"22.23611000"}}},"radovi\u0161":{"id":709,"name":"Radovi\u0161","state_code":"64","latitude":"41.64955310","longitude":"22.47682870","type":"municipality","cities":{"oraovica":{"id":67499,"name":"Oraovica","latitude":"41.62583000","longitude":"22.51333000"},"podare\u0161":{"id":67507,"name":"Podare\u0161","latitude":"41.61389000","longitude":"22.54222000"},"radovis":{"id":67514,"name":"Radovis","latitude":"41.63833000","longitude":"22.46472000"}}},"rankovce":{"id":717,"name":"Rankovce","state_code":"65","latitude":"42.18081410","longitude":"22.09532970","type":"municipality","cities":{"\u0420\u0430\u043d\u043a\u043e\u0432\u0446\u0435":{"id":67578,"name":"\u0420\u0430\u043d\u043a\u043e\u0432\u0446\u0435","latitude":"42.16964000","longitude":"22.11617000"}}},"resen":{"id":712,"name":"Resen","state_code":"66","latitude":"40.93680930","longitude":"21.04604070","type":"municipality","cities":{"grn\u010dari":{"id":67437,"name":"Grn\u010dari","latitude":"41.01722000","longitude":"21.05333000"},"jankovec":{"id":67444,"name":"Jankovec","latitude":"41.11028000","longitude":"21.01139000"},"krani":{"id":67457,"name":"Krani","latitude":"40.93934000","longitude":"21.10911000"},"resen":{"id":67515,"name":"Resen","latitude":"41.08934000","longitude":"21.01092000"}}},"rosoman":{"id":691,"name":"Rosoman","state_code":"67","latitude":"41.48480060","longitude":"21.88070640","type":"municipality","cities":{"rosoman":{"id":67517,"name":"Rosoman","latitude":"41.51671000","longitude":"21.94585000"}}},"saraj":{"id":667,"name":"Saraj","state_code":"68","latitude":"41.98694960","longitude":"21.26065540","type":"municipality","cities":{"bukovik":{"id":67400,"name":"Bukovik","latitude":"41.96833000","longitude":"21.23694000"},"gr\u010dec":{"id":67438,"name":"Gr\u010dec","latitude":"41.98806000","longitude":"21.33028000"},"kondovo":{"id":67454,"name":"Kondovo","latitude":"42.01167000","longitude":"21.31361000"},"kru\u0161opek":{"id":67462,"name":"Kru\u0161opek","latitude":"41.97833000","longitude":"21.35444000"}}},"sopi\u0161te":{"id":719,"name":"Sopi\u0161te","state_code":"70","latitude":"41.86384920","longitude":"21.30834990","type":"municipality","cities":{"\u0421\u043e\u043f\u0438\u0448\u0442\u0435":{"id":67580,"name":"\u0421\u043e\u043f\u0438\u0448\u0442\u0435","latitude":"41.95472000","longitude":"21.42750000"}}},"staronagori\u010dane":{"id":643,"name":"Staro Nagori\u010dane","state_code":"71","latitude":"42.21916920","longitude":"21.90455410","type":"municipality","cities":{"\u0421\u0442\u0430\u0440\u043e\u041d\u0430\u0433\u043e\u0440\u0438\u0447\u0430\u043d\u0435":{"id":67581,"name":"\u0421\u0442\u0430\u0440\u043e \u041d\u0430\u0433\u043e\u0440\u0438\u0447\u0430\u043d\u0435","latitude":"42.19806000","longitude":"21.82861000"}}},"\u0160tip":{"id":661,"name":"\u0160tip","state_code":"83","latitude":"41.70792970","longitude":"22.19071220","type":"municipality","cities":{"shtip":{"id":67525,"name":"Shtip","latitude":"41.74583000","longitude":"22.19583000"}}},"struga":{"id":700,"name":"Struga","state_code":"72","latitude":"41.31737440","longitude":"20.66456830","type":"municipality","cities":{"delogo\u017eda":{"id":67409,"name":"Delogo\u017eda","latitude":"41.25728000","longitude":"20.72180000"},"labunista":{"id":67466,"name":"Labunista","latitude":"41.26861000","longitude":"20.59611000"},"lukovo":{"id":67475,"name":"Lukovo","latitude":"41.35339000","longitude":"20.60637000"},"mislesevo":{"id":67485,"name":"Mislesevo","latitude":"41.18500000","longitude":"20.70861000"},"oktisi":{"id":67498,"name":"Oktisi","latitude":"41.23250000","longitude":"20.60722000"},"radolista":{"id":67513,"name":"Radolista","latitude":"41.16417000","longitude":"20.62333000"},"struga":{"id":67537,"name":"Struga","latitude":"41.17799000","longitude":"20.67784000"},"velesta":{"id":67552,"name":"Velesta","latitude":"41.24083000","longitude":"20.64389000"}}},"strumica":{"id":710,"name":"Strumica","state_code":"73","latitude":"41.43780040","longitude":"22.64274280","type":"municipality","cities":{"kuklis":{"id":67463,"name":"Kuklis","latitude":"41.40528000","longitude":"22.66528000"},"murtino":{"id":67488,"name":"Murtino","latitude":"41.41537000","longitude":"22.72589000"},"strumica":{"id":67538,"name":"Strumica","latitude":"41.43750000","longitude":"22.64333000"},"veljusa":{"id":67553,"name":"Veljusa","latitude":"41.47611000","longitude":"22.56750000"}}},"studeni\u010dani":{"id":711,"name":"Studeni\u010dani","state_code":"74","latitude":"41.92256390","longitude":"21.53639650","type":"municipality","cities":{"batinci":{"id":67386,"name":"Batinci","latitude":"41.91909000","longitude":"21.47978000"},"dolnokoli\u010dani":{"id":67419,"name":"Dolno Koli\u010dani","latitude":"41.88639000","longitude":"21.48556000"},"morani":{"id":67487,"name":"Morani","latitude":"41.90978000","longitude":"21.54997000"},"studeni\u010dane":{"id":67539,"name":"Studeni\u010dane","latitude":"41.92208000","longitude":"21.53483000"}}},"\u0160utoorizari":{"id":680,"name":"\u0160uto Orizari","state_code":"84","latitude":"42.02904160","longitude":"21.40970270","type":"municipality","cities":{"\u0160utoorizare":{"id":67571,"name":"\u0160uto Orizare","latitude":"42.04000000","longitude":"21.42500000"}}},"svetinikole":{"id":640,"name":"Sveti Nikole","state_code":"69","latitude":"41.89803120","longitude":"21.99994350","type":"municipality","cities":{"gorobinci":{"id":67432,"name":"Gorobinci","latitude":"41.87507000","longitude":"21.87599000"},"svetinikole":{"id":67541,"name":"Sveti Nikole","latitude":"41.86956000","longitude":"21.95274000"}}},"tearce":{"id":654,"name":"Tearce","state_code":"75","latitude":"42.07775110","longitude":"21.05349230","type":"municipality","cities":{"nera\u0161te":{"id":67491,"name":"Nera\u0161te","latitude":"42.10711000","longitude":"21.10810000"},"orashac":{"id":67500,"name":"Orashac","latitude":"42.06250000","longitude":"21.79972000"},"pr\u0161ovce":{"id":67511,"name":"Pr\u0161ovce","latitude":"42.08336000","longitude":"21.05994000"},"slatino":{"id":67527,"name":"Slatino","latitude":"42.06784000","longitude":"21.03902000"},"tearce":{"id":67542,"name":"Tearce","latitude":"42.07666000","longitude":"21.05310000"}}},"tetovo":{"id":663,"name":"Tetovo","state_code":"76","latitude":"42.02748600","longitude":"20.95066360","type":"municipality","cities":{"dobro\u0161te":{"id":67415,"name":"Dobro\u0161te","latitude":"42.10333000","longitude":"21.07778000"},"d\u017eep\u010di\u0161te":{"id":67425,"name":"D\u017eep\u010di\u0161te","latitude":"42.03287000","longitude":"20.99817000"},"golemare\u010dica":{"id":67429,"name":"Golema Re\u010dica","latitude":"41.98803000","longitude":"20.94517000"},"pirok":{"id":67505,"name":"Pirok","latitude":"41.91083000","longitude":"20.91056000"},"poroj":{"id":67508,"name":"Poroj","latitude":"42.02913000","longitude":"20.99266000"},"selce":{"id":67524,"name":"Selce","latitude":"42.03482000","longitude":"20.94035000"},"\u0160ipkovica":{"id":67570,"name":"\u0160ipkovica","latitude":"42.03500000","longitude":"20.91556000"},"tetovo":{"id":67543,"name":"Tetovo","latitude":"42.00973000","longitude":"20.97155000"}}},"valandovo":{"id":671,"name":"Valandovo","state_code":"10","latitude":"41.32119090","longitude":"22.50066930","type":"municipality","cities":{"pirava":{"id":67504,"name":"Pirava","latitude":"41.32042000","longitude":"22.53047000"},"valandovo":{"id":67548,"name":"Valandovo","latitude":"41.31744000","longitude":"22.56002000"}}},"vasilevo":{"id":658,"name":"Vasilevo","state_code":"11","latitude":"41.47416990","longitude":"22.64221280","type":"municipality","cities":{"vasilevo":{"id":67549,"name":"Vasilevo","latitude":"41.47408000","longitude":"22.64301000"}}},"veles":{"id":651,"name":"Veles","state_code":"13","latitude":"41.72744260","longitude":"21.71376940","type":"municipality","cities":{"gornoorizari":{"id":67431,"name":"Gorno Orizari","latitude":"41.68583000","longitude":"21.73475000"},"ivankovci":{"id":67442,"name":"Ivankovci","latitude":"41.84889000","longitude":"21.82028000"},"veles":{"id":67551,"name":"Veles","latitude":"41.71556000","longitude":"21.77556000"}}},"vev\u010dani":{"id":662,"name":"Vev\u010dani","state_code":"12","latitude":"41.24075430","longitude":"20.59156490","type":"municipality","cities":{"vev\u010dani":{"id":67554,"name":"Vev\u010dani","latitude":"41.24056000","longitude":"20.59333000"}}},"vinica":{"id":672,"name":"Vinica","state_code":"14","latitude":"41.85710200","longitude":"22.57218810","type":"municipality","cities":{"blatec":{"id":67393,"name":"Blatec","latitude":"41.83668000","longitude":"22.57909000"},"gradec":{"id":67435,"name":"Gradec","latitude":"41.85068000","longitude":"22.51132000"},"vinica":{"id":67555,"name":"Vinica","latitude":"41.88278000","longitude":"22.50917000"}}},"vrane\u0161tica":{"id":650,"name":"Vrane\u0161tica","state_code":"15","latitude":"41.48290870","longitude":"21.05796320","type":"municipality"},"vrap\u010di\u0161te":{"id":689,"name":"Vrap\u010di\u0161te","state_code":"16","latitude":"41.87911600","longitude":"20.83145000","type":"municipality","cities":{"dobridol":{"id":67414,"name":"Dobri Dol","latitude":"41.86520000","longitude":"20.89009000"},"negotino":{"id":67489,"name":"Negotino","latitude":"41.87792000","longitude":"20.88389000"},"vrap\u010di\u0161te":{"id":67558,"name":"Vrap\u010di\u0161te","latitude":"41.83439000","longitude":"20.88563000"}}},"zajas":{"id":642,"name":"Zajas","state_code":"31","latitude":"41.60303280","longitude":"20.87913430","type":"municipality"},"zelenikovo":{"id":706,"name":"Zelenikovo","state_code":"32","latitude":"41.87338120","longitude":"21.60272500","type":"municipality","cities":{"zelenikovo":{"id":67562,"name":"Zelenikovo","latitude":"41.88413000","longitude":"21.58848000"}}},"\u017delino":{"id":668,"name":"\u017delino","state_code":"30","latitude":"41.90065310","longitude":"21.11757670","type":"municipality","cities":{"dobarce":{"id":67413,"name":"Dobarce","latitude":"41.95530000","longitude":"21.08875000"},"larce":{"id":67467,"name":"Larce","latitude":"41.93319000","longitude":"21.12628000"},"sedlarevo":{"id":67522,"name":"Sedlarevo","latitude":"41.88306000","longitude":"21.12750000"},"strimnica":{"id":67536,"name":"Strimnica","latitude":"41.96719000","longitude":"21.03598000"},"zelino":{"id":67563,"name":"Zelino","latitude":"41.98028000","longitude":"21.06417000"}}},"zrnovci":{"id":673,"name":"Zrnovci","state_code":"33","latitude":"41.82282210","longitude":"22.41722560","type":"municipality","cities":{"zrnovci":{"id":67565,"name":"Zrnovci","latitude":"41.85417000","longitude":"22.44444000"}}}}}