{"id":204,"name":"South Africa","iso3":"ZAF","iso2":"ZA","numeric_code":"710","phone_code":"27","capital":"Pretoria","currency":"ZAR","currency_name":"South African rand","currency_symbol":"R","tld":".za","native":"South Africa","region":"Africa","region_id":1,"subregion":"Southern Africa","subregion_id":5,"nationality":"South African","timezones":[{"zoneName":"Africa/Johannesburg","gmtOffset":7200,"gmtOffsetName":"UTC+02:00","abbreviation":"SAST","tzName":"South African Standard Time"}],"translations":{"ko":"\ub0a8\uc544\ud504\ub9ac\uce74 \uacf5\ud654\uad6d","pt-BR":"Rep\u00fablica Sul-Africana","pt":"Rep\u00fablica Sul-Africana","nl":"Zuid-Afrika","hr":"Ju\u017enoafri\u010dka Republika","fa":"\u0622\u0641\u0631\u06cc\u0642\u0627\u06cc \u062c\u0646\u0648\u0628\u06cc","de":"Republik S\u00fcdafrika","es":"Rep\u00fablica de Sud\u00e1frica","fr":"Afrique du Sud","ja":"\u5357\u30a2\u30d5\u30ea\u30ab","it":"Sud Africa","zh-CN":"\u5357\u975e","tr":"G\u00fcney Afrika Cumhuriyeti","ru":"\u042e\u0436\u043d\u0430\u044f \u0410\u0444\u0440\u0438\u043a\u0430","uk":"\u041f\u0456\u0432\u0434\u0435\u043d\u043d\u0430 \u0410\u0444\u0440\u0438\u043a\u0430","pl":"Republika Po\u0142udniowej Afryki"},"latitude":"-29.00000000","longitude":"24.00000000","emoji":"\ud83c\uddff\ud83c\udde6","emojiU":"U+1F1FF U+1F1E6","states":{"easterncape":{"id":938,"name":"Eastern Cape","state_code":"EC","latitude":"-32.29684020","longitude":"26.41938900","type":null,"cities":{"adelaide":{"id":131015,"name":"Adelaide","latitude":"-32.70747000","longitude":"26.29564000"},"alfrednzodistrictmunicipality":{"id":131018,"name":"Alfred Nzo District Municipality","latitude":"-30.66803000","longitude":"29.15490000"},"alice":{"id":131019,"name":"Alice","latitude":"-32.78749000","longitude":"26.83440000"},"aliwalnorth":{"id":131020,"name":"Aliwal North","latitude":"-30.69366000","longitude":"26.71141000"},"amatholedistrictmunicipality":{"id":131023,"name":"Amathole District Municipality","latitude":"-32.55895000","longitude":"27.45919000"},"bhisho":{"id":131037,"name":"Bhisho","latitude":"-32.84721000","longitude":"27.44218000"},"buffalocitymetropolitanmunicipality":{"id":131052,"name":"Buffalo City Metropolitan Municipality","latitude":"-32.95141000","longitude":"27.61164000"},"burgersdorp":{"id":131053,"name":"Burgersdorp","latitude":"-30.99766000","longitude":"26.32862000"},"butterworth":{"id":131054,"name":"Butterworth","latitude":"-32.33083000","longitude":"28.14981000"},"cacadudistrictmunicipality":{"id":131055,"name":"Cacadu District Municipality","latitude":"-33.06583000","longitude":"24.77583000"},"chrishanidistrictmunicipality":{"id":131068,"name":"Chris Hani District Municipality","latitude":"-31.79033000","longitude":"26.43965000"},"cradock":{"id":131078,"name":"Cradock","latitude":"-32.16422000","longitude":"25.61918000"},"dordrecht":{"id":131086,"name":"Dordrecht","latitude":"-31.37200000","longitude":"27.04878000"},"eastlondon":{"id":131093,"name":"East London","latitude":"-33.01529000","longitude":"27.91162000"},"elliot":{"id":131103,"name":"Elliot","latitude":"-31.33333000","longitude":"27.85000000"},"fortbeaufort":{"id":131109,"name":"Fort Beaufort","latitude":"-32.77477000","longitude":"26.63376000"},"graaff-reinet":{"id":131119,"name":"Graaff-Reinet","latitude":"-32.25215000","longitude":"24.53075000"},"grahamstown":{"id":131121,"name":"Grahamstown","latitude":"-33.30422000","longitude":"26.53276000"},"ilinge":{"id":131133,"name":"Ilinge","latitude":"-31.97676000","longitude":"27.04267000"},"joegqabidistrictmunicipality":{"id":131135,"name":"Joe Gqabi District Municipality","latitude":"-30.94178000","longitude":"27.06053000"},"kirkwood":{"id":131141,"name":"Kirkwood","latitude":"-33.39829000","longitude":"25.44279000"},"kruisfontein":{"id":131152,"name":"Kruisfontein","latitude":"-34.00333000","longitude":"24.73142000"},"ladyfrere":{"id":131157,"name":"Lady Frere","latitude":"-31.70312000","longitude":"27.23290000"},"middelburg":{"id":131174,"name":"Middelburg","latitude":"-31.49285000","longitude":"25.00633000"},"molteno":{"id":131182,"name":"Molteno","latitude":"-31.39675000","longitude":"26.36246000"},"mthatha":{"id":131191,"name":"Mthatha","latitude":"-31.58893000","longitude":"28.78443000"},"nelsonmandelabaymetropolitanmunicipality":{"id":131197,"name":"Nelson Mandela Bay Metropolitan Municipality","latitude":"-33.80399000","longitude":"25.49213000"},"ortambodistrictmunicipality":{"id":131206,"name":"OR Tambo District Municipality","latitude":"-31.46740000","longitude":"29.05247000"},"portalfred":{"id":131224,"name":"Port Alfred","latitude":"-33.58601000","longitude":"26.88329000"},"portelizabeth":{"id":131225,"name":"Port Elizabeth","latitude":"-33.96109000","longitude":"25.61494000"},"portsaintjohn\u2019s":{"id":131226,"name":"Port Saint John\u2019s","latitude":"-31.62291000","longitude":"29.54477000"},"queensdale":{"id":131233,"name":"Queensdale","latitude":"-31.87101000","longitude":"26.97862000"},"queenstown":{"id":131234,"name":"Queenstown","latitude":"-31.89756000","longitude":"26.87533000"},"somerseteast":{"id":131259,"name":"Somerset East","latitude":"-32.72173000","longitude":"25.58804000"},"stutterheim":{"id":131266,"name":"Stutterheim","latitude":"-32.57076000","longitude":"27.42396000"},"uitenhage":{"id":131279,"name":"Uitenhage","latitude":"-33.75757000","longitude":"25.39710000"},"whittlesea":{"id":131308,"name":"Whittlesea","latitude":"-32.17588000","longitude":"26.82437000"},"willowmore":{"id":131309,"name":"Willowmore","latitude":"-33.29265000","longitude":"23.48954000"}}},"freestate":{"id":932,"name":"Free State","state_code":"FS","latitude":"37.68585250","longitude":"-97.28112560","type":null,"cities":{"allanridge":{"id":131021,"name":"Allanridge","latitude":"-27.75431000","longitude":"26.64382000"},"bethlehem":{"id":131036,"name":"Bethlehem","latitude":"-28.23078000","longitude":"28.30707000"},"bloemfontein":{"id":131038,"name":"Bloemfontein","latitude":"-29.12107000","longitude":"26.21400000"},"bothaville":{"id":131043,"name":"Bothaville","latitude":"-27.38870000","longitude":"26.61701000"},"botshabelo":{"id":131044,"name":"Botshabelo","latitude":"-29.26737000","longitude":"26.72595000"},"brandfort":{"id":131046,"name":"Brandfort","latitude":"-28.70008000","longitude":"26.45968000"},"clocolan":{"id":131075,"name":"Clocolan","latitude":"-28.91367000","longitude":"27.56555000"},"deneysville":{"id":131084,"name":"Deneysville","latitude":"-26.89080000","longitude":"28.09707000"},"feziledabidistrictmunicipality":{"id":131107,"name":"Fezile Dabi District Municipality","latitude":"-27.33918000","longitude":"27.71927000"},"frankfort":{"id":131111,"name":"Frankfort","latitude":"-27.27888000","longitude":"28.49696000"},"harrismith":{"id":131124,"name":"Harrismith","latitude":"-28.27276000","longitude":"29.12946000"},"heilbron":{"id":131126,"name":"Heilbron","latitude":"-27.28115000","longitude":"27.97090000"},"hennenman":{"id":131128,"name":"Hennenman","latitude":"-27.97654000","longitude":"27.02423000"},"hoopstad":{"id":131131,"name":"Hoopstad","latitude":"-27.83273000","longitude":"25.90833000"},"koppies":{"id":131146,"name":"Koppies","latitude":"-27.24179000","longitude":"27.57422000"},"kroonstad":{"id":131150,"name":"Kroonstad","latitude":"-27.65036000","longitude":"27.23488000"},"kutloanong":{"id":131154,"name":"Kutloanong","latitude":"-27.83333000","longitude":"26.75000000"},"ladybrand":{"id":131158,"name":"Ladybrand","latitude":"-29.19448000","longitude":"27.45739000"},"lejweleputswadistrictmunicipality":{"id":131161,"name":"Lejweleputswa District Municipality","latitude":"-28.23982000","longitude":"26.12649000"},"lindley":{"id":131163,"name":"Lindley","latitude":"-27.87910000","longitude":"27.91348000"},"mangaungmetropolitanmunicipality":{"id":131170,"name":"Mangaung Metropolitan Municipality","latitude":"-29.15627000","longitude":"26.35116000"},"marquard":{"id":131173,"name":"Marquard","latitude":"-28.66449000","longitude":"27.43048000"},"parys":{"id":131214,"name":"Parys","latitude":"-26.90330000","longitude":"27.45727000"},"phuthaditjhaba":{"id":131216,"name":"Phuthaditjhaba","latitude":"-28.52423000","longitude":"28.81582000"},"reitz":{"id":131237,"name":"Reitz","latitude":"-27.80138000","longitude":"28.42726000"},"sasolburg":{"id":131249,"name":"Sasolburg","latitude":"-26.81358000","longitude":"27.81695000"},"senekal":{"id":131255,"name":"Senekal","latitude":"-28.31971000","longitude":"27.62082000"},"thabanchu":{"id":131271,"name":"Thaba Nchu","latitude":"-29.20932000","longitude":"26.83898000"},"thabomofutsanyanadistrictmunicipality":{"id":131273,"name":"Thabo Mofutsanyana District Municipality","latitude":"-28.24378000","longitude":"28.34077000"},"theunissen":{"id":131274,"name":"Theunissen","latitude":"-28.41098000","longitude":"26.70107000"},"ventersburg":{"id":131285,"name":"Ventersburg","latitude":"-28.08561000","longitude":"27.13814000"},"viljoenskroon":{"id":131288,"name":"Viljoenskroon","latitude":"-27.20841000","longitude":"26.94855000"},"villiers":{"id":131289,"name":"Villiers","latitude":"-27.03026000","longitude":"28.60061000"},"virginia":{"id":131290,"name":"Virginia","latitude":"-28.10391000","longitude":"26.86593000"},"vrede":{"id":131292,"name":"Vrede","latitude":"-27.42573000","longitude":"29.16585000"},"vredefort":{"id":131293,"name":"Vredefort","latitude":"-27.00805000","longitude":"27.36460000"},"welkom":{"id":131301,"name":"Welkom","latitude":"-27.97742000","longitude":"26.73506000"},"wesselsbron":{"id":131303,"name":"Wesselsbron","latitude":"-27.85490000","longitude":"26.36583000"},"winburg":{"id":131310,"name":"Winburg","latitude":"-28.51805000","longitude":"27.00933000"},"xhariepdistrictmunicipality":{"id":131314,"name":"Xhariep District Municipality","latitude":"-29.84311000","longitude":"25.83286000"},"zastron":{"id":131315,"name":"Zastron","latitude":"-30.30225000","longitude":"27.08395000"}}},"gauteng":{"id":936,"name":"Gauteng","state_code":"GP","latitude":"-26.27075930","longitude":"28.11226790","type":null,"cities":{"alberton":{"id":131017,"name":"Alberton","latitude":"-26.26786000","longitude":"28.12225000"},"benoni":{"id":131032,"name":"Benoni","latitude":"-26.18848000","longitude":"28.32078000"},"boksburg":{"id":131042,"name":"Boksburg","latitude":"-26.21197000","longitude":"28.25958000"},"brakpan":{"id":131045,"name":"Brakpan","latitude":"-26.23656000","longitude":"28.36938000"},"bronkhorstspruit":{"id":131051,"name":"Bronkhorstspruit","latitude":"-25.81015000","longitude":"28.74248000"},"carletonville":{"id":131062,"name":"Carletonville","latitude":"-26.36094000","longitude":"27.39767000"},"centurion":{"id":131066,"name":"Centurion","latitude":"-25.85891000","longitude":"28.18577000"},"cityofjohannesburgmetropolitanmunicipality":{"id":131071,"name":"City of Johannesburg Metropolitan Municipality","latitude":"-26.17673000","longitude":"27.96353000"},"cityoftshwanemetropolitanmunicipality":{"id":131072,"name":"City of Tshwane Metropolitan Municipality","latitude":"-25.65985000","longitude":"28.44343000"},"cullinan":{"id":131079,"name":"Cullinan","latitude":"-25.67088000","longitude":"28.52364000"},"diepsloot":{"id":131085,"name":"Diepsloot","latitude":"-25.93312000","longitude":"28.01213000"},"eastleigh":{"id":131094,"name":"Eastleigh","latitude":"-26.12965000","longitude":"28.15541000"},"edenglen":{"id":131096,"name":"Eden Glen","latitude":"-26.13230000","longitude":"28.16859000"},"edenglenext60":{"id":131097,"name":"Eden Glen Ext 60","latitude":"-26.12593000","longitude":"28.16500000"},"edenvale":{"id":131098,"name":"Edenvale","latitude":"-26.14095000","longitude":"28.15247000"},"ekangala":{"id":131100,"name":"Ekangala","latitude":"-25.69619000","longitude":"28.74918000"},"ekurhulenimetropolitanmunicipality":{"id":131101,"name":"Ekurhuleni Metropolitan Municipality","latitude":"-26.19890000","longitude":"28.31262000"},"heidelberg":{"id":131125,"name":"Heidelberg","latitude":"-26.50476000","longitude":"28.35921000"},"johannesburg":{"id":131136,"name":"Johannesburg","latitude":"-26.20227000","longitude":"28.04363000"},"krugersdorp":{"id":131151,"name":"Krugersdorp","latitude":"-26.08577000","longitude":"27.77515000"},"mabopane":{"id":131166,"name":"Mabopane","latitude":"-25.49768000","longitude":"28.10065000"},"midrand":{"id":131176,"name":"Midrand","latitude":"-25.98953000","longitude":"28.12843000"},"midstream":{"id":131177,"name":"Midstream","latitude":"-25.91849000","longitude":"28.19881000"},"modderfontein":{"id":131179,"name":"Modderfontein","latitude":"-26.08909000","longitude":"28.16534000"},"muldersdriseloop":{"id":131193,"name":"Muldersdriseloop","latitude":"-26.03673000","longitude":"27.83798000"},"nigel":{"id":131202,"name":"Nigel","latitude":"-26.43138000","longitude":"28.47713000"},"orangefarm":{"id":131207,"name":"Orange Farm","latitude":"-26.48333000","longitude":"27.86667000"},"pretoria":{"id":131230,"name":"Pretoria","latitude":"-25.74486000","longitude":"28.18783000"},"randburg":{"id":131235,"name":"Randburg","latitude":"-26.09410000","longitude":"28.00123000"},"randfontein":{"id":131236,"name":"Randfontein","latitude":"-26.18440000","longitude":"27.70203000"},"roodepoort":{"id":131245,"name":"Roodepoort","latitude":"-26.16250000","longitude":"27.87250000"},"sedibengdistrictmunicipality":{"id":131253,"name":"Sedibeng District Municipality","latitude":"-26.56686000","longitude":"28.18277000"},"soweto":{"id":131260,"name":"Soweto","latitude":"-26.26781000","longitude":"27.85849000"},"springs":{"id":131262,"name":"Springs","latitude":"-26.25000000","longitude":"28.40000000"},"tembisa":{"id":131270,"name":"Tembisa","latitude":"-25.99636000","longitude":"28.22680000"},"vanderbijlpark":{"id":131284,"name":"Vanderbijlpark","latitude":"-26.71171000","longitude":"27.83795000"},"vereeniging":{"id":131286,"name":"Vereeniging","latitude":"-26.67313000","longitude":"27.92615000"},"westranddistrictmunicipality":{"id":131305,"name":"West Rand District Municipality","latitude":"-26.24565000","longitude":"27.55538000"},"westonaria":{"id":131306,"name":"Westonaria","latitude":"-26.31905000","longitude":"27.64860000"}}},"kwazulu-natal":{"id":935,"name":"KwaZulu-Natal","state_code":"KZN","latitude":"-28.53055390","longitude":"30.89582420","type":null,"cities":{"amajubadistrictmunicipality":{"id":131022,"name":"Amajuba District Municipality","latitude":"-27.73558000","longitude":"30.13537000"},"ballito":{"id":131027,"name":"Ballito","latitude":"-29.53897000","longitude":"31.21439000"},"berea":{"id":131033,"name":"Berea","latitude":"-29.85185000","longitude":"30.99337000"},"dundee":{"id":131091,"name":"Dundee","latitude":"-28.16678000","longitude":"30.23371000"},"durban":{"id":131092,"name":"Durban","latitude":"-29.85790000","longitude":"31.02920000"},"ekuvukeni":{"id":131102,"name":"Ekuvukeni","latitude":"-28.46752000","longitude":"30.15513000"},"emkhomazi":{"id":131320,"name":"eMkhomazi","latitude":"-30.20674000","longitude":"30.79776000"},"empangeni":{"id":131104,"name":"Empangeni","latitude":"-28.76197000","longitude":"31.89329000"},"eshowe":{"id":131106,"name":"Eshowe","latitude":"-28.88649000","longitude":"31.46990000"},"esikhaleni":{"id":131321,"name":"eSikhaleni","latitude":"-28.87097000","longitude":"31.89961000"},"ethekwinimetropolitanmunicipality":{"id":131322,"name":"eThekwini Metropolitan Municipality","latitude":"-29.86670000","longitude":"31.01670000"},"glencoe":{"id":131118,"name":"Glencoe","latitude":"-28.17827000","longitude":"30.14702000"},"greytown":{"id":131122,"name":"Greytown","latitude":"-29.06415000","longitude":"30.59279000"},"hluhluwe":{"id":131130,"name":"Hluhluwe","latitude":"-28.01895000","longitude":"32.26762000"},"howick":{"id":131132,"name":"Howick","latitude":"-29.47795000","longitude":"30.23057000"},"ilembedistrictmunicipality":{"id":131323,"name":"iLembe District Municipality","latitude":"-29.27326000","longitude":"31.14253000"},"kokstad":{"id":131144,"name":"Kokstad","latitude":"-30.54723000","longitude":"29.42412000"},"kwadukuza":{"id":131155,"name":"KwaDukuza","latitude":"-29.32816000","longitude":"31.28954000"},"margate":{"id":131172,"name":"Margate","latitude":"-30.86360000","longitude":"30.37052000"},"mondlo":{"id":131183,"name":"Mondlo","latitude":"-27.98299000","longitude":"30.71769000"},"mooirivier":{"id":131185,"name":"Mooirivier","latitude":"-29.20824000","longitude":"29.99460000"},"mpophomeni":{"id":131189,"name":"Mpophomeni","latitude":"-29.56822000","longitude":"30.18618000"},"mpumalanga":{"id":131190,"name":"Mpumalanga","latitude":"-29.81292000","longitude":"30.63646000"},"mtubatuba":{"id":131192,"name":"Mtubatuba","latitude":"-28.41789000","longitude":"32.18483000"},"ndwedwe":{"id":131196,"name":"Ndwedwe","latitude":"-29.51686000","longitude":"30.92687000"},"newcastle":{"id":131199,"name":"Newcastle","latitude":"-27.75796000","longitude":"29.93180000"},"pietermaritzburg":{"id":131218,"name":"Pietermaritzburg","latitude":"-29.61679000","longitude":"30.39278000"},"portshepstone":{"id":131227,"name":"Port Shepstone","latitude":"-30.74137000","longitude":"30.45499000"},"richardsbay":{"id":131239,"name":"Richards Bay","latitude":"-28.78301000","longitude":"32.03768000"},"richmond":{"id":131240,"name":"Richmond","latitude":"-29.87196000","longitude":"30.27235000"},"scottburgh":{"id":131251,"name":"Scottburgh","latitude":"-30.28666000","longitude":"30.75316000"},"sisonkedistrictmunicipality":{"id":131256,"name":"Sisonke District Municipality","latitude":"-30.11082000","longitude":"29.66009000"},"sundumbili":{"id":131267,"name":"Sundumbili","latitude":"-29.13371000","longitude":"31.39752000"},"ugudistrictmunicipality":{"id":131278,"name":"Ugu District Municipality","latitude":"-30.54365000","longitude":"30.27480000"},"ulundi":{"id":131280,"name":"Ulundi","latitude":"-28.33523000","longitude":"31.41617000"},"umgungundlovu":{"id":131324,"name":"uMgungundlovu","latitude":"-29.50927000","longitude":"30.19838000"},"umkhanyakudedistrictmunicipality":{"id":131325,"name":"uMkhanyakude District Municipality","latitude":"-27.62236000","longitude":"32.32945000"},"umzinyathidistrictmunicipality":{"id":131326,"name":"uMzinyathi District Municipality","latitude":"-28.58570000","longitude":"30.55883000"},"uthukeladistrictmunicipality":{"id":131327,"name":"uThukela District Municipality","latitude":"-28.71920000","longitude":"29.65799000"},"uthunguludistrictmunicipality":{"id":131328,"name":"uThungulu District Municipality","latitude":"-28.70046000","longitude":"31.51527000"},"utrecht":{"id":131282,"name":"Utrecht","latitude":"-27.65862000","longitude":"30.32166000"},"vryheid":{"id":131297,"name":"Vryheid","latitude":"-27.76952000","longitude":"30.79165000"},"zululanddistrictmunicipality":{"id":131318,"name":"Zululand District Municipality","latitude":"-27.81139000","longitude":"31.29426000"}}},"limpopo":{"id":933,"name":"Limpopo","state_code":"LP","latitude":"-23.40129460","longitude":"29.41793240","type":null,"cities":{"bochum":{"id":131040,"name":"Bochum","latitude":"-23.28609000","longitude":"29.13964000"},"capricorndistrictmunicipality":{"id":131061,"name":"Capricorn District Municipality","latitude":"-23.48163000","longitude":"29.18350000"},"duiwelskloof":{"id":131090,"name":"Duiwelskloof","latitude":"-23.69339000","longitude":"30.14002000"},"ga-kgapane":{"id":131113,"name":"Ga-Kgapane","latitude":"-23.64378000","longitude":"30.22324000"},"giyani":{"id":131117,"name":"Giyani","latitude":"-23.30246000","longitude":"30.71868000"},"lebowakgomo":{"id":131160,"name":"Lebowakgomo","latitude":"-24.20000000","longitude":"29.50000000"},"louistrichardt":{"id":131164,"name":"Louis Trichardt","latitude":"-23.04385000","longitude":"29.90319000"},"mankoeng":{"id":131171,"name":"Mankoeng","latitude":"-23.90000000","longitude":"29.81667000"},"modimolle":{"id":131180,"name":"Modimolle","latitude":"-24.70000000","longitude":"28.40000000"},"mokopane":{"id":131181,"name":"Mokopane","latitude":"-24.19436000","longitude":"29.00974000"},"mopanidistrictmunicipality":{"id":131187,"name":"Mopani District Municipality","latitude":"-23.76661000","longitude":"30.83600000"},"musina":{"id":131194,"name":"Musina","latitude":"-22.34881000","longitude":"30.04074000"},"nkowakowa":{"id":131204,"name":"Nkowakowa","latitude":"-23.88782000","longitude":"30.28708000"},"phalaborwa":{"id":131215,"name":"Phalaborwa","latitude":"-23.94299000","longitude":"31.14107000"},"polokwane":{"id":131223,"name":"Polokwane","latitude":"-23.90449000","longitude":"29.46885000"},"sekhukhunedistrictmunicipality":{"id":131254,"name":"Sekhukhune District Municipality","latitude":"-24.82806000","longitude":"29.83803000"},"thabazimbi":{"id":131272,"name":"Thabazimbi","latitude":"-24.59165000","longitude":"27.41155000"},"thohoyandou":{"id":131275,"name":"Thohoyandou","latitude":"-22.94564000","longitude":"30.48497000"},"thulamahashi":{"id":131276,"name":"Thulamahashi","latitude":"-24.72459000","longitude":"31.19939000"},"tzaneen":{"id":131277,"name":"Tzaneen","latitude":"-23.83322000","longitude":"30.16351000"},"vhembedistrictmunicipality":{"id":131287,"name":"Vhembe District Municipality","latitude":"-22.75467000","longitude":"30.19360000"},"warmbaths":{"id":131298,"name":"Warmbaths","latitude":"-24.88333000","longitude":"28.28333000"},"waterbergdistrictmunicipality":{"id":131300,"name":"Waterberg District Municipality","latitude":"-24.20514000","longitude":"27.97870000"}}},"mpumalanga":{"id":937,"name":"Mpumalanga","state_code":"MP","latitude":"-25.56533600","longitude":"30.52790960","type":null,"cities":{"balfour":{"id":131026,"name":"Balfour","latitude":"-26.66331000","longitude":"28.59016000"},"barberton":{"id":131028,"name":"Barberton","latitude":"-25.78842000","longitude":"31.05319000"},"belfast":{"id":131031,"name":"Belfast","latitude":"-25.68991000","longitude":"30.03504000"},"bethal":{"id":131035,"name":"Bethal","latitude":"-26.45794000","longitude":"29.46553000"},"breyten":{"id":131049,"name":"Breyten","latitude":"-26.30176000","longitude":"29.98696000"},"carolina":{"id":131064,"name":"Carolina","latitude":"-26.06927000","longitude":"30.11489000"},"delmas":{"id":131083,"name":"Delmas","latitude":"-26.14660000","longitude":"28.68322000"},"driefontein":{"id":131089,"name":"Driefontein","latitude":"-27.01770000","longitude":"30.44979000"},"ehlanzenidistrict":{"id":131099,"name":"Ehlanzeni District","latitude":"-25.35100000","longitude":"31.36100000"},"embalenhle":{"id":131319,"name":"eMbalenhle","latitude":"-26.53333000","longitude":"29.06667000"},"ermelo":{"id":131105,"name":"Ermelo","latitude":"-26.53333000","longitude":"29.98333000"},"gertsibandedistrictmunicipality":{"id":131116,"name":"Gert Sibande District Municipality","latitude":"-26.67100000","longitude":"29.92953000"},"hendrina":{"id":131127,"name":"Hendrina","latitude":"-26.15881000","longitude":"29.71528000"},"komatipoort":{"id":131145,"name":"Komatipoort","latitude":"-25.43321000","longitude":"31.95478000"},"kriel":{"id":131149,"name":"Kriel","latitude":"-26.27391000","longitude":"29.22530000"},"lydenburg":{"id":131165,"name":"Lydenburg","latitude":"-25.09598000","longitude":"30.44393000"},"middelburg":{"id":131175,"name":"Middelburg","latitude":"-25.77507000","longitude":"29.46482000"},"nelspruit":{"id":131198,"name":"Nelspruit","latitude":"-25.47448000","longitude":"30.97033000"},"nkangaladistrictmunicipality":{"id":131203,"name":"Nkangala District Municipality","latitude":"-25.71222000","longitude":"29.42431000"},"pietretief":{"id":131217,"name":"Piet Retief","latitude":"-27.00706000","longitude":"30.81323000"},"secunda":{"id":131252,"name":"Secunda","latitude":"-26.55000000","longitude":"29.16667000"},"siyabuswa":{"id":131257,"name":"Siyabuswa","latitude":"-25.11319000","longitude":"29.04454000"},"standerton":{"id":131263,"name":"Standerton","latitude":"-26.93366000","longitude":"29.24152000"},"volksrust":{"id":131291,"name":"Volksrust","latitude":"-27.36541000","longitude":"29.88175000"},"whiteriver":{"id":131307,"name":"White River","latitude":"-25.33177000","longitude":"31.01166000"},"witbank":{"id":131311,"name":"Witbank","latitude":"-25.87133000","longitude":"29.23323000"}}},"northwest":{"id":934,"name":"North West","state_code":"NW","latitude":"32.75885200","longitude":"-97.32880600","type":null,"cities":{"bloemhof":{"id":131039,"name":"Bloemhof","latitude":"-27.64685000","longitude":"25.60697000"},"bojanalaplatinumdistrictmunicipality":{"id":131041,"name":"Bojanala Platinum District Municipality","latitude":"-25.42612000","longitude":"27.22430000"},"brits":{"id":131050,"name":"Brits","latitude":"-25.63473000","longitude":"27.78022000"},"christiana":{"id":131069,"name":"Christiana","latitude":"-27.91402000","longitude":"25.16111000"},"drkennethkaundadistrictmunicipality":{"id":131087,"name":"Dr Kenneth Kaunda District Municipality","latitude":"-26.80678000","longitude":"26.56926000"},"drruthsegomotsimompatidistrictmunicipality":{"id":131088,"name":"Dr Ruth Segomotsi Mompati District Municipality","latitude":"-26.63765000","longitude":"24.27462000"},"fochville":{"id":131108,"name":"Fochville","latitude":"-26.48862000","longitude":"27.49387000"},"ga-rankuwa":{"id":131114,"name":"Ga-Rankuwa","latitude":"-25.61692000","longitude":"27.99471000"},"jankempdorp":{"id":131134,"name":"Jan Kempdorp","latitude":"-27.92246000","longitude":"24.83051000"},"klerksdorp":{"id":131142,"name":"Klerksdorp","latitude":"-26.85213000","longitude":"26.66672000"},"koster":{"id":131147,"name":"Koster","latitude":"-25.86301000","longitude":"26.89756000"},"lichtenburg":{"id":131162,"name":"Lichtenburg","latitude":"-26.15200000","longitude":"26.15968000"},"mahikeng":{"id":131167,"name":"Mahikeng","latitude":"-25.86522000","longitude":"25.64421000"},"maile":{"id":131168,"name":"Maile","latitude":"-25.44152000","longitude":"27.28165000"},"mmabatho":{"id":131178,"name":"Mmabatho","latitude":"-25.85000000","longitude":"25.63333000"},"ngakamodirimolemadistrictmunicipality":{"id":131201,"name":"Ngaka Modiri Molema District Municipality","latitude":"-25.95559000","longitude":"25.80782000"},"orkney":{"id":131209,"name":"Orkney","latitude":"-26.98023000","longitude":"26.67272000"},"potchefstroom":{"id":131229,"name":"Potchefstroom","latitude":"-26.71667000","longitude":"27.10000000"},"rustenburg":{"id":131247,"name":"Rustenburg","latitude":"-25.66756000","longitude":"27.24208000"},"schweizer-reneke":{"id":131250,"name":"Schweizer-Reneke","latitude":"-27.18871000","longitude":"25.32931000"},"stilfontein":{"id":131265,"name":"Stilfontein","latitude":"-26.84493000","longitude":"26.76829000"},"vryburg":{"id":131296,"name":"Vryburg","latitude":"-26.95659000","longitude":"24.72840000"},"wolmaransstad":{"id":131312,"name":"Wolmaransstad","latitude":"-27.19740000","longitude":"25.98311000"},"zeerust":{"id":131316,"name":"Zeerust","latitude":"-25.53695000","longitude":"26.07512000"}}},"northerncape":{"id":931,"name":"Northern Cape","state_code":"NC","latitude":"-29.04668080","longitude":"21.85685860","type":null,"cities":{"barklywest":{"id":131029,"name":"Barkly West","latitude":"-28.53537000","longitude":"24.52151000"},"brandvlei":{"id":131047,"name":"Brandvlei","latitude":"-30.46532000","longitude":"20.48659000"},"calvinia":{"id":131058,"name":"Calvinia","latitude":"-31.47069000","longitude":"19.77601000"},"carnarvon":{"id":131063,"name":"Carnarvon","latitude":"-30.96827000","longitude":"22.13303000"},"colesberg":{"id":131076,"name":"Colesberg","latitude":"-30.71999000","longitude":"25.09718000"},"dani\u00eblskuil":{"id":131080,"name":"Dani\u00eblskuil","latitude":"-28.18873000","longitude":"23.53951000"},"deaar":{"id":131081,"name":"De Aar","latitude":"-30.64966000","longitude":"24.01230000"},"francesbaarddistrictmunicipality":{"id":131110,"name":"Frances Baard District Municipality","latitude":"-28.30003000","longitude":"24.38188000"},"fraserburg":{"id":131112,"name":"Fraserburg","latitude":"-31.91566000","longitude":"21.51335000"},"johntaologaetsewedistrictmunicipality":{"id":131137,"name":"John Taolo Gaetsewe District Municipality","latitude":"-27.04549000","longitude":"23.04706000"},"kathu":{"id":131138,"name":"Kathu","latitude":"-27.69569000","longitude":"23.04929000"},"kenhardt":{"id":131139,"name":"Kenhardt","latitude":"-29.34574000","longitude":"21.15786000"},"kimberley":{"id":131140,"name":"Kimberley","latitude":"-28.73226000","longitude":"24.76232000"},"kuruman":{"id":131153,"name":"Kuruman","latitude":"-27.45240000","longitude":"23.43246000"},"namakwadistrictmunicipality":{"id":131195,"name":"Namakwa District Municipality","latitude":"-30.53561000","longitude":"19.42892000"},"noupoort":{"id":131205,"name":"Noupoort","latitude":"-31.18736000","longitude":"24.94991000"},"orania":{"id":131208,"name":"Orania","latitude":"-29.81381000","longitude":"24.41205000"},"pampierstad":{"id":131213,"name":"Pampierstad","latitude":"-27.78324000","longitude":"24.68768000"},"pixleykasemedistrictmunicipality":{"id":131220,"name":"Pixley ka Seme District Municipality","latitude":"-30.28920000","longitude":"23.25818000"},"pofadder":{"id":131222,"name":"Pofadder","latitude":"-29.12830000","longitude":"19.39492000"},"postmasburg":{"id":131228,"name":"Postmasburg","latitude":"-28.33392000","longitude":"23.06541000"},"prieska":{"id":131231,"name":"Prieska","latitude":"-29.66803000","longitude":"22.74251000"},"ritchie":{"id":131241,"name":"Ritchie","latitude":"-29.03801000","longitude":"24.60278000"},"siyandadistrictmunicipality":{"id":131258,"name":"Siyanda District Municipality","latitude":"-28.00013000","longitude":"21.18459000"},"springbok":{"id":131261,"name":"Springbok","latitude":"-29.66434000","longitude":"17.88650000"},"upington":{"id":131281,"name":"Upington","latitude":"-28.44776000","longitude":"21.25612000"},"vanwyksvlei":{"id":131283,"name":"Van Wyksvlei","latitude":"-30.35101000","longitude":"21.82498000"},"warrenton":{"id":131299,"name":"Warrenton","latitude":"-28.11396000","longitude":"24.84753000"}}},"westerncape":{"id":939,"name":"Western Cape","state_code":"WC","latitude":"-33.22779180","longitude":"21.85685860","type":null,"cities":{"albertina":{"id":131016,"name":"Albertina","latitude":"-34.20544000","longitude":"21.58001000"},"arniston":{"id":131024,"name":"Arniston","latitude":"-34.66739000","longitude":"20.23086000"},"atlantis":{"id":131025,"name":"Atlantis","latitude":"-33.56668000","longitude":"18.48335000"},"beaufortwest":{"id":131030,"name":"Beaufort West","latitude":"-32.35671000","longitude":"22.58295000"},"bergvliet":{"id":131034,"name":"Bergvliet","latitude":"-34.04746000","longitude":"18.45250000"},"bredasdorp":{"id":131048,"name":"Bredasdorp","latitude":"-34.53215000","longitude":"20.04031000"},"caledon":{"id":131056,"name":"Caledon","latitude":"-34.22997000","longitude":"19.42650000"},"calitzdorp":{"id":131057,"name":"Calitzdorp","latitude":"-33.52755000","longitude":"21.67620000"},"capetown":{"id":131059,"name":"Cape Town","latitude":"-33.92584000","longitude":"18.42322000"},"capewinelandsdistrictmunicipality":{"id":131060,"name":"Cape Winelands District Municipality","latitude":"-33.32249000","longitude":"19.68998000"},"centralkaroodistrictmunicipality":{"id":131065,"name":"Central Karoo District Municipality","latitude":"-32.62812000","longitude":"22.21192000"},"ceres":{"id":131067,"name":"Ceres","latitude":"-33.36889000","longitude":"19.31095000"},"cityofcapetown":{"id":131070,"name":"City of Cape Town","latitude":"-33.91667000","longitude":"18.41667000"},"clanwilliam":{"id":131073,"name":"Clanwilliam","latitude":"-32.18173000","longitude":"18.89217000"},"claremont":{"id":131074,"name":"Claremont","latitude":"-33.98056000","longitude":"18.46528000"},"constantia":{"id":131077,"name":"Constantia","latitude":"-34.03139000","longitude":"18.41833000"},"derust":{"id":131082,"name":"De Rust","latitude":"-33.49035000","longitude":"22.53523000"},"edendistrictmunicipality":{"id":131095,"name":"Eden District Municipality","latitude":"-33.82139000","longitude":"22.01263000"},"george":{"id":131115,"name":"George","latitude":"-33.96300000","longitude":"22.46173000"},"grabouw":{"id":131120,"name":"Grabouw","latitude":"-34.15152000","longitude":"19.01509000"},"hardysmemoriesofafrica":{"id":131123,"name":"Hardys Memories of Africa","latitude":"-33.90539000","longitude":"20.71690000"},"hermanus":{"id":131129,"name":"Hermanus","latitude":"-34.41870000","longitude":"19.23446000"},"knysna":{"id":131143,"name":"Knysna","latitude":"-34.03627000","longitude":"23.04713000"},"kraaifontein":{"id":131148,"name":"Kraaifontein","latitude":"-33.84808000","longitude":"18.71723000"},"ladismith":{"id":131156,"name":"Ladismith","latitude":"-33.49331000","longitude":"21.26755000"},"lansdowne":{"id":131159,"name":"Lansdowne","latitude":"-33.98735000","longitude":"18.49746000"},"malmesbury":{"id":131169,"name":"Malmesbury","latitude":"-33.46080000","longitude":"18.72714000"},"montagu":{"id":131184,"name":"Montagu","latitude":"-33.78664000","longitude":"20.12106000"},"moorreesburg":{"id":131186,"name":"Moorreesburg","latitude":"-33.15388000","longitude":"18.66031000"},"mosselbay":{"id":131188,"name":"Mossel Bay","latitude":"-34.18307000","longitude":"22.14605000"},"newlands":{"id":131200,"name":"Newlands","latitude":"-33.97846000","longitude":"18.44810000"},"oudtshoorn":{"id":131210,"name":"Oudtshoorn","latitude":"-33.60047000","longitude":"22.19955000"},"overbergdistrictmunicipality":{"id":131211,"name":"Overberg District Municipality","latitude":"-34.26131000","longitude":"19.93985000"},"paarl":{"id":131212,"name":"Paarl","latitude":"-33.73378000","longitude":"18.97523000"},"piketberg":{"id":131219,"name":"Piketberg","latitude":"-32.90323000","longitude":"18.75704000"},"plettenbergbay":{"id":131221,"name":"Plettenberg Bay","latitude":"-34.05274000","longitude":"23.37160000"},"princealbert":{"id":131232,"name":"Prince Albert","latitude":"-33.22476000","longitude":"22.02673000"},"retreat":{"id":131238,"name":"Retreat","latitude":"-34.05515000","longitude":"18.47617000"},"riversdale":{"id":131242,"name":"Riversdale","latitude":"-34.09345000","longitude":"21.25725000"},"robertson":{"id":131243,"name":"Robertson","latitude":"-33.80342000","longitude":"19.88537000"},"rondebosch":{"id":131244,"name":"Rondebosch","latitude":"-33.96333000","longitude":"18.47639000"},"rosebank":{"id":131246,"name":"Rosebank","latitude":"-33.95556000","longitude":"18.47417000"},"saldanha":{"id":131248,"name":"Saldanha","latitude":"-33.01167000","longitude":"17.94420000"},"stellenbosch":{"id":131264,"name":"Stellenbosch","latitude":"-33.93462000","longitude":"18.86676000"},"sunsetbeach":{"id":131268,"name":"Sunset Beach","latitude":"-33.85395000","longitude":"18.49231000"},"swellendam":{"id":131269,"name":"Swellendam","latitude":"-34.02262000","longitude":"20.44171000"},"vredenburg":{"id":131294,"name":"Vredenburg","latitude":"-32.90719000","longitude":"17.98997000"},"vredendal":{"id":131295,"name":"Vredendal","latitude":"-31.66833000","longitude":"18.50119000"},"wellington":{"id":131302,"name":"Wellington","latitude":"-33.63981000","longitude":"19.01120000"},"westcoastdistrictmunicipality":{"id":131304,"name":"West Coast District Municipality","latitude":"-32.09506000","longitude":"18.62695000"},"worcester":{"id":131313,"name":"Worcester","latitude":"-33.64651000","longitude":"19.44852000"},"zoar":{"id":131317,"name":"Zoar","latitude":"-33.49560000","longitude":"21.44373000"}}}}}