{"id":130,"name":"Madagascar","iso3":"MDG","iso2":"MG","numeric_code":"450","phone_code":"261","capital":"Antananarivo","currency":"MGA","currency_name":"Malagasy ariary","currency_symbol":"Ar","tld":".mg","native":"Madagasikara","region":"Africa","region_id":1,"subregion":"Eastern Africa","subregion_id":4,"nationality":"Malagasy","timezones":[{"zoneName":"Indian/Antananarivo","gmtOffset":10800,"gmtOffsetName":"UTC+03:00","abbreviation":"EAT","tzName":"East Africa Time"}],"translations":{"ko":"\ub9c8\ub2e4\uac00\uc2a4\uce74\ub974","pt-BR":"Madagascar","pt":"Madag\u00e1scar","nl":"Madagaskar","hr":"Madagaskar","fa":"\u0645\u0627\u062f\u0627\u06af\u0627\u0633\u06a9\u0627\u0631","de":"Madagaskar","es":"Madagascar","fr":"Madagascar","ja":"\u30de\u30c0\u30ac\u30b9\u30ab\u30eb","it":"Madagascar","zh-CN":"\u9a6c\u8fbe\u52a0\u65af\u52a0","tr":"Madagaskar","ru":"\u041c\u0430\u0434\u0430\u0433\u0430\u0441\u043a\u0430\u0440","uk":"\u041c\u0430\u0434\u0430\u0433\u0430\u0441\u043a\u0430\u0440","pl":"Madagaskar"},"latitude":"-20.00000000","longitude":"47.00000000","emoji":"\ud83c\uddf2\ud83c\uddec","emojiU":"U+1F1F2 U+1F1EC","states":{"antananarivoprovince":{"id":2951,"name":"Antananarivo Province","state_code":"T","latitude":"-18.70514740","longitude":"46.82528380","type":null},"antsirananaprovince":{"id":2950,"name":"Antsiranana Province","state_code":"D","latitude":"-13.77153900","longitude":"49.52799960","type":null,"cities":{"ampasimanolotra":{"id":67377,"name":"Ampasimanolotra","latitude":"-18.81667000","longitude":"49.06667000"},"andovoranto":{"id":67378,"name":"Andovoranto","latitude":"-18.95443000","longitude":"49.10940000"},"mahanoro":{"id":67379,"name":"Mahanoro","latitude":"-19.90000000","longitude":"48.80000000"},"mahavelona":{"id":67380,"name":"Mahavelona","latitude":"-17.68475000","longitude":"49.50869000"},"marolambo":{"id":67381,"name":"Marolambo","latitude":"-20.05000000","longitude":"48.11667000"},"toamasina":{"id":67382,"name":"Toamasina","latitude":"-18.14920000","longitude":"49.40234000"},"toamasinai":{"id":67383,"name":"Toamasina I","latitude":"-18.13863000","longitude":"49.39203000"},"toamasinaii":{"id":67384,"name":"Toamasina II","latitude":"-17.94053000","longitude":"49.14608000"},"vohibinany":{"id":67385,"name":"Vohibinany","latitude":"-17.35000000","longitude":"49.03333000"}}},"fianarantsoaprovince":{"id":2948,"name":"Fianarantsoa Province","state_code":"F","latitude":"-22.35362400","longitude":"46.82528380","type":null},"mahajangaprovince":{"id":2953,"name":"Mahajanga Province","state_code":"M","latitude":"-16.52388300","longitude":"46.51626200","type":null},"toamasinaprovince":{"id":2952,"name":"Toamasina Province","state_code":"A","latitude":"-18.14428110","longitude":"49.39578360","type":null},"toliaraprovince":{"id":2949,"name":"Toliara Province","state_code":"U","latitude":"-23.35161910","longitude":"43.68549360","type":null}}}