{"id":110,"name":"Jersey","iso3":"JEY","iso2":"JE","numeric_code":"832","phone_code":"44-1534","capital":"Saint Helier","currency":"GBP","currency_name":"British pound","currency_symbol":"\u00a3","tld":".je","native":"Jersey","region":"Europe","region_id":"4","subregion":"Northern Europe","subregion_id":"18","nationality":"Channel Island","timezones":[{"zoneName":"Europe/Jersey","gmtOffset":0,"gmtOffsetName":"UTC\u00b100","abbreviation":"GMT","tzName":"Greenwich Mean Time"}],"translations":{"kr":"\uc800\uc9c0 \uc12c","pt-BR":"Jersey","pt":"Jersey","nl":"Jersey","hr":"Jersey","fa":"\u062c\u0631\u0632\u06cc","de":"Jersey","es":"Jersey","fr":"Jersey","ja":"\u30b8\u30e3\u30fc\u30b8\u30fc","it":"Isola di Jersey","cn":"\u6cfd\u897f\u5c9b","tr":"Jersey"},"latitude":"49.25000000","longitude":"-2.16666666","emoji":"\ud83c\uddef\ud83c\uddea","emojiU":"U+1F1EF U+1F1EA"}