{"id":110,"name":"Jersey","iso3":"JEY","iso2":"JE","numeric_code":"832","phonecode":"44","capital":"Saint Helier","currency":"GBP","currency_name":"British pound","currency_symbol":"\u00a3","tld":".je","native":"Jersey","region":"Europe","region_id":4,"subregion":"Northern Europe","subregion_id":18,"nationality":"Channel Island","timezones":[{"zoneName":"Europe/Jersey","gmtOffset":0,"gmtOffsetName":"UTC\u00b100","abbreviation":"GMT","tzName":"Greenwich Mean Time"}],"translations":{"ko":"\uc800\uc9c0 \uc12c","pt-BR":"Jersey","pt":"Jersey","nl":"Jersey","hr":"Jersey","fa":"\u062c\u0631\u0632\u06cc","de":"Jersey","es":"Jersey","fr":"Jersey","ja":"\u30b8\u30e3\u30fc\u30b8\u30fc","it":"Isola di Jersey","zh-CN":"\u6cfd\u897f\u5c9b","tr":"Jersey","ru":"\u0414\u0436\u0435\u0440\u0441\u0438","uk":"\u0414\u0436\u0435\u0440\u0441\u0456","pl":"Jersey"},"latitude":"49.25000000","longitude":"-2.16666666","emoji":"\ud83c\uddef\ud83c\uddea","emojiU":"U+1F1EF U+1F1EA","states":{"grouville":{"id":5309,"name":"Grouville","state_code":"01","latitude":"49.18212570","longitude":"-2.09419810","type":"parish","cities":{"vingtainedelarocque":{"id":154101,"name":"Vingtaine de la Rocque","latitude":"49.16708180","longitude":"-2.05058070"},"vingtainedelarue":{"id":154099,"name":"Vingtaine de la Rue","latitude":"49.18661230","longitude":"-2.05316130"},"vingtainedelongueville":{"id":154100,"name":"Vingtaine de Longueville","latitude":"49.19001830","longitude":"-2.04917800"},"vingtainedesmarais":{"id":154098,"name":"Vingtaine des Marais","latitude":"49.18556300","longitude":"-2.05042200"}}},"stbrelade":{"id":5310,"name":"St Brelade","state_code":"02","latitude":"49.18488000","longitude":"-2.24685080","type":"parish","cities":{"vingtainedelamoye":{"id":154105,"name":"Vingtaine de la Moye","latitude":"49.18445480","longitude":"-2.23950470"},"vingtainedenoirmont":{"id":154102,"name":"Vingtaine de Noirmont","latitude":"49.17269850","longitude":"-2.22550510"},"vingtainedesquennevais":{"id":154104,"name":"Vingtaine des Quennevais","latitude":"49.19704320","longitude":"-2.21618080"},"vingtaineducoin":{"id":154103,"name":"Vingtaine du Coin","latitude":"49.18753960","longitude":"-2.18473710"}}},"stclement":{"id":5311,"name":"St Clement","state_code":"03","latitude":"49.16965790","longitude":"-2.08839340","type":"parish","cities":{"grandevingtaine":{"id":154106,"name":"Grande Vingtaine","latitude":"49.17207130","longitude":"-2.06199370"},"vingtainedesamar\u00e8s":{"id":154108,"name":"Vingtaine de Samar\u00e8s","latitude":"49.16497580","longitude":"-2.09880290"},"vingtainedurocquier":{"id":154107,"name":"Vingtaine du Rocquier","latitude":"49.16708180","longitude":"-2.05058070"}}},"sthelier":{"id":5312,"name":"St Helier","state_code":"04","latitude":"49.18115230","longitude":"-2.12574260","type":"parish","cities":{"vingtainedebasdumontaupr\u00eatre":{"id":154111,"name":"Vingtaine de Bas du Mont au Pr\u00eatre","latitude":"49.19939590","longitude":"-2.11964080"},"vingtainedehautdumontaupr\u00eatre":{"id":154112,"name":"Vingtaine de Haut du Mont au Pr\u00eatre","latitude":"49.18050190","longitude":"-2.10323300"},"vingtainedelaville":{"id":154109,"name":"Vingtaine de la Ville","latitude":"49.18050190","longitude":"-2.10323300"},"vingtainedumont\u00e0l\u0027abb\u00e9":{"id":154113,"name":"Vingtaine du Mont \u00e0 l\u0027Abb\u00e9","latitude":"49.20036330","longitude":"-2.13384390"},"vingtainedumontcochon":{"id":154114,"name":"Vingtaine du Mont Cochon","latitude":"49.19975370","longitude":"-2.14757550"},"vingtainedurougebouillon":{"id":154110,"name":"Vingtaine du Rouge Bouillon","latitude":"49.19291200","longitude":"-2.10935300"}}},"stjohn":{"id":5313,"name":"St John","state_code":"05","latitude":"49.23912570","longitude":"-2.18026840","type":"parish","cities":{"vingtainedeh\u00e9rupe":{"id":154116,"name":"Vingtaine de H\u00e9rupe","latitude":"49.23330120","longitude":"-2.12357080"},"vingtainedudouet":{"id":154117,"name":"Vingtaine du Douet","latitude":"49.23459620","longitude":"-2.17227710"},"vingtainedunord":{"id":154115,"name":"Vingtaine du Nord","latitude":"49.23938780","longitude":"-2.12069720"}}},"stlawrence":{"id":5314,"name":"St Lawrence","state_code":"06","latitude":"49.21527480","longitude":"-2.18207700","type":"parish","cities":{"vingtainebasdelavall\u00e9e":{"id":154119,"name":"Vingtaine Bas de la Vall\u00e9e","latitude":"49.21873100","longitude":"-2.14180450"},"vingtaineducoinhatain":{"id":154120,"name":"Vingtaine du Coin Hatain","latitude":"49.21873100","longitude":"-2.14180450"},"vingtaineducoinmotier":{"id":154121,"name":"Vingtaine du Coin Motier","latitude":"49.21873100","longitude":"-2.14180450"},"vingtaineducointourgisnord":{"id":154122,"name":"Vingtaine du Coin Tourgis Nord","latitude":"49.21873100","longitude":"-2.14180450"},"vingtaineducointourgissud":{"id":154123,"name":"Vingtaine du Coin Tourgis Sud","latitude":"49.21873100","longitude":"-2.14180450"},"vingtainehautdelavall\u00e9e":{"id":154118,"name":"Vingtaine Haut de la Vall\u00e9e","latitude":"49.21873100","longitude":"-2.14180450"}}},"stmartin":{"id":5315,"name":"St Martin","state_code":"07","latitude":"49.21641490","longitude":"-2.08133390","type":"parish","cities":{"vingtainedefaldouet":{"id":154125,"name":"Vingtaine de Faldouet","latitude":"49.20322040","longitude":"-2.05269720"},"vingtainedel\u0027\u00c9glise":{"id":154127,"name":"Vingtaine de l\u0027\u00c9glise","latitude":"0.00000000","longitude":"0.00000000"},"vingtainedelaqu\u00e9ru\u00e9e":{"id":154126,"name":"Vingtaine de la Qu\u00e9ru\u00e9e","latitude":"49.22056780","longitude":"-2.04008200"},"vingtainederozel":{"id":154124,"name":"Vingtaine de Rozel","latitude":"49.23569500","longitude":"-2.05048470"},"vingtainedufiefdelareine":{"id":154128,"name":"Vingtaine du Fief de la Reine","latitude":"49.22056780","longitude":"-2.04008200"}}},"stmary":{"id":5316,"name":"St Mary","state_code":"08","latitude":"49.23781810","longitude":"-2.19522130","type":"parish","cities":{"vingtainedunord":{"id":154130,"name":"Vingtaine du Nord","latitude":"49.24102700","longitude":"-2.16900950"},"vingtainedusud":{"id":154129,"name":"Vingtaine du Sud","latitude":"49.24102700","longitude":"-2.16900950"}}},"stouen":{"id":5317,"name":"St Ouen","state_code":"09","latitude":"49.23680760","longitude":"-2.25835970","type":"parish","cities":{"cueillettedegrantez":{"id":154133,"name":"Cueillette de Grantez","latitude":"49.23123970","longitude":"-2.22339030"},"cueillettedel\u00e9oville":{"id":154136,"name":"Cueillette de L\u00e9oville","latitude":"49.23803240","longitude":"-2.22634870"},"cueillettedemillais":{"id":154134,"name":"Cueillette de Millais","latitude":"49.24085370","longitude":"-2.24330420"},"cueillettedevinchelez":{"id":154135,"name":"Cueillette de Vinchelez","latitude":"49.24447800","longitude":"-2.23905430"},"grandecueillette":{"id":154132,"name":"Grande Cueillette","latitude":"49.23747580","longitude":"-2.22264800"},"petitecueillette":{"id":154131,"name":"Petite Cueillette","latitude":"49.23747580","longitude":"-2.22264800"}}},"stpeter":{"id":5318,"name":"St Peter","state_code":"10","latitude":"49.21442780","longitude":"-2.23234310","type":"parish","cities":{"grandevingtaine":{"id":154138,"name":"Grande Vingtaine","latitude":"49.21065500","longitude":"-2.19606360"},"vingtainedesaugerez":{"id":154139,"name":"Vingtaine des Augerez","latitude":"49.20776790","longitude":"-2.18629780"},"vingtaineducoinvarin":{"id":154140,"name":"Vingtaine du Coin Varin","latitude":"49.21451950","longitude":"-2.18722550"},"vingtainedudouet":{"id":154137,"name":"Vingtaine du Douet","latitude":"0.00000000","longitude":"0.00000000"}}},"stsaviour":{"id":5319,"name":"St Saviour","state_code":"11","latitude":"49.20119890","longitude":"-2.11257390","type":"parish","cities":{"vingtainedelagrandelongueville":{"id":154146,"name":"Vingtaine de la Grande Longueville","latitude":"49.18342350","longitude":"-2.07844940"},"vingtainedelapetitelongueville":{"id":154141,"name":"Vingtaine de la Petite Longueville","latitude":"49.18342350","longitude":"-2.07844940"},"vingtainedemaufant":{"id":154143,"name":"Vingtaine de Maufant","latitude":"49.20822960","longitude":"-2.10060600"},"vingtainedesousl\u0027\u00c9glise":{"id":154142,"name":"Vingtaine de Sous l\u0027\u00c9glise","latitude":"0.00000000","longitude":"0.00000000"},"vingtainedesouslahougue":{"id":154144,"name":"Vingtaine de Sous la Hougue","latitude":"49.21377110","longitude":"-2.13576620"},"vingtainedespigneaux":{"id":154145,"name":"Vingtaine des Pigneaux","latitude":"49.20262700","longitude":"-2.07080670"}}},"trinity":{"id":5320,"name":"Trinity","state_code":"12","latitude":"49.23059000","longitude":"-2.11999360","type":"parish","cities":{"vingtainedelacroiserie":{"id":154151,"name":"Vingtaine de la Croiserie","latitude":"49.22988270","longitude":"-2.08601240"},"vingtainedelaville-\u00e0-l\u0027\u00c9v\u00eaque":{"id":154147,"name":"Vingtaine de la Ville-\u00e0-l\u0027\u00c9v\u00eaque","latitude":"49.23176480","longitude":"-2.12236840"},"vingtainederozel":{"id":154148,"name":"Vingtaine de Rozel","latitude":"49.23842870","longitude":"-2.06704060"},"vingtainedesaugr\u00e8s":{"id":154150,"name":"Vingtaine des Augr\u00e8s","latitude":"49.22857290","longitude":"-2.08235050"},"vingtainedurondin":{"id":154149,"name":"Vingtaine du Rondin","latitude":"49.22988270","longitude":"-2.08601240"}}}}}