{"id":94,"name":"Guyana","iso3":"GUY","iso2":"GY","numeric_code":"328","phonecode":"592","capital":"Georgetown","currency":"GYD","currency_name":"Guyanese dollar","currency_symbol":"$","tld":".gy","native":"Guyana","region":"Americas","region_id":2,"subregion":"South America","subregion_id":8,"nationality":"Guyanese","timezones":[{"zoneName":"America/Guyana","gmtOffset":-14400,"gmtOffsetName":"UTC-04:00","abbreviation":"GYT","tzName":"Guyana Time"}],"translations":{"ko":"\uac00\uc774\uc544\ub098","pt-BR":"Guiana","pt":"Guiana","nl":"Guyana","hr":"Gvajana","fa":"\u06af\u0648\u06cc\u0627\u0646","de":"Guyana","es":"Guyana","fr":"Guyane","ja":"\u30ac\u30a4\u30a2\u30ca","it":"Guyana","zh-CN":"\u572d\u4e9a\u90a3","tr":"Guyana","ru":"\u0413\u0430\u0439\u0430\u043d\u0430","uk":"\u0413\u0430\u0439\u0430\u043d\u0430","pl":"Gujana"},"latitude":"5.00000000","longitude":"-59.00000000","emoji":"\ud83c\uddec\ud83c\uddfe","emojiU":"U+1F1EC U+1F1FE","states":{"barima-waini":{"id":2764,"name":"Barima-Waini","state_code":"BA","latitude":"7.48824190","longitude":"-59.65644940","type":"region","cities":{"mabaruma":{"id":53826,"name":"Mabaruma","latitude":"8.20000000","longitude":"-59.78333000"}}},"cuyuni-mazaruni":{"id":2760,"name":"Cuyuni-Mazaruni","state_code":"CU","latitude":"6.46421410","longitude":"-60.21107520","type":"region","cities":{"bartica":{"id":53822,"name":"Bartica","latitude":"6.40799000","longitude":"-58.62192000"}}},"demerara-mahaica":{"id":2767,"name":"Demerara-Mahaica","state_code":"DE","latitude":"6.54642600","longitude":"-58.09820460","type":"region","cities":{"georgetown":{"id":53823,"name":"Georgetown","latitude":"6.80448000","longitude":"-58.15527000"},"mahaicavillage":{"id":53827,"name":"Mahaica Village","latitude":"6.68405000","longitude":"-57.92181000"}}},"eastberbice-corentyne":{"id":2766,"name":"East Berbice-Corentyne","state_code":"EB","latitude":"2.74779220","longitude":"-57.46272590","type":"region","cities":{"newamsterdam":{"id":53830,"name":"New Amsterdam","latitude":"6.24793000","longitude":"-57.51710000"},"skeldon":{"id":53833,"name":"Skeldon","latitude":"5.88333000","longitude":"-57.13333000"}}},"essequiboislands-westdemerara":{"id":2768,"name":"Essequibo Islands-West Demerara","state_code":"ES","latitude":"6.57201320","longitude":"-58.46299970","type":"region","cities":{"parika":{"id":53831,"name":"Parika","latitude":"6.83712000","longitude":"-58.42941000"},"vreed-en-hoop":{"id":53834,"name":"Vreed-en-Hoop","latitude":"6.80927000","longitude":"-58.19798000"}}},"mahaica-berbice":{"id":2762,"name":"Mahaica-Berbice","state_code":"MA","latitude":"6.23849600","longitude":"-57.91625550","type":"region","cities":{"mahaiconyvillage":{"id":53828,"name":"Mahaicony Village","latitude":"6.57633000","longitude":"-57.80486000"},"rosignol":{"id":53832,"name":"Rosignol","latitude":"6.27095000","longitude":"-57.53697000"}}},"pomeroon-supenaam":{"id":2765,"name":"Pomeroon-Supenaam","state_code":"PM","latitude":"7.12941660","longitude":"-58.92062950","type":"region","cities":{"annaregina":{"id":53821,"name":"Anna Regina","latitude":"7.26439000","longitude":"-58.50769000"}}},"potaro-siparuni":{"id":2761,"name":"Potaro-Siparuni","state_code":"PT","latitude":"4.78558530","longitude":"-59.28799770","type":"region","cities":{"mahdia":{"id":53829,"name":"Mahdia","latitude":"5.26667000","longitude":"-59.15000000"}}},"upperdemerara-berbice":{"id":2763,"name":"Upper Demerara-Berbice","state_code":"UD","latitude":"5.30648790","longitude":"-58.18929210","type":"region","cities":{"linden":{"id":53825,"name":"Linden","latitude":"6.00809000","longitude":"-58.30714000"}}},"uppertakutu-upperessequibo":{"id":2769,"name":"Upper Takutu-Upper Essequibo","state_code":"UT","latitude":"2.92395950","longitude":"-58.73736340","type":"region","cities":{"lethem":{"id":53824,"name":"Lethem","latitude":"3.38333000","longitude":"-59.80000000"}}}}}