{"id":247,"name":"Zimbabwe","iso3":"ZWE","iso2":"ZW","numeric_code":"716","phonecode":"263","capital":"Harare","currency":"ZWL","currency_name":"Zimbabwe Dollar","currency_symbol":"$","tld":".zw","native":"Zimbabwe","region":"Africa","region_id":1,"subregion":"Eastern Africa","subregion_id":4,"nationality":"Zimbabwean","timezones":[{"zoneName":"Africa/Harare","gmtOffset":7200,"gmtOffsetName":"UTC+02:00","abbreviation":"CAT","tzName":"Central Africa Time"}],"translations":{"ko":"\uc9d0\ubc14\ube0c\uc6e8","pt-BR":"Zimbabwe","pt":"Zimbabu\u00e9","nl":"Zimbabwe","hr":"Zimbabve","fa":"\u0632\u06cc\u0645\u0628\u0627\u0648\u0647","de":"Simbabwe","es":"Zimbabue","fr":"Zimbabwe","ja":"\u30b8\u30f3\u30d0\u30d6\u30a8","it":"Zimbabwe","zh-CN":"\u6d25\u5df4\u5e03\u97e6","tr":"Zimbabve","ru":"\u0417\u0438\u043c\u0431\u0430\u0431\u0432\u0435","uk":"\u0417\u0456\u043c\u0431\u0430\u0431\u0432\u0435","pl":"Zimbabwe"},"latitude":"-20.00000000","longitude":"30.00000000","emoji":"\ud83c\uddff\ud83c\uddfc","emojiU":"U+1F1FF U+1F1FC","states":{"bulawayo":{"id":1956,"name":"Bulawayo","state_code":"BU","latitude":"-20.14895050","longitude":"28.53310380","type":"province","cities":{"bulawayo":{"id":131411,"name":"Bulawayo","latitude":"-20.15000000","longitude":"28.58333000"}}},"harare":{"id":1958,"name":"Harare","state_code":"HA","latitude":"-17.82162880","longitude":"31.04922590","type":"province","cities":{"chitungwiza":{"id":131425,"name":"Chitungwiza","latitude":"-18.01274000","longitude":"31.07555000"},"epworth":{"id":131431,"name":"Epworth","latitude":"-17.89000000","longitude":"31.14750000"},"harare":{"id":131443,"name":"Harare","latitude":"-17.82772000","longitude":"31.05337000"}}},"manicaland":{"id":1959,"name":"Manicaland","state_code":"MA","latitude":"-18.92163860","longitude":"32.17460500","type":"province","cities":{"buheradistrict":{"id":131410,"name":"Buhera District","latitude":"-19.45658000","longitude":"31.93156000"},"chimanimani":{"id":131417,"name":"Chimanimani","latitude":"-19.80000000","longitude":"32.86667000"},"chimanimanidistrict":{"id":131418,"name":"Chimanimani District","latitude":"-19.78295000","longitude":"32.73338000"},"chipinge":{"id":131420,"name":"Chipinge","latitude":"-20.18833000","longitude":"32.62365000"},"chipingedistrict":{"id":131421,"name":"Chipinge District","latitude":"-20.54959000","longitude":"32.43110000"},"dorowamininglease":{"id":131430,"name":"Dorowa Mining Lease","latitude":"-19.06667000","longitude":"31.75000000"},"headlands":{"id":131444,"name":"Headlands","latitude":"-18.27733000","longitude":"32.05150000"},"makonidistrict":{"id":131464,"name":"Makoni District","latitude":"-18.33550000","longitude":"32.14650000"},"mutare":{"id":131480,"name":"Mutare","latitude":"-18.97070000","longitude":"32.67086000"},"mutaredistrict":{"id":131481,"name":"Mutare District","latitude":"-19.25512000","longitude":"32.44327000"},"mutasadistrict":{"id":131482,"name":"Mutasa District","latitude":"-18.66283000","longitude":"32.74547000"},"nyanga":{"id":131489,"name":"Nyanga","latitude":"-18.21667000","longitude":"32.75000000"},"nyangadistrict":{"id":131490,"name":"Nyanga District","latitude":"-17.92951000","longitude":"32.76561000"},"nyazura":{"id":131491,"name":"Nyazura","latitude":"-18.70587000","longitude":"32.16796000"},"odzi":{"id":131492,"name":"Odzi","latitude":"-18.96167000","longitude":"32.40557000"},"penhalonga":{"id":131493,"name":"Penhalonga","latitude":"-18.89112000","longitude":"32.69781000"},"rusape":{"id":131497,"name":"Rusape","latitude":"-18.52785000","longitude":"32.12843000"}}},"mashonalandcentral":{"id":1955,"name":"Mashonaland Central","state_code":"MC","latitude":"-16.76442950","longitude":"31.07937050","type":"province","cities":{"bindura":{"id":131405,"name":"Bindura","latitude":"-17.30192000","longitude":"31.33056000"},"binduradistrict":{"id":131406,"name":"Bindura District","latitude":"-17.21230000","longitude":"31.30300000"},"centenary":{"id":131412,"name":"Centenary","latitude":"-16.72289000","longitude":"31.11462000"},"centenarydistrict":{"id":131413,"name":"Centenary District","latitude":"-16.41667000","longitude":"31.16667000"},"concession":{"id":131428,"name":"Concession","latitude":"-17.38333000","longitude":"30.95000000"},"glendale":{"id":131434,"name":"Glendale","latitude":"-17.35514000","longitude":"31.06718000"},"guruvedistrict":{"id":131437,"name":"Guruve District","latitude":"-16.37206000","longitude":"30.60607000"},"mazowe":{"id":131472,"name":"Mazowe","latitude":"-17.50404000","longitude":"30.97388000"},"mazowedistrict":{"id":131473,"name":"Mazowe District","latitude":"-17.28080000","longitude":"30.93231000"},"mountdarwin":{"id":131476,"name":"Mount Darwin","latitude":"-16.77251000","longitude":"31.58381000"},"mvurwi":{"id":131485,"name":"Mvurwi","latitude":"-17.03333000","longitude":"30.85000000"},"rushingadistrict":{"id":131498,"name":"Rushinga District","latitude":"-16.60792000","longitude":"32.31434000"},"shamva":{"id":131500,"name":"Shamva","latitude":"-17.31159000","longitude":"31.57561000"},"shamvadistrict":{"id":131501,"name":"Shamva District","latitude":"-17.12366000","longitude":"31.64146000"}}},"mashonalandeast":{"id":1951,"name":"Mashonaland East","state_code":"ME","latitude":"-18.58716420","longitude":"31.26263660","type":"province","cities":{"beatrice":{"id":131401,"name":"Beatrice","latitude":"-18.25283000","longitude":"30.84730000"},"chivhu":{"id":131426,"name":"Chivhu","latitude":"-19.02112000","longitude":"30.89218000"},"goromonzidistrict":{"id":131436,"name":"Goromonzi District","latitude":"-17.80695000","longitude":"31.36372000"},"macheke":{"id":131462,"name":"Macheke","latitude":"-18.13901000","longitude":"31.84933000"},"marondera":{"id":131466,"name":"Marondera","latitude":"-18.18527000","longitude":"31.55193000"},"maronderadistrict":{"id":131467,"name":"Marondera District","latitude":"-18.29214000","longitude":"31.51252000"},"mudzidistrict":{"id":131477,"name":"Mudzi District","latitude":"-17.04711000","longitude":"32.65279000"},"murehwa":{"id":131478,"name":"Murehwa","latitude":"-17.64322000","longitude":"31.78400000"},"murehwadistrict":{"id":131479,"name":"Murehwa District","latitude":"-17.80057000","longitude":"31.83083000"},"mutoko":{"id":131483,"name":"Mutoko","latitude":"-17.39699000","longitude":"32.22677000"},"ruwa":{"id":131499,"name":"Ruwa","latitude":"-17.88972000","longitude":"31.24472000"}}},"mashonalandwest":{"id":1953,"name":"Mashonaland West","state_code":"MW","latitude":"-17.48510290","longitude":"29.78892480","type":"province","cities":{"banket":{"id":131400,"name":"Banket","latitude":"-17.38333000","longitude":"30.40000000"},"chakari":{"id":131414,"name":"Chakari","latitude":"-18.06294000","longitude":"29.89246000"},"chegutu":{"id":131415,"name":"Chegutu","latitude":"-18.13021000","longitude":"30.14074000"},"chegutudistrict":{"id":131416,"name":"Chegutu District","latitude":"-18.13097000","longitude":"30.40046000"},"chinhoyi":{"id":131419,"name":"Chinhoyi","latitude":"-17.36667000","longitude":"30.20000000"},"chirundu":{"id":131424,"name":"Chirundu","latitude":"-16.03333000","longitude":"28.85000000"},"hurungwedistrict":{"id":131445,"name":"Hurungwe District","latitude":"-16.41301000","longitude":"29.58580000"},"kadoma":{"id":131451,"name":"Kadoma","latitude":"-18.33328000","longitude":"29.91534000"},"kadomadistrict":{"id":131452,"name":"Kadoma District","latitude":"-18.34049000","longitude":"29.82831000"},"kariba":{"id":131454,"name":"Kariba","latitude":"-16.51667000","longitude":"28.80000000"},"karibadistrict":{"id":131455,"name":"Kariba District","latitude":"-16.91011000","longitude":"28.65983000"},"karoi":{"id":131456,"name":"Karoi","latitude":"-16.80993000","longitude":"29.69247000"},"makondedistrict":{"id":131463,"name":"Makonde District","latitude":"-17.16667000","longitude":"30.08333000"},"mhangura":{"id":131475,"name":"Mhangura","latitude":"-16.89387000","longitude":"30.16828000"},"norton":{"id":131488,"name":"Norton","latitude":"-17.88333000","longitude":"30.70000000"},"raffingora":{"id":131495,"name":"Raffingora","latitude":"-17.03333000","longitude":"30.43333000"}}},"masvingo":{"id":1960,"name":"Masvingo","state_code":"MV","latitude":"-20.62415090","longitude":"31.26263660","type":"province","cities":{"bikitadistrict":{"id":131404,"name":"Bikita District","latitude":"-20.13752000","longitude":"31.93156000"},"chiredzi":{"id":131422,"name":"Chiredzi","latitude":"-21.05000000","longitude":"31.66667000"},"chiredzidistrict":{"id":131423,"name":"Chiredzi District","latitude":"-21.28585000","longitude":"31.77039000"},"chividistrict":{"id":131427,"name":"Chivi District","latitude":"-20.50000000","longitude":"30.58333000"},"gutudistrict":{"id":131438,"name":"Gutu District","latitude":"-19.60884000","longitude":"31.25059000"},"mashava":{"id":131468,"name":"Mashava","latitude":"-20.03665000","longitude":"30.48225000"},"masvingo":{"id":131469,"name":"Masvingo","latitude":"-20.06373000","longitude":"30.82766000"},"masvingodistrict":{"id":131470,"name":"Masvingo District","latitude":"-20.31481000","longitude":"30.90008000"},"mwenezidistrict":{"id":131486,"name":"Mwenezi District","latitude":"-21.35838000","longitude":"30.70668000"},"zvishavane":{"id":131507,"name":"Zvishavane","latitude":"-20.32674000","longitude":"30.06648000"}}},"matabelelandnorth":{"id":1954,"name":"Matabeleland North","state_code":"MN","latitude":"-18.53315660","longitude":"27.54958460","type":"province","cities":{"binga":{"id":131407,"name":"Binga","latitude":"-17.62027000","longitude":"27.34139000"},"bingadistrict":{"id":131408,"name":"Binga District","latitude":"-17.80460000","longitude":"27.70088000"},"bubidistrict":{"id":131409,"name":"Bubi District","latitude":"-19.52508000","longitude":"28.67998000"},"dete":{"id":131429,"name":"Dete","latitude":"-18.61667000","longitude":"26.86667000"},"hwange":{"id":131446,"name":"Hwange","latitude":"-18.36446000","longitude":"26.49877000"},"hwangedistrict":{"id":131447,"name":"Hwange District","latitude":"-18.75000000","longitude":"26.50000000"},"inyati":{"id":131450,"name":"Inyati","latitude":"-19.67563000","longitude":"28.84687000"},"kamativimine":{"id":131453,"name":"Kamativi Mine","latitude":"-18.31563000","longitude":"27.05729000"},"lupane":{"id":131460,"name":"Lupane","latitude":"-18.93149000","longitude":"27.80696000"},"lupanedistrict":{"id":131461,"name":"Lupane District","latitude":"-18.83608000","longitude":"27.99098000"},"nkayidistrict":{"id":131487,"name":"Nkayi District","latitude":"-18.92472000","longitude":"28.71221000"},"victoriafalls":{"id":131506,"name":"Victoria Falls","latitude":"-17.93285000","longitude":"25.83066000"}}},"matabelelandsouth":{"id":1952,"name":"Matabeleland South","state_code":"MS","latitude":"-21.05233700","longitude":"29.04599270","type":"province","cities":{"beitbridge":{"id":131402,"name":"Beitbridge","latitude":"-22.21667000","longitude":"30.00000000"},"beitbridgedistrict":{"id":131403,"name":"Beitbridge District","latitude":"-21.89829000","longitude":"30.07409000"},"esigodini":{"id":131432,"name":"Esigodini","latitude":"-20.28979000","longitude":"28.92261000"},"filabusi":{"id":131433,"name":"Filabusi","latitude":"-20.53333000","longitude":"29.28502000"},"gwanda":{"id":131439,"name":"Gwanda","latitude":"-20.93622000","longitude":"29.00698000"},"gwandadistrict":{"id":131440,"name":"Gwanda District","latitude":"-21.20929000","longitude":"29.17557000"},"insiza":{"id":131448,"name":"Insiza","latitude":"-19.78333000","longitude":"29.20000000"},"insizadistrict":{"id":131449,"name":"Insiza District","latitude":"-20.26431000","longitude":"29.47392000"},"mangwedistrict":{"id":131465,"name":"Mangwe District","latitude":"-20.95545000","longitude":"27.98292000"},"matobo":{"id":131471,"name":"Matobo","latitude":"-20.95545000","longitude":"28.49463000"},"plumtree":{"id":131494,"name":"Plumtree","latitude":"-20.48333000","longitude":"27.81667000"},"umzingwanedistrict":{"id":131505,"name":"Umzingwane District","latitude":"-20.34704000","longitude":"28.94994000"}}},"midlands":{"id":1957,"name":"Midlands","state_code":"MI","latitude":"-19.05520090","longitude":"29.60354950","type":"province","cities":{"gokwe":{"id":131435,"name":"Gokwe","latitude":"-18.20476000","longitude":"28.93490000"},"gweru":{"id":131441,"name":"Gweru","latitude":"-19.45000000","longitude":"29.81667000"},"gwerudistrict":{"id":131442,"name":"Gweru District","latitude":"-19.45665000","longitude":"29.64495000"},"kwekwe":{"id":131457,"name":"Kwekwe","latitude":"-18.92809000","longitude":"29.81486000"},"kwekwedistrict":{"id":131458,"name":"Kwekwe District","latitude":"-18.75000000","longitude":"29.50000000"},"lalapanzi":{"id":131459,"name":"Lalapanzi","latitude":"-19.33225000","longitude":"30.17768000"},"mberengwadistrict":{"id":131474,"name":"Mberengwa District","latitude":"-20.72579000","longitude":"30.00962000"},"mvuma":{"id":131484,"name":"Mvuma","latitude":"-19.27924000","longitude":"30.52828000"},"redcliff":{"id":131496,"name":"Redcliff","latitude":"-19.03333000","longitude":"29.78333000"},"shangani":{"id":131502,"name":"Shangani","latitude":"-19.78333000","longitude":"29.36667000"},"shurugwi":{"id":131503,"name":"Shurugwi","latitude":"-19.67016000","longitude":"30.00589000"},"shurugwidistrict":{"id":131504,"name":"Shurugwi District","latitude":"-19.75000000","longitude":"30.16667000"},"zvishavanedistrict":{"id":131508,"name":"Zvishavane District","latitude":"-20.30345000","longitude":"30.07514000"}}}}}