{"id":234,"name":"United States Minor Outlying Islands","iso3":"UMI","iso2":"UM","numeric_code":"581","phone_code":"1","capital":"","currency":"USD","currency_name":"United States dollar","currency_symbol":"$","tld":".us","native":"United States Minor Outlying Islands","region":"Americas","region_id":2,"subregion":"Northern America","subregion_id":6,"nationality":"American","timezones":[{"zoneName":"Pacific/Midway","gmtOffset":-39600,"gmtOffsetName":"UTC-11:00","abbreviation":"SST","tzName":"Samoa Standard Time"},{"zoneName":"Pacific/Wake","gmtOffset":43200,"gmtOffsetName":"UTC+12:00","abbreviation":"WAKT","tzName":"Wake Island Time"}],"translations":{"ko":"\ubbf8\uad6d\ub839 \uad70\uc18c \uc81c\ub3c4","pt-BR":"Ilhas Menores Distantes dos Estados Unidos","pt":"Ilhas Menores Distantes dos Estados Unidos","nl":"Kleine afgelegen eilanden van de Verenigde Staten","hr":"Mali udaljeni otoci SAD-a","fa":"\u062c\u0632\u0627\u06cc\u0631 \u06a9\u0648\u0686\u06a9 \u062d\u0627\u0634\u06cc\u0647\u200c\u0627\u06cc \u0627\u06cc\u0627\u0644\u0627\u062a \u0645\u062a\u062d\u062f\u0647 \u0622\u0645\u0631\u06cc\u06a9\u0627","de":"Kleinere Inselbesitzungen der Vereinigten Staaten","es":"Islas Ultramarinas Menores de Estados Unidos","fr":"\u00celes mineures \u00e9loign\u00e9es des \u00c9tats-Unis","ja":"\u5408\u8846\u56fd\u9818\u6709\u5c0f\u96e2\u5cf6","it":"Isole minori esterne degli Stati Uniti d\u0027America","zh-CN":"\u7f8e\u56fd\u672c\u571f\u5916\u5c0f\u5c9b\u5c7f","tr":"Abd K\u00fc\u00e7\u00fck Harici Adalari","ru":"\u041c\u0430\u043b\u044b\u0435 \u043e\u0442\u0434\u0430\u043b\u0435\u043d\u043d\u044b\u0435 \u043e\u0441\u0442\u0440\u043e\u0432\u0430 \u0421\u043e\u0435\u0434\u0438\u043d\u0435\u043d\u043d\u044b\u0445 \u0428\u0442\u0430\u0442\u043e\u0432","uk":"\u041c\u0430\u043b\u0456 \u0432\u0456\u0434\u0434\u0430\u043b\u0435\u043d\u0456 \u043e\u0441\u0442\u0440\u043e\u0432\u0438 \u0421\u043f\u043e\u043b\u0443\u0447\u0435\u043d\u0438\u0445 \u0428\u0442\u0430\u0442\u0456\u0432","pl":"Mniejsze Wyspy Zewn\u0119trzne Stan\u00f3w Zjednoczonych"},"latitude":"0.00000000","longitude":"0.00000000","emoji":"\ud83c\uddfa\ud83c\uddf2","emojiU":"U+1F1FA U+1F1F2","states":{"bakerisland":{"id":5212,"name":"Baker Island","state_code":"81","latitude":"0.19362660","longitude":"-176.47690800","type":"island"},"howlandisland":{"id":5213,"name":"Howland Island","state_code":"84","latitude":"0.81132190","longitude":"-176.61827360","type":"island"},"jarvisisland":{"id":5214,"name":"Jarvis Island","state_code":"86","latitude":"-0.37435030","longitude":"-159.99672060","type":"island"},"johnstonatoll":{"id":5215,"name":"Johnston Atoll","state_code":"67","latitude":"16.72950350","longitude":"-169.53364770","type":"island"},"kingmanreef":{"id":5216,"name":"Kingman Reef","state_code":"89","latitude":"6.38333300","longitude":"-162.41666700","type":"island"},"midwayislands":{"id":5217,"name":"Midway Islands","state_code":"71","latitude":"28.20721680","longitude":"-177.37349260","type":"island"},"navassaisland":{"id":5218,"name":"Navassa Island","state_code":"76","latitude":"18.41006890","longitude":"-75.01146120","type":"island"},"palmyraatoll":{"id":5219,"name":"Palmyra Atoll","state_code":"95","latitude":"5.88850260","longitude":"-162.07866560","type":"island"},"wakeisland":{"id":5220,"name":"Wake Island","state_code":"79","latitude":"19.27961900","longitude":"166.64993480","type":"island"}}}