{"id":137,"name":"Marshall Islands","iso3":"MHL","iso2":"MH","numeric_code":"584","phone_code":"692","capital":"Majuro","currency":"USD","currency_name":"United States dollar","currency_symbol":"$","tld":".mh","native":"M\u0327aje\u013c","region":"Oceania","region_id":5,"subregion":"Micronesia","subregion_id":21,"nationality":"Marshallese","timezones":[{"zoneName":"Pacific/Kwajalein","gmtOffset":43200,"gmtOffsetName":"UTC+12:00","abbreviation":"MHT","tzName":"Marshall Islands Time"},{"zoneName":"Pacific/Majuro","gmtOffset":43200,"gmtOffsetName":"UTC+12:00","abbreviation":"MHT","tzName":"Marshall Islands Time"}],"translations":{"ko":"\ub9c8\uc15c \uc81c\ub3c4","pt-BR":"Ilhas Marshall","pt":"Ilhas Marshall","nl":"Marshalleilanden","hr":"Mar\u0161alovi Otoci","fa":"\u062c\u0632\u0627\u06cc\u0631 \u0645\u0627\u0631\u0634\u0627\u0644","de":"Marshallinseln","es":"Islas Marshall","fr":"\u00celes Marshall","ja":"\u30de\u30fc\u30b7\u30e3\u30eb\u8af8\u5cf6","it":"Isole Marshall","zh-CN":"\u9a6c\u7ecd\u5c14\u7fa4\u5c9b","tr":"Mar\u015fal Adalari","ru":"\u041c\u0430\u0440\u0448\u0430\u043b\u043b\u043e\u0432\u044b \u043e\u0441\u0442\u0440\u043e\u0432\u0430","uk":"\u041c\u0430\u0440\u0448\u0430\u043b\u043b\u043e\u0432\u0456 \u043e\u0441\u0442\u0440\u043e\u0432\u0438","pl":"Wyspy Marshalla"},"latitude":"9.00000000","longitude":"168.00000000","emoji":"\ud83c\uddf2\ud83c\udded","emojiU":"U+1F1F2 U+1F1ED","states":{"ralikchain":{"id":2574,"name":"Ralik Chain","state_code":"L","latitude":"8.13614600","longitude":"164.88679560","type":null},"ratakchain":{"id":2573,"name":"Ratak Chain","state_code":"T","latitude":"10.27632760","longitude":"170.55009370","type":null}}}