{"id":223,"name":"Trinidad and Tobago","iso3":"TTO","iso2":"TT","numeric_code":"780","phone_code":"1-868","capital":"Port of Spain","currency":"TTD","currency_name":"Trinidad and Tobago dollar","currency_symbol":"$","tld":".tt","native":"Trinidad and Tobago","region":"Americas","region_id":"2","subregion":"Caribbean","subregion_id":"7","nationality":"Trinidadian or Tobagonian","timezones":[{"zoneName":"America/Port_of_Spain","gmtOffset":-14400,"gmtOffsetName":"UTC-04:00","abbreviation":"AST","tzName":"Atlantic Standard Time"}],"translations":{"kr":"\ud2b8\ub9ac\ub2c8\ub2e4\ub4dc \ud1a0\ubc14\uace0","pt-BR":"Trinidad e Tobago","pt":"Trindade e Tobago","nl":"Trinidad en Tobago","hr":"Trinidad i Tobago","fa":"\u062a\u0631\u06cc\u0646\u06cc\u062f\u0627\u062f \u0648 \u062a\u0648\u0628\u0627\u06af\u0648","de":"Trinidad und Tobago","es":"Trinidad y Tobago","fr":"Trinit\u00e9 et Tobago","ja":"\u30c8\u30ea\u30cb\u30c0\u30fc\u30c9\u30fb\u30c8\u30d0\u30b4","it":"Trinidad e Tobago","cn":"\u7279\u7acb\u5c3c\u8fbe\u548c\u591a\u5df4\u54e5","tr":"Trinidad Ve Tobago"},"latitude":"11.00000000","longitude":"-61.00000000","emoji":"\ud83c\uddf9\ud83c\uddf9","emojiU":"U+1F1F9 U+1F1F9","states":{"arima":{"id":3362,"name":"Arima","state_code":"ARI","latitude":"46.79316040","longitude":"-71.25843110","type":null,"cities":{"arima":{"id":108968,"name":"Arima","latitude":"10.63737000","longitude":"-61.28228000"}}},"chaguanas":{"id":3366,"name":"Chaguanas","state_code":"CHA","latitude":"10.51683870","longitude":"-61.41144820","type":null,"cities":{"chaguanas":{"id":108970,"name":"Chaguanas","latitude":"10.51667000","longitude":"-61.41667000"},"wardofchaguanas":{"id":108990,"name":"Ward of Chaguanas","latitude":"10.50000000","longitude":"-61.38333000"}}},"couva-tabaquite-talparoregionalcorporation":{"id":3354,"name":"Couva-Tabaquite-Talparo Regional Corporation","state_code":"CTT","latitude":"10.42971450","longitude":"-61.37352100","type":null,"cities":{"couva":{"id":108971,"name":"Couva","latitude":"10.42248000","longitude":"-61.46748000"},"tabaquite":{"id":108988,"name":"Tabaquite","latitude":"10.38824000","longitude":"-61.29704000"}}},"diegomartinregionalcorporation":{"id":3367,"name":"Diego Martin Regional Corporation","state_code":"DMN","latitude":"10.73622860","longitude":"-61.55448360","type":null,"cities":{"petitvalley":{"id":108978,"name":"Petit Valley","latitude":"10.69974000","longitude":"-61.54717000"},"wardofdiegomartin":{"id":108991,"name":"Ward of Diego Martin","latitude":"10.70000000","longitude":"-61.58333000"}}},"easterntobago":{"id":3355,"name":"Eastern Tobago","state_code":"ETO","latitude":"11.29793480","longitude":"-60.55885240","type":null,"cities":{"scarborough":{"id":108986,"name":"Scarborough","latitude":"11.18229000","longitude":"-60.73525000"}}},"penal-deberegionalcorporation":{"id":3365,"name":"Penal-Debe Regional Corporation","state_code":"PED","latitude":"10.13374020","longitude":"-61.44354740","type":null,"cities":{"debe":{"id":108972,"name":"Debe","latitude":"10.20846000","longitude":"-61.45273000"},"pe\u00f1al":{"id":108979,"name":"Pe\u00f1al","latitude":"10.16667000","longitude":"-61.46667000"}}},"pointfortin":{"id":3360,"name":"Point Fortin","state_code":"PTF","latitude":"10.17027370","longitude":"-61.67133860","type":null,"cities":{"pointfortin":{"id":108980,"name":"Point Fortin","latitude":"10.17411000","longitude":"-61.68407000"}}},"portofspain":{"id":3363,"name":"Port of Spain","state_code":"POS","latitude":"10.66031960","longitude":"-61.50856250","type":null,"cities":{"mucurapo":{"id":108976,"name":"Mucurapo","latitude":"10.66253000","longitude":"-61.53697000"},"portofspain":{"id":108981,"name":"Port of Spain","latitude":"10.66668000","longitude":"-61.51889000"}}},"princestownregionalcorporation":{"id":3368,"name":"Princes Town Regional Corporation","state_code":"PRT","latitude":"10.17867460","longitude":"-61.28019960","type":null,"cities":{"princestown":{"id":108982,"name":"Princes Town","latitude":"10.27184000","longitude":"-61.37103000"}}},"rioclaro-mayaroregionalcorporation":{"id":3356,"name":"Rio Claro-Mayaro Regional Corporation","state_code":"MRC","latitude":"10.24128320","longitude":"-61.09372060","type":null},"sanfernando":{"id":3359,"name":"San Fernando","state_code":"SFO","latitude":"34.28194610","longitude":"-118.43897190","type":null,"cities":{"marabella":{"id":108974,"name":"Marabella","latitude":"10.30618000","longitude":"-61.44671000"},"monrepos":{"id":108975,"name":"Mon Repos","latitude":"10.27979000","longitude":"-61.44590000"},"sanfernando":{"id":108984,"name":"San Fernando","latitude":"10.27969000","longitude":"-61.46835000"}}},"sanjuan-laventilleregionalcorporation":{"id":3357,"name":"San Juan-Laventille Regional Corporation","state_code":"SJL","latitude":"10.69085780","longitude":"-61.45522130","type":null,"cities":{"laventille":{"id":108973,"name":"Laventille","latitude":"10.64917000","longitude":"-61.49889000"}}},"sangregranderegionalcorporation":{"id":3361,"name":"Sangre Grande Regional Corporation","state_code":"SGE","latitude":"10.58529390","longitude":"-61.13158130","type":null,"cities":{"sangregrande":{"id":108985,"name":"Sangre Grande","latitude":"10.58705000","longitude":"-61.13008000"}}},"sipariaregionalcorporation":{"id":3364,"name":"Siparia Regional Corporation","state_code":"SIP","latitude":"10.12456260","longitude":"-61.56032440","type":null,"cities":{"siparia":{"id":108987,"name":"Siparia","latitude":"10.14525000","longitude":"-61.50740000"},"wardofsiparia":{"id":108992,"name":"Ward of Siparia","latitude":"10.15000000","longitude":"-61.46667000"}}},"tunapuna-piarcoregionalcorporation":{"id":3358,"name":"Tunapuna-Piarco Regional Corporation","state_code":"TUP","latitude":"10.68590960","longitude":"-61.30352480","type":null,"cities":{"arouca":{"id":108969,"name":"Arouca","latitude":"10.62877000","longitude":"-61.33487000"},"paradise":{"id":108977,"name":"Paradise","latitude":"10.65298000","longitude":"-61.36298000"},"tunapuna":{"id":108989,"name":"Tunapuna","latitude":"10.65245000","longitude":"-61.38878000"}}},"westerntobago":{"id":3353,"name":"Western Tobago","state_code":"WTO","latitude":"11.18970720","longitude":"-60.77954520","type":null,"cities":{"rioclaro":{"id":108983,"name":"Rio Claro","latitude":"10.30594000","longitude":"-61.17556000"}}}}}