{"id":65,"name":"Egypt","iso3":"EGY","iso2":"EG","numeric_code":"818","phone_code":"20","capital":"Cairo","currency":"EGP","currency_name":"Egyptian pound","currency_symbol":"\u062c.\u0645","tld":".eg","native":"\u0645\u0635\u0631\u200e","region":"Africa","region_id":1,"subregion":"Northern Africa","subregion_id":1,"nationality":"Egyptian","timezones":[{"zoneName":"Africa/Cairo","gmtOffset":7200,"gmtOffsetName":"UTC+02:00","abbreviation":"EET","tzName":"Eastern European Time"}],"translations":{"ko":"\uc774\uc9d1\ud2b8","pt-BR":"Egito","pt":"Egipto","nl":"Egypte","hr":"Egipat","fa":"\u0645\u0635\u0631","de":"\u00c4gypten","es":"Egipto","fr":"\u00c9gypte","ja":"\u30a8\u30b8\u30d7\u30c8","it":"Egitto","zh-CN":"\u57c3\u53ca","tr":"M\u0131s\u0131r","ru":"\u0415\u0433\u0438\u043f\u0435\u0442","uk":"\u0404\u0433\u0438\u043f\u0435\u0442","pl":"Egipt"},"latitude":"27.00000000","longitude":"30.00000000","emoji":"\ud83c\uddea\ud83c\uddec","emojiU":"U+1F1EA U+1F1EC","states":{"alexandria":{"id":3235,"name":"Alexandria","state_code":"ALX","latitude":"30.87605680","longitude":"29.74260400","type":null,"cities":{"abuqir":{"id":149594,"name":"Abu Qir","latitude":"31.31666667","longitude":"30.06666667"},"agami":{"id":149595,"name":"Agami","latitude":"31.09590000","longitude":"29.76040000"},"alexandria":{"id":31787,"name":"Alexandria","latitude":"31.20176000","longitude":"29.91582000"},"ar-raml":{"id":149596,"name":"Ar-Raml","latitude":"31.24821000","longitude":"29.97368000"},"borgelarab":{"id":149597,"name":"Borg El Arab","latitude":"30.91666667","longitude":"29.53333333"},"montaza":{"id":149598,"name":"Montaza","latitude":"31.28270000","longitude":"30.02190000"},"newborgelarab":{"id":149599,"name":"New Borg El Arab","latitude":"30.88525000","longitude":"29.57721000"},"sidibishr":{"id":149600,"name":"Sidi Bishr","latitude":"31.25210000","longitude":"29.99450000"}}},"aswan":{"id":3225,"name":"Aswan","state_code":"ASN","latitude":"23.69664980","longitude":"32.71813750","type":null,"cities":{"abusimbel":{"id":31756,"name":"Abu Simbel","latitude":"22.34570000","longitude":"31.61624000"},"aswan":{"id":31791,"name":"Aswan","latitude":"24.09082000","longitude":"32.89942000"},"idf\u016b":{"id":31819,"name":"Idf\u016b","latitude":"24.97916000","longitude":"32.87722000"},"kawmumb\u016b":{"id":31829,"name":"Kawm Umb\u016b","latitude":"24.47669000","longitude":"32.94626000"}}},"asyut":{"id":3236,"name":"Asyut","state_code":"AST","latitude":"27.21338310","longitude":"31.44561790","type":null,"cities":{"abn\u016bb":{"id":31755,"name":"Abn\u016bb","latitude":"27.26960000","longitude":"31.15105000"},"ab\u016bt\u012bj":{"id":31758,"name":"Ab\u016b T\u012bj","latitude":"27.04411000","longitude":"31.31897000"},"albad\u0101r\u012b":{"id":31764,"name":"Al Bad\u0101r\u012b","latitude":"26.99257000","longitude":"31.41554000"},"alq\u016b\u015f\u012byah":{"id":31781,"name":"Al Q\u016b\u015f\u012byah","latitude":"27.44020000","longitude":"30.81841000"},"asy\u016b\u0163":{"id":31792,"name":"Asy\u016b\u0163","latitude":"27.18096000","longitude":"31.18368000"},"dayr\u016b\u0163":{"id":31807,"name":"Dayr\u016b\u0163","latitude":"27.55602000","longitude":"30.80764000"},"manfal\u016b\u0163":{"id":31836,"name":"Manfal\u016b\u0163","latitude":"27.31040000","longitude":"30.97004000"}}},"beheira":{"id":3241,"name":"Beheira","state_code":"BH","latitude":"30.84809860","longitude":"30.34355060","type":null,"cities":{"ab\u016balma\u0163\u0101m\u012br":{"id":31759,"name":"Ab\u016b al Ma\u0163\u0101m\u012br","latitude":"30.91018000","longitude":"30.17438000"},"addilinj\u0101t":{"id":31760,"name":"Ad Dilinj\u0101t","latitude":"30.82796000","longitude":"30.53552000"},"damanh\u016br":{"id":31804,"name":"Damanh\u016br","latitude":"31.03408000","longitude":"30.46823000"},"\u1e28awsh\u2018\u012as\u00e1":{"id":31879,"name":"\u1e28awsh \u2018\u012as\u00e1","latitude":"30.91280000","longitude":"30.29019000"},"idk\u016b":{"id":31820,"name":"Idk\u016b","latitude":"31.30730000","longitude":"30.29810000"},"kafraddaww\u0101r":{"id":31826,"name":"Kafr ad Daww\u0101r","latitude":"31.13379000","longitude":"30.12969000"},"kawm\u1e28am\u0101dah":{"id":31830,"name":"Kawm \u1e28am\u0101dah","latitude":"30.76128000","longitude":"30.69972000"},"rosetta":{"id":31857,"name":"Rosetta","latitude":"31.39951000","longitude":"30.41718000"}}},"benisuef":{"id":3230,"name":"Beni Suef","state_code":"BNS","latitude":"28.89388370","longitude":"31.44561790","type":null,"cities":{"alfashn":{"id":31768,"name":"Al Fashn","latitude":"28.82431000","longitude":"30.89948000"},"ban\u012bsuwayf":{"id":31798,"name":"Ban\u012b Suwayf","latitude":"29.07441000","longitude":"31.09785000"},"b\u016bsh":{"id":31801,"name":"B\u016bsh","latitude":"29.14816000","longitude":"31.12733000"},"sumus\u0163\u0101assul\u0163\u0101n\u012b":{"id":31869,"name":"Sumus\u0163\u0101 as Sul\u0163\u0101n\u012b","latitude":"28.91667000","longitude":"30.85000000"}}},"cairo":{"id":3223,"name":"Cairo","state_code":"C","latitude":"29.95375640","longitude":"31.53700030","type":null,"cities":{"badr":{"id":149582,"name":"Badr","latitude":"30.13600000","longitude":"31.71500000"},"bulaq":{"id":149583,"name":"Bulaq","latitude":"30.05300000","longitude":"31.23000000"},"cairo":{"id":31802,"name":"Cairo","latitude":"30.06263000","longitude":"31.24967000"},"elmataria":{"id":149584,"name":"El Mataria","latitude":"30.12950000","longitude":"31.28890000"},"fustat":{"id":149585,"name":"Fustat","latitude":"30.00000000","longitude":"31.23333333"},"hadayekelkobba":{"id":149586,"name":"Hadayek El Kobba","latitude":"30.09670000","longitude":"31.31030000"},"heliopolis":{"id":149587,"name":"Heliopolis","latitude":"30.13333333","longitude":"31.30000000"},"helwan":{"id":149588,"name":"Helwan","latitude":"29.84194444","longitude":"31.33416667"},"maadi":{"id":149589,"name":"Maadi","latitude":"29.96670000","longitude":"31.25000000"},"musturud":{"id":149590,"name":"Musturud","latitude":"30.13881944","longitude":"31.29241111"},"newadministrativecapitalofegypt":{"id":149591,"name":"New Administrative Capital of Egypt","latitude":"30.02750000","longitude":"31.76500000"},"shubra":{"id":149592,"name":"Shubra","latitude":"30.07250000","longitude":"31.24080000"},"tura":{"id":149593,"name":"Tura","latitude":"29.93927900","longitude":"31.29000700"}}},"dakahlia":{"id":3245,"name":"Dakahlia","state_code":"DK","latitude":"31.16560440","longitude":"31.49131820","type":null,"cities":{"\u2018izbatalburj":{"id":31880,"name":"\u2018Izbat al Burj","latitude":"31.50840000","longitude":"31.84106000"},"aj\u0101":{"id":31762,"name":"Aj\u0101","latitude":"30.94162000","longitude":"31.29039000"},"aljamm\u0101l\u012byah":{"id":31770,"name":"Al Jamm\u0101l\u012byah","latitude":"31.18065000","longitude":"31.86497000"},"alman\u015f\u016brah":{"id":31775,"name":"Al Man\u015f\u016brah","latitude":"31.03637000","longitude":"31.38069000"},"almanzalah":{"id":31774,"name":"Al Manzalah","latitude":"31.15823000","longitude":"31.93600000"},"alma\u0163ar\u012byah":{"id":31776,"name":"Al Ma\u0163ar\u012byah","latitude":"31.18287000","longitude":"32.03108000"},"bilq\u0101s":{"id":31800,"name":"Bilq\u0101s","latitude":"31.21452000","longitude":"31.35798000"},"dikirnis":{"id":31808,"name":"Dikirnis","latitude":"31.08898000","longitude":"31.59478000"},"minyatanna\u015fr":{"id":31844,"name":"Minyat an Na\u015fr","latitude":"31.12624000","longitude":"31.64313000"},"shirb\u012bn":{"id":31865,"name":"Shirb\u012bn","latitude":"31.19688000","longitude":"31.52430000"},"\u0162alkh\u0101":{"id":31876,"name":"\u0162alkh\u0101","latitude":"31.05390000","longitude":"31.37787000"}}},"damietta":{"id":3224,"name":"Damietta","state_code":"DT","latitude":"31.36257990","longitude":"31.67393710","type":null,"cities":{"azzarq\u0101":{"id":31794,"name":"Az Zarq\u0101","latitude":"31.20864000","longitude":"31.63528000"},"damietta":{"id":31805,"name":"Damietta","latitude":"31.41648000","longitude":"31.81332000"},"f\u0101rask\u016br":{"id":31815,"name":"F\u0101rask\u016br","latitude":"31.32977000","longitude":"31.71507000"}}},"faiyum":{"id":3238,"name":"Faiyum","state_code":"FYM","latitude":"29.30840210","longitude":"30.84284970","type":null,"cities":{"alfayy\u016bm":{"id":31769,"name":"Al Fayy\u016bm","latitude":"29.30995000","longitude":"30.84180000"},"alw\u0101si\u0163ah":{"id":31782,"name":"Al W\u0101si\u0163ah","latitude":"29.33778000","longitude":"31.20556000"},"ibshaw\u0101y":{"id":31818,"name":"Ibshaw\u0101y","latitude":"29.35896000","longitude":"30.68061000"},"i\u0163s\u0101":{"id":31823,"name":"I\u0163s\u0101","latitude":"29.23760000","longitude":"30.78944000"},"\u0162\u0101miyah":{"id":31877,"name":"\u0162\u0101miyah","latitude":"29.47639000","longitude":"30.96119000"}}},"gharbia":{"id":3234,"name":"Gharbia","state_code":"GH","latitude":"30.87535560","longitude":"31.03351000","type":null,"cities":{"alma\u1e29allahalkubr\u00e1":{"id":31777,"name":"Al Ma\u1e29allah al Kubr\u00e1","latitude":"30.97063000","longitude":"31.16690000"},"basy\u016bn":{"id":31799,"name":"Basy\u016bn","latitude":"30.93976000","longitude":"30.81338000"},"kafrazzayy\u0101t":{"id":31828,"name":"Kafr az Zayy\u0101t","latitude":"30.82480000","longitude":"30.81805000"},"qu\u0163\u016br":{"id":31855,"name":"Qu\u0163\u016br","latitude":"30.97225000","longitude":"30.95614000"},"samann\u016bd":{"id":31860,"name":"Samann\u016bd","latitude":"30.96160000","longitude":"31.24069000"},"tanda":{"id":31872,"name":"Tanda","latitude":"30.78847000","longitude":"31.00192000"},"zefta":{"id":31874,"name":"Zefta","latitude":"30.71420000","longitude":"31.24425000"}}},"giza":{"id":3239,"name":"Giza","state_code":"GZ","latitude":"28.76662160","longitude":"29.23207840","type":null,"cities":{"al\u2018ayy\u0101\u0163":{"id":31786,"name":"Al \u2018Ayy\u0101\u0163","latitude":"29.61972000","longitude":"31.25750000"},"albaw\u012b\u0163\u012b":{"id":31766,"name":"Al Baw\u012b\u0163\u012b","latitude":"28.34919000","longitude":"28.86591000"},"al\u1e28aw\u0101mid\u012byah":{"id":31783,"name":"Al \u1e28aw\u0101mid\u012byah","latitude":"29.90000000","longitude":"31.25000000"},"a\u015f\u015eaff":{"id":31795,"name":"A\u015f \u015eaff","latitude":"29.56472000","longitude":"31.28111000"},"aws\u012bm":{"id":31793,"name":"Aws\u012bm","latitude":"30.12303000","longitude":"31.13571000"},"giza":{"id":31816,"name":"Giza","latitude":"30.00808000","longitude":"31.21093000"},"mad\u012bnatsittahukt\u016bbar":{"id":31833,"name":"Mad\u012bnat Sittah Ukt\u016bbar","latitude":"29.81667000","longitude":"31.05000000"}}},"ismailia":{"id":3244,"name":"Ismailia","state_code":"IS","latitude":"30.58309340","longitude":"32.26538870","type":null,"cities":{"ismailia":{"id":31821,"name":"Ismailia","latitude":"30.60427000","longitude":"32.27225000"}}},"kafrel-sheikh":{"id":3222,"name":"Kafr el-Sheikh","state_code":"KFS","latitude":"31.30854440","longitude":"30.80394740","type":null,"cities":{"al\u1e28\u0101m\u016bl":{"id":31784,"name":"Al \u1e28\u0101m\u016bl","latitude":"31.31146000","longitude":"31.14766000"},"dis\u016bq":{"id":31810,"name":"Dis\u016bq","latitude":"31.13259000","longitude":"30.64784000"},"fuwwah":{"id":31814,"name":"Fuwwah","latitude":"31.20365000","longitude":"30.54908000"},"kafrashshaykh":{"id":31827,"name":"Kafr ash Shaykh","latitude":"31.11174000","longitude":"30.93991000"},"markazdis\u016bq":{"id":31837,"name":"Markaz Dis\u016bq","latitude":"31.14590000","longitude":"30.71609000"},"munsh\u0101t\u2018al\u012b\u0100gh\u0101":{"id":31845,"name":"Munsh\u0101t \u2018Al\u012b \u0100gh\u0101","latitude":"31.15791000","longitude":"30.70177000"},"s\u012bd\u012bs\u0101lim":{"id":31870,"name":"S\u012bd\u012b S\u0101lim","latitude":"31.27133000","longitude":"30.78617000"}}},"luxor":{"id":3242,"name":"Luxor","state_code":"LX","latitude":"25.39444440","longitude":"32.49200880","type":null,"cities":{"luxor":{"id":31832,"name":"Luxor","latitude":"25.69893000","longitude":"32.64210000"},"markazaluq\u015fur":{"id":31840,"name":"Markaz al Uq\u015fur","latitude":"25.62986000","longitude":"32.59017000"}}},"matrouh":{"id":3231,"name":"Matrouh","state_code":"MT","latitude":"29.56963500","longitude":"26.41938900","type":null,"cities":{"al\u2018alamayn":{"id":31785,"name":"Al \u2018Alamayn","latitude":"30.83007000","longitude":"28.95502000"},"mersamatruh":{"id":31843,"name":"Mersa Matruh","latitude":"31.35290000","longitude":"27.23725000"},"siwaoasis":{"id":31866,"name":"Siwa Oasis","latitude":"29.20320000","longitude":"25.51965000"}}},"minya":{"id":3243,"name":"Minya","state_code":"MN","latitude":"28.28472900","longitude":"30.52790960","type":null,"cities":{"ab\u016bqurq\u0101\u015f":{"id":31757,"name":"Ab\u016b Qurq\u0101\u015f","latitude":"27.93120000","longitude":"30.83841000"},"alminy\u0101":{"id":31778,"name":"Al Miny\u0101","latitude":"28.10988000","longitude":"30.75030000"},"ban\u012bmaz\u0101r":{"id":31797,"name":"Ban\u012b Maz\u0101r","latitude":"28.50360000","longitude":"30.80040000"},"dayrmaw\u0101s":{"id":31806,"name":"Dayr Maw\u0101s","latitude":"27.64176000","longitude":"30.84662000"},"mallaw\u012b":{"id":31835,"name":"Mallaw\u012b","latitude":"27.73140000","longitude":"30.84165000"},"ma\u0163\u0101y":{"id":31842,"name":"Ma\u0163\u0101y","latitude":"28.41899000","longitude":"30.77924000"},"sam\u0101l\u016b\u0163":{"id":31861,"name":"Sam\u0101l\u016b\u0163","latitude":"28.31214000","longitude":"30.71007000"}}},"monufia":{"id":3228,"name":"Monufia","state_code":"MNF","latitude":"30.59724550","longitude":"30.98763210","type":null,"cities":{"alb\u0101j\u016br":{"id":31767,"name":"Al B\u0101j\u016br","latitude":"30.43046000","longitude":"31.03679000"},"ashshuhad\u0101\u2019":{"id":31789,"name":"Ash Shuhad\u0101\u2019","latitude":"30.59683000","longitude":"30.89931000"},"ashm\u016bn":{"id":31790,"name":"Ashm\u016bn","latitude":"30.29735000","longitude":"30.97641000"},"mun\u016bf":{"id":31846,"name":"Mun\u016bf","latitude":"30.46597000","longitude":"30.93199000"},"quwaysin\u0101":{"id":31854,"name":"Quwaysin\u0101","latitude":"30.56482000","longitude":"31.15777000"},"shib\u012bnalkawm":{"id":31863,"name":"Shib\u012bn al Kawm","latitude":"30.55258000","longitude":"31.00904000"},"tal\u0101":{"id":31871,"name":"Tal\u0101","latitude":"30.67980000","longitude":"30.94364000"}}},"newvalley":{"id":3246,"name":"New Valley","state_code":"WAD","latitude":"24.54556380","longitude":"27.17353160","type":null,"cities":{"alkh\u0101rijah":{"id":31772,"name":"Al Kh\u0101rijah","latitude":"25.45141000","longitude":"30.54635000"},"qa\u015fralfar\u0101firah":{"id":31852,"name":"Qa\u015fr al Far\u0101firah","latitude":"27.05680000","longitude":"27.96979000"}}},"northsinai":{"id":3227,"name":"North Sinai","state_code":"SIN","latitude":"30.28236500","longitude":"33.61757700","type":null,"cities":{"arish":{"id":31788,"name":"Arish","latitude":"31.13159000","longitude":"33.79844000"}}},"portsaid":{"id":3229,"name":"Port Said","state_code":"PTS","latitude":"31.07586060","longitude":"32.26538870","type":null,"cities":{"portsaid":{"id":31850,"name":"Port Said","latitude":"31.25654000","longitude":"32.28411000"}}},"qalyubia":{"id":3232,"name":"Qalyubia","state_code":"KB","latitude":"30.32923680","longitude":"31.21684660","type":null,"cities":{"alkh\u0101nkah":{"id":31771,"name":"Al Kh\u0101nkah","latitude":"30.21035000","longitude":"31.36812000"},"alqan\u0101\u0163iralkhayr\u012byah":{"id":31779,"name":"Al Qan\u0101\u0163ir al Khayr\u012byah","latitude":"30.19327000","longitude":"31.13703000"},"banh\u0101":{"id":31796,"name":"Banh\u0101","latitude":"30.45977000","longitude":"31.18420000"},"qaly\u016bb":{"id":31851,"name":"Qaly\u016bb","latitude":"30.17922000","longitude":"31.20560000"},"shib\u012bnalqan\u0101\u1e6dir":{"id":31864,"name":"Shib\u012bn al Qan\u0101\u1e6dir","latitude":"30.31269000","longitude":"31.32018000"},"toukh":{"id":31873,"name":"Toukh","latitude":"30.35487000","longitude":"31.20105000"}}},"qena":{"id":3247,"name":"Qena","state_code":"KN","latitude":"26.23460330","longitude":"32.98883190","type":null,"cities":{"dishn\u0101":{"id":31809,"name":"Dishn\u0101","latitude":"26.12467000","longitude":"32.47598000"},"farsh\u016b\u0163":{"id":31813,"name":"Farsh\u016b\u0163","latitude":"26.05494000","longitude":"32.16329000"},"isn\u0101":{"id":31822,"name":"Isn\u0101","latitude":"25.29336000","longitude":"32.55402000"},"kousa":{"id":31831,"name":"Kousa","latitude":"25.91407000","longitude":"32.76362000"},"naja\u0027\u1e24amm\u0101d\u012b":{"id":31847,"name":"Naja\u0027 \u1e24amm\u0101d\u012b","latitude":"26.04949000","longitude":"32.24142000"},"qin\u0101":{"id":31853,"name":"Qin\u0101","latitude":"26.16418000","longitude":"32.72671000"}}},"redsea":{"id":3240,"name":"Red Sea","state_code":"BA","latitude":"24.68263160","longitude":"34.15319470","type":null,"cities":{"alqu\u015fayr":{"id":31780,"name":"Al Qu\u015fayr","latitude":"26.10426000","longitude":"34.27793000"},"elgouna":{"id":31811,"name":"El Gouna","latitude":"27.39417000","longitude":"33.67825000"},"hurghada":{"id":31817,"name":"Hurghada","latitude":"27.25738000","longitude":"33.81291000"},"makadibay":{"id":31834,"name":"Makadi Bay","latitude":"26.99123000","longitude":"33.89952000"},"marsaalam":{"id":31841,"name":"Marsa Alam","latitude":"25.06305000","longitude":"34.89005000"},"rasgharib":{"id":31856,"name":"Ras Gharib","latitude":"28.35831000","longitude":"33.07829000"},"safaga":{"id":31858,"name":"Safaga","latitude":"26.74906000","longitude":"33.93891000"}}},"sharqia":{"id":5067,"name":"Sharqia","state_code":"SHR","latitude":"30.67305450","longitude":"31.15932470","type":null,"cities":{"10thoframadan":{"id":149220,"name":"10th of Ramadan","latitude":"30.29939390","longitude":"31.61417890"},"alqurein":{"id":149228,"name":"Al Qurein","latitude":"26.29300660","longitude":"31.84950350"},"awladsaqr":{"id":149223,"name":"Awlad Saqr","latitude":"30.93096230","longitude":"31.69132380"},"bilbeis":{"id":149224,"name":"Bilbeis","latitude":"30.41676920","longitude":"31.55430480"},"diyarbnegm":{"id":149225,"name":"Diyarb Negm","latitude":"30.74800820","longitude":"31.38893080"},"elhusseiniya":{"id":149226,"name":"El Husseiniya","latitude":"31.13933960","longitude":"32.14949670"},"faqous":{"id":149229,"name":"Faqous","latitude":"30.72291740","longitude":"31.76136580"},"hihya":{"id":149230,"name":"Hihya","latitude":"30.65516210","longitude":"31.50671570"},"kafrsaqr":{"id":149231,"name":"Kafr Saqr","latitude":"30.77955140","longitude":"31.61774120"},"markazab\u016b\u1e28amm\u0101d":{"id":149221,"name":"Markaz Ab\u016b \u1e28amm\u0101d","latitude":"30.53604430","longitude":"31.65970230"},"mashtoulelsouk":{"id":149232,"name":"Mashtoul El Souk","latitude":"30.35570110","longitude":"31.36278530"},"minyaelqamh":{"id":149233,"name":"Minya El Qamh","latitude":"30.50037450","longitude":"31.23766850"},"newsalhia":{"id":149234,"name":"New Salhia","latitude":"30.62868790","longitude":"31.92099060"},"zagazig":{"id":149235,"name":"Zagazig","latitude":"30.58456230","longitude":"31.34747790"}}},"sohag":{"id":3226,"name":"Sohag","state_code":"SHG","latitude":"26.69383400","longitude":"32.17460500","type":null,"cities":{"akhm\u012bm":{"id":31763,"name":"Akhm\u012bm","latitude":"26.56217000","longitude":"31.74503000"},"albalyan\u0101":{"id":31765,"name":"Al Balyan\u0101","latitude":"26.23568000","longitude":"32.00347000"},"almansh\u0101h":{"id":31773,"name":"Al Mansh\u0101h","latitude":"26.47686000","longitude":"31.80350000"},"jirj\u0101":{"id":31824,"name":"Jirj\u0101","latitude":"26.33826000","longitude":"31.89161000"},"juhaynah":{"id":31825,"name":"Juhaynah","latitude":"26.67319000","longitude":"31.49760000"},"markazjirj\u0101":{"id":31838,"name":"Markaz Jirj\u0101","latitude":"26.30683000","longitude":"31.84574000"},"markazs\u016bh\u0101j":{"id":31839,"name":"Markaz S\u016bh\u0101j","latitude":"26.53948000","longitude":"31.67524000"},"sohag":{"id":31867,"name":"Sohag","latitude":"26.55695000","longitude":"31.69478000"},"\u0162ah\u0163\u0101":{"id":31875,"name":"\u0162ah\u0163\u0101","latitude":"26.76930000","longitude":"31.50214000"}}},"southsinai":{"id":3237,"name":"South Sinai","state_code":"JS","latitude":"29.31018280","longitude":"34.15319470","type":null,"cities":{"dahab":{"id":31803,"name":"Dahab","latitude":"28.48208000","longitude":"34.49505000"},"el-tor":{"id":31812,"name":"El-Tor","latitude":"28.24168000","longitude":"33.62220000"},"nuwaybi\u2018a":{"id":31849,"name":"Nuwaybi\u2018a","latitude":"29.04681000","longitude":"34.66340000"},"saintcatherine":{"id":31859,"name":"Saint Catherine","latitude":"28.56191000","longitude":"33.94934000"},"sharmel-sheikh":{"id":31862,"name":"Sharm el-Sheikh","latitude":"27.91582000","longitude":"34.32995000"}}},"suez":{"id":3233,"name":"Suez","state_code":"SUZ","latitude":"29.36822550","longitude":"32.17460500","type":null,"cities":{"ainsukhna":{"id":31761,"name":"Ain Sukhna","latitude":"29.60018000","longitude":"32.31671000"},"suez":{"id":31868,"name":"Suez","latitude":"29.97371000","longitude":"32.52627000"}}}}}