{"id":153,"name":"Nauru","iso3":"NRU","iso2":"NR","numeric_code":"520","phonecode":"674","capital":"Yaren","currency":"AUD","currency_name":"Australian dollar","currency_symbol":"$","tld":".nr","native":"Nauru","region":"Oceania","region_id":5,"subregion":"Micronesia","subregion_id":21,"nationality":"Nauruan","timezones":[{"zoneName":"Pacific/Nauru","gmtOffset":43200,"gmtOffsetName":"UTC+12:00","abbreviation":"NRT","tzName":"Nauru Time"}],"translations":{"ko":"\ub098\uc6b0\ub8e8","pt-BR":"Nauru","pt":"Nauru","nl":"Nauru","hr":"Nauru","fa":"\u0646\u0627\u0626\u0648\u0631\u0648","de":"Nauru","es":"Nauru","fr":"Nauru","ja":"\u30ca\u30a6\u30eb","it":"Nauru","zh-CN":"\u7459\u9c81","tr":"Nauru","ru":"\u041d\u0430\u0443\u0440\u0443","uk":"\u041d\u0430\u0443\u0440\u0443","pl":"Nauru"},"latitude":"-0.53333333","longitude":"166.91666666","emoji":"\ud83c\uddf3\ud83c\uddf7","emojiU":"U+1F1F3 U+1F1F7","states":{"aiwo":{"id":4656,"name":"Aiwo","state_code":"01","latitude":"-0.53400120","longitude":"166.91388730","type":"district","cities":{"arijejen":{"id":79762,"name":"Arijejen","latitude":"-0.52545000","longitude":"166.91247000"}}},"anabar":{"id":4658,"name":"Anabar","state_code":"02","latitude":"-0.51335170","longitude":"166.94846240","type":"district","cities":{"anabar":{"id":79761,"name":"Anabar","latitude":"-0.50845000","longitude":"166.95326000"}}},"anetan":{"id":4667,"name":"Anetan","state_code":"03","latitude":"-0.50643430","longitude":"166.94270060","type":"district"},"anibare":{"id":4663,"name":"Anibare","state_code":"04","latitude":"-0.52947580","longitude":"166.95134320","type":"district"},"baiti":{"id":4660,"name":"Baiti","state_code":"05","latitude":"-0.51043100","longitude":"166.92757440","type":"district","cities":{"baiti":{"id":79763,"name":"Baiti","latitude":"-0.50803000","longitude":"166.92945000"}}},"boe":{"id":4665,"name":"Boe","state_code":"06","latitude":"39.07327760","longitude":"-94.57104980","type":"district"},"buada":{"id":4662,"name":"Buada","state_code":"07","latitude":"-0.53287770","longitude":"166.92685410","type":"district"},"denigomodu":{"id":4666,"name":"Denigomodu","state_code":"08","latitude":"-0.52479640","longitude":"166.91676890","type":"district"},"ewa":{"id":4654,"name":"Ewa","state_code":"09","latitude":"-0.50872410","longitude":"166.93693840","type":"district"},"ijuw":{"id":4661,"name":"Ijuw","state_code":"10","latitude":"-0.52027670","longitude":"166.95710460","type":"district","cities":{"ijuw":{"id":79764,"name":"Ijuw","latitude":"-0.52100000","longitude":"166.95813000"}}},"meneng":{"id":4657,"name":"Meneng","state_code":"11","latitude":"-0.54672400","longitude":"166.93837900","type":"district","cities":{"menen":{"id":79765,"name":"Menen","latitude":"-0.54539000","longitude":"166.94871000"}}},"nibok":{"id":4659,"name":"Nibok","state_code":"12","latitude":"-0.51962080","longitude":"166.91893010","type":"district"},"uaboe":{"id":4655,"name":"Uaboe","state_code":"13","latitude":"-0.52022220","longitude":"166.93117610","type":"district","cities":{"uaboe":{"id":79766,"name":"Uaboe","latitude":"-0.51393000","longitude":"166.92384000"}}},"yaren":{"id":4664,"name":"Yaren","state_code":"14","latitude":"-0.54668570","longitude":"166.92109130","type":"district","cities":{"yaren":{"id":79767,"name":"Yaren","latitude":"-0.55085000","longitude":"166.92520000"}}}}}