{"id":166,"name":"Oman","iso3":"OMN","iso2":"OM","numeric_code":"512","phone_code":"968","capital":"Muscat","currency":"OMR","currency_name":"Omani rial","currency_symbol":".\u0639.\u0631","tld":".om","native":"\u0639\u0645\u0627\u0646","region":"Asia","region_id":"3","subregion":"Western Asia","subregion_id":"11","nationality":"Omani","timezones":[{"zoneName":"Asia/Muscat","gmtOffset":14400,"gmtOffsetName":"UTC+04:00","abbreviation":"GST","tzName":"Gulf Standard Time"}],"translations":{"kr":"\uc624\ub9cc","pt-BR":"Om\u00e3","pt":"Om\u00e3","nl":"Oman","hr":"Oman","fa":"\u0639\u0645\u0627\u0646","de":"Oman","es":"Om\u00e1n","fr":"Oman","ja":"\u30aa\u30de\u30fc\u30f3","it":"oman","cn":"\u963f\u66fc","tr":"Umman","ru":"\u041e\u043c\u0430\u043d","uk":"\u041e\u043c\u0430\u043d","pl":"Oman"},"latitude":"21.00000000","longitude":"57.00000000","emoji":"\ud83c\uddf4\ud83c\uddf2","emojiU":"U+1F1F4 U+1F1F2","states":{"addakhiliyah":{"id":3058,"name":"Ad Dakhiliyah","state_code":"DA","latitude":"22.85887580","longitude":"57.53943560","type":null,"cities":{"adam":{"id":79926,"name":"Adam","latitude":"22.37934000","longitude":"57.52718000"},"bahl\u0101\u2019":{"id":79930,"name":"Bahl\u0101\u2019","latitude":"22.97886000","longitude":"57.30470000"},"bidbid":{"id":79934,"name":"Bidbid","latitude":"23.40787000","longitude":"58.12830000"},"izk\u012b":{"id":79937,"name":"Izk\u012b","latitude":"22.93333000","longitude":"57.76667000"},"nizw\u00e1":{"id":79942,"name":"Nizw\u00e1","latitude":"22.93333000","longitude":"57.53333000"},"suf\u0101latsam\u0101\u2019il":{"id":79948,"name":"Suf\u0101lat Sam\u0101\u2019il","latitude":"23.31667000","longitude":"58.01667000"}}},"addhahirah":{"id":3047,"name":"Ad Dhahirah","state_code":"ZA","latitude":"23.21616740","longitude":"56.49074440","type":null,"cities":{"\u2018ibr\u012b":{"id":79953,"name":"\u2018Ibr\u012b","latitude":"23.22573000","longitude":"56.51572000"},"yanqul":{"id":79950,"name":"Yanqul","latitude":"23.58645000","longitude":"56.53969000"}}},"albatinahnorth":{"id":3048,"name":"Al Batinah North","state_code":"BS","latitude":"24.34198460","longitude":"56.72989040","type":null,"cities":{"alkh\u0101b\u016brah":{"id":79928,"name":"Al Kh\u0101b\u016brah","latitude":"23.97144000","longitude":"57.09313000"},"assuwayq":{"id":79929,"name":"As Suwayq","latitude":"23.84944000","longitude":"57.43861000"},"liw\u00e1":{"id":79939,"name":"Liw\u00e1","latitude":"24.53077000","longitude":"56.56300000"},"\u015ea\u1e29am":{"id":79952,"name":"\u015ea\u1e29am","latitude":"24.17222000","longitude":"56.88861000"},"shin\u0101\u015f":{"id":79946,"name":"Shin\u0101\u015f","latitude":"24.74260000","longitude":"56.46698000"},"sohar":{"id":79947,"name":"Sohar","latitude":"24.34745000","longitude":"56.70937000"}}},"albatinahregion":{"id":3050,"name":"Al Batinah Region","state_code":"BA","latitude":"24.34198460","longitude":"56.72989040","type":null,"cities":{"bark\u0101\u2019":{"id":79931,"name":"Bark\u0101\u2019","latitude":"23.67872000","longitude":"57.88605000"},"baytal\u2018aw\u0101b\u012b":{"id":79933,"name":"Bayt al \u2018Aw\u0101b\u012b","latitude":"23.30324000","longitude":"57.52459000"},"omansmartfuturecity":{"id":79943,"name":"Oman Smart Future City","latitude":"23.65270000","longitude":"57.59926000"},"rustaq":{"id":79944,"name":"Rustaq","latitude":"23.39083000","longitude":"57.42444000"}}},"albatinahsouth":{"id":3049,"name":"Al Batinah South","state_code":"BJ","latitude":"23.43149030","longitude":"57.42397960","type":null},"alburaimi":{"id":3059,"name":"Al Buraimi","state_code":"BU","latitude":"24.16714130","longitude":"56.11422530","type":null,"cities":{"alburaym\u012b":{"id":79927,"name":"Al Buraym\u012b","latitude":"24.25088000","longitude":"55.79312000"}}},"alwusta":{"id":3056,"name":"Al Wusta","state_code":"WU","latitude":"19.95710780","longitude":"56.27568460","type":null,"cities":{"haym\u0101\u2019":{"id":79936,"name":"Haym\u0101\u2019","latitude":"19.95931000","longitude":"56.27575000"}}},"ashsharqiyahnorth":{"id":3053,"name":"Ash Sharqiyah North","state_code":"SS","latitude":"22.71411960","longitude":"58.53080640","type":null},"ashsharqiyahregion":{"id":3051,"name":"Ash Sharqiyah Region","state_code":"SH","latitude":"22.71411960","longitude":"58.53080640","type":null,"cities":{"sur":{"id":79949,"name":"Sur","latitude":"22.56667000","longitude":"59.52889000"}}},"ashsharqiyahsouth":{"id":3054,"name":"Ash Sharqiyah South","state_code":"SJ","latitude":"22.01582490","longitude":"59.32519220","type":null},"dhofar":{"id":3057,"name":"Dhofar","state_code":"ZU","latitude":"17.03221210","longitude":"54.14252140","type":null,"cities":{"\u015eal\u0101lah":{"id":79951,"name":"\u015eal\u0101lah","latitude":"17.01505000","longitude":"54.09237000"}}},"musandam":{"id":3052,"name":"Musandam","state_code":"MU","latitude":"26.19861440","longitude":"56.24609490","type":null,"cities":{"dibdibba":{"id":79935,"name":"Dib Dibba","latitude":"26.19778000","longitude":"56.25778000"},"khasab":{"id":79938,"name":"Khasab","latitude":"26.17993000","longitude":"56.24774000"},"mad\u1e29\u0101\u2019aljad\u012bdah":{"id":79940,"name":"Mad\u1e29\u0101\u2019 al Jad\u012bdah","latitude":"25.28345000","longitude":"56.33280000"}}},"muscat":{"id":3055,"name":"Muscat","state_code":"MA","latitude":"23.58803070","longitude":"58.38287170","type":null,"cities":{"bawshar":{"id":79932,"name":"Bawshar","latitude":"23.57769000","longitude":"58.39982000"},"muscat":{"id":79941,"name":"Muscat","latitude":"23.58413000","longitude":"58.40778000"},"seeb":{"id":79945,"name":"Seeb","latitude":"23.67027000","longitude":"58.18911000"}}}}}