{"id":28,"name":"Bosnia and Herzegovina","iso3":"BIH","iso2":"BA","numeric_code":"070","phonecode":"387","capital":"Sarajevo","currency":"BAM","currency_name":"Bosnia and Herzegovina convertible mark","currency_symbol":"KM","tld":".ba","native":"Bosna i Hercegovina","region":"Europe","region_id":4,"subregion":"Southern Europe","subregion_id":16,"nationality":"Bosnian or Herzegovinian","timezones":[{"zoneName":"Europe/Sarajevo","gmtOffset":3600,"gmtOffsetName":"UTC+01:00","abbreviation":"CET","tzName":"Central European Time"}],"translations":{"ko":"\ubcf4\uc2a4\ub2c8\uc544 \ud5e4\ub974\uccb4\uace0\ube44\ub098","pt-BR":"B\u00f3snia e Herzegovina","pt":"B\u00f3snia e Herzegovina","nl":"Bosni\u00eb en Herzegovina","hr":"Bosna i Hercegovina","fa":"\u0628\u0648\u0633\u0646\u06cc \u0648 \u0647\u0631\u0632\u06af\u0648\u06cc\u0646","de":"Bosnien und Herzegowina","es":"Bosnia y Herzegovina","fr":"Bosnie-Herz\u00e9govine","ja":"\u30dc\u30b9\u30cb\u30a2\u30fb\u30d8\u30eb\u30c4\u30a7\u30b4\u30d3\u30ca","it":"Bosnia ed Erzegovina","zh-CN":"\u6ce2\u65af\u5c3c\u4e9a\u548c\u9ed1\u585e\u54e5\u7ef4\u90a3","tr":"Bosna Hersek","ru":"\u0411\u043e\u0441\u043d\u0438\u044f \u0438 \u0413\u0435\u0440\u0446\u0435\u0433\u043e\u0432\u0438\u043d\u0430","uk":"\u0411\u043e\u0441\u043d\u0456\u044f \u0456 \u0413\u0435\u0440\u0446\u0435\u0433\u043e\u0432\u0438\u043d\u0430","pl":"Bo\u015bnia i Hercegowina"},"latitude":"44.00000000","longitude":"18.00000000","emoji":"\ud83c\udde7\ud83c\udde6","emojiU":"U+1F1E7 U+1F1E6","states":{"bosnianpodrinje":{"id":472,"name":"Bosnian Podrinje","state_code":"05","latitude":"43.68749000","longitude":"18.82443940","type":"canton"},"br\u010dko":{"id":460,"name":"Br\u010dko","state_code":"BRC","latitude":"44.84059440","longitude":"18.74215300","type":"district","cities":{"br\u010dko":{"id":8233,"name":"Br\u010dko","latitude":"44.86995000","longitude":"18.81012000"},"brka":{"id":8230,"name":"Brka","latitude":"44.82837000","longitude":"18.72420000"}}},"canton10":{"id":471,"name":"Canton 10","state_code":"10","latitude":"43.95341550","longitude":"16.94251870","type":"canton"},"centralbosnia":{"id":462,"name":"Central Bosnia","state_code":"06","latitude":"44.13818560","longitude":"17.68667140","type":"canton"},"federationofbosniaandherzegovina":{"id":467,"name":"Federation of Bosnia and Herzegovina","state_code":"BIH","latitude":"43.88748970","longitude":"17.84279300","type":"entity","cities":{"banovi\u0107i":{"id":8217,"name":"Banovi\u0107i","latitude":"44.40596000","longitude":"18.52648000"},"barice":{"id":8218,"name":"Barice","latitude":"44.54065000","longitude":"18.48069000"},"biha\u0107":{"id":8219,"name":"Biha\u0107","latitude":"44.81694000","longitude":"15.87083000"},"bijela":{"id":8220,"name":"Bijela","latitude":"43.60871000","longitude":"17.95078000"},"bila":{"id":8222,"name":"Bila","latitude":"43.78265000","longitude":"16.92676000"},"blagaj":{"id":8224,"name":"Blagaj","latitude":"43.25892000","longitude":"17.88815000"},"bosanskakrupa":{"id":8226,"name":"Bosanska Krupa","latitude":"44.88250000","longitude":"16.15139000"},"bosanskipetrovac":{"id":8227,"name":"Bosanski Petrovac","latitude":"44.55537000","longitude":"16.36897000"},"bosanskograhovo":{"id":8228,"name":"Bosansko Grahovo","latitude":"44.17944000","longitude":"16.36389000"},"breza":{"id":8229,"name":"Breza","latitude":"44.01862000","longitude":"18.26063000"},"bugojno":{"id":8234,"name":"Bugojno","latitude":"44.05722000","longitude":"17.45083000"},"busova\u010da":{"id":8235,"name":"Busova\u010da","latitude":"44.09769000","longitude":"17.87830000"},"bu\u017eim":{"id":8236,"name":"Bu\u017eim","latitude":"45.05361000","longitude":"16.03254000"},"\u010capljina":{"id":8431,"name":"\u010capljina","latitude":"43.12139000","longitude":"17.68444000"},"cazin":{"id":8237,"name":"Cazin","latitude":"44.96694000","longitude":"15.94306000"},"\u010celi\u0107":{"id":8433,"name":"\u010celi\u0107","latitude":"44.72524000","longitude":"18.81474000"},"cim":{"id":8238,"name":"Cim","latitude":"43.35401000","longitude":"17.78045000"},"\u010citluk":{"id":8435,"name":"\u010citluk","latitude":"43.22861000","longitude":"17.70083000"},"\u0106orali\u0107i":{"id":8429,"name":"\u0106orali\u0107i","latitude":"45.00694000","longitude":"15.87194000"},"crni\u0107i":{"id":8239,"name":"Crni\u0107i","latitude":"43.13156000","longitude":"17.86452000"},"divi\u010dani":{"id":8241,"name":"Divi\u010dani","latitude":"44.36682000","longitude":"17.32678000"},"dobrinje":{"id":8243,"name":"Dobrinje","latitude":"44.05008000","longitude":"18.11958000"},"domaljevac":{"id":8245,"name":"Domaljevac","latitude":"45.06110000","longitude":"18.58612000"},"donjadubica":{"id":8246,"name":"Donja Dubica","latitude":"45.07559000","longitude":"18.41023000"},"donjamahala":{"id":8247,"name":"Donja Mahala","latitude":"45.04327000","longitude":"18.66996000"},"donjame\u0111i\u0111a":{"id":8248,"name":"Donja Me\u0111i\u0111a","latitude":"44.80235000","longitude":"18.40477000"},"donjivakuf":{"id":8249,"name":"Donji Vakuf","latitude":"44.14361000","longitude":"17.40000000"},"dre\u017enica":{"id":8250,"name":"Dre\u017enica","latitude":"43.52891000","longitude":"17.28120000"},"drinovci":{"id":8251,"name":"Drinovci","latitude":"43.35454000","longitude":"17.32536000"},"drvar":{"id":8252,"name":"Drvar","latitude":"44.37389000","longitude":"16.38083000"},"dubravedonje":{"id":8253,"name":"Dubrave Donje","latitude":"44.48060000","longitude":"18.69709000"},"dubravegornje":{"id":8254,"name":"Dubrave Gornje","latitude":"44.47229000","longitude":"18.72685000"},"dubravica":{"id":8255,"name":"Dubravica","latitude":"44.44131000","longitude":"18.11883000"},"fojnica":{"id":8257,"name":"Fojnica","latitude":"43.95952000","longitude":"17.90288000"},"glamo\u010d":{"id":8260,"name":"Glamo\u010d","latitude":"44.04583000","longitude":"16.84861000"},"gnojnica":{"id":8261,"name":"Gnojnica","latitude":"44.62058000","longitude":"18.44684000"},"gora\u017ede":{"id":8262,"name":"Gora\u017ede","latitude":"43.66795000","longitude":"18.97564000"},"gorica":{"id":8263,"name":"Gorica","latitude":"43.41833000","longitude":"17.28500000"},"gornjabreza":{"id":8264,"name":"Gornja Breza","latitude":"44.03758000","longitude":"18.24564000"},"gornjakoprivna":{"id":8265,"name":"Gornja Koprivna","latitude":"45.01091000","longitude":"15.95487000"},"gornjatuzla":{"id":8266,"name":"Gornja Tuzla","latitude":"44.55659000","longitude":"18.76159000"},"gornjemo\u0161tre":{"id":8267,"name":"Gornje Mo\u0161tre","latitude":"44.01911000","longitude":"18.15477000"},"gornje\u017divinice":{"id":8268,"name":"Gornje \u017divinice","latitude":"44.42921000","longitude":"18.61667000"},"gornjivakuf":{"id":8269,"name":"Gornji Vakuf","latitude":"43.93806000","longitude":"17.58833000"},"gostovi\u0107i":{"id":8270,"name":"Gostovi\u0107i","latitude":"44.41124000","longitude":"18.17029000"},"gra\u010danica":{"id":8273,"name":"Gra\u010danica","latitude":"43.73333000","longitude":"18.28333000"},"grada\u010dac":{"id":8271,"name":"Grada\u010dac","latitude":"44.87851000","longitude":"18.42764000"},"gromiljak":{"id":8274,"name":"Gromiljak","latitude":"43.96668000","longitude":"18.05504000"},"grude":{"id":8275,"name":"Grude","latitude":"43.37208000","longitude":"17.41449000"},"had\u017ei\u0107i":{"id":8276,"name":"Had\u017ei\u0107i","latitude":"43.82222000","longitude":"18.20667000"},"hercegova\u010dko-neretvanskikanton":{"id":8277,"name":"Hercegova\u010dko-Neretvanski Kanton","latitude":"43.45722000","longitude":"17.81250000"},"hotonj":{"id":8279,"name":"Hotonj","latitude":"43.89341000","longitude":"18.37751000"},"ili\u0107i":{"id":8281,"name":"Ili\u0107i","latitude":"43.34765000","longitude":"17.76848000"},"ilija\u0161":{"id":8280,"name":"Ilija\u0161","latitude":"43.95128000","longitude":"18.27128000"},"iza\u010di\u0107":{"id":8283,"name":"Iza\u010di\u0107","latitude":"44.87485000","longitude":"15.78256000"},"jablanica":{"id":8284,"name":"Jablanica","latitude":"43.66028000","longitude":"17.76167000"},"jajce":{"id":8285,"name":"Jajce","latitude":"44.34203000","longitude":"17.27059000"},"jelah":{"id":8287,"name":"Jelah","latitude":"44.65400000","longitude":"17.95897000"},"jezerski":{"id":8288,"name":"Jezerski","latitude":"44.98172000","longitude":"16.09447000"},"ka\u010duni":{"id":8293,"name":"Ka\u010duni","latitude":"44.06433000","longitude":"17.93894000"},"kakanj":{"id":8289,"name":"Kakanj","latitude":"44.13311000","longitude":"18.12292000"},"kantonsarajevo":{"id":8291,"name":"Kanton Sarajevo","latitude":"43.84333000","longitude":"18.24222000"},"karadaglije":{"id":8292,"name":"Karadaglije","latitude":"44.57065000","longitude":"18.01775000"},"kiseljak":{"id":8294,"name":"Kiseljak","latitude":"44.48904000","longitude":"18.56982000"},"kladanj":{"id":8295,"name":"Kladanj","latitude":"44.22669000","longitude":"18.69274000"},"klju\u010d":{"id":8296,"name":"Klju\u010d","latitude":"44.53251000","longitude":"16.77682000"},"kobiljaglava":{"id":8299,"name":"Kobilja Glava","latitude":"43.88188000","longitude":"18.38864000"},"ko\u010derin":{"id":8306,"name":"Ko\u010derin","latitude":"43.39005000","longitude":"17.48552000"},"konjic":{"id":8300,"name":"Konjic","latitude":"43.65126000","longitude":"17.96082000"},"kova\u010di":{"id":8304,"name":"Kova\u010di","latitude":"44.44874000","longitude":"18.20521000"},"lije\u0161nica":{"id":8310,"name":"Lije\u0161nica","latitude":"44.49497000","longitude":"18.07644000"},"livno":{"id":8311,"name":"Livno","latitude":"43.82695000","longitude":"17.00746000"},"ljubu\u0161ki":{"id":8313,"name":"Ljubu\u0161ki","latitude":"43.19694000","longitude":"17.54500000"},"lokvine":{"id":8314,"name":"Lokvine","latitude":"44.20466000","longitude":"17.85665000"},"lukavac":{"id":8316,"name":"Lukavac","latitude":"44.54245000","longitude":"18.52618000"},"lukavica":{"id":8317,"name":"Lukavica","latitude":"44.76452000","longitude":"18.16887000"},"maglaj":{"id":8318,"name":"Maglaj","latitude":"44.54771000","longitude":"18.10003000"},"mahala":{"id":8320,"name":"Mahala","latitude":"44.01194000","longitude":"18.25528000"},"malakladu\u0161a":{"id":8321,"name":"Mala Kladu\u0161a","latitude":"45.13443000","longitude":"15.85217000"},"male\u0161i\u0107i":{"id":8322,"name":"Male\u0161i\u0107i","latitude":"44.73824000","longitude":"18.27335000"},"mionica":{"id":8327,"name":"Mionica","latitude":"44.86646000","longitude":"18.46603000"},"mostar":{"id":8329,"name":"Mostar","latitude":"43.34333000","longitude":"17.80806000"},"mramor":{"id":8330,"name":"Mramor","latitude":"44.59234000","longitude":"18.56458000"},"neum":{"id":8332,"name":"Neum","latitude":"42.92333000","longitude":"17.61556000"},"novi\u0160eher":{"id":8336,"name":"Novi \u0160eher","latitude":"44.51031000","longitude":"18.02624000"},"novitravnik":{"id":8335,"name":"Novi Travnik","latitude":"44.17133000","longitude":"17.65816000"},"od\u017eak":{"id":8338,"name":"Od\u017eak","latitude":"45.02461000","longitude":"18.32107000"},"olovo":{"id":8339,"name":"Olovo","latitude":"44.12770000","longitude":"18.58065000"},"omanjska":{"id":8340,"name":"Omanjska","latitude":"44.69831000","longitude":"17.95757000"},"orahovicadonja":{"id":8344,"name":"Orahovica Donja","latitude":"44.65345000","longitude":"18.36951000"},"ora\u0161ac":{"id":8345,"name":"Ora\u0161ac","latitude":"44.63039000","longitude":"16.07443000"},"ora\u0161je":{"id":8346,"name":"Ora\u0161je","latitude":"45.03366000","longitude":"18.69334000"},"orguz":{"id":8347,"name":"Orguz","latitude":"43.77414000","longitude":"16.86329000"},"ostro\u017eac":{"id":8348,"name":"Ostro\u017eac","latitude":"44.90866000","longitude":"15.94045000"},"otoka":{"id":8349,"name":"Otoka","latitude":"44.96000000","longitude":"16.17917000"},"paji\u0107polje":{"id":8351,"name":"Paji\u0107 Polje","latitude":"43.97583000","longitude":"17.52750000"},"pazari\u0107":{"id":8353,"name":"Pazari\u0107","latitude":"43.78882000","longitude":"18.16049000"},"pe\u0107i":{"id":8356,"name":"Pe\u0107i","latitude":"44.63139000","longitude":"16.78250000"},"pe\u0107igrad":{"id":8357,"name":"Pe\u0107igrad","latitude":"45.05444000","longitude":"15.89694000"},"pjani\u0107i":{"id":8359,"name":"Pjani\u0107i","latitude":"44.98568000","longitude":"15.82304000"},"podhum":{"id":8361,"name":"Podhum","latitude":"43.72295000","longitude":"16.99887000"},"podzvizd":{"id":8362,"name":"Podzvizd","latitude":"45.17417000","longitude":"15.87361000"},"polje":{"id":8363,"name":"Polje","latitude":"43.88014000","longitude":"18.07452000"},"polje-bijela":{"id":8364,"name":"Polje-Bijela","latitude":"43.63299000","longitude":"17.97216000"},"potoci":{"id":8366,"name":"Potoci","latitude":"43.40953000","longitude":"17.87855000"},"prozor":{"id":8370,"name":"Prozor","latitude":"43.82222000","longitude":"17.60917000"},"pura\u010di\u0107":{"id":8371,"name":"Pura\u010di\u0107","latitude":"44.54562000","longitude":"18.47865000"},"radi\u0161i\u0107i":{"id":8372,"name":"Radi\u0161i\u0107i","latitude":"43.22302000","longitude":"17.54056000"},"rodo\u010d":{"id":8373,"name":"Rodo\u010d","latitude":"43.31453000","longitude":"17.80290000"},"rumboci":{"id":8376,"name":"Rumboci","latitude":"43.83154000","longitude":"17.50273000"},"sanica":{"id":8377,"name":"Sanica","latitude":"44.61354000","longitude":"16.64062000"},"sanskimost":{"id":8378,"name":"Sanski Most","latitude":"44.76670000","longitude":"16.66700000"},"sapna":{"id":8379,"name":"Sapna","latitude":"44.50380000","longitude":"18.99818000"},"sarajevo":{"id":8380,"name":"Sarajevo","latitude":"43.84864000","longitude":"18.35644000"},"\u0160eri\u0107i":{"id":8438,"name":"\u0160eri\u0107i","latitude":"44.46674000","longitude":"18.56370000"},"\u0160irokibrijeg":{"id":8440,"name":"\u0160iroki Brijeg","latitude":"43.38290000","longitude":"17.59416000"},"skokovi":{"id":8381,"name":"Skokovi","latitude":"45.03139000","longitude":"15.91444000"},"sladna":{"id":8382,"name":"Sladna","latitude":"44.72897000","longitude":"18.42575000"},"solina":{"id":8384,"name":"Solina","latitude":"44.56226000","longitude":"18.69322000"},"srebrenik":{"id":8387,"name":"Srebrenik","latitude":"44.70819000","longitude":"18.48834000"},"stijena":{"id":8390,"name":"Stijena","latitude":"44.93630000","longitude":"16.02224000"},"stjepan-polje":{"id":8391,"name":"Stjepan-Polje","latitude":"44.71634000","longitude":"18.25783000"},"stolac":{"id":8392,"name":"Stolac","latitude":"43.08400000","longitude":"17.95995000"},"\u0160turli\u0107":{"id":8441,"name":"\u0160turli\u0107","latitude":"45.06389000","longitude":"15.77806000"},"\u0160umatac":{"id":8442,"name":"\u0160umatac","latitude":"45.09743000","longitude":"15.85818000"},"tasov\u010di\u0107i":{"id":8394,"name":"Tasov\u010di\u0107i","latitude":"43.11333000","longitude":"17.72000000"},"te\u0161anj":{"id":8396,"name":"Te\u0161anj","latitude":"44.61191000","longitude":"17.98552000"},"te\u0161anjka":{"id":8397,"name":"Te\u0161anjka","latitude":"44.67228000","longitude":"18.01109000"},"todorovo":{"id":8398,"name":"Todorovo","latitude":"45.08833000","longitude":"15.93083000"},"toj\u0161i\u0107i":{"id":8399,"name":"Toj\u0161i\u0107i","latitude":"44.50133000","longitude":"18.78523000"},"tomislavgrad":{"id":8400,"name":"Tomislavgrad","latitude":"43.71849000","longitude":"17.22515000"},"travnik":{"id":8401,"name":"Travnik","latitude":"44.22637000","longitude":"17.66583000"},"tr\u017ea\u010dkara\u0161tela":{"id":8404,"name":"Tr\u017ea\u010dka Ra\u0161tela","latitude":"44.97597000","longitude":"15.78489000"},"turbe":{"id":8405,"name":"Turbe","latitude":"44.24352000","longitude":"17.57499000"},"tuzla":{"id":8406,"name":"Tuzla","latitude":"44.53842000","longitude":"18.66709000"},"ustikolina":{"id":8408,"name":"Ustikolina","latitude":"43.58338000","longitude":"18.79106000"},"vare\u0161":{"id":8409,"name":"Vare\u0161","latitude":"44.16444000","longitude":"18.32833000"},"varo\u0161karijeka":{"id":8410,"name":"Varo\u0161ka Rijeka","latitude":"45.08936000","longitude":"16.01906000"},"velagi\u0107i":{"id":8411,"name":"Velagi\u0107i","latitude":"44.55618000","longitude":"16.73349000"},"velikakladu\u0161a":{"id":8412,"name":"Velika Kladu\u0161a","latitude":"45.18497000","longitude":"15.80579000"},"vido\u0161i":{"id":8414,"name":"Vido\u0161i","latitude":"43.77139000","longitude":"17.02833000"},"visoko":{"id":8415,"name":"Visoko","latitude":"43.98889000","longitude":"18.17806000"},"vitez":{"id":8416,"name":"Vitez","latitude":"44.15424000","longitude":"17.79009000"},"vitina":{"id":8417,"name":"Vitina","latitude":"43.23750000","longitude":"17.48389000"},"vogo\u0161\u0107a":{"id":8420,"name":"Vogo\u0161\u0107a","latitude":"43.90225000","longitude":"18.34438000"},"voljevac":{"id":8421,"name":"Voljevac","latitude":"43.87873000","longitude":"17.65861000"},"vrnogra\u010d":{"id":8422,"name":"Vrnogra\u010d","latitude":"45.16369000","longitude":"15.95444000"},"vukovijedonje":{"id":8423,"name":"Vukovije Donje","latitude":"44.46209000","longitude":"18.74941000"},"zabri\u0161\u0107e":{"id":8424,"name":"Zabri\u0161\u0107e","latitude":"43.79224000","longitude":"16.94224000"},"zavidovi\u0107i":{"id":8425,"name":"Zavidovi\u0107i","latitude":"44.44583000","longitude":"18.14972000"},"zbori\u0161te":{"id":8426,"name":"Zbori\u0161te","latitude":"45.14593000","longitude":"16.01728000"},"\u017deljeznopolje":{"id":8443,"name":"\u017deljezno Polje","latitude":"44.39875000","longitude":"17.94103000"},"zenica":{"id":8427,"name":"Zenica","latitude":"44.20169000","longitude":"17.90397000"},"\u017dep\u010de":{"id":8444,"name":"\u017dep\u010de","latitude":"44.42667000","longitude":"18.03778000"},"\u017divinice":{"id":8445,"name":"\u017divinice","latitude":"44.44929000","longitude":"18.64978000"}}},"herzegovina-neretva":{"id":463,"name":"Herzegovina-Neretva","state_code":"07","latitude":"43.52651590","longitude":"17.76362100","type":"canton"},"posavina":{"id":464,"name":"Posavina","state_code":"02","latitude":"45.07520940","longitude":"18.37763040","type":"canton"},"republikasrpska":{"id":470,"name":"Republika Srpska","state_code":"SRP","latitude":"44.72801860","longitude":"17.31481360","type":"entity","cities":{"balatun":{"id":8215,"name":"Balatun","latitude":"44.86332000","longitude":"19.33931000"},"banjaluka":{"id":8216,"name":"Banja Luka","latitude":"44.77842000","longitude":"17.19386000"},"bijeljina":{"id":8221,"name":"Bijeljina","latitude":"44.76583000","longitude":"19.15083000"},"bile\u0107a":{"id":8223,"name":"Bile\u0107a","latitude":"42.87645000","longitude":"18.42967000"},"blatnica":{"id":8225,"name":"Blatnica","latitude":"44.48677000","longitude":"17.82278000"},"brod":{"id":8231,"name":"Brod","latitude":"45.13747000","longitude":"17.98722000"},"bronzanimajdan":{"id":8232,"name":"Bronzani Majdan","latitude":"44.79237000","longitude":"16.94039000"},"\u010cajni\u010de":{"id":8430,"name":"\u010cajni\u010de","latitude":"43.55712000","longitude":"19.07186000"},"\u010ce\u010dava":{"id":8434,"name":"\u010ce\u010dava","latitude":"44.67961000","longitude":"17.75780000"},"\u010celinac":{"id":8432,"name":"\u010celinac","latitude":"44.72453000","longitude":"17.32431000"},"derventa":{"id":8240,"name":"Derventa","latitude":"44.97839000","longitude":"17.90779000"},"doboj":{"id":8242,"name":"Doboj","latitude":"44.75944000","longitude":"18.06500000"},"dobrljin":{"id":8244,"name":"Dobrljin","latitude":"45.15106000","longitude":"16.47869000"},"dvorovi":{"id":8256,"name":"Dvorovi","latitude":"44.80753000","longitude":"19.25999000"},"fo\u010da":{"id":8258,"name":"Fo\u010da","latitude":"43.50646000","longitude":"18.77854000"},"gacko":{"id":8259,"name":"Gacko","latitude":"43.16722000","longitude":"18.53528000"},"gradi\u0161ka":{"id":8272,"name":"Gradi\u0161ka","latitude":"45.14484000","longitude":"17.25453000"},"hiseti":{"id":8278,"name":"Hiseti","latitude":"44.76111000","longitude":"17.17944000"},"isto\u010dnimostar":{"id":8282,"name":"Isto\u010dni Mostar","latitude":"43.42056000","longitude":"18.00833000"},"janja":{"id":8286,"name":"Janja","latitude":"44.66554000","longitude":"19.24691000"},"kalenderovcidonji":{"id":8290,"name":"Kalenderovci Donji","latitude":"44.94673000","longitude":"17.83785000"},"kne\u017eevo":{"id":8297,"name":"Kne\u017eevo","latitude":"44.49071000","longitude":"17.38161000"},"kne\u017eica":{"id":8298,"name":"Kne\u017eica","latitude":"45.10548000","longitude":"16.67668000"},"koran":{"id":8301,"name":"Koran","latitude":"43.81038000","longitude":"18.56999000"},"kostajnica":{"id":8302,"name":"Kostajnica","latitude":"45.21956000","longitude":"16.53929000"},"kotorvaro\u0161":{"id":8303,"name":"Kotor Varo\u0161","latitude":"44.61831000","longitude":"17.37204000"},"kozarskadubica":{"id":8305,"name":"Kozarska Dubica","latitude":"45.17667000","longitude":"16.80944000"},"krupanavrbasu":{"id":8307,"name":"Krupa na Vrbasu","latitude":"44.61875000","longitude":"17.14351000"},"lakta\u0161i":{"id":8308,"name":"Lakta\u0161i","latitude":"44.90857000","longitude":"17.30135000"},"lamovita":{"id":8309,"name":"Lamovita","latitude":"44.92018000","longitude":"16.89933000"},"ljubinje":{"id":8312,"name":"Ljubinje","latitude":"42.95120000","longitude":"18.08702000"},"lopare":{"id":8315,"name":"Lopare","latitude":"44.63498000","longitude":"18.84340000"},"maglajani":{"id":8319,"name":"Maglajani","latitude":"44.94975000","longitude":"17.35014000"},"mari\u0107ka":{"id":8323,"name":"Mari\u0107ka","latitude":"44.86801000","longitude":"16.85510000"},"maslovare":{"id":8324,"name":"Maslovare","latitude":"44.56594000","longitude":"17.53216000"},"mejdan-obili\u0107evo":{"id":8325,"name":"Mejdan - Obili\u0107evo","latitude":"44.76324000","longitude":"17.19012000"},"mili\u0107i":{"id":8326,"name":"Mili\u0107i","latitude":"44.17016000","longitude":"19.09195000"},"modri\u010da":{"id":8328,"name":"Modri\u010da","latitude":"44.95444000","longitude":"18.30361000"},"mrkonji\u0107grad":{"id":8331,"name":"Mrkonji\u0107 Grad","latitude":"44.41729000","longitude":"17.08288000"},"nevesinje":{"id":8333,"name":"Nevesinje","latitude":"43.25861000","longitude":"18.11333000"},"novigrad":{"id":8334,"name":"Novi Grad","latitude":"45.04643000","longitude":"16.37782000"},"obudovac":{"id":8337,"name":"Obudovac","latitude":"44.95215000","longitude":"18.59869000"},"omarska":{"id":8341,"name":"Omarska","latitude":"44.89170000","longitude":"16.89814000"},"op\u0161tinao\u0161traluka":{"id":8342,"name":"Op\u0161tina O\u0161tra Luka","latitude":"44.73278000","longitude":"16.82861000"},"op\u0161tinavi\u0161egrad":{"id":8343,"name":"Op\u0161tina Vi\u0161egrad","latitude":"43.72167000","longitude":"19.31361000"},"o\u0161traluka":{"id":8350,"name":"O\u0161tra Luka","latitude":"44.99724000","longitude":"18.58464000"},"pale":{"id":8352,"name":"Pale","latitude":"43.81664000","longitude":"18.56949000"},"pelagi\u0107evo":{"id":8354,"name":"Pelagi\u0107evo","latitude":"44.90105000","longitude":"18.59185000"},"petkovci":{"id":8355,"name":"Petkovci","latitude":"44.46849000","longitude":"19.07466000"},"piskavica":{"id":8358,"name":"Piskavica","latitude":"44.86717000","longitude":"16.97464000"},"podbrdo":{"id":8360,"name":"Podbrdo","latitude":"44.44189000","longitude":"17.01495000"},"popovi":{"id":8365,"name":"Popovi","latitude":"44.76547000","longitude":"19.28667000"},"pribini\u0107":{"id":8367,"name":"Pribini\u0107","latitude":"44.61010000","longitude":"17.68981000"},"priboj":{"id":8368,"name":"Priboj","latitude":"44.60233000","longitude":"18.93165000"},"prijedor":{"id":8369,"name":"Prijedor","latitude":"44.97991000","longitude":"16.71401000"},"rogatica":{"id":8374,"name":"Rogatica","latitude":"43.79894000","longitude":"19.00363000"},"rudo":{"id":8375,"name":"Rudo","latitude":"43.61781000","longitude":"19.36719000"},"\u0160amac":{"id":8436,"name":"\u0160amac","latitude":"45.05987000","longitude":"18.46756000"},"\u0160ekovi\u0107i":{"id":8437,"name":"\u0160ekovi\u0107i","latitude":"44.29896000","longitude":"18.85532000"},"\u0160ipovo":{"id":8439,"name":"\u0160ipovo","latitude":"44.28237000","longitude":"17.08597000"},"sokolac":{"id":8383,"name":"Sokolac","latitude":"43.93817000","longitude":"18.80079000"},"srbac":{"id":8385,"name":"Srbac","latitude":"45.09730000","longitude":"17.52331000"},"srebrenica":{"id":8386,"name":"Srebrenica","latitude":"44.10748000","longitude":"19.29669000"},"stanari":{"id":8388,"name":"Stanari","latitude":"44.74475000","longitude":"17.82714000"},"starcevica":{"id":8389,"name":"Starcevica","latitude":"44.75708000","longitude":"17.21178000"},"svodna":{"id":8393,"name":"Svodna","latitude":"45.03770000","longitude":"16.54019000"},"tesli\u0107":{"id":8395,"name":"Tesli\u0107","latitude":"44.60639000","longitude":"17.85972000"},"trebinje":{"id":8402,"name":"Trebinje","latitude":"42.71197000","longitude":"18.34362000"},"trn":{"id":8403,"name":"Trn","latitude":"44.85829000","longitude":"17.23583000"},"ugljevik":{"id":8407,"name":"Ugljevik","latitude":"44.66361000","longitude":"19.02028000"},"velikaobarska":{"id":8413,"name":"Velika Obarska","latitude":"44.80461000","longitude":"19.16183000"},"vi\u0161egrad":{"id":8418,"name":"Vi\u0161egrad","latitude":"43.78260000","longitude":"19.29256000"},"vlasenica":{"id":8419,"name":"Vlasenica","latitude":"44.18183000","longitude":"18.94096000"},"\u017divinice":{"id":8446,"name":"\u017divinice","latitude":"44.54765000","longitude":"17.37357000"},"zvornik":{"id":8428,"name":"Zvornik","latitude":"44.38605000","longitude":"19.10247000"}}},"sarajevo":{"id":466,"name":"Sarajevo","state_code":"09","latitude":"43.85125640","longitude":"18.29534420","type":"canton"},"tuzla":{"id":461,"name":"Tuzla","state_code":"03","latitude":"44.53434630","longitude":"18.69727970","type":"canton"},"una-sana":{"id":465,"name":"Una-Sana","state_code":"01","latitude":"44.65031160","longitude":"16.31716290","type":"canton"},"westherzegovina":{"id":469,"name":"West Herzegovina","state_code":"08","latitude":"43.43692440","longitude":"17.38488310","type":"canton"},"zenica-doboj":{"id":468,"name":"Zenica-Doboj","state_code":"04","latitude":"44.21271090","longitude":"18.16046250","type":"canton"}}}