{"id":124,"name":"Libya","iso3":"LBY","iso2":"LY","numeric_code":"434","phone_code":"218","capital":"Tripolis","currency":"LYD","currency_name":"Libyan dinar","currency_symbol":"\u062f.\u0644","tld":".ly","native":"\u200f\u0644\u064a\u0628\u064a\u0627","region":"Africa","region_id":"1","subregion":"Northern Africa","subregion_id":"1","nationality":"Libyan","timezones":[{"zoneName":"Africa/Tripoli","gmtOffset":7200,"gmtOffsetName":"UTC+02:00","abbreviation":"EET","tzName":"Eastern European Time"}],"translations":{"kr":"\ub9ac\ube44\uc544","pt-BR":"L\u00edbia","pt":"L\u00edbia","nl":"Libi\u00eb","hr":"Libija","fa":"\u0644\u06cc\u0628\u06cc","de":"Libyen","es":"Libia","fr":"Libye","ja":"\u30ea\u30d3\u30a2","it":"Libia","cn":"\u5229\u6bd4\u4e9a","tr":"Libya","ru":"\u041b\u0438\u0432\u0438\u044f","uk":"\u041b\u0456\u0432\u0456\u044f","pl":"Libia"},"latitude":"25.00000000","longitude":"17.00000000","emoji":"\ud83c\uddf1\ud83c\uddfe","emojiU":"U+1F1F1 U+1F1FE","states":{"alwahatdistrict":{"id":2964,"name":"Al Wahat District","state_code":"WA","latitude":"29.04668080","longitude":"21.85685860","type":null,"cities":{"ajdabiya":{"id":66993,"name":"Ajdabiya","latitude":"30.75545000","longitude":"20.22625000"},"alburayqah":{"id":66997,"name":"Al Burayqah","latitude":"30.40624000","longitude":"19.57386000"},"awjilah":{"id":67006,"name":"Awjilah","latitude":"29.10806000","longitude":"21.28694000"},"azzuwayt\u012bnah":{"id":67007,"name":"Az Zuwayt\u012bnah","latitude":"30.95220000","longitude":"20.12022000"},"gialo":{"id":67017,"name":"Gialo","latitude":"29.03333000","longitude":"21.55000000"},"mar\u0101dah":{"id":67020,"name":"Mar\u0101dah","latitude":"29.22054000","longitude":"19.20454000"}}},"benghazi":{"id":2981,"name":"Benghazi","state_code":"BA","latitude":"32.11942420","longitude":"20.08679090","type":null,"cities":{"benghazi":{"id":67010,"name":"Benghazi","latitude":"32.11486000","longitude":"20.06859000"},"qaryatsul\u016bq":{"id":67026,"name":"Qaryat Sul\u016bq","latitude":"31.66818000","longitude":"20.25205000"}}},"dernadistrict":{"id":2966,"name":"Derna District","state_code":"DR","latitude":"32.75561300","longitude":"22.63774320","type":null,"cities":{"alqubbah":{"id":67003,"name":"Al Qubbah","latitude":"32.75684000","longitude":"22.24106000"},"darnah":{"id":67012,"name":"Darnah","latitude":"32.76704000","longitude":"22.63669000"}}},"ghatdistrict":{"id":2969,"name":"Ghat District","state_code":"GT","latitude":"24.96403710","longitude":"10.17592850","type":null,"cities":{"ghat":{"id":67015,"name":"Ghat","latitude":"24.96334000","longitude":"10.18003000"}}},"jabalalakhdar":{"id":2980,"name":"Jabal al Akhdar","state_code":"JA","latitude":"23.18560810","longitude":"57.37138790","type":null,"cities":{"albay\u1e11\u0101\u2019":{"id":66996,"name":"Al Bay\u1e11\u0101\u2019","latitude":"32.76272000","longitude":"21.75506000"}}},"jabalalgharbidistrict":{"id":2974,"name":"Jabal al Gharbi District","state_code":"JG","latitude":"30.26380320","longitude":"12.80547530","type":null,"cities":{"gharyan":{"id":67014,"name":"Gharyan","latitude":"32.17222000","longitude":"13.02028000"},"giado":{"id":67016,"name":"Giado","latitude":"31.95506000","longitude":"12.02901000"},"mizdah":{"id":67022,"name":"Mizdah","latitude":"31.44934000","longitude":"12.98530000"},"yafran":{"id":67036,"name":"Yafran","latitude":"32.06329000","longitude":"12.52859000"},"zintan":{"id":67039,"name":"Zintan","latitude":"31.93155000","longitude":"12.25291000"}}},"jafara":{"id":2979,"name":"Jafara","state_code":"JI","latitude":"32.45259040","longitude":"12.94355360","type":null,"cities":{"al\u2018az\u012bz\u012byah":{"id":67004,"name":"Al \u2018Az\u012bz\u012byah","latitude":"32.53194000","longitude":"13.01750000"}}},"jufra":{"id":2970,"name":"Jufra","state_code":"JU","latitude":"27.98351350","longitude":"16.91225100","type":null,"cities":{"h\u016bn":{"id":67018,"name":"H\u016bn","latitude":"29.12684000","longitude":"15.94772000"},"wadd\u0101n":{"id":67035,"name":"Wadd\u0101n","latitude":"29.16140000","longitude":"16.13904000"}}},"kufradistrict":{"id":2972,"name":"Kufra District","state_code":"KF","latitude":"23.31123890","longitude":"21.85685860","type":null,"cities":{"aljawf":{"id":66999,"name":"Al Jawf","latitude":"24.19890000","longitude":"23.29093000"},"att\u0101j":{"id":67005,"name":"At T\u0101j","latitude":"24.20487000","longitude":"23.28570000"}}},"marjdistrict":{"id":2968,"name":"Marj District","state_code":"MJ","latitude":"32.05503630","longitude":"21.18911510","type":null,"cities":{"alaby\u0101r":{"id":66994,"name":"Al Aby\u0101r","latitude":"32.19000000","longitude":"20.59653000"},"almarj":{"id":67001,"name":"Al Marj","latitude":"32.49257000","longitude":"20.82909000"},"t\u016bkrah":{"id":67033,"name":"T\u016bkrah","latitude":"32.53414000","longitude":"20.57911000"}}},"misratadistrict":{"id":2978,"name":"Misrata District","state_code":"MI","latitude":"32.32558840","longitude":"15.09925560","type":null,"cities":{"baniwalid":{"id":67009,"name":"Bani Walid","latitude":"31.74554000","longitude":"13.98354000"},"mi\u015fr\u0101tah":{"id":67023,"name":"Mi\u015fr\u0101tah","latitude":"32.37535000","longitude":"15.09254000"},"zliten":{"id":67040,"name":"Zliten","latitude":"32.46739000","longitude":"14.56874000"}}},"murqub":{"id":2961,"name":"Murqub","state_code":"MB","latitude":"32.45996770","longitude":"14.10013260","type":null,"cities":{"alkhums":{"id":67000,"name":"Al Khums","latitude":"32.64861000","longitude":"14.26191000"},"masall\u0101tah":{"id":67021,"name":"Masall\u0101tah","latitude":"32.61667000","longitude":"14.00000000"},"tarhuna":{"id":67031,"name":"Tarhuna","latitude":"32.43501000","longitude":"13.63320000"}}},"murzuqdistrict":{"id":2967,"name":"Murzuq District","state_code":"MQ","latitude":"25.91822620","longitude":"13.92600010","type":null,"cities":{"alqa\u0163r\u016bn":{"id":67002,"name":"Al Qa\u0163r\u016bn","latitude":"24.95139000","longitude":"14.64861000"},"murzuq":{"id":67024,"name":"Murzuq","latitude":"25.91552000","longitude":"13.91839000"}}},"nalutdistrict":{"id":2976,"name":"Nalut District","state_code":"NL","latitude":"31.87423480","longitude":"10.97504840","type":null,"cities":{"ghad\u0101mis":{"id":67013,"name":"Ghad\u0101mis","latitude":"30.13366000","longitude":"9.50072000"},"n\u0101l\u016bt":{"id":67025,"name":"N\u0101l\u016bt","latitude":"31.86848000","longitude":"10.98120000"}}},"nuqatalkhams":{"id":2962,"name":"Nuqat al Khams","state_code":"NQ","latitude":"32.69149090","longitude":"11.88917210","type":null,"cities":{"alajaylat":{"id":66995,"name":"Al Ajaylat","latitude":"32.75718000","longitude":"12.37633000"},"zal\u0163an":{"id":67037,"name":"Zal\u0163an","latitude":"32.94699000","longitude":"11.86668000"},"zuw\u0101rah":{"id":67041,"name":"Zuw\u0101rah","latitude":"32.93120000","longitude":"12.08199000"}}},"sabhadistrict":{"id":2965,"name":"Sabha District","state_code":"SB","latitude":"27.03654060","longitude":"14.42902360","type":null,"cities":{"aljad\u012bd":{"id":66998,"name":"Al Jad\u012bd","latitude":"27.05000000","longitude":"14.40000000"},"sabh\u0101":{"id":67028,"name":"Sabh\u0101","latitude":"27.03766000","longitude":"14.42832000"}}},"sirtedistrict":{"id":2977,"name":"Sirte District","state_code":"SR","latitude":"31.18968900","longitude":"16.57019270","type":null,"cities":{"qasrabuhadi":{"id":67027,"name":"Qasr Abu Hadi","latitude":"31.05926000","longitude":"16.65905000"},"sirte":{"id":67029,"name":"Sirte","latitude":"31.20892000","longitude":"16.58866000"}}},"tripolidistrict":{"id":2971,"name":"Tripoli District","state_code":"TB","latitude":"32.64080210","longitude":"13.26634790","type":null,"cities":{"tagiura":{"id":67030,"name":"Tagiura","latitude":"32.88167000","longitude":"13.35056000"},"tripoli":{"id":67032,"name":"Tripoli","latitude":"32.88743000","longitude":"13.18733000"}}},"wadialhayaadistrict":{"id":2973,"name":"Wadi al Hayaa District","state_code":"WD","latitude":"26.42259260","longitude":"12.62162110","type":null,"cities":{"ubari":{"id":67034,"name":"Ubari","latitude":"26.59034000","longitude":"12.77511000"}}},"wadialshatiidistrict":{"id":2975,"name":"Wadi al Shatii District","state_code":"WS","latitude":"27.73514680","longitude":"12.43805810","type":null,"cities":{"brak":{"id":67011,"name":"Brak","latitude":"27.54956000","longitude":"14.27139000"},"idr\u012b":{"id":67019,"name":"Idr\u012b","latitude":"27.44707000","longitude":"13.05173000"}}},"zawiyadistrict":{"id":2963,"name":"Zawiya District","state_code":"ZA","latitude":"32.76302820","longitude":"12.73649620","type":null,"cities":{"azz\u0101w\u012byah":{"id":67008,"name":"Az Z\u0101w\u012byah","latitude":"32.75710000","longitude":"12.72764000"},"\u015eabr\u0101tah":{"id":67042,"name":"\u015eabr\u0101tah","latitude":"32.79335000","longitude":"12.48845000"},"\u015eurm\u0101n":{"id":67043,"name":"\u015eurm\u0101n","latitude":"32.75668000","longitude":"12.57159000"},"zawiya":{"id":67038,"name":"Zawiya","latitude":"32.75222000","longitude":"12.72778000"}}}}}