{"id":119,"name":"Laos","iso3":"LAO","iso2":"LA","numeric_code":"418","phone_code":"856","capital":"Vientiane","currency":"LAK","currency_name":"Lao kip","currency_symbol":"\u20ad","tld":".la","native":"\u0eaa\u0e9b\u0e9b\u0ea5\u0eb2\u0ea7","region":"Asia","region_id":"3","subregion":"South-Eastern Asia","subregion_id":"13","nationality":"Lao, Laotian","timezones":[{"zoneName":"Asia/Vientiane","gmtOffset":25200,"gmtOffsetName":"UTC+07:00","abbreviation":"ICT","tzName":"Indochina Time"}],"translations":{"kr":"\ub77c\uc624\uc2a4","pt-BR":"Laos","pt":"Laos","nl":"Laos","hr":"Laos","fa":"\u0644\u0627\u0626\u0648\u0633","de":"Laos","es":"Laos","fr":"Laos","ja":"\u30e9\u30aa\u30b9\u4eba\u6c11\u6c11\u4e3b\u5171\u548c\u56fd","it":"Laos","cn":"\u5bee\u4eba\u6c11\u6c11\u4e3b\u5171\u548c\u56fd","tr":"Laos","ru":"\u041b\u0430\u043e\u0441","uk":"\u041b\u0430\u043e\u0441","pl":"Laos"},"latitude":"18.00000000","longitude":"105.00000000","emoji":"\ud83c\uddf1\ud83c\udde6","emojiU":"U+1F1F1 U+1F1E6","states":{"attapeuprovince":{"id":982,"name":"Attapeu Province","state_code":"AT","latitude":"14.93634000","longitude":"107.10119310","type":null,"cities":{"attapeu":{"id":65855,"name":"Attapeu","latitude":"14.81071000","longitude":"106.83184000"},"muangphouvong":{"id":65891,"name":"Muang Phouvong","latitude":"14.56821000","longitude":"107.01087000"},"muangsamakhixai":{"id":65895,"name":"Muang Samakhixai","latitude":"14.80539000","longitude":"106.78164000"},"muangsanamxai":{"id":65897,"name":"Muang Sanamxai","latitude":"14.73807000","longitude":"106.41328000"},"muangsanxai":{"id":65898,"name":"Muang Sanxai","latitude":"15.02944000","longitude":"107.23158000"},"muangxais\u00e9ttha":{"id":65912,"name":"Muang Xais\u00e9ttha","latitude":"14.90594000","longitude":"106.97894000"}}},"bokeoprovince":{"id":991,"name":"Bokeo Province","state_code":"BK","latitude":"20.28726620","longitude":"100.70978670","type":null,"cities":{"banhouakhoua":{"id":65856,"name":"Ban Houakhoua","latitude":"20.24670000","longitude":"100.45401000"},"banhouayxay":{"id":65857,"name":"Ban Houayxay","latitude":"20.27000000","longitude":"100.41780000"},"muanghouayxay":{"id":65872,"name":"Muang Houayxay","latitude":"20.38763000","longitude":"100.62687000"},"muangmeung":{"id":65881,"name":"Muang Meung","latitude":"20.67585000","longitude":"100.52639000"},"muangpaktha":{"id":65885,"name":"Muang Paktha","latitude":"20.09108000","longitude":"100.59940000"},"muangphaoud\u00f4m":{"id":65889,"name":"Muang Pha Oud\u00f4m","latitude":"20.18744000","longitude":"100.92600000"},"muangt\u00f4npheung":{"id":65908,"name":"Muang T\u00f4npheung","latitude":"20.53465000","longitude":"100.29624000"}}},"bolikhamsaiprovince":{"id":985,"name":"Bolikhamsai Province","state_code":"BL","latitude":"18.43629240","longitude":"104.47233010","type":null,"cities":{"bannahin":{"id":65858,"name":"Ban Nahin","latitude":"18.24253000","longitude":"104.21281000"},"pakxan":{"id":65918,"name":"Pakxan","latitude":"18.39420000","longitude":"103.66110000"}}},"champasakprovince":{"id":996,"name":"Champasak Province","state_code":"CH","latitude":"14.65786640","longitude":"105.96998780","type":null,"cities":{"champasak":{"id":65860,"name":"Champasak","latitude":"14.89204000","longitude":"105.87787000"},"muangbachiangchaleunsook":{"id":65868,"name":"Muang Bachiangchaleunsook","latitude":"15.24426000","longitude":"105.96716000"},"muangchampasak":{"id":65869,"name":"Muang Champasak","latitude":"14.85704000","longitude":"105.75334000"},"muangkh\u00f4ng":{"id":65874,"name":"Muang Kh\u00f4ng","latitude":"14.14696000","longitude":"105.95938000"},"muangmounlapam\u00f4k":{"id":65882,"name":"Muang Mounlapam\u00f4k","latitude":"14.28922000","longitude":"105.56832000"},"muangpakx\u00e9":{"id":65887,"name":"Muang Pakx\u00e9","latitude":"15.13139000","longitude":"105.81612000"},"muangpakxong":{"id":65886,"name":"Muang Pakxong","latitude":"15.09810000","longitude":"106.43398000"},"muangpathoumphon":{"id":65888,"name":"Muang Pathoumphon","latitude":"14.68453000","longitude":"106.06357000"},"muangph\u00f4nthong":{"id":65894,"name":"Muang Ph\u00f4nthong","latitude":"15.10669000","longitude":"105.64890000"},"muangsoukhouma":{"id":65901,"name":"Muang Soukhouma","latitude":"14.62560000","longitude":"105.67520000"},"muangxanas\u00f4mboun":{"id":65913,"name":"Muang Xanas\u00f4mboun","latitude":"15.34107000","longitude":"105.73703000"},"pakse":{"id":65917,"name":"Pakse","latitude":"15.12022000","longitude":"105.79898000"},"pakxong":{"id":65919,"name":"Pakxong","latitude":"15.18154000","longitude":"106.23038000"}}},"houaphanhprovince":{"id":989,"name":"Houaphanh Province","state_code":"HO","latitude":"20.32541750","longitude":"104.10013260","type":null,"cities":{"xamneua":{"id":65928,"name":"Xam Neua","latitude":"20.40764000","longitude":"104.06560000"},"xamnua":{"id":65929,"name":"Xam Nua","latitude":"20.41640000","longitude":"104.04500000"}}},"khammouaneprovince":{"id":986,"name":"Khammouane Province","state_code":"KH","latitude":"17.63840660","longitude":"105.21948080","type":null,"cities":{"muangthakh\u00e8k":{"id":65903,"name":"Muang Thakh\u00e8k","latitude":"17.40880000","longitude":"104.82639000"},"thakh\u00e8k":{"id":65924,"name":"Thakh\u00e8k","latitude":"17.41027000","longitude":"104.83068000"}}},"luangnamthaprovince":{"id":992,"name":"Luang Namtha Province","state_code":"LM","latitude":"20.91701870","longitude":"101.16173560","type":null,"cities":{"luangnamtha":{"id":65864,"name":"Luang Namtha","latitude":"20.94860000","longitude":"101.40188000"},"muanglouangnamtha":{"id":65880,"name":"Muang Louang Namtha","latitude":"21.00424000","longitude":"101.44785000"}}},"luangprabangprovince":{"id":978,"name":"Luang Prabang Province","state_code":"LP","latitude":"20.06562290","longitude":"102.62162110","type":null,"cities":{"luangprabang":{"id":65865,"name":"Luang Prabang","latitude":"19.88601000","longitude":"102.13503000"}}},"oudomxayprovince":{"id":988,"name":"Oudomxay Province","state_code":"OU","latitude":"20.49219290","longitude":"101.88917210","type":null,"cities":{"muangxay":{"id":65914,"name":"Muang Xay","latitude":"20.69229000","longitude":"101.98368000"}}},"phongsalyprovince":{"id":987,"name":"Phongsaly Province","state_code":"PH","latitude":"21.59193770","longitude":"102.25479190","type":null,"cities":{"ph\u00f4ngsali":{"id":65920,"name":"Ph\u00f4ngsali","latitude":"21.68080000","longitude":"102.10030000"}}},"sainyabuliprovince":{"id":993,"name":"Sainyabuli Province","state_code":"XA","latitude":"19.39078860","longitude":"101.52480550","type":null,"cities":{"sainyabuli":{"id":65921,"name":"Sainyabuli","latitude":"19.25756000","longitude":"101.71032000"}}},"salavanprovince":{"id":981,"name":"Salavan Province","state_code":"SL","latitude":"15.81710730","longitude":"106.25221430","type":null,"cities":{"muangkh\u00f4ngx\u00e9d\u00f4n":{"id":65875,"name":"Muang Kh\u00f4ngx\u00e9d\u00f4n","latitude":"15.54626000","longitude":"105.77051000"},"muanglakhonph\u00e9ng":{"id":65876,"name":"Muang Lakhonph\u00e9ng","latitude":"15.83308000","longitude":"105.59745000"},"muanglaongam":{"id":65878,"name":"Muang Laongam","latitude":"15.47745000","longitude":"106.14111000"},"muangsamouay":{"id":65896,"name":"Muang Samouay","latitude":"16.35868000","longitude":"106.87480000"},"muangsaravan":{"id":65899,"name":"Muang Saravan","latitude":"15.71587000","longitude":"106.36158000"},"muangta-\u00d4y":{"id":65902,"name":"Muang Ta-\u00d4y","latitude":"16.07765000","longitude":"106.70304000"},"muangtoumlan":{"id":65907,"name":"Muang Toumlan","latitude":"16.02236000","longitude":"106.23837000"},"muangvapi":{"id":65909,"name":"Muang Vapi","latitude":"15.75005000","longitude":"105.95529000"},"salavan":{"id":65922,"name":"Salavan","latitude":"15.71652000","longitude":"106.41744000"}}},"savannakhetprovince":{"id":990,"name":"Savannakhet Province","state_code":"SV","latitude":"16.50653810","longitude":"105.59433880","type":null,"cities":{"kaysonephomvihane":{"id":65861,"name":"Kaysone Phomvihane","latitude":"16.54943000","longitude":"104.82339000"},"muangalsaphangthong":{"id":65866,"name":"Muang Alsaphangthong","latitude":"16.72645000","longitude":"105.39326000"},"muangatsaphan":{"id":65867,"name":"Muang Atsaphan","latitude":"16.94740000","longitude":"105.40290000"},"muangchamphon":{"id":65870,"name":"Muang Champhon","latitude":"16.49363000","longitude":"105.22020000"},"muangnong":{"id":65883,"name":"Muang Nong","latitude":"16.38458000","longitude":"106.50419000"},"muangouthoumphon":{"id":65884,"name":"Muang Outhoumphon","latitude":"16.66667000","longitude":"105.05000000"},"muangphin":{"id":65890,"name":"Muang Phin","latitude":"16.44316000","longitude":"106.03019000"},"muangsongkhon":{"id":65900,"name":"Muang Songkhon","latitude":"16.17116000","longitude":"105.30729000"},"muangthapangthong":{"id":65904,"name":"Muang Thapangthong","latitude":"16.09132000","longitude":"105.81038000"},"muangvilabouli":{"id":65910,"name":"Muang Vilabouli","latitude":"16.94067000","longitude":"105.93677000"},"muangxaibouli":{"id":65911,"name":"Muang Xaibouli","latitude":"16.94432000","longitude":"104.92312000"},"muangxayphoothong":{"id":65915,"name":"Muang Xayphoothong","latitude":"16.37370000","longitude":"105.02165000"},"muangx\u00f4nbouli":{"id":65916,"name":"Muang X\u00f4nbouli","latitude":"16.40036000","longitude":"105.57388000"},"savannakhet":{"id":65923,"name":"Savannakhet","latitude":"16.57030000","longitude":"104.76220000"},"thaphalanxay":{"id":65925,"name":"Thaphalanxay","latitude":"16.70000000","longitude":"105.60000000"}}},"sekongprovince":{"id":984,"name":"Sekong Province","state_code":"XE","latitude":"15.57674460","longitude":"107.00670310","type":null,"cities":{"banthat\u00e8ng":{"id":65859,"name":"Ban That\u00e8ng","latitude":"15.43317000","longitude":"106.38272000"},"lamam":{"id":65862,"name":"Lamam","latitude":"15.41705000","longitude":"106.69461000"},"muangdakchung":{"id":65871,"name":"Muang Dakchung","latitude":"15.38199000","longitude":"107.31847000"},"muangkhaleum":{"id":65873,"name":"Muang Khaleum","latitude":"15.79886000","longitude":"107.04529000"},"muanglaman":{"id":65877,"name":"Muang Laman","latitude":"15.41273000","longitude":"106.81706000"},"muangthat\u00e8ng":{"id":65906,"name":"Muang That\u00e8ng","latitude":"15.42745000","longitude":"106.48149000"}}},"vientianeprefecture":{"id":979,"name":"Vientiane Prefecture","state_code":"VT","latitude":"18.11054100","longitude":"102.52980280","type":null,"cities":{"vientiane":{"id":65927,"name":"Vientiane","latitude":"17.96667000","longitude":"102.60000000"}}},"vientianeprovince":{"id":980,"name":"Vientiane Province","state_code":"VI","latitude":"18.57050630","longitude":"102.62162110","type":null,"cities":{"muangph\u00f4n-h\u00f4ng":{"id":65892,"name":"Muang Ph\u00f4n-H\u00f4ng","latitude":"18.49530000","longitude":"102.41530000"},"vangviang":{"id":65926,"name":"Vangviang","latitude":"18.92350000","longitude":"102.44784000"}}},"xaisomboun":{"id":994,"name":"Xaisomboun","state_code":"XN","latitude":null,"longitude":null,"type":null},"xaisombounprovince":{"id":983,"name":"Xaisomboun Province","state_code":"XS","latitude":"18.43629240","longitude":"104.47233010","type":null,"cities":{"anouvongdistrict":{"id":65854,"name":"Anouvong district","latitude":"18.89731000","longitude":"103.09274000"},"longchaeng":{"id":65863,"name":"Longchaeng","latitude":"18.89394000","longitude":"103.14274000"},"muanglongxan":{"id":65879,"name":"Muang Longxan","latitude":"18.61782000","longitude":"102.88079000"},"muangthath\u00f4m":{"id":65905,"name":"Muang Thath\u00f4m","latitude":"19.00130000","longitude":"103.61572000"}}},"xiangkhouangprovince":{"id":995,"name":"Xiangkhouang Province","state_code":"XI","latitude":"19.60930030","longitude":"103.72891670","type":null,"cities":{"muangph\u00f4nsavan":{"id":65893,"name":"Muang Ph\u00f4nsavan","latitude":"19.44940000","longitude":"103.19170000"}}}}}