{"id":237,"name":"Vanuatu","iso3":"VUT","iso2":"VU","numeric_code":"548","phonecode":"678","capital":"Port Vila","currency":"VUV","currency_name":"Vanuatu vatu","currency_symbol":"VT","tld":".vu","native":"Vanuatu","region":"Oceania","region_id":5,"subregion":"Melanesia","subregion_id":20,"nationality":"Ni-Vanuatu, Vanuatuan","timezones":[{"zoneName":"Pacific/Efate","gmtOffset":39600,"gmtOffsetName":"UTC+11:00","abbreviation":"VUT","tzName":"Vanuatu Time"}],"translations":{"ko":"\ubc14\ub204\uc544\ud22c","pt-BR":"Vanuatu","pt":"Vanuatu","nl":"Vanuatu","hr":"Vanuatu","fa":"\u0648\u0627\u0646\u0648\u0627\u062a\u0648","de":"Vanuatu","es":"Vanuatu","fr":"Vanuatu","ja":"\u30d0\u30cc\u30a2\u30c4","it":"Vanuatu","zh-CN":"\u74e6\u52aa\u963f\u56fe","tr":"Vanuatu","ru":"\u0412\u0430\u043d\u0443\u0430\u0442\u0443","uk":"\u0412\u0430\u043d\u0443\u0430\u0442\u0443","pl":"Vanuatu"},"latitude":"-16.00000000","longitude":"167.00000000","emoji":"\ud83c\uddfb\ud83c\uddfa","emojiU":"U+1F1FB U+1F1FA","states":{"malampa":{"id":4775,"name":"Malampa","state_code":"MAP","latitude":"-16.40114050","longitude":"167.60778650","type":"province","cities":{"lakatoro":{"id":130637,"name":"Lakatoro","latitude":"-16.09992000","longitude":"167.41636000"},"norsup":{"id":130639,"name":"Norsup","latitude":"-16.06536000","longitude":"167.39714000"}}},"penama":{"id":4773,"name":"Penama","state_code":"PAM","latitude":"-15.37957580","longitude":"167.90531820","type":"province"},"sanma":{"id":4776,"name":"Sanma","state_code":"SAM","latitude":"-15.48400170","longitude":"166.91820970","type":"province","cities":{"luganville":{"id":130638,"name":"Luganville","latitude":"-15.51989000","longitude":"167.16235000"},"port-olry":{"id":130640,"name":"Port-Olry","latitude":"-15.04175000","longitude":"167.07265000"}}},"shefa":{"id":4774,"name":"Shefa","state_code":"SEE","latitude":"32.80576500","longitude":"35.16997100","type":"province","cities":{"port-vila":{"id":130641,"name":"Port-Vila","latitude":"-17.73648000","longitude":"168.31366000"}}},"tafea":{"id":4777,"name":"Tafea","state_code":"TAE","latitude":"-18.72378270","longitude":"169.06450560","type":"province","cities":{"isangel":{"id":130636,"name":"Isangel","latitude":"-19.54167000","longitude":"169.28167000"}}},"torba":{"id":4772,"name":"Torba","state_code":"TOB","latitude":"37.07653000","longitude":"27.45657300","type":"province","cities":{"sola":{"id":130642,"name":"Sola","latitude":"-13.87611000","longitude":"167.55167000"}}}}}