{"id":125,"name":"Liechtenstein","iso3":"LIE","iso2":"LI","numeric_code":"438","phone_code":"423","capital":"Vaduz","currency":"CHF","currency_name":"Swiss franc","currency_symbol":"CHf","tld":".li","native":"Liechtenstein","region":"Europe","region_id":"4","subregion":"Western Europe","subregion_id":"17","nationality":"Liechtenstein","timezones":[{"zoneName":"Europe/Vaduz","gmtOffset":3600,"gmtOffsetName":"UTC+01:00","abbreviation":"CET","tzName":"Central European Time"}],"translations":{"kr":"\ub9ac\ud788\ud150\uc288\ud0c0\uc778","pt-BR":"Liechtenstein","pt":"Listenstaine","nl":"Liechtenstein","hr":"Lihten\u0161tajn","fa":"\u0644\u06cc\u062e\u062a\u0646\u200c\u0627\u0634\u062a\u0627\u06cc\u0646","de":"Liechtenstein","es":"Liechtenstein","fr":"Liechtenstein","ja":"\u30ea\u30d2\u30c6\u30f3\u30b7\u30e5\u30bf\u30a4\u30f3","it":"Liechtenstein","cn":"\u5217\u652f\u6566\u58eb\u767b","tr":"Lihten\u015ftayn","ru":"\u041b\u0438\u0445\u0442\u0435\u043d\u0448\u0442\u0435\u0439\u043d","uk":"\u041b\u0456\u0445\u0442\u0435\u043d\u0448\u0442\u0435\u0439\u043d","pl":"Liechtenstein"},"latitude":"47.26666666","longitude":"9.53333333","emoji":"\ud83c\uddf1\ud83c\uddee","emojiU":"U+1F1F1 U+1F1EE","states":{"balzers":{"id":458,"name":"Balzers","state_code":"01","latitude":"42.05283570","longitude":"-88.03668480","type":null,"cities":{"balzers":{"id":66437,"name":"Balzers","latitude":"47.06665000","longitude":"9.50251000"}}},"eschen":{"id":451,"name":"Eschen","state_code":"02","latitude":"40.76695740","longitude":"-73.95228210","type":null,"cities":{"eschen":{"id":66438,"name":"Eschen","latitude":"47.21071000","longitude":"9.52223000"}}},"gamprin":{"id":457,"name":"Gamprin","state_code":"03","latitude":"47.21324900","longitude":"9.50251950","type":null,"cities":{"gamprin":{"id":66439,"name":"Gamprin","latitude":"47.22038000","longitude":"9.50935000"}}},"mauren":{"id":455,"name":"Mauren","state_code":"04","latitude":"47.21892850","longitude":"9.54173500","type":null,"cities":{"mauren":{"id":66440,"name":"Mauren","latitude":"47.21805000","longitude":"9.54420000"}}},"planken":{"id":454,"name":"Planken","state_code":"05","latitude":"40.66505760","longitude":"-73.50479800","type":null,"cities":{"planken":{"id":66441,"name":"Planken","latitude":"47.18516000","longitude":"9.54437000"}}},"ruggell":{"id":453,"name":"Ruggell","state_code":"06","latitude":"47.25292220","longitude":"9.54021270","type":null,"cities":{"ruggell":{"id":66442,"name":"Ruggell","latitude":"47.23799000","longitude":"9.52540000"}}},"schaan":{"id":450,"name":"Schaan","state_code":"07","latitude":"47.12043400","longitude":"9.59416020","type":null,"cities":{"schaan":{"id":66443,"name":"Schaan","latitude":"47.16498000","longitude":"9.50867000"}}},"schellenberg":{"id":449,"name":"Schellenberg","state_code":"08","latitude":"47.23096600","longitude":"9.54678430","type":null,"cities":{"schellenberg":{"id":66444,"name":"Schellenberg","latitude":"47.23123000","longitude":"9.54678000"}}},"triesen":{"id":459,"name":"Triesen","state_code":"09","latitude":"47.10979880","longitude":"9.52482960","type":null,"cities":{"triesen":{"id":66445,"name":"Triesen","latitude":"47.10752000","longitude":"9.52815000"}}},"triesenberg":{"id":456,"name":"Triesenberg","state_code":"10","latitude":"47.12245110","longitude":"9.57019850","type":null,"cities":{"triesenberg":{"id":66446,"name":"Triesenberg","latitude":"47.11815000","longitude":"9.54197000"}}},"vaduz":{"id":452,"name":"Vaduz","state_code":"11","latitude":"47.14103030","longitude":"9.52092770","type":null,"cities":{"vaduz":{"id":66447,"name":"Vaduz","latitude":"47.14151000","longitude":"9.52154000"}}}}}