{"id":21,"name":"Belarus","iso3":"BLR","iso2":"BY","numeric_code":"112","phonecode":"375","capital":"Minsk","currency":"BYN","currency_name":"Belarusian ruble","currency_symbol":"Br","tld":".by","native":"\u0411\u0435\u043b\u0430\u0440\u0443\u0301\u0441\u044c","region":"Europe","region_id":4,"subregion":"Eastern Europe","subregion_id":15,"nationality":"Belarusian","timezones":[{"zoneName":"Europe/Minsk","gmtOffset":10800,"gmtOffsetName":"UTC+03:00","abbreviation":"MSK","tzName":"Moscow Time"}],"translations":{"ko":"\ubca8\ub77c\ub8e8\uc2a4","pt-BR":"Bielorr\u00fassia","pt":"Bielorr\u00fassia","nl":"Wit-Rusland","hr":"Bjelorusija","fa":"\u0628\u0644\u0627\u0631\u0648\u0633","de":"Wei\u00dfrussland","es":"Bielorrusia","fr":"Bi\u00e9lorussie","ja":"\u30d9\u30e9\u30eb\u30fc\u30b7","it":"Bielorussia","zh-CN":"\u767d\u4fc4\u7f57\u65af","tr":"Belarus","ru":"\u0411\u0435\u043b\u0430\u0440\u0443\u0441\u044c","uk":"\u0411\u0456\u043b\u043e\u0440\u0443\u0441\u044c","pl":"Bia\u0142oru\u015b"},"latitude":"53.00000000","longitude":"28.00000000","emoji":"\ud83c\udde7\ud83c\uddfe","emojiU":"U+1F1E7 U+1F1FE","states":{"brest":{"id":2959,"name":"Brest","state_code":"BR","latitude":"52.52966410","longitude":"25.46064800","type":"oblast","cities":{"antopal\u2019":{"id":15805,"name":"Antopal\u2019","latitude":"52.20380000","longitude":"24.78630000"},"asnyezhytsy":{"id":15810,"name":"Asnyezhytsy","latitude":"52.18910000","longitude":"26.12990000"},"baranovichi":{"id":15820,"name":"Baranovichi","latitude":"53.13270000","longitude":"26.01390000"},"baranovichskiyrayon":{"id":15821,"name":"Baranovichskiy Rayon","latitude":"53.16667000","longitude":"25.83333000"},"brest":{"id":15833,"name":"Brest","latitude":"52.09755000","longitude":"23.68775000"},"brestskirayon":{"id":15834,"name":"Brestski Rayon","latitude":"52.00000000","longitude":"23.75000000"},"byaroza":{"id":15841,"name":"Byaroza","latitude":"52.53140000","longitude":"24.97860000"},"byarozawskirayon":{"id":15843,"name":"Byarozawski Rayon","latitude":"52.50000000","longitude":"25.00000000"},"byelaazyorsk":{"id":15844,"name":"Byelaazyorsk","latitude":"52.47310000","longitude":"25.17840000"},"charnawchytsy":{"id":15850,"name":"Charnawchytsy","latitude":"52.21948000","longitude":"23.74043000"},"damachava":{"id":15861,"name":"Damachava","latitude":"51.75000000","longitude":"23.60000000"},"davyd-haradok":{"id":15863,"name":"Davyd-Haradok","latitude":"52.05660000","longitude":"27.21610000"},"drahichyn":{"id":15868,"name":"Drahichyn","latitude":"52.18740000","longitude":"25.15970000"},"drahichynskirayon":{"id":15869,"name":"Drahichynski Rayon","latitude":"52.16667000","longitude":"25.00000000"},"hantsavichy":{"id":15884,"name":"Hantsavichy","latitude":"52.75800000","longitude":"26.43000000"},"hantsavitskirayon":{"id":15885,"name":"Hantsavitski Rayon","latitude":"52.66667000","longitude":"26.50000000"},"haradzishcha":{"id":15888,"name":"Haradzishcha","latitude":"53.32470000","longitude":"26.01070000"},"horadbaranavichy":{"id":15897,"name":"Horad Baranavichy","latitude":"53.13333000","longitude":"26.03333000"},"horadbrest":{"id":15898,"name":"Horad Brest","latitude":"52.10000000","longitude":"23.70000000"},"ivanava":{"id":15909,"name":"Ivanava","latitude":"52.14510000","longitude":"25.53650000"},"ivanawskirayon":{"id":15910,"name":"Ivanawski Rayon","latitude":"52.16667000","longitude":"25.58333000"},"ivatsevichy":{"id":15911,"name":"Ivatsevichy","latitude":"52.70900000","longitude":"25.34010000"},"kamyanyets":{"id":15917,"name":"Kamyanyets","latitude":"52.40013000","longitude":"23.81000000"},"kamyanyetskirayon":{"id":15918,"name":"Kamyanyetski Rayon","latitude":"52.41667000","longitude":"23.66667000"},"kamyanyuki":{"id":15919,"name":"Kamyanyuki","latitude":"52.55757000","longitude":"23.80525000"},"kobryn":{"id":15942,"name":"Kobryn","latitude":"52.21380000","longitude":"24.35640000"},"kosava":{"id":15946,"name":"Kosava","latitude":"52.75830000","longitude":"25.15540000"},"lahishyn":{"id":15957,"name":"Lahishyn","latitude":"52.33900000","longitude":"25.98670000"},"luninyets":{"id":15964,"name":"Luninyets","latitude":"52.24720000","longitude":"26.80470000"},"lyakhavichy":{"id":15965,"name":"Lyakhavichy","latitude":"53.03880000","longitude":"26.26560000"},"malaryta":{"id":15982,"name":"Malaryta","latitude":"51.79050000","longitude":"24.07400000"},"mikashevichy":{"id":15988,"name":"Mikashevichy","latitude":"52.21730000","longitude":"27.47600000"},"motal\u2019":{"id":15993,"name":"Motal\u2019","latitude":"52.31380000","longitude":"25.60720000"},"nyakhachava":{"id":16010,"name":"Nyakhachava","latitude":"52.64400000","longitude":"25.20270000"},"pinsk":{"id":16021,"name":"Pinsk","latitude":"52.12290000","longitude":"26.09510000"},"pruzhanskirayon":{"id":16027,"name":"Pruzhanski Rayon","latitude":"52.66667000","longitude":"24.58333000"},"pruzhany":{"id":16028,"name":"Pruzhany","latitude":"52.55600000","longitude":"24.45730000"},"ruzhany":{"id":16044,"name":"Ruzhany","latitude":"52.86322000","longitude":"24.89357000"},"stolin":{"id":16075,"name":"Stolin","latitude":"51.89115000","longitude":"26.84597000"},"stolinskirayon":{"id":16076,"name":"Stolinski Rayon","latitude":"52.00000000","longitude":"27.00000000"},"tsyelyakhany":{"id":16089,"name":"Tsyelyakhany","latitude":"52.51750000","longitude":"25.84290000"},"vysokaye":{"id":16114,"name":"Vysokaye","latitude":"52.37091000","longitude":"23.37083000"},"zhabinka":{"id":16122,"name":"Zhabinka","latitude":"52.19840000","longitude":"24.01150000"},"zhabinkawskirayon":{"id":16123,"name":"Zhabinkawski Rayon","latitude":"52.16667000","longitude":"24.08333000"},"znamenka":{"id":16130,"name":"Znamenka","latitude":"51.88168000","longitude":"23.65545000"}}},"gomel":{"id":2955,"name":"Gomel","state_code":"HO","latitude":"52.16487540","longitude":"29.13332510","type":"oblast","cities":{"aktsyabrski":{"id":15804,"name":"Aktsyabrski","latitude":"52.64400000","longitude":"28.88010000"},"brahin":{"id":15829,"name":"Brahin","latitude":"51.78700000","longitude":"30.26770000"},"brahinskirayon":{"id":15830,"name":"Brahinski Rayon","latitude":"51.66667000","longitude":"30.33333000"},"buda-kashalyova":{"id":15835,"name":"Buda-Kashalyova","latitude":"52.71790000","longitude":"30.57010000"},"chachersk":{"id":15848,"name":"Chachersk","latitude":"52.91640000","longitude":"30.91790000"},"chacherskirayon":{"id":15849,"name":"Chacherski Rayon","latitude":"52.91667000","longitude":"31.08333000"},"dobrush":{"id":15864,"name":"Dobrush","latitude":"52.40890000","longitude":"31.32370000"},"dowsk":{"id":15867,"name":"Dowsk","latitude":"53.15710000","longitude":"30.46010000"},"homyel\u0027":{"id":15895,"name":"Homyel\u0027","latitude":"52.43450000","longitude":"30.97540000"},"homyel\u2019skirayon":{"id":15896,"name":"Homyel\u2019ski Rayon","latitude":"52.33333000","longitude":"31.00000000"},"kalinkavichy":{"id":15915,"name":"Kalinkavichy","latitude":"52.13230000","longitude":"29.32570000"},"karanyowka":{"id":15923,"name":"Karanyowka","latitude":"52.35060000","longitude":"31.11210000"},"karma":{"id":15926,"name":"Karma","latitude":"53.13010000","longitude":"30.80160000"},"kastsyukowka":{"id":15929,"name":"Kastsyukowka","latitude":"52.53870000","longitude":"30.91730000"},"khal\u2019ch":{"id":15930,"name":"Khal\u2019ch","latitude":"52.56430000","longitude":"31.13640000"},"khoyniki":{"id":15936,"name":"Khoyniki","latitude":"51.89110000","longitude":"29.95520000"},"loyew":{"id":15962,"name":"Loyew","latitude":"51.94580000","longitude":"30.79530000"},"lyel\u2019chytskirayon":{"id":15967,"name":"Lyel\u2019chytski Rayon","latitude":"51.83333000","longitude":"28.25000000"},"lyel\u2019chytsy":{"id":15968,"name":"Lyel\u2019chytsy","latitude":"51.78620000","longitude":"28.32880000"},"mazyr":{"id":15985,"name":"Mazyr","latitude":"52.04950000","longitude":"29.24560000"},"mazyrskirayon":{"id":15986,"name":"Mazyrski Rayon","latitude":"52.00000000","longitude":"29.00000000"},"narowlya":{"id":16002,"name":"Narowlya","latitude":"51.79610000","longitude":"29.50040000"},"novayahuta":{"id":16005,"name":"Novaya Huta","latitude":"52.10320000","longitude":"30.98370000"},"parychy":{"id":16017,"name":"Parychy","latitude":"52.80420000","longitude":"29.41760000"},"peramoga":{"id":16020,"name":"Peramoga","latitude":"52.39730000","longitude":"31.07100000"},"pyetrykaw":{"id":16033,"name":"Pyetrykaw","latitude":"52.12890000","longitude":"28.49210000"},"rahachow":{"id":16035,"name":"Rahachow","latitude":"53.09340000","longitude":"30.04950000"},"rahachowskirayon":{"id":16036,"name":"Rahachowski Rayon","latitude":"53.16667000","longitude":"30.16667000"},"rechytsa":{"id":16041,"name":"Rechytsa","latitude":"52.36170000","longitude":"30.39160000"},"sasnovybor":{"id":16049,"name":"Sasnovy Bor","latitude":"52.51940000","longitude":"29.59880000"},"svyetlahorsk":{"id":16081,"name":"Svyetlahorsk","latitude":"52.63290000","longitude":"29.73890000"},"turaw":{"id":16090,"name":"Turaw","latitude":"52.06830000","longitude":"27.73500000"},"vasilyevichy":{"id":16098,"name":"Vasilyevichy","latitude":"52.25120000","longitude":"29.82880000"},"vyetka":{"id":16112,"name":"Vyetka","latitude":"52.55910000","longitude":"31.17940000"},"vyetkawskirayon":{"id":16113,"name":"Vyetkawski Rayon","latitude":"52.66667000","longitude":"31.25000000"},"yel\u2019sk":{"id":16116,"name":"Yel\u2019sk","latitude":"51.81410000","longitude":"29.15220000"},"zhlobin":{"id":16127,"name":"Zhlobin","latitude":"52.89260000","longitude":"30.02400000"},"zhlobinskirayon":{"id":16128,"name":"Zhlobinski Rayon","latitude":"52.75000000","longitude":"29.83333000"},"zhytkavichy":{"id":16129,"name":"Zhytkavichy","latitude":"52.21680000","longitude":"27.85610000"}}},"grodno":{"id":2956,"name":"Grodno","state_code":"HR","latitude":"53.65999450","longitude":"25.34485710","type":"oblast","cities":{"ashmyanskirayon":{"id":15806,"name":"Ashmyanski Rayon","latitude":"54.41667000","longitude":"25.91667000"},"ashmyany":{"id":15807,"name":"Ashmyany","latitude":"54.42100000","longitude":"25.93600000"},"astravyets":{"id":15812,"name":"Astravyets","latitude":"54.61378000","longitude":"25.95537000"},"astravyetskirayon":{"id":15813,"name":"Astravyetski Rayon","latitude":"54.66667000","longitude":"26.00000000"},"baruny":{"id":15823,"name":"Baruny","latitude":"54.31710000","longitude":"26.13760000"},"byarozawka":{"id":15842,"name":"Byarozawka","latitude":"53.72406000","longitude":"25.49709000"},"dyatlovo":{"id":15876,"name":"Dyatlovo","latitude":"53.46310000","longitude":"25.40680000"},"grodnenskiyrayon":{"id":15882,"name":"Grodnenskiy Rayon","latitude":"53.66667000","longitude":"24.00000000"},"hal\u2019shany":{"id":15883,"name":"Hal\u2019shany","latitude":"54.25850000","longitude":"26.01440000"},"horadhrodna":{"id":15899,"name":"Horad Hrodna","latitude":"53.68333000","longitude":"23.83333000"},"hrodna":{"id":15905,"name":"Hrodna","latitude":"53.68840000","longitude":"23.82580000"},"hyeranyony":{"id":15906,"name":"Hyeranyony","latitude":"54.11590000","longitude":"25.57730000"},"indura":{"id":15908,"name":"Indura","latitude":"53.46050000","longitude":"23.88230000"},"iwye":{"id":15913,"name":"Iwye","latitude":"53.92990000","longitude":"25.77270000"},"karelichy":{"id":15924,"name":"Karelichy","latitude":"53.56480000","longitude":"26.14060000"},"karelitskirayon":{"id":15925,"name":"Karelitski Rayon","latitude":"53.50000000","longitude":"26.25000000"},"krasnosel\u2019skiy":{"id":15950,"name":"Krasnosel\u2019skiy","latitude":"53.26450000","longitude":"24.43010000"},"kreva":{"id":15952,"name":"Kreva","latitude":"54.31180000","longitude":"26.29160000"},"lida":{"id":15959,"name":"Lida","latitude":"53.88333000","longitude":"25.29972000"},"lidskirayon":{"id":15960,"name":"Lidski Rayon","latitude":"53.66667000","longitude":"25.25000000"},"lyubcha":{"id":15977,"name":"Lyubcha","latitude":"53.75220000","longitude":"26.06030000"},"mir":{"id":15990,"name":"Mir","latitude":"53.45440000","longitude":"26.46700000"},"mosty":{"id":15992,"name":"Mosty","latitude":"53.41220000","longitude":"24.53870000"},"novogrudok":{"id":16006,"name":"Novogrudok","latitude":"53.59420000","longitude":"25.81910000"},"ross\u2019":{"id":16042,"name":"Ross\u2019","latitude":"53.28451000","longitude":"24.40335000"},"sapotskin":{"id":16047,"name":"Sapotskin","latitude":"53.83290000","longitude":"23.65980000"},"shchuchyn":{"id":16054,"name":"Shchuchyn","latitude":"53.60140000","longitude":"24.74650000"},"shchuchynskirayon":{"id":16055,"name":"Shchuchynski Rayon","latitude":"53.58333000","longitude":"24.66667000"},"skidel\u2019":{"id":16059,"name":"Skidel\u2019","latitude":"53.59040000","longitude":"24.24780000"},"slonim":{"id":16062,"name":"Slonim","latitude":"53.08690000","longitude":"25.31630000"},"smarhon\u2019":{"id":16066,"name":"Smarhon\u2019","latitude":"54.47980000","longitude":"26.39570000"},"soly":{"id":16069,"name":"Soly","latitude":"54.51301000","longitude":"26.19381000"},"svislach":{"id":16079,"name":"Svislach","latitude":"53.03474000","longitude":"24.09829000"},"vishnyeva":{"id":16103,"name":"Vishnyeva","latitude":"54.71020000","longitude":"26.52280000"},"volkovysk":{"id":16106,"name":"Volkovysk","latitude":"53.15610000","longitude":"24.45130000"},"voranava":{"id":16107,"name":"Voranava","latitude":"54.14920000","longitude":"25.31120000"},"vyalikayabyerastavitsa":{"id":16108,"name":"Vyalikaya Byerastavitsa","latitude":"53.19600000","longitude":"24.01660000"},"zel\u2019va":{"id":16121,"name":"Zel\u2019va","latitude":"53.15040000","longitude":"24.81530000"},"zhaludok":{"id":16124,"name":"Zhaludok","latitude":"53.59740000","longitude":"24.98280000"},"zhirovichi":{"id":16126,"name":"Zhirovichi","latitude":"53.01310000","longitude":"25.34430000"}}},"minsk":{"id":2958,"name":"Minsk","state_code":"HM","latitude":"53.90060110","longitude":"27.55897200","type":"city","cities":{"frunzyenskirayon":{"id":15881,"name":"Frunzyenski Rayon","latitude":"53.90056000","longitude":"27.49500000"},"kastrychnitskirayon":{"id":15927,"name":"Kastrychnitski Rayon","latitude":"53.85667000","longitude":"27.54139000"},"lyeninskirayon":{"id":15969,"name":"Lyeninski Rayon","latitude":"53.85944000","longitude":"27.58778000"},"maskowskirayon":{"id":15984,"name":"Maskowski Rayon","latitude":"53.87417000","longitude":"27.50278000"},"minsk":{"id":15989,"name":"Minsk","latitude":"53.90000000","longitude":"27.56667000"},"partyzanskirayon":{"id":16016,"name":"Partyzanski Rayon","latitude":"53.88028000","longitude":"27.67000000"},"savyetskirayon":{"id":16050,"name":"Savyetski Rayon","latitude":"53.91778000","longitude":"27.59417000"},"tsentral\u2019nyrayon":{"id":16087,"name":"Tsentral\u2019ny Rayon","latitude":"53.91778000","longitude":"27.56333000"},"zavodskirayon":{"id":16120,"name":"Zavodski Rayon","latitude":"53.86194000","longitude":"27.66222000"}}},"mogilev":{"id":2954,"name":"Mogilev","state_code":"MA","latitude":"53.51017910","longitude":"30.40064440","type":"oblast","cities":{"asipovichy":{"id":15808,"name":"Asipovichy","latitude":"53.30110000","longitude":"28.63860000"},"asipovitskirayon":{"id":15809,"name":"Asipovitski Rayon","latitude":"53.33333000","longitude":"28.75000000"},"babruysk":{"id":15816,"name":"Babruysk","latitude":"53.13840000","longitude":"29.22140000"},"babruyskirayon":{"id":15817,"name":"Babruyski Rayon","latitude":"53.08333000","longitude":"29.16667000"},"buynichy":{"id":15836,"name":"Buynichy","latitude":"53.85360000","longitude":"30.26710000"},"byalynichy":{"id":15838,"name":"Byalynichy","latitude":"53.99940000","longitude":"29.71410000"},"byalynitskirayon":{"id":15839,"name":"Byalynitski Rayon","latitude":"54.00000000","longitude":"29.75000000"},"bykhaw":{"id":15847,"name":"Bykhaw","latitude":"53.52100000","longitude":"30.24540000"},"chavuskirayon":{"id":15853,"name":"Chavuski Rayon","latitude":"53.83333000","longitude":"30.91667000"},"chavusy":{"id":15854,"name":"Chavusy","latitude":"53.80980000","longitude":"30.97170000"},"cherykaw":{"id":15857,"name":"Cherykaw","latitude":"53.56890000","longitude":"31.38310000"},"cherykawskirayon":{"id":15858,"name":"Cherykawski Rayon","latitude":"53.66667000","longitude":"31.33333000"},"dashkawka":{"id":15862,"name":"Dashkawka","latitude":"53.73520000","longitude":"30.26250000"},"drybin":{"id":15872,"name":"Drybin","latitude":"54.11920000","longitude":"31.09390000"},"drybinskirayon":{"id":15873,"name":"Drybinski Rayon","latitude":"54.08333000","longitude":"31.00000000"},"hlusha":{"id":15891,"name":"Hlusha","latitude":"53.08680000","longitude":"28.85670000"},"hlusk":{"id":15892,"name":"Hlusk","latitude":"52.90300000","longitude":"28.68450000"},"horatskirayon":{"id":15902,"name":"Horatski Rayon","latitude":"54.33333000","longitude":"31.00000000"},"horki":{"id":15903,"name":"Horki","latitude":"54.28620000","longitude":"30.98630000"},"kadino":{"id":15914,"name":"Kadino","latitude":"53.88389000","longitude":"30.52028000"},"kamyennyyalavy":{"id":15920,"name":"Kamyennyya Lavy","latitude":"54.08980000","longitude":"30.29620000"},"kastsyukovichy":{"id":15928,"name":"Kastsyukovichy","latitude":"53.35250000","longitude":"32.05140000"},"khodasy":{"id":15932,"name":"Khodasy","latitude":"53.92660000","longitude":"31.47790000"},"khotsimsk":{"id":15934,"name":"Khotsimsk","latitude":"53.40860000","longitude":"32.57800000"},"khotsimskirayon":{"id":15935,"name":"Khotsimski Rayon","latitude":"53.41667000","longitude":"32.50000000"},"kirawsk":{"id":15937,"name":"Kirawsk","latitude":"53.26930000","longitude":"29.47520000"},"klichaw":{"id":15938,"name":"Klichaw","latitude":"53.49230000","longitude":"29.33560000"},"klimavichy":{"id":15939,"name":"Klimavichy","latitude":"53.60790000","longitude":"31.95860000"},"krasnapol\u2019skirayon":{"id":15948,"name":"Krasnapol\u2019ski Rayon","latitude":"53.33333000","longitude":"31.41667000"},"krasnapollye":{"id":15947,"name":"Krasnapollye","latitude":"53.33530000","longitude":"31.39990000"},"krasnyybereg":{"id":15951,"name":"Krasnyy Bereg","latitude":"53.32910000","longitude":"30.19290000"},"kruhlaye":{"id":15953,"name":"Kruhlaye","latitude":"54.24970000","longitude":"29.79680000"},"krychaw":{"id":15955,"name":"Krychaw","latitude":"53.71250000","longitude":"31.71700000"},"mahilyow":{"id":15979,"name":"Mahilyow","latitude":"53.91680000","longitude":"30.34490000"},"mahilyowskirayon":{"id":15980,"name":"Mahilyowski Rayon","latitude":"53.83333000","longitude":"30.25000000"},"mstsislaw":{"id":15994,"name":"Mstsislaw","latitude":"54.01850000","longitude":"31.72170000"},"myazhysyatki":{"id":15997,"name":"Myazhysyatki","latitude":"53.77760000","longitude":"30.17650000"},"myshkavichy":{"id":16000,"name":"Myshkavichy","latitude":"53.21720000","longitude":"29.51200000"},"palykavichypyershyya":{"id":16015,"name":"Palykavichy Pyershyya","latitude":"53.98540000","longitude":"30.36000000"},"pos\u00eblokvoskhod":{"id":16025,"name":"Pos\u00eblok Voskhod","latitude":"53.77660000","longitude":"30.34970000"},"ramanavichy":{"id":16038,"name":"Ramanavichy","latitude":"53.86530000","longitude":"30.55970000"},"shklow":{"id":16056,"name":"Shklow","latitude":"54.21310000","longitude":"30.28770000"},"shklowskirayon":{"id":16057,"name":"Shklowski Rayon","latitude":"54.16667000","longitude":"30.33333000"},"slawharad":{"id":16061,"name":"Slawharad","latitude":"53.44290000","longitude":"31.00140000"},"veyno":{"id":16099,"name":"Veyno","latitude":"53.83333000","longitude":"30.38333000"},"vishow":{"id":16104,"name":"Vishow","latitude":"53.98050000","longitude":"29.99250000"},"yalizava":{"id":16115,"name":"Yalizava","latitude":"53.39940000","longitude":"29.00480000"}}},"vitebsk":{"id":2960,"name":"Vitebsk","state_code":"VI","latitude":"55.29598330","longitude":"28.75836270","type":"oblast","cities":{"balbasava":{"id":15818,"name":"Balbasava","latitude":"54.42070000","longitude":"30.29090000"},"baran\u2019":{"id":15822,"name":"Baran\u2019","latitude":"54.47840000","longitude":"30.31590000"},"braslaw":{"id":15831,"name":"Braslaw","latitude":"55.64130000","longitude":"27.04180000"},"braslawskirayon":{"id":15832,"name":"Braslawski Rayon","latitude":"55.55972000","longitude":"27.00000000"},"byahoml\u2019":{"id":15837,"name":"Byahoml\u2019","latitude":"54.73160000","longitude":"28.05770000"},"byeshankovitskirayon":{"id":15846,"name":"Byeshankovitski Rayon","latitude":"55.00000000","longitude":"29.50000000"},"chashniki":{"id":15851,"name":"Chashniki","latitude":"54.85840000","longitude":"29.16080000"},"chashnitskirayon":{"id":15852,"name":"Chashnitski Rayon","latitude":"54.75000000","longitude":"29.25000000"},"dokshytskirayon":{"id":15865,"name":"Dokshytski Rayon","latitude":"54.83333000","longitude":"27.91667000"},"dokshytsy":{"id":15866,"name":"Dokshytsy","latitude":"54.89180000","longitude":"27.76670000"},"druya":{"id":15870,"name":"Druya","latitude":"55.79060000","longitude":"27.45050000"},"dubrowna":{"id":15874,"name":"Dubrowna","latitude":"54.57160000","longitude":"30.69100000"},"dzisna":{"id":15877,"name":"Dzisna","latitude":"55.56760000","longitude":"28.20760000"},"haradok":{"id":15886,"name":"Haradok","latitude":"55.46240000","longitude":"29.98450000"},"haradotskirayon":{"id":15887,"name":"Haradotski Rayon","latitude":"55.66667000","longitude":"30.16667000"},"hlybokaye":{"id":15893,"name":"Hlybokaye","latitude":"55.13840000","longitude":"27.69050000"},"hlybotskirayon":{"id":15894,"name":"Hlybotski Rayon","latitude":"55.16667000","longitude":"27.83333000"},"kokhanava":{"id":15943,"name":"Kokhanava","latitude":"54.46110000","longitude":"30.00180000"},"konstantinovo":{"id":15944,"name":"Konstantinovo","latitude":"54.65930000","longitude":"29.26840000"},"lyepyel\u2019":{"id":15970,"name":"Lyepyel\u2019","latitude":"54.88140000","longitude":"28.69900000"},"lyepyel\u2019skirayon":{"id":15971,"name":"Lyepyel\u2019ski Rayon","latitude":"54.83333000","longitude":"28.66667000"},"lyntupy":{"id":15973,"name":"Lyntupy","latitude":"55.05160000","longitude":"26.31030000"},"lyozna":{"id":15974,"name":"Lyozna","latitude":"55.02470000","longitude":"30.79700000"},"lyoznyenskirayon":{"id":15975,"name":"Lyoznyenski Rayon","latitude":"55.00000000","longitude":"30.66667000"},"mosar":{"id":15991,"name":"Mosar","latitude":"55.22320000","longitude":"27.46090000"},"myorskirayon":{"id":15998,"name":"Myorski Rayon","latitude":"55.58333000","longitude":"27.83333000"},"myory":{"id":15999,"name":"Myory","latitude":"55.62220000","longitude":"27.62810000"},"navapolatsk":{"id":16004,"name":"Navapolatsk","latitude":"55.53180000","longitude":"28.59870000"},"novolukoml\u2019":{"id":16007,"name":"Novolukoml\u2019","latitude":"54.66192000","longitude":"29.15016000"},"orsha":{"id":16013,"name":"Orsha","latitude":"54.50810000","longitude":"30.41720000"},"osveya":{"id":16014,"name":"Osveya","latitude":"56.01470000","longitude":"28.11049000"},"pastavy":{"id":16018,"name":"Pastavy","latitude":"55.11676000","longitude":"26.83263000"},"pastawskirayon":{"id":16019,"name":"Pastawski Rayon","latitude":"55.08333000","longitude":"26.91667000"},"polatsk":{"id":16023,"name":"Polatsk","latitude":"55.48790000","longitude":"28.78560000"},"polatskirayon":{"id":16024,"name":"Polatski Rayon","latitude":"55.58333000","longitude":"29.00000000"},"rasonskirayon":{"id":16039,"name":"Rasonski Rayon","latitude":"55.83333000","longitude":"28.91667000"},"rasony":{"id":16040,"name":"Rasony","latitude":"55.90580000","longitude":"28.81350000"},"sharkawshchyna":{"id":16052,"name":"Sharkawshchyna","latitude":"55.36890000","longitude":"27.46860000"},"sharkawshchynskirayon":{"id":16053,"name":"Sharkawshchynski Rayon","latitude":"55.41667000","longitude":"27.41667000"},"shumilinskirayon":{"id":16058,"name":"Shumilinski Rayon","latitude":"55.33333000","longitude":"29.50000000"},"syanno":{"id":16082,"name":"Syanno","latitude":"54.81080000","longitude":"29.70860000"},"syennyenskirayon":{"id":16084,"name":"Syennyenski Rayon","latitude":"54.83333000","longitude":"29.83333000"},"talachyn":{"id":16086,"name":"Talachyn","latitude":"54.40870000","longitude":"29.69550000"},"ushachy":{"id":16093,"name":"Ushachy","latitude":"55.17900000","longitude":"28.61580000"},"vidzy":{"id":16100,"name":"Vidzy","latitude":"55.39450000","longitude":"26.63050000"},"vitebsk":{"id":16105,"name":"Vitebsk","latitude":"55.19040000","longitude":"30.20490000"},"vyerkhnyadzvinsk":{"id":16110,"name":"Vyerkhnyadzvinsk","latitude":"55.77770000","longitude":"27.93890000"},"vyerkhnyadzvinskirayon":{"id":16111,"name":"Vyerkhnyadzvinski Rayon","latitude":"55.75000000","longitude":"28.16667000"}}}}}