{"id":120,"name":"Latvia","iso3":"LVA","iso2":"LV","numeric_code":"428","phonecode":"371","capital":"Riga","currency":"EUR","currency_name":"Euro","currency_symbol":"\u20ac","tld":".lv","native":"Latvija","region":"Europe","region_id":4,"subregion":"Northern Europe","subregion_id":18,"nationality":"Latvian","timezones":[{"zoneName":"Europe/Riga","gmtOffset":7200,"gmtOffsetName":"UTC+02:00","abbreviation":"EET","tzName":"Eastern European Time"}],"translations":{"ko":"\ub77c\ud2b8\ube44\uc544","pt-BR":"Let\u00f4nia","pt":"Let\u00f3nia","nl":"Letland","hr":"Latvija","fa":"\u0644\u062a\u0648\u0646\u06cc","de":"Lettland","es":"Letonia","fr":"Lettonie","ja":"\u30e9\u30c8\u30d3\u30a2","it":"Lettonia","zh-CN":"\u62c9\u8131\u7ef4\u4e9a","tr":"Letonya","ru":"\u041b\u0430\u0442\u0432\u0438\u044f","uk":"\u041b\u0430\u0442\u0432\u0456\u044f","pl":"\u0141otwa"},"latitude":"57.00000000","longitude":"25.00000000","emoji":"\ud83c\uddf1\ud83c\uddfb","emojiU":"U+1F1F1 U+1F1FB","states":{"\u0100da\u017ei":{"id":4454,"name":"\u0100da\u017ei","state_code":"011","latitude":"57.11124560","longitude":"24.14823110","type":"municipality","cities":{"carnikava":{"id":66885,"name":"Carnikava","latitude":"57.12935000","longitude":"24.28423000"}}},"aizkraukle":{"id":4472,"name":"Aizkraukle","state_code":"002","latitude":"56.64610800","longitude":"25.23708540","type":"municipality","cities":{"aizkraukle":{"id":66870,"name":"Aizkraukle","latitude":"56.60477000","longitude":"25.25534000"},"jaunjelgava":{"id":66904,"name":"Jaunjelgava","latitude":"56.61319000","longitude":"25.08316000"},"koknese":{"id":66913,"name":"Koknese","latitude":"56.65163000","longitude":"25.43637000"},"nereta":{"id":66933,"name":"Nereta","latitude":"56.20279000","longitude":"25.30752000"},"p\u013cavi\u0146as":{"id":66945,"name":"P\u013cavi\u0146as","latitude":"56.61780000","longitude":"25.72552000"},"skr\u012bveri":{"id":66963,"name":"Skr\u012bveri","latitude":"56.64500000","longitude":"25.12058000"}}},"al\u016bksne":{"id":4487,"name":"Al\u016bksne","state_code":"007","latitude":"57.42544850","longitude":"27.04249680","type":"municipality","cities":{"al\u016bksne":{"id":66875,"name":"Al\u016bksne","latitude":"57.42162000","longitude":"27.04662000"}}},"aug\u0161daugava":{"id":4492,"name":"Aug\u0161daugava","state_code":"111","latitude":"55.93969780","longitude":"25.74317090","type":"municipality","cities":{"daugavpils":{"id":66891,"name":"Daugavpils","latitude":"55.88333000","longitude":"26.53333000"},"il\u016bkste":{"id":66900,"name":"Il\u016bkste","latitude":"55.97754000","longitude":"26.29655000"}}},"balvi":{"id":4505,"name":"Balvi","state_code":"015","latitude":"57.13262400","longitude":"27.26466850","type":"municipality","cities":{"baltinava":{"id":66880,"name":"Baltinava","latitude":"56.94394000","longitude":"27.64401000"},"balvi":{"id":66881,"name":"Balvi","latitude":"57.13130000","longitude":"27.26583000"},"rug\u0101ji":{"id":66952,"name":"Rug\u0101ji","latitude":"57.00325000","longitude":"27.13371000"},"vi\u013caka":{"id":66986,"name":"Vi\u013caka","latitude":"57.18458000","longitude":"27.67220000"}}},"bauska":{"id":4465,"name":"Bauska","state_code":"016","latitude":"56.41018680","longitude":"24.20006890","type":"municipality","cities":{"bauska":{"id":66882,"name":"Bauska","latitude":"56.40794000","longitude":"24.19443000"},"iecava":{"id":66898,"name":"Iecava","latitude":"56.59766000","longitude":"24.20763000"},"pilsrund\u0101le":{"id":66938,"name":"Pilsrund\u0101le","latitude":"56.41812000","longitude":"24.01625000"},"vecumnieki":{"id":66982,"name":"Vecumnieki","latitude":"56.60608000","longitude":"24.52232000"}}},"c\u0113sis":{"id":4469,"name":"C\u0113sis","state_code":"022","latitude":"57.31028970","longitude":"25.26761250","type":"municipality","cities":{"c\u0113sis":{"id":66888,"name":"C\u0113sis","latitude":"57.31188000","longitude":"25.27456000"},"l\u012bgatne":{"id":66924,"name":"L\u012bgatne","latitude":"57.23429000","longitude":"25.04059000"},"prieku\u013ci":{"id":66943,"name":"Prieku\u013ci","latitude":"57.31500000","longitude":"25.36147000"},"stalbe":{"id":66967,"name":"Stalbe","latitude":"57.37065000","longitude":"25.03106000"},"vecpiebalga":{"id":66981,"name":"Vecpiebalga","latitude":"57.06090000","longitude":"25.81624000"}}},"daugavpils":{"id":4463,"name":"Daugavpils","state_code":"DGV","latitude":"55.87473600","longitude":"26.53617900","type":"state city"},"dienvidkurzemes":{"id":4508,"name":"Dienvidkurzemes","state_code":"112","latitude":"56.52063120","longitude":"20.83211760","type":"municipality","cities":{"aizpute":{"id":66871,"name":"Aizpute","latitude":"56.72108000","longitude":"21.60156000"},"grobi\u0146a":{"id":66896,"name":"Grobi\u0146a","latitude":"56.53521000","longitude":"21.16782000"},"lie\u0123i":{"id":66920,"name":"Lie\u0123i","latitude":"56.58173000","longitude":"21.33399000"},"n\u012bca":{"id":66934,"name":"N\u012bca","latitude":"56.34601000","longitude":"21.06401000"},"p\u0101vilosta":{"id":66944,"name":"P\u0101vilosta","latitude":"56.88791000","longitude":"21.18593000"},"priekule":{"id":66942,"name":"Priekule","latitude":"56.44679000","longitude":"21.58968000"},"rucava":{"id":66951,"name":"Rucava","latitude":"56.16314000","longitude":"21.16156000"},"vai\u0146ode":{"id":66975,"name":"Vai\u0146ode","latitude":"56.41848000","longitude":"21.85405000"}}},"dobele":{"id":4437,"name":"Dobele","state_code":"026","latitude":"56.62630500","longitude":"23.28090660","type":"municipality","cities":{"auce":{"id":66877,"name":"Auce","latitude":"56.45981000","longitude":"22.90169000"},"dobele":{"id":66892,"name":"Dobele","latitude":"56.62372000","longitude":"23.27510000"},"t\u0113rvete":{"id":66972,"name":"T\u0113rvete","latitude":"56.47989000","longitude":"23.38895000"},"zelme\u0146i":{"id":66988,"name":"Zelme\u0146i","latitude":"56.45167000","longitude":"23.35194000"}}},"gulbene":{"id":4400,"name":"Gulbene","state_code":"033","latitude":"57.21556450","longitude":"26.64529550","type":"municipality","cities":{"gulbene":{"id":66897,"name":"Gulbene","latitude":"57.17767000","longitude":"26.75291000"}}},"j\u0113kabpils":{"id":4438,"name":"J\u0113kabpils","state_code":"042","latitude":"56.29193200","longitude":"25.98120170","type":"municipality","cities":{"akn\u012bste":{"id":66872,"name":"Akn\u012bste","latitude":"56.16152000","longitude":"25.74783000"},"j\u0113kabpils":{"id":66908,"name":"J\u0113kabpils","latitude":"56.49903000","longitude":"25.85735000"},"krustpils":{"id":66914,"name":"Krustpils","latitude":"56.51068000","longitude":"25.86117000"},"vies\u012bte":{"id":66985,"name":"Vies\u012bte","latitude":"56.34751000","longitude":"25.55514000"}}},"jelgava":{"id":4500,"name":"Jelgava","state_code":"JEL","latitude":"56.65110910","longitude":"23.72135410","type":"state city","cities":{"jelgava":{"id":66906,"name":"Jelgava","latitude":"56.65000000","longitude":"23.71278000"}}},"j\u016brmala":{"id":4446,"name":"J\u016brmala","state_code":"JUR","latitude":"56.94707900","longitude":"23.61684850","type":"state city","cities":{"j\u016brmala":{"id":66909,"name":"J\u016brmala","latitude":"56.96800000","longitude":"23.77038000"}}},"\u0136ekava":{"id":4435,"name":"\u0136ekava","state_code":"052","latitude":"56.80643510","longitude":"24.19394930","type":"municipality","cities":{"baldone":{"id":66878,"name":"Baldone","latitude":"56.74451000","longitude":"24.40078000"},"balo\u017ei":{"id":66879,"name":"Balo\u017ei","latitude":"56.87643000","longitude":"24.11825000"},"\u0136ekava":{"id":66992,"name":"\u0136ekava","latitude":"56.82662000","longitude":"24.23000000"}}},"kr\u0101slava":{"id":4474,"name":"Kr\u0101slava","state_code":"047","latitude":"55.89514640","longitude":"27.18145770","type":"municipality","cities":{"dagda":{"id":66889,"name":"Dagda","latitude":"56.09512000","longitude":"27.53723000"},"kr\u0101slava":{"id":66915,"name":"Kr\u0101slava","latitude":"55.89514000","longitude":"27.16799000"}}},"kuld\u012bga":{"id":4490,"name":"Kuld\u012bga","state_code":"050","latitude":"56.96872570","longitude":"21.96137390","type":"municipality","cities":{"alsunga":{"id":66874,"name":"Alsunga","latitude":"56.98194000","longitude":"21.55938000"},"kuld\u012bga":{"id":66916,"name":"Kuld\u012bga","latitude":"56.97399000","longitude":"21.95721000"},"skrunda":{"id":66962,"name":"Skrunda","latitude":"56.67749000","longitude":"22.01649000"}}},"liep\u0101ja":{"id":4460,"name":"Liep\u0101ja","state_code":"LPX","latitude":"56.50466780","longitude":"21.01080600","type":"state city","cities":{"karosta":{"id":66911,"name":"Karosta","latitude":"56.55128000","longitude":"21.01287000"},"liep\u0101ja":{"id":66919,"name":"Liep\u0101ja","latitude":"56.50474000","longitude":"21.01085000"}}},"limba\u017ei":{"id":4418,"name":"Limba\u017ei","state_code":"054","latitude":"57.54032270","longitude":"24.71344510","type":"municipality","cities":{"aina\u017ei":{"id":66869,"name":"Aina\u017ei","latitude":"57.86348000","longitude":"24.35853000"},"aloja":{"id":66873,"name":"Aloja","latitude":"57.76723000","longitude":"24.87743000"},"limba\u017ei":{"id":66921,"name":"Limba\u017ei","latitude":"57.51287000","longitude":"24.71941000"},"salacgr\u012bva":{"id":66956,"name":"Salacgr\u012bva","latitude":"57.75312000","longitude":"24.35895000"},"staicele":{"id":66966,"name":"Staicele","latitude":"57.83579000","longitude":"24.74706000"}}},"l\u012bv\u0101ni":{"id":4401,"name":"L\u012bv\u0101ni","state_code":"056","latitude":"56.35509420","longitude":"26.17251900","type":"municipality","cities":{"l\u012bv\u0101ni":{"id":66925,"name":"L\u012bv\u0101ni","latitude":"56.35431000","longitude":"26.17579000"}}},"ludza":{"id":4501,"name":"Ludza","state_code":"058","latitude":"56.54595900","longitude":"27.71431990","type":"municipality","cities":{"cibla":{"id":66887,"name":"Cibla","latitude":"56.54980000","longitude":"27.88370000"},"k\u0101rsava":{"id":66917,"name":"K\u0101rsava","latitude":"56.78405000","longitude":"27.68829000"},"ludza":{"id":66923,"name":"Ludza","latitude":"56.53958000","longitude":"27.71891000"},"zilupe":{"id":66989,"name":"Zilupe","latitude":"56.38616000","longitude":"28.12165000"}}},"madona":{"id":4433,"name":"Madona","state_code":"059","latitude":"56.85989230","longitude":"26.22762010","type":"municipality","cities":{"cesvaine":{"id":66886,"name":"Cesvaine","latitude":"56.96754000","longitude":"26.30764000"},"\u0112rg\u013ci":{"id":66990,"name":"\u0112rg\u013ci","latitude":"56.89752000","longitude":"25.63668000"},"lub\u0101na":{"id":66922,"name":"Lub\u0101na","latitude":"56.90425000","longitude":"26.71606000"},"madona":{"id":66926,"name":"Madona","latitude":"56.85329000","longitude":"26.21698000"}}},"m\u0101rupe":{"id":4450,"name":"M\u0101rupe","state_code":"062","latitude":"56.89657170","longitude":"24.04600490","type":"municipality","cities":{"m\u0101rupe":{"id":66930,"name":"M\u0101rupe","latitude":"56.90544000","longitude":"24.05113000"},"pi\u0146\u0137i":{"id":66940,"name":"Pi\u0146\u0137i","latitude":"56.94189000","longitude":"23.91365000"}}},"ogre":{"id":4416,"name":"Ogre","state_code":"067","latitude":"56.81473550","longitude":"24.60445550","type":"municipality","cities":{"ik\u0161\u0137ile":{"id":66899,"name":"Ik\u0161\u0137ile","latitude":"56.83399000","longitude":"24.49679000"},"jumprava":{"id":66907,"name":"Jumprava","latitude":"56.67613000","longitude":"24.97210000"},"\u0136egums":{"id":66991,"name":"\u0136egums","latitude":"56.74510000","longitude":"24.72439000"},"lielv\u0101rde":{"id":66918,"name":"Lielv\u0101rde","latitude":"56.72066000","longitude":"24.80743000"},"ogre":{"id":66935,"name":"Ogre","latitude":"56.81620000","longitude":"24.61401000"}}},"olaine":{"id":4417,"name":"Olaine","state_code":"068","latitude":"56.79523530","longitude":"24.01535890","type":"municipality","cities":{"olaine":{"id":66936,"name":"Olaine","latitude":"56.79472000","longitude":"23.93580000"}}},"prei\u013ci":{"id":4483,"name":"Prei\u013ci","state_code":"073","latitude":"56.15111570","longitude":"26.74397670","type":"municipality","cities":{"aglona":{"id":66868,"name":"Aglona","latitude":"56.13274000","longitude":"27.00682000"},"jaunaglona":{"id":66902,"name":"Jaunaglona","latitude":"56.16066000","longitude":"27.00714000"},"prei\u013ci":{"id":66941,"name":"Prei\u013ci","latitude":"56.29444000","longitude":"26.72459000"},"riebi\u0146i":{"id":66947,"name":"Riebi\u0146i","latitude":"56.34280000","longitude":"26.79995000"},"vecv\u0101rkava":{"id":66983,"name":"Vecv\u0101rkava","latitude":"56.19838000","longitude":"26.50811000"}}},"r\u0113zekne":{"id":4455,"name":"R\u0113zekne","state_code":"077","latitude":"56.32736380","longitude":"27.32843310","type":"municipality","cities":{"vi\u013c\u0101ni":{"id":66987,"name":"Vi\u013c\u0101ni","latitude":"56.55253000","longitude":"26.92449000"}}},"riga":{"id":4491,"name":"Riga","state_code":"RIX","latitude":"56.94964870","longitude":"24.10518650","type":"state city","cities":{"bolderaja":{"id":66883,"name":"Bolderaja","latitude":"57.03132000","longitude":"24.05571000"},"daugavgr\u012bva":{"id":66890,"name":"Daugavgr\u012bva","latitude":"57.04315000","longitude":"24.03613000"},"jaunciems":{"id":66903,"name":"Jaunciems","latitude":"57.03910000","longitude":"24.17413000"},"me\u017eaparks":{"id":66928,"name":"Me\u017eaparks","latitude":"57.00008000","longitude":"24.15997000"},"riga":{"id":66948,"name":"Riga","latitude":"56.94600000","longitude":"24.10589000"}}},"ropa\u017ei":{"id":4493,"name":"Ropa\u017ei","state_code":"080","latitude":"56.96157860","longitude":"24.60104760","type":"municipality","cities":{"garkalne":{"id":66895,"name":"Garkalne","latitude":"57.04486000","longitude":"24.41951000"},"ropa\u017ei":{"id":66950,"name":"Ropa\u017ei","latitude":"56.97470000","longitude":"24.63295000"},"ulbroka":{"id":66974,"name":"Ulbroka","latitude":"56.93630000","longitude":"24.30387000"},"vanga\u017ei":{"id":66979,"name":"Vanga\u017ei","latitude":"57.09358000","longitude":"24.54468000"}}},"salaspils":{"id":4402,"name":"Salaspils","state_code":"087","latitude":"56.86081520","longitude":"24.34978810","type":"municipality","cities":{"salaspils":{"id":66957,"name":"Salaspils","latitude":"56.86014000","longitude":"24.36544000"}}},"saldus":{"id":4439,"name":"Saldus","state_code":"088","latitude":"56.66650880","longitude":"22.49354930","type":"municipality","cities":{"broc\u0113ni":{"id":66884,"name":"Broc\u0113ni","latitude":"56.67890000","longitude":"22.56945000"},"saldus":{"id":66958,"name":"Saldus","latitude":"56.66363000","longitude":"22.48807000"}}},"saulkrasti":{"id":4443,"name":"Saulkrasti","state_code":"089","latitude":"57.25794180","longitude":"24.41831460","type":"municipality","cities":{"saulkrasti":{"id":66959,"name":"Saulkrasti","latitude":"57.26224000","longitude":"24.41471000"}}},"sigulda":{"id":4476,"name":"Sigulda","state_code":"091","latitude":"57.10550920","longitude":"24.83142590","type":"municipality","cities":{"in\u010dukalns":{"id":66901,"name":"In\u010dukalns","latitude":"57.09867000","longitude":"24.68630000"},"m\u0101lpils":{"id":66929,"name":"M\u0101lpils","latitude":"57.01010000","longitude":"24.95783000"},"sigulda":{"id":66961,"name":"Sigulda","latitude":"57.15375000","longitude":"24.85953000"}}},"smiltene":{"id":4462,"name":"Smiltene","state_code":"094","latitude":"57.42303320","longitude":"25.90027800","type":"municipality","cities":{"ape":{"id":66876,"name":"Ape","latitude":"57.53928000","longitude":"26.69291000"},"rauna":{"id":66946,"name":"Rauna","latitude":"57.33173000","longitude":"25.60947000"},"smiltene":{"id":66964,"name":"Smiltene","latitude":"57.42444000","longitude":"25.90164000"}}},"talsi":{"id":4459,"name":"Talsi","state_code":"097","latitude":"57.34152080","longitude":"22.57131250","type":"municipality","cities":{"dundaga":{"id":66893,"name":"Dundaga","latitude":"57.50498000","longitude":"22.35041000"},"roja":{"id":66949,"name":"Roja","latitude":"57.50146000","longitude":"22.80881000"},"sabile":{"id":66955,"name":"Sabile","latitude":"57.04577000","longitude":"22.57261000"},"stende":{"id":66968,"name":"Stende","latitude":"57.14497000","longitude":"22.53482000"},"talsi":{"id":66970,"name":"Talsi","latitude":"57.24562000","longitude":"22.58137000"},"valdem\u0101rpils":{"id":66976,"name":"Valdem\u0101rpils","latitude":"57.37068000","longitude":"22.59188000"}}},"tukums":{"id":4409,"name":"Tukums","state_code":"099","latitude":"56.96728680","longitude":"23.15243790","type":"municipality","cities":{"engure":{"id":66894,"name":"Engure","latitude":"57.16061000","longitude":"23.22527000"},"jaunpils":{"id":66905,"name":"Jaunpils","latitude":"56.73137000","longitude":"23.01247000"},"kandava":{"id":66910,"name":"Kandava","latitude":"57.04087000","longitude":"22.77466000"},"sm\u0101rde":{"id":66965,"name":"Sm\u0101rde","latitude":"56.95420000","longitude":"23.33736000"},"tukums":{"id":66971,"name":"Tukums","latitude":"56.96764000","longitude":"23.15554000"}}},"valka":{"id":4425,"name":"Valka","state_code":"101","latitude":"57.77439000","longitude":"26.01700500","type":"municipality","cities":{"valka":{"id":66977,"name":"Valka","latitude":"57.77520000","longitude":"26.01013000"}}},"valmiera":{"id":4473,"name":"Valmiera","state_code":"113","latitude":"57.53846590","longitude":"25.42636180","type":"municipality","cities":{"koc\u0113ni":{"id":66912,"name":"Koc\u0113ni","latitude":"57.52057000","longitude":"25.33821000"},"mazsalaca":{"id":66927,"name":"Mazsalaca","latitude":"57.86329000","longitude":"25.05475000"},"m\u016brmui\u017ea":{"id":66931,"name":"M\u016brmui\u017ea","latitude":"57.47312000","longitude":"25.49174000"},"nauk\u0161\u0113ni":{"id":66932,"name":"Nauk\u0161\u0113ni","latitude":"57.88349000","longitude":"25.45609000"},"r\u016bjiena":{"id":66954,"name":"R\u016bjiena","latitude":"57.89752000","longitude":"25.33155000"},"seda":{"id":66960,"name":"Seda","latitude":"57.65042000","longitude":"25.75089000"},"stren\u010di":{"id":66969,"name":"Stren\u010di","latitude":"57.62574000","longitude":"25.68535000"},"valmiera":{"id":66978,"name":"Valmiera","latitude":"57.54108000","longitude":"25.42751000"}}},"varak\u013c\u0101ni":{"id":4431,"name":"Varak\u013c\u0101ni","state_code":"102","latitude":"56.66880060","longitude":"26.56364140","type":"municipality","cities":{"varak\u013c\u0101ni":{"id":66980,"name":"Varak\u013c\u0101ni","latitude":"56.60826000","longitude":"26.75377000"}}},"ventspils":{"id":4403,"name":"Ventspils","state_code":"106","latitude":"57.28336820","longitude":"21.85875580","type":"municipality","cities":{"piltene":{"id":66939,"name":"Piltene","latitude":"57.22426000","longitude":"21.67439000"}}}}}