{"id":120,"name":"Latvia","iso3":"LVA","iso2":"LV","numeric_code":"428","phone_code":"371","capital":"Riga","currency":"EUR","currency_name":"Euro","currency_symbol":"\u20ac","tld":".lv","native":"Latvija","region":"Europe","region_id":"4","subregion":"Northern Europe","subregion_id":"18","nationality":"Latvian","timezones":[{"zoneName":"Europe/Riga","gmtOffset":7200,"gmtOffsetName":"UTC+02:00","abbreviation":"EET","tzName":"Eastern European Time"}],"translations":{"kr":"\ub77c\ud2b8\ube44\uc544","pt-BR":"Let\u00f4nia","pt":"Let\u00f3nia","nl":"Letland","hr":"Latvija","fa":"\u0644\u062a\u0648\u0646\u06cc","de":"Lettland","es":"Letonia","fr":"Lettonie","ja":"\u30e9\u30c8\u30d3\u30a2","it":"Lettonia","cn":"\u62c9\u8131\u7ef4\u4e9a","tr":"Letonya","ru":"\u041b\u0430\u0442\u0432\u0438\u044f","uk":"\u041b\u0430\u0442\u0432\u0456\u044f","pl":"\u0141otwa"},"latitude":"57.00000000","longitude":"25.00000000","emoji":"\ud83c\uddf1\ud83c\uddfb","emojiU":"U+1F1F1 U+1F1FB","states":{"aglonamunicipality":{"id":4445,"name":"Aglona Municipality","state_code":"001","latitude":"56.10890060","longitude":"27.12862270","type":null,"cities":{"aglona":{"id":66868,"name":"Aglona","latitude":"56.13274000","longitude":"27.00682000"}}},"aizkrauklemunicipality":{"id":4472,"name":"Aizkraukle Municipality","state_code":"002","latitude":"56.64610800","longitude":"25.23708540","type":null,"cities":{"aizkraukle":{"id":66870,"name":"Aizkraukle","latitude":"56.60477000","longitude":"25.25534000"}}},"aizputemunicipality":{"id":4496,"name":"Aizpute Municipality","state_code":"003","latitude":"56.71825960","longitude":"21.60727590","type":null,"cities":{"aizpute":{"id":66871,"name":"Aizpute","latitude":"56.72108000","longitude":"21.60156000"}}},"akn\u012bstemunicipality":{"id":4499,"name":"Akn\u012bste Municipality","state_code":"004","latitude":"56.16130370","longitude":"25.74848270","type":null,"cities":{"akn\u012bste":{"id":66872,"name":"Akn\u012bste","latitude":"56.16152000","longitude":"25.74783000"}}},"alojamunicipality":{"id":4484,"name":"Aloja Municipality","state_code":"005","latitude":"57.76713600","longitude":"24.87708390","type":null,"cities":{"aloja":{"id":66873,"name":"Aloja","latitude":"57.76723000","longitude":"24.87743000"},"staicele":{"id":66966,"name":"Staicele","latitude":"57.83579000","longitude":"24.74706000"}}},"alsungamunicipality":{"id":4485,"name":"Alsunga Municipality","state_code":"006","latitude":"56.98285310","longitude":"21.55559190","type":null,"cities":{"alsunga":{"id":66874,"name":"Alsunga","latitude":"56.98194000","longitude":"21.55938000"}}},"al\u016bksnemunicipality":{"id":4487,"name":"Al\u016bksne Municipality","state_code":"007","latitude":"57.42544850","longitude":"27.04249680","type":null,"cities":{"al\u016bksne":{"id":66875,"name":"Al\u016bksne","latitude":"57.42162000","longitude":"27.04662000"}}},"amatamunicipality":{"id":4497,"name":"Amata Municipality","state_code":"008","latitude":"56.99387260","longitude":"25.26276750","type":null},"apemunicipality":{"id":4457,"name":"Ape Municipality","state_code":"009","latitude":"57.53926970","longitude":"26.69416490","type":null,"cities":{"ape":{"id":66876,"name":"Ape","latitude":"57.53928000","longitude":"26.69291000"}}},"aucemunicipality":{"id":4481,"name":"Auce Municipality","state_code":"010","latitude":"56.46016800","longitude":"22.90547810","type":null,"cities":{"auce":{"id":66877,"name":"Auce","latitude":"56.45981000","longitude":"22.90169000"}}},"bab\u012btemunicipality":{"id":4427,"name":"Bab\u012bte Municipality","state_code":"012","latitude":"56.95415500","longitude":"23.94539900","type":null,"cities":{"pi\u0146\u0137i":{"id":66940,"name":"Pi\u0146\u0137i","latitude":"56.94189000","longitude":"23.91365000"}}},"baldonemunicipality":{"id":4482,"name":"Baldone Municipality","state_code":"013","latitude":"56.74246000","longitude":"24.39115440","type":null,"cities":{"baldone":{"id":66878,"name":"Baldone","latitude":"56.74451000","longitude":"24.40078000"}}},"baltinavamunicipality":{"id":4498,"name":"Baltinava Municipality","state_code":"014","latitude":"56.94584680","longitude":"27.64410660","type":null,"cities":{"baltinava":{"id":66880,"name":"Baltinava","latitude":"56.94394000","longitude":"27.64401000"}}},"balvimunicipality":{"id":4505,"name":"Balvi Municipality","state_code":"015","latitude":"57.13262400","longitude":"27.26466850","type":null,"cities":{"balvi":{"id":66881,"name":"Balvi","latitude":"57.13130000","longitude":"27.26583000"}}},"bauskamunicipality":{"id":4465,"name":"Bauska Municipality","state_code":"016","latitude":"56.41018680","longitude":"24.20006890","type":null,"cities":{"bauska":{"id":66882,"name":"Bauska","latitude":"56.40794000","longitude":"24.19443000"}}},"bever\u012bnamunicipality":{"id":4471,"name":"Bever\u012bna Municipality","state_code":"017","latitude":"57.51971090","longitude":"25.60736540","type":null,"cities":{"m\u016brmui\u017ea":{"id":66931,"name":"M\u016brmui\u017ea","latitude":"57.47312000","longitude":"25.49174000"}}},"broc\u0113nimunicipality":{"id":4468,"name":"Broc\u0113ni Municipality","state_code":"018","latitude":"56.73475410","longitude":"22.63573710","type":null,"cities":{"broc\u0113ni":{"id":66884,"name":"Broc\u0113ni","latitude":"56.67890000","longitude":"22.56945000"}}},"burtniekimunicipality":{"id":4411,"name":"Burtnieki Municipality","state_code":"019","latitude":"57.69490040","longitude":"25.27647770","type":null},"carnikavamunicipality":{"id":4454,"name":"Carnikava Municipality","state_code":"020","latitude":"57.10241210","longitude":"24.21086620","type":null,"cities":{"carnikava":{"id":66885,"name":"Carnikava","latitude":"57.12935000","longitude":"24.28423000"}}},"c\u0113sismunicipality":{"id":4469,"name":"C\u0113sis Municipality","state_code":"022","latitude":"57.31028970","longitude":"25.26761250","type":null,"cities":{"c\u0113sis":{"id":66888,"name":"C\u0113sis","latitude":"57.31188000","longitude":"25.27456000"}}},"cesvainemunicipality":{"id":4414,"name":"Cesvaine Municipality","state_code":"021","latitude":"56.96792640","longitude":"26.30831720","type":null,"cities":{"cesvaine":{"id":66886,"name":"Cesvaine","latitude":"56.96754000","longitude":"26.30764000"}}},"ciblamunicipality":{"id":4410,"name":"Cibla Municipality","state_code":"023","latitude":"56.61023440","longitude":"27.86965980","type":null,"cities":{"cibla":{"id":66887,"name":"Cibla","latitude":"56.54980000","longitude":"27.88370000"}}},"dagdamunicipality":{"id":4504,"name":"Dagda Municipality","state_code":"024","latitude":"56.09560890","longitude":"27.53245900","type":null,"cities":{"dagda":{"id":66889,"name":"Dagda","latitude":"56.09512000","longitude":"27.53723000"}}},"daugavpils":{"id":4463,"name":"Daugavpils","state_code":"DGV","latitude":"55.87473600","longitude":"26.53617900","type":null},"daugavpilsmunicipality":{"id":4492,"name":"Daugavpils Municipality","state_code":"025","latitude":"55.89917830","longitude":"26.61020120","type":null,"cities":{"daugavpils":{"id":66891,"name":"Daugavpils","latitude":"55.88333000","longitude":"26.53333000"}}},"dobelemunicipality":{"id":4437,"name":"Dobele Municipality","state_code":"026","latitude":"56.62630500","longitude":"23.28090660","type":null,"cities":{"dobele":{"id":66892,"name":"Dobele","latitude":"56.62372000","longitude":"23.27510000"}}},"dundagamunicipality":{"id":4428,"name":"Dundaga Municipality","state_code":"027","latitude":"57.50491670","longitude":"22.35051140","type":null,"cities":{"dundaga":{"id":66893,"name":"Dundaga","latitude":"57.50498000","longitude":"22.35041000"}}},"durbemunicipality":{"id":4458,"name":"Durbe Municipality","state_code":"028","latitude":"56.62798570","longitude":"21.49162450","type":null,"cities":{"lie\u0123i":{"id":66920,"name":"Lie\u0123i","latitude":"56.58173000","longitude":"21.33399000"}}},"enguremunicipality":{"id":4448,"name":"Engure Municipality","state_code":"029","latitude":"57.16235000","longitude":"23.21966340","type":null,"cities":{"sm\u0101rde":{"id":66965,"name":"Sm\u0101rde","latitude":"56.95420000","longitude":"23.33736000"}}},"\u0112rg\u013cimunicipality":{"id":4444,"name":"\u0112rg\u013ci Municipality","state_code":"030","latitude":"56.92370650","longitude":"25.67538520","type":null,"cities":{"\u0112rg\u013ci":{"id":66990,"name":"\u0112rg\u013ci","latitude":"56.89752000","longitude":"25.63668000"}}},"garkalnemunicipality":{"id":4510,"name":"Garkalne Municipality","state_code":"031","latitude":"57.01903870","longitude":"24.38261810","type":null,"cities":{"garkalne":{"id":66895,"name":"Garkalne","latitude":"57.04486000","longitude":"24.41951000"}}},"grobi\u0146amunicipality":{"id":4470,"name":"Grobi\u0146a Municipality","state_code":"032","latitude":"56.53963200","longitude":"21.16689200","type":null,"cities":{"grobi\u0146a":{"id":66896,"name":"Grobi\u0146a","latitude":"56.53521000","longitude":"21.16782000"}}},"gulbenemunicipality":{"id":4400,"name":"Gulbene Municipality","state_code":"033","latitude":"57.21556450","longitude":"26.64529550","type":null,"cities":{"gulbene":{"id":66897,"name":"Gulbene","latitude":"57.17767000","longitude":"26.75291000"}}},"iecavamunicipality":{"id":4441,"name":"Iecava Municipality","state_code":"034","latitude":"56.59867930","longitude":"24.19962720","type":null,"cities":{"iecava":{"id":66898,"name":"Iecava","latitude":"56.59766000","longitude":"24.20763000"}}},"ik\u0161\u0137ilemunicipality":{"id":4511,"name":"Ik\u0161\u0137ile Municipality","state_code":"035","latitude":"56.83736670","longitude":"24.49747450","type":null,"cities":{"ik\u0161\u0137ile":{"id":66899,"name":"Ik\u0161\u0137ile","latitude":"56.83399000","longitude":"24.49679000"}}},"il\u016bkstemunicipality":{"id":4399,"name":"Il\u016bkste Municipality","state_code":"036","latitude":"55.97825470","longitude":"26.29650880","type":null,"cities":{"il\u016bkste":{"id":66900,"name":"Il\u016bkste","latitude":"55.97754000","longitude":"26.29655000"}}},"in\u010dukalnsmunicipality":{"id":4449,"name":"In\u010dukalns Municipality","state_code":"037","latitude":"57.09943420","longitude":"24.68555700","type":null,"cities":{"in\u010dukalns":{"id":66901,"name":"In\u010dukalns","latitude":"57.09867000","longitude":"24.68630000"},"vanga\u017ei":{"id":66979,"name":"Vanga\u017ei","latitude":"57.09358000","longitude":"24.54468000"}}},"jaunjelgavamunicipality":{"id":4475,"name":"Jaunjelgava Municipality","state_code":"038","latitude":"56.52836590","longitude":"25.39214430","type":null,"cities":{"jaunjelgava":{"id":66904,"name":"Jaunjelgava","latitude":"56.61319000","longitude":"25.08316000"}}},"jaunpiebalgamunicipality":{"id":4407,"name":"Jaunpiebalga Municipality","state_code":"039","latitude":"57.14334710","longitude":"25.99518880","type":null},"jaunpilsmunicipality":{"id":4489,"name":"Jaunpils Municipality","state_code":"040","latitude":"56.73141940","longitude":"23.01256160","type":null,"cities":{"jaunpils":{"id":66905,"name":"Jaunpils","latitude":"56.73137000","longitude":"23.01247000"}}},"j\u0113kabpils":{"id":4464,"name":"J\u0113kabpils","state_code":"JKB","latitude":"56.50145500","longitude":"25.87829900","type":null},"j\u0113kabpilsmunicipality":{"id":4438,"name":"J\u0113kabpils Municipality","state_code":"042","latitude":"56.29193200","longitude":"25.98120170","type":null,"cities":{"j\u0113kabpils":{"id":66908,"name":"J\u0113kabpils","latitude":"56.49903000","longitude":"25.85735000"},"krustpils":{"id":66914,"name":"Krustpils","latitude":"56.51068000","longitude":"25.86117000"}}},"jelgava":{"id":4500,"name":"Jelgava","state_code":"JEL","latitude":"56.65110910","longitude":"23.72135410","type":null,"cities":{"jelgava":{"id":66906,"name":"Jelgava","latitude":"56.65000000","longitude":"23.71278000"}}},"jelgavamunicipality":{"id":4424,"name":"Jelgava Municipality","state_code":"041","latitude":"56.58956890","longitude":"23.66104810","type":null,"cities":{"t\u012bre\u013ci":{"id":66973,"name":"T\u012bre\u013ci","latitude":"56.83991000","longitude":"23.58902000"}}},"j\u016brmala":{"id":4446,"name":"J\u016brmala","state_code":"JUR","latitude":"56.94707900","longitude":"23.61684850","type":null,"cities":{"j\u016brmala":{"id":66909,"name":"J\u016brmala","latitude":"56.96800000","longitude":"23.77038000"}}},"kandavamunicipality":{"id":4420,"name":"Kandava Municipality","state_code":"043","latitude":"57.03406730","longitude":"22.78018130","type":null,"cities":{"kandava":{"id":66910,"name":"Kandava","latitude":"57.04087000","longitude":"22.77466000"}}},"k\u0101rsavamunicipality":{"id":4453,"name":"K\u0101rsava Municipality","state_code":"044","latitude":"56.76458420","longitude":"27.73582950","type":null,"cities":{"k\u0101rsava":{"id":66917,"name":"K\u0101rsava","latitude":"56.78405000","longitude":"27.68829000"}}},"\u0136egumsmunicipality":{"id":4412,"name":"\u0136egums Municipality","state_code":"051","latitude":"56.74753570","longitude":"24.71736450","type":null,"cities":{"\u0136egums":{"id":66991,"name":"\u0136egums","latitude":"56.74510000","longitude":"24.72439000"}}},"\u0136ekavamunicipality":{"id":4435,"name":"\u0136ekava Municipality","state_code":"052","latitude":"56.80643510","longitude":"24.19394930","type":null,"cities":{"balo\u017ei":{"id":66879,"name":"Balo\u017ei","latitude":"56.87643000","longitude":"24.11825000"},"\u0136ekava":{"id":66992,"name":"\u0136ekava","latitude":"56.82662000","longitude":"24.23000000"}}},"koc\u0113nimunicipality":{"id":4495,"name":"Koc\u0113ni Municipality","state_code":"045","latitude":"57.52262920","longitude":"25.33495070","type":null,"cities":{"koc\u0113ni":{"id":66912,"name":"Koc\u0113ni","latitude":"57.52057000","longitude":"25.33821000"}}},"koknesemunicipality":{"id":4452,"name":"Koknese Municipality","state_code":"046","latitude":"56.72055600","longitude":"25.48939090","type":null,"cities":{"koknese":{"id":66913,"name":"Koknese","latitude":"56.65163000","longitude":"25.43637000"}}},"kr\u0101slavamunicipality":{"id":4474,"name":"Kr\u0101slava Municipality","state_code":"047","latitude":"55.89514640","longitude":"27.18145770","type":null,"cities":{"kr\u0101slava":{"id":66915,"name":"Kr\u0101slava","latitude":"55.89514000","longitude":"27.16799000"}}},"krimuldamunicipality":{"id":4422,"name":"Krimulda Municipality","state_code":"048","latitude":"57.17912730","longitude":"24.71401270","type":null},"krustpilsmunicipality":{"id":4413,"name":"Krustpils Municipality","state_code":"049","latitude":"56.54155780","longitude":"26.24463970","type":null},"kuld\u012bgamunicipality":{"id":4490,"name":"Kuld\u012bga Municipality","state_code":"050","latitude":"56.96872570","longitude":"21.96137390","type":null,"cities":{"kuld\u012bga":{"id":66916,"name":"Kuld\u012bga","latitude":"56.97399000","longitude":"21.95721000"}}},"lielv\u0101rdemunicipality":{"id":4512,"name":"Lielv\u0101rde Municipality","state_code":"053","latitude":"56.73929760","longitude":"24.97116180","type":null,"cities":{"lielv\u0101rde":{"id":66918,"name":"Lielv\u0101rde","latitude":"56.72066000","longitude":"24.80743000"}}},"liep\u0101ja":{"id":4460,"name":"Liep\u0101ja","state_code":"LPX","latitude":"56.50466780","longitude":"21.01080600","type":null,"cities":{"karosta":{"id":66911,"name":"Karosta","latitude":"56.55128000","longitude":"21.01287000"},"liep\u0101ja":{"id":66919,"name":"Liep\u0101ja","latitude":"56.50474000","longitude":"21.01085000"}}},"l\u012bgatnemunicipality":{"id":4488,"name":"L\u012bgatne Municipality","state_code":"055","latitude":"57.19442040","longitude":"25.09406810","type":null,"cities":{"l\u012bgatne":{"id":66924,"name":"L\u012bgatne","latitude":"57.23429000","longitude":"25.04059000"}}},"limba\u017eimunicipality":{"id":4418,"name":"Limba\u017ei Municipality","state_code":"054","latitude":"57.54032270","longitude":"24.71344510","type":null,"cities":{"limba\u017ei":{"id":66921,"name":"Limba\u017ei","latitude":"57.51287000","longitude":"24.71941000"}}},"l\u012bv\u0101nimunicipality":{"id":4401,"name":"L\u012bv\u0101ni Municipality","state_code":"056","latitude":"56.35509420","longitude":"26.17251900","type":null,"cities":{"l\u012bv\u0101ni":{"id":66925,"name":"L\u012bv\u0101ni","latitude":"56.35431000","longitude":"26.17579000"}}},"lub\u0101namunicipality":{"id":4419,"name":"Lub\u0101na Municipality","state_code":"057","latitude":"56.89992690","longitude":"26.71987890","type":null,"cities":{"lub\u0101na":{"id":66922,"name":"Lub\u0101na","latitude":"56.90425000","longitude":"26.71606000"}}},"ludzamunicipality":{"id":4501,"name":"Ludza Municipality","state_code":"058","latitude":"56.54595900","longitude":"27.71431990","type":null,"cities":{"ludza":{"id":66923,"name":"Ludza","latitude":"56.53958000","longitude":"27.71891000"}}},"madonamunicipality":{"id":4433,"name":"Madona Municipality","state_code":"059","latitude":"56.85989230","longitude":"26.22762010","type":null,"cities":{"madona":{"id":66926,"name":"Madona","latitude":"56.85329000","longitude":"26.21698000"}}},"m\u0101lpilsmunicipality":{"id":4461,"name":"M\u0101lpils Municipality","state_code":"061","latitude":"57.00841190","longitude":"24.95742780","type":null,"cities":{"m\u0101lpils":{"id":66929,"name":"M\u0101lpils","latitude":"57.01010000","longitude":"24.95783000"}}},"m\u0101rupemunicipality":{"id":4450,"name":"M\u0101rupe Municipality","state_code":"062","latitude":"56.89657170","longitude":"24.04600490","type":null,"cities":{"m\u0101rupe":{"id":66930,"name":"M\u0101rupe","latitude":"56.90544000","longitude":"24.05113000"}}},"mazsalacamunicipality":{"id":4513,"name":"Mazsalaca Municipality","state_code":"060","latitude":"57.92677490","longitude":"25.06698950","type":null,"cities":{"mazsalaca":{"id":66927,"name":"Mazsalaca","latitude":"57.86329000","longitude":"25.05475000"}}},"m\u0113rsragsmunicipality":{"id":4451,"name":"M\u0113rsrags Municipality","state_code":"063","latitude":"57.33068810","longitude":"23.10237070","type":null},"nauk\u0161\u0113nimunicipality":{"id":4398,"name":"Nauk\u0161\u0113ni Municipality","state_code":"064","latitude":"57.92953610","longitude":"25.51192660","type":null,"cities":{"nauk\u0161\u0113ni":{"id":66932,"name":"Nauk\u0161\u0113ni","latitude":"57.88349000","longitude":"25.45609000"}}},"neretamunicipality":{"id":4432,"name":"Nereta Municipality","state_code":"065","latitude":"56.19866550","longitude":"25.32529690","type":null,"cities":{"nereta":{"id":66933,"name":"Nereta","latitude":"56.20279000","longitude":"25.30752000"}}},"n\u012bcamunicipality":{"id":4436,"name":"N\u012bca Municipality","state_code":"066","latitude":"56.34649830","longitude":"21.06549300","type":null,"cities":{"n\u012bca":{"id":66934,"name":"N\u012bca","latitude":"56.34601000","longitude":"21.06401000"}}},"ogremunicipality":{"id":4416,"name":"Ogre Municipality","state_code":"067","latitude":"56.81473550","longitude":"24.60445550","type":null,"cities":{"jumprava":{"id":66907,"name":"Jumprava","latitude":"56.67613000","longitude":"24.97210000"},"ogre":{"id":66935,"name":"Ogre","latitude":"56.81620000","longitude":"24.61401000"}}},"olainemunicipality":{"id":4417,"name":"Olaine Municipality","state_code":"068","latitude":"56.79523530","longitude":"24.01535890","type":null,"cities":{"olaine":{"id":66936,"name":"Olaine","latitude":"56.79472000","longitude":"23.93580000"}}},"ozolniekimunicipality":{"id":4442,"name":"Ozolnieki Municipality","state_code":"069","latitude":"56.67563050","longitude":"23.89948160","type":null,"cities":{"ozolnieki":{"id":66937,"name":"Ozolnieki","latitude":"56.68986000","longitude":"23.77610000"}}},"p\u0101rgaujamunicipality":{"id":4507,"name":"P\u0101rgauja Municipality","state_code":"070","latitude":"57.36481220","longitude":"24.98220450","type":null,"cities":{"stalbe":{"id":66967,"name":"Stalbe","latitude":"57.37065000","longitude":"25.03106000"}}},"p\u0101vilostamunicipality":{"id":4467,"name":"P\u0101vilosta Municipality","state_code":"071","latitude":"56.88654240","longitude":"21.19468490","type":null,"cities":{"p\u0101vilosta":{"id":66944,"name":"P\u0101vilosta","latitude":"56.88791000","longitude":"21.18593000"}}},"p\u013cavi\u0146asmunicipality":{"id":4405,"name":"P\u013cavi\u0146as Municipality","state_code":"072","latitude":"56.61773130","longitude":"25.71940430","type":null,"cities":{"p\u013cavi\u0146as":{"id":66945,"name":"P\u013cavi\u0146as","latitude":"56.61780000","longitude":"25.72552000"}}},"prei\u013cimunicipality":{"id":4483,"name":"Prei\u013ci Municipality","state_code":"073","latitude":"56.15111570","longitude":"26.74397670","type":null,"cities":{"jaunaglona":{"id":66902,"name":"Jaunaglona","latitude":"56.16066000","longitude":"27.00714000"},"prei\u013ci":{"id":66941,"name":"Prei\u013ci","latitude":"56.29444000","longitude":"26.72459000"}}},"priekulemunicipality":{"id":4429,"name":"Priekule Municipality","state_code":"074","latitude":"56.41794130","longitude":"21.55033360","type":null,"cities":{"priekule":{"id":66942,"name":"Priekule","latitude":"56.44679000","longitude":"21.58968000"}}},"prieku\u013cimunicipality":{"id":4506,"name":"Prieku\u013ci Municipality","state_code":"075","latitude":"57.36171380","longitude":"25.44104230","type":null,"cities":{"prieku\u013ci":{"id":66943,"name":"Prieku\u013ci","latitude":"57.31500000","longitude":"25.36147000"}}},"raunamunicipality":{"id":4479,"name":"Rauna Municipality","state_code":"076","latitude":"57.33169300","longitude":"25.61003390","type":null,"cities":{"rauna":{"id":66946,"name":"Rauna","latitude":"57.33173000","longitude":"25.60947000"}}},"r\u0113zekne":{"id":4509,"name":"R\u0113zekne","state_code":"REZ","latitude":"56.50992230","longitude":"27.33313570","type":null,"cities":{"r\u0113zekne":{"id":66953,"name":"R\u0113zekne","latitude":"56.51028000","longitude":"27.34000000"}}},"r\u0113zeknemunicipality":{"id":4455,"name":"R\u0113zekne Municipality","state_code":"077","latitude":"56.32736380","longitude":"27.32843310","type":null},"riebi\u0146imunicipality":{"id":4502,"name":"Riebi\u0146i Municipality","state_code":"078","latitude":"56.34361900","longitude":"26.80181380","type":null,"cities":{"riebi\u0146i":{"id":66947,"name":"Riebi\u0146i","latitude":"56.34280000","longitude":"26.79995000"}}},"riga":{"id":4491,"name":"Riga","state_code":"RIX","latitude":"56.94964870","longitude":"24.10518650","type":null,"cities":{"bolderaja":{"id":66883,"name":"Bolderaja","latitude":"57.03132000","longitude":"24.05571000"},"daugavgr\u012bva":{"id":66890,"name":"Daugavgr\u012bva","latitude":"57.04315000","longitude":"24.03613000"},"jaunciems":{"id":66903,"name":"Jaunciems","latitude":"57.03910000","longitude":"24.17413000"},"me\u017eaparks":{"id":66928,"name":"Me\u017eaparks","latitude":"57.00008000","longitude":"24.15997000"},"riga":{"id":66948,"name":"Riga","latitude":"56.94600000","longitude":"24.10589000"}}},"rojamunicipality":{"id":4440,"name":"Roja Municipality","state_code":"079","latitude":"57.50467130","longitude":"22.80121640","type":null,"cities":{"roja":{"id":66949,"name":"Roja","latitude":"57.50146000","longitude":"22.80881000"}}},"ropa\u017eimunicipality":{"id":4493,"name":"Ropa\u017ei Municipality","state_code":"080","latitude":"56.96157860","longitude":"24.60104760","type":null,"cities":{"ropa\u017ei":{"id":66950,"name":"Ropa\u017ei","latitude":"56.97470000","longitude":"24.63295000"}}},"rucavamunicipality":{"id":4503,"name":"Rucava Municipality","state_code":"081","latitude":"56.15931240","longitude":"21.16181210","type":null,"cities":{"rucava":{"id":66951,"name":"Rucava","latitude":"56.16314000","longitude":"21.16156000"}}},"rug\u0101jimunicipality":{"id":4423,"name":"Rug\u0101ji Municipality","state_code":"082","latitude":"57.00560230","longitude":"27.13172030","type":null,"cities":{"rug\u0101ji":{"id":66952,"name":"Rug\u0101ji","latitude":"57.00325000","longitude":"27.13371000"}}},"r\u016bjienamunicipality":{"id":4426,"name":"R\u016bjiena Municipality","state_code":"084","latitude":"57.89372910","longitude":"25.33910080","type":null,"cities":{"r\u016bjiena":{"id":66954,"name":"R\u016bjiena","latitude":"57.89752000","longitude":"25.33155000"}}},"rund\u0101lemunicipality":{"id":4404,"name":"Rund\u0101le Municipality","state_code":"083","latitude":"56.40972100","longitude":"24.01241390","type":null,"cities":{"pilsrund\u0101le":{"id":66938,"name":"Pilsrund\u0101le","latitude":"56.41812000","longitude":"24.01625000"}}},"salamunicipality":{"id":4434,"name":"Sala Municipality","state_code":"085","latitude":"59.96796130","longitude":"16.49782170","type":null},"salacgr\u012bvamunicipality":{"id":4396,"name":"Salacgr\u012bva Municipality","state_code":"086","latitude":"57.75808830","longitude":"24.35431810","type":null,"cities":{"aina\u017ei":{"id":66869,"name":"Aina\u017ei","latitude":"57.86348000","longitude":"24.35853000"},"salacgr\u012bva":{"id":66956,"name":"Salacgr\u012bva","latitude":"57.75312000","longitude":"24.35895000"}}},"salaspilsmunicipality":{"id":4402,"name":"Salaspils Municipality","state_code":"087","latitude":"56.86081520","longitude":"24.34978810","type":null,"cities":{"salaspils":{"id":66957,"name":"Salaspils","latitude":"56.86014000","longitude":"24.36544000"}}},"saldusmunicipality":{"id":4439,"name":"Saldus Municipality","state_code":"088","latitude":"56.66650880","longitude":"22.49354930","type":null,"cities":{"saldus":{"id":66958,"name":"Saldus","latitude":"56.66363000","longitude":"22.48807000"}}},"saulkrastimunicipality":{"id":4443,"name":"Saulkrasti Municipality","state_code":"089","latitude":"57.25794180","longitude":"24.41831460","type":null,"cities":{"saulkrasti":{"id":66959,"name":"Saulkrasti","latitude":"57.26224000","longitude":"24.41471000"}}},"s\u0113jamunicipality":{"id":4408,"name":"S\u0113ja Municipality","state_code":"090","latitude":"57.20069950","longitude":"24.59228210","type":null,"cities":{"engure":{"id":66894,"name":"Engure","latitude":"57.16061000","longitude":"23.22527000"},"tukums":{"id":66971,"name":"Tukums","latitude":"56.96764000","longitude":"23.15554000"}}},"siguldamunicipality":{"id":4476,"name":"Sigulda Municipality","state_code":"091","latitude":"57.10550920","longitude":"24.83142590","type":null,"cities":{"sigulda":{"id":66961,"name":"Sigulda","latitude":"57.15375000","longitude":"24.85953000"}}},"skr\u012bverimunicipality":{"id":4415,"name":"Skr\u012bveri Municipality","state_code":"092","latitude":"56.67613910","longitude":"25.09788490","type":null,"cities":{"skr\u012bveri":{"id":66963,"name":"Skr\u012bveri","latitude":"56.64500000","longitude":"25.12058000"}}},"skrundamunicipality":{"id":4447,"name":"Skrunda Municipality","state_code":"093","latitude":"56.66434580","longitude":"22.00457290","type":null,"cities":{"skrunda":{"id":66962,"name":"Skrunda","latitude":"56.67749000","longitude":"22.01649000"}}},"smiltenemunicipality":{"id":4462,"name":"Smiltene Municipality","state_code":"094","latitude":"57.42303320","longitude":"25.90027800","type":null,"cities":{"smiltene":{"id":66964,"name":"Smiltene","latitude":"57.42444000","longitude":"25.90164000"}}},"stopi\u0146imunicipality":{"id":4478,"name":"Stopi\u0146i Municipality","state_code":"095","latitude":"56.93644900","longitude":"24.28729490","type":null,"cities":{"ulbroka":{"id":66974,"name":"Ulbroka","latitude":"56.93630000","longitude":"24.30387000"}}},"stren\u010dimunicipality":{"id":4494,"name":"Stren\u010di Municipality","state_code":"096","latitude":"57.62254710","longitude":"25.80480860","type":null,"cities":{"seda":{"id":66960,"name":"Seda","latitude":"57.65042000","longitude":"25.75089000"},"stren\u010di":{"id":66969,"name":"Stren\u010di","latitude":"57.62574000","longitude":"25.68535000"}}},"talsimunicipality":{"id":4459,"name":"Talsi Municipality","state_code":"097","latitude":"57.34152080","longitude":"22.57131250","type":null,"cities":{"sabile":{"id":66955,"name":"Sabile","latitude":"57.04577000","longitude":"22.57261000"},"stende":{"id":66968,"name":"Stende","latitude":"57.14497000","longitude":"22.53482000"},"talsi":{"id":66970,"name":"Talsi","latitude":"57.24562000","longitude":"22.58137000"},"valdem\u0101rpils":{"id":66976,"name":"Valdem\u0101rpils","latitude":"57.37068000","longitude":"22.59188000"}}},"t\u0113rvetemunicipality":{"id":4480,"name":"T\u0113rvete Municipality","state_code":"098","latitude":"56.41192010","longitude":"23.31883320","type":null,"cities":{"t\u0113rvete":{"id":66972,"name":"T\u0113rvete","latitude":"56.47989000","longitude":"23.38895000"},"zelme\u0146i":{"id":66988,"name":"Zelme\u0146i","latitude":"56.45167000","longitude":"23.35194000"}}},"tukumsmunicipality":{"id":4409,"name":"Tukums Municipality","state_code":"099","latitude":"56.96728680","longitude":"23.15243790","type":null},"vai\u0146odemunicipality":{"id":4508,"name":"Vai\u0146ode Municipality","state_code":"100","latitude":"56.41542710","longitude":"21.85139840","type":null,"cities":{"vai\u0146ode":{"id":66975,"name":"Vai\u0146ode","latitude":"56.41848000","longitude":"21.85405000"}}},"valkamunicipality":{"id":4425,"name":"Valka Municipality","state_code":"101","latitude":"57.77439000","longitude":"26.01700500","type":null,"cities":{"valka":{"id":66977,"name":"Valka","latitude":"57.77520000","longitude":"26.01013000"}}},"valmiera":{"id":4473,"name":"Valmiera","state_code":"VMR","latitude":"57.53846590","longitude":"25.42636180","type":null,"cities":{"valmiera":{"id":66978,"name":"Valmiera","latitude":"57.54108000","longitude":"25.42751000"}}},"varak\u013c\u0101nimunicipality":{"id":4431,"name":"Varak\u013c\u0101ni Municipality","state_code":"102","latitude":"56.66880060","longitude":"26.56364140","type":null,"cities":{"varak\u013c\u0101ni":{"id":66980,"name":"Varak\u013c\u0101ni","latitude":"56.60826000","longitude":"26.75377000"}}},"v\u0101rkavamunicipality":{"id":4406,"name":"V\u0101rkava Municipality","state_code":"103","latitude":"56.24657440","longitude":"26.56643710","type":null,"cities":{"vecv\u0101rkava":{"id":66983,"name":"Vecv\u0101rkava","latitude":"56.19838000","longitude":"26.50811000"}}},"vecpiebalgamunicipality":{"id":4466,"name":"Vecpiebalga Municipality","state_code":"104","latitude":"57.06033560","longitude":"25.81615920","type":null,"cities":{"vecpiebalga":{"id":66981,"name":"Vecpiebalga","latitude":"57.06090000","longitude":"25.81624000"}}},"vecumniekimunicipality":{"id":4397,"name":"Vecumnieki Municipality","state_code":"105","latitude":"56.60623370","longitude":"24.52218910","type":null,"cities":{"vecumnieki":{"id":66982,"name":"Vecumnieki","latitude":"56.60608000","longitude":"24.52232000"}}},"ventspils":{"id":4421,"name":"Ventspils","state_code":"VEN","latitude":"57.39372160","longitude":"21.56470660","type":null,"cities":{"ventspils":{"id":66984,"name":"Ventspils","latitude":"57.38988000","longitude":"21.57288000"}}},"ventspilsmunicipality":{"id":4403,"name":"Ventspils Municipality","state_code":"106","latitude":"57.28336820","longitude":"21.85875580","type":null,"cities":{"piltene":{"id":66939,"name":"Piltene","latitude":"57.22426000","longitude":"21.67439000"}}},"vies\u012btemunicipality":{"id":4456,"name":"Vies\u012bte Municipality","state_code":"107","latitude":"56.31130850","longitude":"25.50704640","type":null,"cities":{"vies\u012bte":{"id":66985,"name":"Vies\u012bte","latitude":"56.34751000","longitude":"25.55514000"}}},"vi\u013cakamunicipality":{"id":4477,"name":"Vi\u013caka Municipality","state_code":"108","latitude":"57.17222630","longitude":"27.66731880","type":null,"cities":{"vi\u013caka":{"id":66986,"name":"Vi\u013caka","latitude":"57.18458000","longitude":"27.67220000"}}},"vi\u013c\u0101nimunicipality":{"id":4486,"name":"Vi\u013c\u0101ni Municipality","state_code":"109","latitude":"56.54561710","longitude":"26.91679270","type":null,"cities":{"vi\u013c\u0101ni":{"id":66987,"name":"Vi\u013c\u0101ni","latitude":"56.55253000","longitude":"26.92449000"}}},"zilupemunicipality":{"id":4430,"name":"Zilupe Municipality","state_code":"110","latitude":"56.30189850","longitude":"28.13395900","type":null,"cities":{"zilupe":{"id":66989,"name":"Zilupe","latitude":"56.38616000","longitude":"28.12165000"}}}}}