{"id":163,"name":"Norfolk Island","iso3":"NFK","iso2":"NF","numeric_code":"574","phone_code":"672","capital":"Kingston","currency":"AUD","currency_name":"Australian dollar","currency_symbol":"$","tld":".nf","native":"Norfolk Island","region":"Oceania","region_id":"5","subregion":"Australia and New Zealand","subregion_id":"19","nationality":"Norfolk Island","timezones":[{"zoneName":"Pacific/Norfolk","gmtOffset":43200,"gmtOffsetName":"UTC+12:00","abbreviation":"NFT","tzName":"Norfolk Time"}],"translations":{"kr":"\ub178\ud37d \uc12c","pt-BR":"Ilha Norfolk","pt":"Ilha Norfolk","nl":"Norfolkeiland","hr":"Otok Norfolk","fa":"\u062c\u0632\u06cc\u0631\u0647 \u0646\u0648\u0631\u0641\u06a9","de":"Norfolkinsel","es":"Isla de Norfolk","fr":"\u00cele de Norfolk","ja":"\u30ce\u30fc\u30d5\u30a9\u30fc\u30af\u5cf6","it":"Isola Norfolk","cn":"\u8bfa\u798f\u514b\u5c9b","tr":"Norfolk Adasi"},"latitude":"-29.03333333","longitude":"167.95000000","emoji":"\ud83c\uddf3\ud83c\uddeb","emojiU":"U+1F1F3 U+1F1EB"}