{"id":228,"name":"Tuvalu","iso3":"TUV","iso2":"TV","numeric_code":"798","phone_code":"688","capital":"Funafuti","currency":"AUD","currency_name":"Australian dollar","currency_symbol":"$","tld":".tv","native":"Tuvalu","region":"Oceania","region_id":5,"subregion":"Polynesia","subregion_id":22,"nationality":"Tuvaluan","timezones":[{"zoneName":"Pacific/Funafuti","gmtOffset":43200,"gmtOffsetName":"UTC+12:00","abbreviation":"TVT","tzName":"Tuvalu Time"}],"translations":{"ko":"\ud22c\ubc1c\ub8e8","pt-BR":"Tuvalu","pt":"Tuvalu","nl":"Tuvalu","hr":"Tuvalu","fa":"\u062a\u0648\u0648\u0627\u0644\u0648","de":"Tuvalu","es":"Tuvalu","fr":"Tuvalu","ja":"\u30c4\u30d0\u30eb","it":"Tuvalu","zh-CN":"\u56fe\u74e6\u5362","tr":"Tuvalu","ru":"\u0422\u0443\u0432\u0430\u043b\u0443","uk":"\u0422\u0443\u0432\u0430\u043b\u0443","pl":"Tuvalu"},"latitude":"-8.00000000","longitude":"178.00000000","emoji":"\ud83c\uddf9\ud83c\uddfb","emojiU":"U+1F1F9 U+1F1FB","states":{"funafuti":{"id":3951,"name":"Funafuti","state_code":"FUN","latitude":"-8.52114710","longitude":"179.19619260","type":null,"cities":{"alapivillage":{"id":108993,"name":"Alapi Village","latitude":"-8.52074000","longitude":"179.19680000"},"fakaifouvillage":{"id":108995,"name":"Fakaifou Village","latitude":"-8.51758000","longitude":"179.20094000"},"funafuti":{"id":108996,"name":"Funafuti","latitude":"-8.52425000","longitude":"179.19417000"}}},"nanumanga":{"id":3947,"name":"Nanumanga","state_code":"NMG","latitude":"-6.28580190","longitude":"176.31992800","type":null,"cities":{"togavillage":{"id":109001,"name":"Toga Village","latitude":"-6.28764000","longitude":"176.31472000"}}},"nanumea":{"id":3949,"name":"Nanumea","state_code":"NMA","latitude":"-5.68816170","longitude":"176.13701480","type":null},"niutaoislandcouncil":{"id":3946,"name":"Niutao Island Council","state_code":"NIT","latitude":"-6.10642580","longitude":"177.34384290","type":null,"cities":{"kuliavillage":{"id":108997,"name":"Kulia Village","latitude":"-6.10819000","longitude":"177.33393000"},"niulakita":{"id":108998,"name":"Niulakita","latitude":"-10.78800000","longitude":"179.46600000"}}},"nui":{"id":3948,"name":"Nui","state_code":"NUI","latitude":"-7.23887680","longitude":"177.14852320","type":null,"cities":{"tanrakevillage":{"id":109000,"name":"Tanrake Village","latitude":"-7.24562000","longitude":"177.14511000"}}},"nukufetau":{"id":3952,"name":"Nukufetau","state_code":"NKF","latitude":"-8.00000000","longitude":"178.50000000","type":null,"cities":{"savavevillage":{"id":108999,"name":"Savave Village","latitude":"-8.02731000","longitude":"178.31351000"}}},"nukulaelae":{"id":3953,"name":"Nukulaelae","state_code":"NKL","latitude":"-9.38111100","longitude":"179.85222200","type":null},"vaitupu":{"id":3950,"name":"Vaitupu","state_code":"VAI","latitude":"-7.47673270","longitude":"178.67476750","type":null,"cities":{"asauvillage":{"id":108994,"name":"Asau Village","latitude":"-7.49026000","longitude":"178.68016000"}}}}}