{"id":172,"name":"Paraguay","iso3":"PRY","iso2":"PY","numeric_code":"600","phone_code":"595","capital":"Asuncion","currency":"PYG","currency_name":"Paraguayan guarani","currency_symbol":"\u20b2","tld":".py","native":"Paraguay","region":"Americas","region_id":"2","subregion":"South America","subregion_id":"8","nationality":"Paraguayan","timezones":[{"zoneName":"America/Asuncion","gmtOffset":-10800,"gmtOffsetName":"UTC-03:00","abbreviation":"PYST","tzName":"Paraguay Summer Time"}],"translations":{"kr":"\ud30c\ub77c\uacfc\uc774","pt-BR":"Paraguai","pt":"Paraguai","nl":"Paraguay","hr":"Paragvaj","fa":"\u067e\u0627\u0631\u0627\u06af\u0648\u0626\u0647","de":"Paraguay","es":"Paraguay","fr":"Paraguay","ja":"\u30d1\u30e9\u30b0\u30a2\u30a4","it":"Paraguay","cn":"\u5df4\u62c9\u572d","tr":"Paraguay"},"latitude":"-23.00000000","longitude":"-58.00000000","emoji":"\ud83c\uddf5\ud83c\uddfe","emojiU":"U+1F1F5 U+1F1FE","states":{"altoparaguaydepartment":{"id":2785,"name":"Alto Paraguay Department","state_code":"16","latitude":"-20.08525080","longitude":"-59.47209040","type":null,"cities":{"capit\u00e1npablolagerenza":{"id":89736,"name":"Capit\u00e1n Pablo Lagerenza","latitude":"-19.91667000","longitude":"-60.78333000"},"fuerteolimpo":{"id":89768,"name":"Fuerte Olimpo","latitude":"-21.04153000","longitude":"-57.87377000"}}},"altoparan\u00e1department":{"id":2784,"name":"Alto Paran\u00e1 Department","state_code":"10","latitude":"-25.60755460","longitude":"-54.96118360","type":null,"cities":{"cedrales":{"id":89743,"name":"Cedrales","latitude":"-25.65668000","longitude":"-54.72272000"},"ciudaddeleste":{"id":89745,"name":"Ciudad del Este","latitude":"-25.50972000","longitude":"-54.61111000"},"coloniamingapor\u00e1":{"id":89751,"name":"Colonia Minga Por\u00e1","latitude":"-24.86667000","longitude":"-54.90000000"},"doctorjuanle\u00f3nmallorqu\u00edn":{"id":89759,"name":"Doctor Juan Le\u00f3n Mallorqu\u00edn","latitude":"-25.43053000","longitude":"-55.25412000"},"itakyry":{"id":89782,"name":"Itakyry","latitude":"-24.98611000","longitude":"-55.14963000"},"naranjal":{"id":89799,"name":"Naranjal","latitude":"-25.96667000","longitude":"-55.18333000"},"presidentefranco":{"id":89812,"name":"Presidente Franco","latitude":"-25.56384000","longitude":"-54.61097000"},"sanalberto":{"id":89818,"name":"San Alberto","latitude":"-24.96667000","longitude":"-54.90000000"},"santarita":{"id":89835,"name":"Santa Rita","latitude":"-25.78333000","longitude":"-55.06667000"},"yguaz\u00fa":{"id":89852,"name":"Yguaz\u00fa","latitude":"-25.46187000","longitude":"-55.00007000"}}},"amambaydepartment":{"id":2782,"name":"Amambay Department","state_code":"13","latitude":"-22.55902720","longitude":"-56.02499820","type":null,"cities":{"bellavista":{"id":89725,"name":"Bella Vista","latitude":"-22.13333000","longitude":"-56.51667000"},"capit\u00e1nbado":{"id":89734,"name":"Capit\u00e1n Bado","latitude":"-23.26667000","longitude":"-55.53333000"},"pedrojuancaballero":{"id":89807,"name":"Pedro Juan Caballero","latitude":"-22.54722000","longitude":"-55.73333000"}}},"asuncion":{"id":5221,"name":"Asuncion","state_code":"ASU","latitude":"-25.29682970","longitude":"-57.68066230","type":"capital"},"boquer\u00f3ndepartment":{"id":2780,"name":"Boquer\u00f3n Department","state_code":"19","latitude":"-21.74492540","longitude":"-60.95400730","type":null,"cities":{"coloniamenno":{"id":89750,"name":"Colonia Menno","latitude":"-22.36667000","longitude":"-59.81667000"},"colonianeuland":{"id":89752,"name":"Colonia Neuland","latitude":"-22.66667000","longitude":"-60.11667000"},"filadelfia":{"id":89766,"name":"Filadelfia","latitude":"-22.33936000","longitude":"-60.03157000"}}},"caaguaz\u00fa":{"id":2773,"name":"Caaguaz\u00fa","state_code":"5","latitude":"-25.46458180","longitude":"-56.01385100","type":null,"cities":{"caaguaz\u00fa":{"id":89730,"name":"Caaguaz\u00fa","latitude":"-25.47104000","longitude":"-56.01603000"},"caraya\u00f3":{"id":89740,"name":"Caraya\u00f3","latitude":"-25.19750000","longitude":"-56.39878000"},"ceciliobaez":{"id":89742,"name":"Cecilio Baez","latitude":"-25.07158000","longitude":"-56.24386000"},"coloniageneralalfredostroessner":{"id":89748,"name":"Colonia General Alfredo Stroessner","latitude":"-25.36395000","longitude":"-55.70690000"},"coroneloviedo":{"id":89757,"name":"Coronel Oviedo","latitude":"-25.44444000","longitude":"-56.44028000"},"doctorjuanmanuelfrutos":{"id":89760,"name":"Doctor Juan Manuel Frutos","latitude":"-25.38380000","longitude":"-55.83215000"},"mbutu\u00fd":{"id":89796,"name":"Mbutu\u00fd","latitude":"-24.97518000","longitude":"-56.30927000"},"repatriaci\u00f3n":{"id":89816,"name":"Repatriaci\u00f3n","latitude":"-25.53333000","longitude":"-55.95000000"},"sanjoaqu\u00edn":{"id":89823,"name":"San Joaqu\u00edn","latitude":"-25.02853000","longitude":"-56.04280000"},"sanjos\u00e9":{"id":89824,"name":"San Jos\u00e9","latitude":"-25.53333000","longitude":"-56.73333000"},"yh\u00fa":{"id":89853,"name":"Yh\u00fa","latitude":"-25.05784000","longitude":"-55.92267000"}}},"caazap\u00e1":{"id":2775,"name":"Caazap\u00e1","state_code":"6","latitude":"-26.18277130","longitude":"-56.37123270","type":null,"cities":{"aba\u00ed":{"id":89716,"name":"Aba\u00ed","latitude":"-26.03333000","longitude":"-55.93333000"},"buenavista":{"id":89728,"name":"Buena Vista","latitude":"-26.18387000","longitude":"-56.08171000"},"caazap\u00e1":{"id":89732,"name":"Caazap\u00e1","latitude":"-26.19583000","longitude":"-56.36806000"},"generalhiginiomor\u00ednigo":{"id":89772,"name":"General Higinio Mor\u00ednigo","latitude":"-25.95000000","longitude":"-55.91667000"},"sanjuannepomuceno":{"id":89826,"name":"San Juan Nepomuceno","latitude":"-26.11229000","longitude":"-55.93861000"},"yegros":{"id":89850,"name":"Yegros","latitude":"-26.45000000","longitude":"-56.40000000"},"yuty":{"id":89855,"name":"Yuty","latitude":"-26.61471000","longitude":"-56.24607000"}}},"canindey\u00fa":{"id":2771,"name":"Canindey\u00fa","state_code":"14","latitude":"-24.13787350","longitude":"-55.66896360","type":null,"cities":{"coloniacatuete":{"id":89747,"name":"Colonia Catuete","latitude":"-24.13333000","longitude":"-54.61667000"},"corpuschristi":{"id":89758,"name":"Corpus Christi","latitude":"-24.08040000","longitude":"-54.93933000"},"lapaloma":{"id":89790,"name":"La Paloma","latitude":"-24.12957000","longitude":"-54.61376000"},"nuevaesperanza":{"id":89803,"name":"Nueva Esperanza","latitude":"-24.50760000","longitude":"-54.85510000"},"saltodelguair\u00e1":{"id":89817,"name":"Salto del Guair\u00e1","latitude":"-24.06250000","longitude":"-54.30694000"},"sanisidrodecuruguaty":{"id":89822,"name":"San Isidro de Curuguaty","latitude":"-24.47184000","longitude":"-55.69227000"},"ygatimi":{"id":89851,"name":"Ygatimi","latitude":"-24.12371000","longitude":"-55.64418000"}}},"centraldepartment":{"id":2777,"name":"Central Department","state_code":"11","latitude":"36.15592290","longitude":"-95.96620750","type":null,"cities":{"aregu\u00e1":{"id":89720,"name":"Aregu\u00e1","latitude":"-25.31250000","longitude":"-57.38472000"},"capiat\u00e1":{"id":89733,"name":"Capiat\u00e1","latitude":"-25.35520000","longitude":"-57.44545000"},"fernandodelamora":{"id":89765,"name":"Fernando de la Mora","latitude":"-25.33860000","longitude":"-57.52167000"},"guarambar\u00e9":{"id":89774,"name":"Guarambar\u00e9","latitude":"-25.49096000","longitude":"-57.45567000"},"it\u00e1":{"id":89786,"name":"It\u00e1","latitude":"-25.50054000","longitude":"-57.36717000"},"itaugu\u00e1":{"id":89784,"name":"Itaugu\u00e1","latitude":"-25.39258000","longitude":"-57.35421000"},"lambar\u00e9":{"id":89791,"name":"Lambar\u00e9","latitude":"-25.34682000","longitude":"-57.60647000"},"limpio":{"id":89793,"name":"Limpio","latitude":"-25.16611000","longitude":"-57.48562000"},"marianoroquealonso":{"id":89794,"name":"Mariano Roque Alonso","latitude":"-25.20791000","longitude":"-57.53202000"},"nemby":{"id":89802,"name":"Nemby","latitude":"-25.39490000","longitude":"-57.53574000"},"nuevaitalia":{"id":89804,"name":"Nueva Italia","latitude":"-25.61080000","longitude":"-57.46563000"},"sanantonio":{"id":89819,"name":"San Antonio","latitude":"-25.42126000","longitude":"-57.54725000"},"sanlorenzo":{"id":89828,"name":"San Lorenzo","latitude":"-25.33968000","longitude":"-57.50879000"},"villaelisa":{"id":89843,"name":"Villa Elisa","latitude":"-25.36760000","longitude":"-57.59274000"},"ypacarai":{"id":89854,"name":"Ypacarai","latitude":"-25.40777000","longitude":"-57.28889000"}}},"concepci\u00f3ndepartment":{"id":2779,"name":"Concepci\u00f3n Department","state_code":"1","latitude":"-23.42142640","longitude":"-57.43444510","type":null,"cities":{"bel\u00e9n":{"id":89726,"name":"Bel\u00e9n","latitude":"-23.46611000","longitude":"-57.26194000"},"concepci\u00f3n":{"id":89755,"name":"Concepci\u00f3n","latitude":"-23.39985000","longitude":"-57.43236000"},"horqueta":{"id":89777,"name":"Horqueta","latitude":"-23.34278000","longitude":"-57.05972000"}}},"cordilleradepartment":{"id":2783,"name":"Cordillera Department","state_code":"3","latitude":"-25.22894910","longitude":"-57.01116810","type":null,"cities":{"altos":{"id":89718,"name":"Altos","latitude":"-25.26263000","longitude":"-57.25443000"},"arroyosyesteros":{"id":89722,"name":"Arroyos y Esteros","latitude":"-25.05478000","longitude":"-57.09873000"},"atyr\u00e1":{"id":89723,"name":"Atyr\u00e1","latitude":"-25.27876000","longitude":"-57.17192000"},"caacup\u00e9":{"id":89729,"name":"Caacup\u00e9","latitude":"-25.38575000","longitude":"-57.14217000"},"caraguatay":{"id":89738,"name":"Caraguatay","latitude":"-25.23844000","longitude":"-56.82693000"},"emboscada":{"id":89762,"name":"Emboscada","latitude":"-25.15000000","longitude":"-57.35000000"},"eusebioayala":{"id":89764,"name":"Eusebio Ayala","latitude":"-25.38276000","longitude":"-56.96088000"},"islapuc\u00fa":{"id":89779,"name":"Isla Puc\u00fa","latitude":"-25.30853000","longitude":"-56.89986000"},"itacurub\u00eddelacordillera":{"id":89780,"name":"Itacurub\u00ed de la Cordillera","latitude":"-25.46158000","longitude":"-56.85333000"},"piribebuy":{"id":89811,"name":"Piribebuy","latitude":"-25.46498000","longitude":"-57.04183000"},"sanbernardino":{"id":89820,"name":"San Bernardino","latitude":"-25.31067000","longitude":"-57.29628000"},"santaelena":{"id":89833,"name":"Santa Elena","latitude":"-25.41327000","longitude":"-56.79708000"},"tobat\u00ed":{"id":89840,"name":"Tobat\u00ed","latitude":"-25.26111000","longitude":"-57.08329000"}}},"guair\u00e1department":{"id":2772,"name":"Guair\u00e1 Department","state_code":"4","latitude":"-25.88109320","longitude":"-56.29293810","type":null,"cities":{"coloniamauriciojos\u00e9troche":{"id":89749,"name":"Colonia Mauricio Jos\u00e9 Troche","latitude":"-25.56667000","longitude":"-56.28333000"},"coronelmart\u00ednez":{"id":89756,"name":"Coronel Mart\u00ednez","latitude":"-25.75862000","longitude":"-56.61677000"},"independencia":{"id":89778,"name":"Independencia","latitude":"-25.69100000","longitude":"-56.26781000"},"itap\u00e9":{"id":89783,"name":"Itap\u00e9","latitude":"-25.85172000","longitude":"-56.61385000"},"iturbe":{"id":89785,"name":"Iturbe","latitude":"-26.05508000","longitude":"-56.48463000"},"mbocayaty":{"id":89795,"name":"Mbocayaty","latitude":"-25.71938000","longitude":"-56.42179000"},"nataliciotalavera":{"id":89800,"name":"Natalicio Talavera","latitude":"-25.63333000","longitude":"-56.30000000"},"villarrica":{"id":89846,"name":"Villarrica","latitude":"-25.74946000","longitude":"-56.43518000"}}},"itap\u00faa":{"id":2778,"name":"Itap\u00faa","state_code":"7","latitude":"-26.79236230","longitude":"-55.66896360","type":null,"cities":{"arquitectotom\u00e1sromeropereira":{"id":89721,"name":"Arquitecto Tom\u00e1s Romero Pereira","latitude":"-26.48333000","longitude":"-55.25000000"},"bellavista":{"id":89724,"name":"Bella Vista","latitude":"-27.05000000","longitude":"-55.55000000"},"capit\u00e1nmiranda":{"id":89735,"name":"Capit\u00e1n Miranda","latitude":"-27.20000000","longitude":"-55.80000000"},"carmendelparan\u00e1":{"id":89741,"name":"Carmen del Paran\u00e1","latitude":"-27.22232000","longitude":"-56.15243000"},"coloniacarlosantoniol\u00f3pez":{"id":89746,"name":"Colonia Carlos Antonio L\u00f3pez","latitude":"-26.39853000","longitude":"-54.75690000"},"coloniasanlorenzo":{"id":89754,"name":"Colonia San Lorenzo","latitude":"-26.49324000","longitude":"-54.79989000"},"edelira":{"id":89761,"name":"Edelira","latitude":"-26.76734000","longitude":"-55.27872000"},"encarnaci\u00f3n":{"id":89763,"name":"Encarnaci\u00f3n","latitude":"-27.33056000","longitude":"-55.86667000"},"fram":{"id":89767,"name":"Fram","latitude":"-26.98333000","longitude":"-55.88333000"},"generalartigas":{"id":89769,"name":"General Artigas","latitude":"-26.93522000","longitude":"-56.22168000"},"generaldelgado":{"id":89770,"name":"General Delgado","latitude":"-27.09046000","longitude":"-56.52474000"},"hohenau":{"id":89776,"name":"Hohenau","latitude":"-27.07315000","longitude":"-55.64247000"},"jes\u00fas":{"id":89787,"name":"Jes\u00fas","latitude":"-27.05598000","longitude":"-55.74130000"},"natalio":{"id":89801,"name":"Natalio","latitude":"-26.75702000","longitude":"-55.13777000"},"obligado":{"id":89805,"name":"Obligado","latitude":"-27.03333000","longitude":"-55.63333000"},"pirap\u00f3":{"id":89809,"name":"Pirap\u00f3","latitude":"-26.86012000","longitude":"-55.54357000"},"puertomayorota\u00f1o":{"id":89813,"name":"Puerto Mayor Ota\u00f1o","latitude":"-26.40000000","longitude":"-54.70000000"},"sancosmeydami\u00e1n":{"id":89821,"name":"San Cosme y Dami\u00e1n","latitude":"-27.31741000","longitude":"-56.33087000"},"sanjuandelparan\u00e1":{"id":89827,"name":"San Juan del Paran\u00e1","latitude":"-27.30168000","longitude":"-55.96509000"},"sanpedrodelparan\u00e1":{"id":89832,"name":"San Pedro del Paran\u00e1","latitude":"-26.83268000","longitude":"-56.20575000"},"trinidad":{"id":89841,"name":"Trinidad","latitude":"-27.11667000","longitude":"-55.78333000"}}},"misionesdepartment":{"id":2786,"name":"Misiones Department","state_code":"8","latitude":"-26.84335120","longitude":"-57.10131880","type":null,"cities":{"juandeayolas":{"id":89788,"name":"Juan de Ayolas","latitude":"-27.38662000","longitude":"-56.84724000"},"sanjuanbautista":{"id":89825,"name":"San Juan Bautista","latitude":"-26.66944000","longitude":"-57.14583000"},"sanmiguel":{"id":89829,"name":"San Miguel","latitude":"-26.50000000","longitude":"-57.05000000"},"sanpatricio":{"id":89830,"name":"San Patricio","latitude":"-26.96667000","longitude":"-56.81667000"},"santamar\u00eda":{"id":89834,"name":"Santa Mar\u00eda","latitude":"-26.78333000","longitude":"-56.93333000"},"santarosamisiones":{"id":89836,"name":"Santa Rosa Misiones","latitude":"-26.88730000","longitude":"-56.84905000"},"santiago":{"id":89837,"name":"Santiago","latitude":"-27.14310000","longitude":"-56.76803000"},"villaflorida":{"id":89844,"name":"Villa Florida","latitude":"-26.38333000","longitude":"-57.15000000"}}},"\u00d1eembuc\u00fadepartment":{"id":2781,"name":"\u00d1eembuc\u00fa Department","state_code":"12","latitude":"-27.02991140","longitude":"-57.82539500","type":null,"cities":{"cerrito":{"id":89744,"name":"Cerrito","latitude":"-27.34215000","longitude":"-57.64119000"},"generaljos\u00e9eduvigisd\u00edaz":{"id":89773,"name":"General Jos\u00e9 Eduvigis D\u00edaz","latitude":"-27.20136000","longitude":"-58.36740000"},"pilar":{"id":89808,"name":"Pilar","latitude":"-26.85874000","longitude":"-58.30639000"}}},"paraguar\u00eddepartment":{"id":2774,"name":"Paraguar\u00ed Department","state_code":"9","latitude":"-25.62621740","longitude":"-57.15206420","type":null,"cities":{"acahay":{"id":89717,"name":"Acahay","latitude":"-25.91667000","longitude":"-57.15000000"},"caapuc\u00fa":{"id":89731,"name":"Caapuc\u00fa","latitude":"-26.23523000","longitude":"-57.18212000"},"carapegu\u00e1":{"id":89739,"name":"Carapegu\u00e1","latitude":"-25.80000000","longitude":"-57.23333000"},"lacolmena":{"id":89789,"name":"La Colmena","latitude":"-25.88627000","longitude":"-56.84084000"},"mbuyapey":{"id":89797,"name":"Mbuyapey","latitude":"-26.21921000","longitude":"-56.75777000"},"paraguar\u00ed":{"id":89806,"name":"Paraguar\u00ed","latitude":"-25.62083000","longitude":"-57.14722000"},"piray\u00fa":{"id":89810,"name":"Piray\u00fa","latitude":"-25.48406000","longitude":"-57.23490000"},"quiindy":{"id":89815,"name":"Quiindy","latitude":"-25.97606000","longitude":"-57.23353000"},"sapuca\u00ed":{"id":89838,"name":"Sapuca\u00ed","latitude":"-25.66652000","longitude":"-56.95215000"},"yaguar\u00f3n":{"id":89847,"name":"Yaguar\u00f3n","latitude":"-25.56139000","longitude":"-57.28343000"},"ybycu\u00ed":{"id":89849,"name":"Ybycu\u00ed","latitude":"-26.01667000","longitude":"-57.05000000"}}},"presidentehayesdepartment":{"id":2770,"name":"Presidente Hayes Department","state_code":"15","latitude":"-23.35126050","longitude":"-58.73736340","type":null,"cities":{"benjam\u00ednaceval":{"id":89727,"name":"Benjam\u00edn Aceval","latitude":"-24.96667000","longitude":"-57.56667000"},"nanawua":{"id":89798,"name":"Nanawua","latitude":"-25.27930000","longitude":"-57.70307000"},"villahayes":{"id":89845,"name":"Villa Hayes","latitude":"-25.09306000","longitude":"-57.52361000"}}},"sanpedrodepartment":{"id":2776,"name":"San Pedro Department","state_code":"2","latitude":"-24.19486680","longitude":"-56.56164700","type":null,"cities":{"antequera":{"id":89719,"name":"Antequera","latitude":"-24.08526000","longitude":"-57.20221000"},"capi\u00edbary":{"id":89737,"name":"Capi\u00edbary","latitude":"-24.80000000","longitude":"-56.03333000"},"colonianuevagermania":{"id":89753,"name":"Colonia Nueva Germania","latitude":"-23.91137000","longitude":"-56.70091000"},"generalelizardoaquino":{"id":89771,"name":"General Elizardo Aquino","latitude":"-24.44417000","longitude":"-56.90061000"},"guayaybi":{"id":89775,"name":"Guayaybi","latitude":"-24.53333000","longitude":"-56.43333000"},"itacurub\u00eddelrosario":{"id":89781,"name":"Itacurub\u00ed del Rosario","latitude":"-24.53541000","longitude":"-56.82352000"},"lima":{"id":89792,"name":"Lima","latitude":"-23.88327000","longitude":"-56.48217000"},"puertorosario":{"id":89814,"name":"Puerto Rosario","latitude":"-24.44127000","longitude":"-57.14272000"},"sanpedrodeycuamandiy\u00fa":{"id":89831,"name":"San Pedro de Ycuamandiy\u00fa","latitude":"-24.08534000","longitude":"-57.08745000"},"tacuat\u00ed":{"id":89839,"name":"Tacuat\u00ed","latitude":"-23.45000000","longitude":"-56.58333000"},"uni\u00f3n":{"id":89842,"name":"Uni\u00f3n","latitude":"-24.80790000","longitude":"-56.52148000"},"yataitydelnorte":{"id":89848,"name":"Yataity del Norte","latitude":"-24.83333000","longitude":"-56.35000000"}}}}}