{"id":139,"name":"Mauritania","iso3":"MRT","iso2":"MR","numeric_code":"478","phone_code":"222","capital":"Nouakchott","currency":"MRO","currency_name":"Mauritanian ouguiya","currency_symbol":"MRU","tld":".mr","native":"\u0645\u0648\u0631\u064a\u062a\u0627\u0646\u064a\u0627","region":"Africa","region_id":"1","subregion":"Western Africa","subregion_id":"3","nationality":"Mauritanian","timezones":[{"zoneName":"Africa/Nouakchott","gmtOffset":0,"gmtOffsetName":"UTC\u00b100","abbreviation":"GMT","tzName":"Greenwich Mean Time"}],"translations":{"kr":"\ubaa8\ub9ac\ud0c0\ub2c8","pt-BR":"Maurit\u00e2nia","pt":"Maurit\u00e2nia","nl":"Mauritani\u00eb","hr":"Mauritanija","fa":"\u0645\u0648\u0631\u06cc\u062a\u0627\u0646\u06cc","de":"Mauretanien","es":"Mauritania","fr":"Mauritanie","ja":"\u30e2\u30fc\u30ea\u30bf\u30cb\u30a2","it":"Mauritania","cn":"\u6bdb\u91cc\u5854\u5c3c\u4e9a","tr":"Moritanya"},"latitude":"20.00000000","longitude":"-12.00000000","emoji":"\ud83c\uddf2\ud83c\uddf7","emojiU":"U+1F1F2 U+1F1F7","states":{"adrar":{"id":3344,"name":"Adrar","state_code":"07","latitude":"19.86521760","longitude":"-12.80547530","type":"region","cities":{"atar":{"id":67746,"name":"Atar","latitude":"20.51770000","longitude":"-13.04857000"},"azougui":{"id":150074,"name":"Azougui","latitude":"20.56764000","longitude":"-13.11191000"},"chingue\u1e6d\u1e6di":{"id":67748,"name":"Chingue\u1e6d\u1e6di","latitude":"20.46300000","longitude":"-12.36200000"},"ksarelkhali":{"id":150075,"name":"Ksar el Khali","latitude":"20.93333333","longitude":"-11.61666667"}}},"assaba":{"id":3349,"name":"Assaba","state_code":"03","latitude":"16.77595580","longitude":"-11.52480550","type":"region","cities":{"bark\u00e9wol":{"id":67747,"name":"Bark\u00e9wol","latitude":"16.64039000","longitude":"-12.49849000"},"kiffa":{"id":67750,"name":"Kiffa","latitude":"16.62073000","longitude":"-11.40208000"}}},"brakna":{"id":3339,"name":"Brakna","state_code":"05","latitude":"17.23175610","longitude":"-13.17403480","type":"region","cities":{"\u2019elbeljmel":{"id":67757,"name":"\u2019Elb el Jmel","latitude":"17.01050000","longitude":"-13.97102000"},"aleg":{"id":67745,"name":"Aleg","latitude":"17.05314000","longitude":"-13.91312000"},"bofal":{"id":150071,"name":"Bofal","latitude":"16.41666667","longitude":"-13.80000000"},"sorimal\u00e9":{"id":150072,"name":"Sori Mal\u00e9","latitude":"16.95416667","longitude":"-13.37916667"}}},"dakhletnouadhibou":{"id":3346,"name":"Dakhlet Nouadhibou","state_code":"08","latitude":"20.59855880","longitude":"-16.25221430","type":"region","cities":{"cansado":{"id":150076,"name":"Cansado","latitude":"20.85333333","longitude":"-17.03250000"},"iouik":{"id":150077,"name":"Iouik","latitude":"19.84944444","longitude":"-16.33083333"},"nouadhibou":{"id":67751,"name":"Nouadhibou","latitude":"20.94188000","longitude":"-17.03842000"}}},"gorgol":{"id":3341,"name":"Gorgol","state_code":"04","latitude":"15.97173570","longitude":"-12.62162110","type":"region","cities":{"ka\u00e9di":{"id":67749,"name":"Ka\u00e9di","latitude":"16.15027000","longitude":"-13.50370000"}}},"guidimaka":{"id":3350,"name":"Guidimaka","state_code":"10","latitude":"15.25573310","longitude":"-12.25479190","type":"region","cities":{"s\u00e9libaby":{"id":67754,"name":"S\u00e9libaby","latitude":"15.15846000","longitude":"-12.18430000"}}},"hodhechchargui":{"id":3338,"name":"Hodh Ech Chargui","state_code":"01","latitude":"18.67370260","longitude":"-7.09287700","type":"region","cities":{"diade":{"id":150066,"name":"Diade","latitude":"16.23333333","longitude":"-7.41666667"},"kataouane":{"id":150067,"name":"Kataouane","latitude":"16.06888889","longitude":"-6.49888889"},"n\u00e9ma":{"id":67752,"name":"N\u00e9ma","latitude":"16.61702000","longitude":"-7.25649000"},"timbedra":{"id":150068,"name":"Timbedra","latitude":"16.24472222","longitude":"-8.16750000"}}},"hodhelgharbi":{"id":3351,"name":"Hodh El Gharbi","state_code":"02","latitude":"16.69121490","longitude":"-9.54509740","type":"region","cities":{"aioun":{"id":67743,"name":"Aioun","latitude":"16.66140000","longitude":"-9.61490000"},"ayounelatrous":{"id":150069,"name":"Ayoun el Atrous","latitude":"16.66666667","longitude":"-9.61666667"},"togba":{"id":150070,"name":"Togba","latitude":"17.40000000","longitude":"-10.36666667"}}},"inchiri":{"id":3342,"name":"Inchiri","state_code":"12","latitude":"20.02805610","longitude":"-15.40680790","type":"region","cities":{"akjoujt":{"id":67744,"name":"Akjoujt","latitude":"19.74657000","longitude":"-14.38531000"}}},"nouakchott-nord":{"id":3343,"name":"Nouakchott-Nord","state_code":"14","latitude":"18.11302050","longitude":"-15.89949560","type":"region","cities":{"dar-naim":{"id":150085,"name":"Dar-Naim","latitude":"18.03333333","longitude":"-15.96666667"},"teyarett":{"id":150086,"name":"Teyarett","latitude":"18.12895720","longitude":"-15.93778340"},"toujouonine":{"id":150087,"name":"Toujouonine","latitude":"18.07169000","longitude":"-15.90311000"}}},"nouakchott-ouest":{"id":3352,"name":"Nouakchott-Ouest","state_code":"13","latitude":"18.15113570","longitude":"-15.99349100","type":"region","cities":{"ksar":{"id":150082,"name":"Ksar","latitude":"18.10222222","longitude":"-15.95500000"},"sebkha":{"id":150083,"name":"Sebkha","latitude":"18.07555556","longitude":"-16.00194444"},"tevragh-zeina":{"id":150084,"name":"Tevragh-Zeina","latitude":"18.11011000","longitude":"-15.99931000"}}},"nouakchott-sud":{"id":3347,"name":"Nouakchott-Sud","state_code":"15","latitude":"17.97092880","longitude":"-15.94648740","type":"region","cities":{"arafat":{"id":150088,"name":"Arafat","latitude":"18.04639000","longitude":"-15.97194000"},"riyad":{"id":150089,"name":"Riyad","latitude":"18.10222222","longitude":"-15.95500000"}}},"tagant":{"id":3345,"name":"Tagant","state_code":"09","latitude":"18.54675270","longitude":"-9.90181310","type":"region"},"tiriszemmour":{"id":3340,"name":"Tiris Zemmour","state_code":"11","latitude":"24.57737640","longitude":"-9.90181310","type":"region","cities":{"ainbentili":{"id":150078,"name":"Ain Ben Tili","latitude":"25.99444444","longitude":"-9.55333333"},"chegga":{"id":150079,"name":"Chegga","latitude":"25.37194444","longitude":"-5.78666667"},"fder\u00eeck":{"id":150080,"name":"Fder\u00eeck","latitude":"22.67777778","longitude":"-12.70750000"},"zou\u00e9rat":{"id":150081,"name":"Zou\u00e9rat","latitude":"22.73444444","longitude":"-12.47250000"},"zouerate":{"id":67756,"name":"Zouerate","latitude":"22.73542000","longitude":"-12.47134000"}}},"trarza":{"id":3348,"name":"Trarza","state_code":"06","latitude":"17.86649640","longitude":"-14.65878210","type":"region","cities":{"legat":{"id":150073,"name":"Legat","latitude":"16.75000000","longitude":"-14.83333333"},"rosso":{"id":67753,"name":"Rosso","latitude":"16.51378000","longitude":"-15.80503000"},"t\u00e9kane":{"id":67755,"name":"T\u00e9kane","latitude":"16.60175000","longitude":"-15.34866000"}}}}}