{"id":70,"name":"Ethiopia","iso3":"ETH","iso2":"ET","numeric_code":"231","phone_code":"251","capital":"Addis Ababa","currency":"ETB","currency_name":"Ethiopian birr","currency_symbol":"Nkf","tld":".et","native":"\u12a2\u1275\u12ee\u1335\u12eb","region":"Africa","region_id":"1","subregion":"Eastern Africa","subregion_id":"4","nationality":"Ethiopian","timezones":[{"zoneName":"Africa/Addis_Ababa","gmtOffset":10800,"gmtOffsetName":"UTC+03:00","abbreviation":"EAT","tzName":"East Africa Time"}],"translations":{"kr":"\uc5d0\ud2f0\uc624\ud53c\uc544","pt-BR":"Eti\u00f3pia","pt":"Eti\u00f3pia","nl":"Ethiopi\u00eb","hr":"Etiopija","fa":"\u0627\u062a\u06cc\u0648\u067e\u06cc","de":"\u00c4thiopien","es":"Etiop\u00eda","fr":"\u00c9thiopie","ja":"\u30a8\u30c1\u30aa\u30d4\u30a2","it":"Etiopia","cn":"\u57c3\u585e\u4fc4\u6bd4\u4e9a","tr":"Etiyopya"},"latitude":"8.00000000","longitude":"38.00000000","emoji":"\ud83c\uddea\ud83c\uddf9","emojiU":"U+1F1EA U+1F1F9","states":{"addisababa":{"id":11,"name":"Addis Ababa","state_code":"AA","latitude":"8.98060340","longitude":"38.75776050","type":null,"cities":{"addisababa":{"id":38587,"name":"Addis Ababa","latitude":"9.02497000","longitude":"38.74689000"}}},"afarregion":{"id":6,"name":"Afar Region","state_code":"AF","latitude":"11.75593880","longitude":"40.95868800","type":null,"cities":{"administrativezone2":{"id":38589,"name":"Administrative Zone 2","latitude":"13.68513000","longitude":"40.05615000"},"administrativezone3":{"id":38590,"name":"Administrative Zone 3","latitude":"10.00902000","longitude":"40.47394000"},"asaita":{"id":38595,"name":"Asaita","latitude":"11.56838000","longitude":"41.43869000"},"\u0100wash":{"id":38729,"name":"\u0100wash","latitude":"8.98333000","longitude":"40.16667000"},"dubti":{"id":38624,"name":"Dubti","latitude":"11.73292000","longitude":"41.08200000"},"gewan\u0113":{"id":38637,"name":"Gewan\u0113","latitude":"10.16658000","longitude":"40.64689000"},"semera":{"id":38691,"name":"Semera","latitude":"11.79342000","longitude":"41.00578000"}}},"amhararegion":{"id":3,"name":"Amhara Region","state_code":"AM","latitude":"11.34942470","longitude":"37.97845850","type":null,"cities":{"abomsa":{"id":38585,"name":"Abomsa","latitude":"9.98333000","longitude":"39.98333000"},"addietcanna":{"id":38586,"name":"Addiet Canna","latitude":"11.26667000","longitude":"37.48333000"},"\u0100d\u012bszemen":{"id":38722,"name":"\u0100d\u012bs Zemen","latitude":"12.11667000","longitude":"37.78333000"},"bahirdar":{"id":38598,"name":"Bahir Dar","latitude":"11.59364000","longitude":"37.39077000"},"bat\u012b":{"id":38600,"name":"Bat\u012b","latitude":"11.19152000","longitude":"40.01675000"},"bichena":{"id":38604,"name":"Bichena","latitude":"10.45000000","longitude":"38.20000000"},"bur\u0113":{"id":38608,"name":"Bur\u0113","latitude":"10.70000000","longitude":"37.06667000"},"dabat":{"id":38610,"name":"Dabat","latitude":"12.98417000","longitude":"37.76500000"},"debark\u2019":{"id":38611,"name":"Debark\u2019","latitude":"13.15611000","longitude":"37.89806000"},"debrebirhan":{"id":38612,"name":"Debre Birhan","latitude":"9.67954000","longitude":"39.53262000"},"debremark\u2019os":{"id":38613,"name":"Debre Mark\u2019os","latitude":"10.35000000","longitude":"37.73333000"},"debres\u012bna":{"id":38614,"name":"Debre S\u012bna","latitude":"9.84752000","longitude":"39.76027000"},"debretabor":{"id":38615,"name":"Debre Tabor","latitude":"11.85000000","longitude":"38.01667000"},"debrewerk\u2019":{"id":38616,"name":"Debre Werk\u2019","latitude":"10.66667000","longitude":"38.16667000"},"dejen":{"id":38619,"name":"Dejen","latitude":"10.16667000","longitude":"38.13333000"},"des\u0113":{"id":38621,"name":"Des\u0113","latitude":"11.13333000","longitude":"39.63333000"},"finoteselam":{"id":38631,"name":"Finote Selam","latitude":"10.70000000","longitude":"37.26667000"},"gondar":{"id":38642,"name":"Gondar","latitude":"12.60000000","longitude":"37.46667000"},"kemis\u0113":{"id":38664,"name":"Kemis\u0113","latitude":"10.71668000","longitude":"39.86997000"},"kombolcha":{"id":38667,"name":"Kombolcha","latitude":"11.08155000","longitude":"39.74339000"},"lal\u012bbela":{"id":38671,"name":"Lal\u012bbela","latitude":"12.03219000","longitude":"39.04756000"},"northshewazone":{"id":38686,"name":"North Shewa Zone","latitude":"9.76900000","longitude":"39.66800000"},"northwollozone":{"id":38688,"name":"North Wollo Zone","latitude":"11.92000000","longitude":"39.10000000"},"rob\u012bt":{"id":38689,"name":"Rob\u012bt","latitude":"12.01667000","longitude":"39.63333000"},"southgondarzone":{"id":38701,"name":"South Gondar Zone","latitude":"11.83850000","longitude":"38.09954000"},"southwollozone":{"id":38702,"name":"South Wollo Zone","latitude":"11.00000000","longitude":"39.25000000"},"waghemrazone":{"id":38708,"name":"Wag Hemra Zone","latitude":"12.76500000","longitude":"38.84300000"},"were\u012alu":{"id":38712,"name":"Were \u012alu","latitude":"10.58964000","longitude":"39.43767000"},"werota":{"id":38713,"name":"Werota","latitude":"11.91667000","longitude":"37.70000000"}}},"benishangul-gumuzregion":{"id":9,"name":"Benishangul-Gumuz Region","state_code":"BE","latitude":"10.78028890","longitude":"35.56578620","type":null,"cities":{"asosa":{"id":38596,"name":"Asosa","latitude":"10.00000000","longitude":"34.50000000"},"metekel":{"id":38679,"name":"Metekel","latitude":"10.42673000","longitude":"35.71975000"}}},"diredawa":{"id":8,"name":"Dire Dawa","state_code":"DD","latitude":"9.60087470","longitude":"41.85014200","type":null,"cities":{"diredawa":{"id":38622,"name":"Dire Dawa","latitude":"9.59306000","longitude":"41.86611000"}}},"gambelaregion":{"id":10,"name":"Gambela Region","state_code":"GA","latitude":"7.92196870","longitude":"34.15319470","type":null,"cities":{"administrativezone1":{"id":38588,"name":"Administrative Zone 1","latitude":"8.14699000","longitude":"33.97335000"},"gamb\u0113la":{"id":38632,"name":"Gamb\u0113la","latitude":"8.25000000","longitude":"34.58333000"}}},"harariregion":{"id":7,"name":"Harari Region","state_code":"HA","latitude":"9.31486600","longitude":"42.19677160","type":null,"cities":{"harar":{"id":38650,"name":"Harar","latitude":"9.31387000","longitude":"42.11815000"}}},"oromiaregion":{"id":5,"name":"Oromia Region","state_code":"OR","latitude":"7.54603770","longitude":"40.63468510","type":null,"cities":{"\u0100d\u012bs\u2018alem":{"id":38723,"name":"\u0100d\u012bs \u2018Alem","latitude":"9.03333000","longitude":"38.40000000"},"\u0100garo":{"id":38724,"name":"\u0100garo","latitude":"7.85000000","longitude":"36.65000000"},"arsizone":{"id":38594,"name":"Arsi Zone","latitude":"7.50000000","longitude":"39.50000000"},"\u0100sasa":{"id":38726,"name":"\u0100sasa","latitude":"7.10000000","longitude":"39.20000000"},"\u0100sbetefer\u012b":{"id":38727,"name":"\u0100sbe Tefer\u012b","latitude":"9.08569000","longitude":"40.86708000"},"bedel\u0113":{"id":38601,"name":"Bedel\u0113","latitude":"8.45600000","longitude":"36.35302000"},"bed\u0113sa":{"id":38602,"name":"Bed\u0113sa","latitude":"8.90000000","longitude":"40.78333000"},"bishoftu":{"id":38605,"name":"Bishoftu","latitude":"8.75225000","longitude":"38.97846000"},"deder":{"id":38617,"name":"Deder","latitude":"9.31168000","longitude":"41.44301000"},"demb\u012bdolo":{"id":38620,"name":"Demb\u012b Dolo","latitude":"8.53333000","longitude":"34.80000000"},"dodola":{"id":38623,"name":"Dodola","latitude":"6.98333000","longitude":"39.18333000"},"eastharerghezone":{"id":38626,"name":"East Harerghe Zone","latitude":"8.70114000","longitude":"42.00241000"},"eastshewazone":{"id":38627,"name":"East Shewa Zone","latitude":"8.21353000","longitude":"38.84809000"},"eastwellegazone":{"id":38628,"name":"East Wellega Zone","latitude":"9.51928000","longitude":"36.75762000"},"fich\u0113":{"id":38630,"name":"Fich\u0113","latitude":"9.80000000","longitude":"38.73333000"},"gebreguracha":{"id":38633,"name":"Gebre Guracha","latitude":"9.80000000","longitude":"38.40000000"},"g\u0113do":{"id":38646,"name":"G\u0113do","latitude":"9.01667000","longitude":"37.45000000"},"gelemso":{"id":38635,"name":"Gelemso","latitude":"8.81667000","longitude":"40.51667000"},"genet":{"id":38636,"name":"Genet","latitude":"9.06667000","longitude":"38.50000000"},"gimbi":{"id":38638,"name":"Gimbi","latitude":"9.17031000","longitude":"35.83491000"},"ginir":{"id":38639,"name":"Ginir","latitude":"7.13952000","longitude":"40.71083000"},"goba":{"id":38640,"name":"Goba","latitude":"7.01667000","longitude":"39.98333000"},"gor\u0113":{"id":38643,"name":"Gor\u0113","latitude":"8.15000000","longitude":"35.53333000"},"gujizone":{"id":38644,"name":"Guji Zone","latitude":"5.58800000","longitude":"39.06700000"},"h\u0101gerehiywet":{"id":38654,"name":"H\u0101gere Hiywet","latitude":"8.98333000","longitude":"37.85000000"},"hageremaryam":{"id":38649,"name":"Hagere Maryam","latitude":"5.63418000","longitude":"38.23603000"},"h\u012brna":{"id":38656,"name":"H\u012brna","latitude":"9.21667000","longitude":"41.10000000"},"huruta":{"id":38653,"name":"Huruta","latitude":"8.15000000","longitude":"39.35000000"},"illubaborzone":{"id":38657,"name":"Illubabor Zone","latitude":"8.27526000","longitude":"35.75596000"},"jimma":{"id":38660,"name":"Jimma","latitude":"7.67344000","longitude":"36.83441000"},"jimmazone":{"id":38661,"name":"Jimma Zone","latitude":"7.66667000","longitude":"37.00000000"},"kibremengist":{"id":38665,"name":"Kibre Mengist","latitude":"5.88333000","longitude":"38.98333000"},"kofel\u0113":{"id":38666,"name":"Kofel\u0113","latitude":"7.06667000","longitude":"38.78333000"},"m\u0113ga":{"id":38682,"name":"M\u0113ga","latitude":"4.05000000","longitude":"38.30000000"},"mend\u012b":{"id":38677,"name":"Mend\u012b","latitude":"9.80000000","longitude":"35.10000000"},"metah\u0101ra":{"id":38678,"name":"Metah\u0101ra","latitude":"8.90000000","longitude":"39.91667000"},"metu":{"id":38680,"name":"Metu","latitude":"8.30000000","longitude":"35.58333000"},"mojo":{"id":38681,"name":"Mojo","latitude":"8.58679000","longitude":"39.12111000"},"nazr\u0113t":{"id":38684,"name":"Nazr\u0113t","latitude":"8.55000000","longitude":"39.26667000"},"nejo":{"id":38685,"name":"Nejo","latitude":"9.50000000","longitude":"35.50000000"},"northshewazone":{"id":38687,"name":"North Shewa Zone","latitude":"9.66915000","longitude":"38.81240000"},"sebeta":{"id":38690,"name":"Sebeta","latitude":"8.91667000","longitude":"38.61667000"},"sendafa":{"id":38692,"name":"Sendafa","latitude":"9.15203000","longitude":"39.02335000"},"shakiso":{"id":38693,"name":"Shakiso","latitude":"5.76494000","longitude":"38.91006000"},"shambu":{"id":38694,"name":"Shambu","latitude":"9.56667000","longitude":"37.10000000"},"shashemen\u0113":{"id":38695,"name":"Shashemen\u0113","latitude":"7.20000000","longitude":"38.60000000"},"sirre":{"id":38699,"name":"Sirre","latitude":"8.31667000","longitude":"39.48333000"},"tulubolo":{"id":38706,"name":"Tulu Bolo","latitude":"8.66667000","longitude":"38.21667000"},"waliso":{"id":38709,"name":"Waliso","latitude":"8.53417000","longitude":"37.96515000"},"wenj\u012b":{"id":38711,"name":"Wenj\u012b","latitude":"8.45000000","longitude":"39.28333000"},"westharerghezone":{"id":38714,"name":"West Harerghe Zone","latitude":"8.67245000","longitude":"40.84885000"},"westwellegazone":{"id":38715,"name":"West Wellega Zone","latitude":"9.17283000","longitude":"35.05279000"},"yab\u0113lo":{"id":38717,"name":"Yab\u0113lo","latitude":"4.88333000","longitude":"38.08333000"},"ziway":{"id":38720,"name":"Ziway","latitude":"7.93333000","longitude":"38.71667000"}}},"somaliregion":{"id":2,"name":"Somali Region","state_code":"SO","latitude":"6.66122930","longitude":"43.79084530","type":null,"cities":{"afderzone":{"id":38591,"name":"Afder Zone","latitude":"5.25000000","longitude":"43.00000000"},"degehaburzone":{"id":38618,"name":"Degehabur Zone","latitude":"8.25000000","longitude":"43.75000000"},"godezone":{"id":38641,"name":"Gode Zone","latitude":"6.00000000","longitude":"43.75000000"},"jijiga":{"id":38659,"name":"Jijiga","latitude":"9.35000000","longitude":"42.80000000"},"libenzone":{"id":38673,"name":"Liben zone","latitude":"4.75000000","longitude":"40.50000000"},"shinilezone":{"id":38697,"name":"Shinile Zone","latitude":"10.17097000","longitude":"41.83748000"}}},"southernnations,nationalities,andpeoples\u0027region":{"id":1,"name":"Southern Nations, Nationalities, and Peoples\u0027 Region","state_code":"SN","latitude":"6.51569110","longitude":"36.95410700","type":null,"cities":{"alabaspecialwereda":{"id":38592,"name":"Alaba Special Wereda","latitude":"7.45347000","longitude":"38.21189000"},"arbaminch":{"id":38593,"name":"Arba Minch","latitude":"6.03333000","longitude":"37.55000000"},"\u0100reka":{"id":38725,"name":"\u0100reka","latitude":"7.06667000","longitude":"37.70000000"},"bako":{"id":38599,"name":"Bako","latitude":"5.78333000","longitude":"36.56667000"},"benchmajizone":{"id":38603,"name":"Bench Maji Zone","latitude":"6.45994000","longitude":"35.30549000"},"bod\u012bt\u012b":{"id":38606,"name":"Bod\u012bt\u012b","latitude":"6.96667000","longitude":"37.86667000"},"bonga":{"id":38607,"name":"Bonga","latitude":"7.28333000","longitude":"36.23333000"},"butaj\u012bra":{"id":38609,"name":"Butaj\u012bra","latitude":"8.11667000","longitude":"38.36667000"},"d\u012bla":{"id":38625,"name":"D\u012bla","latitude":"6.41667000","longitude":"38.31667000"},"felegeneway":{"id":38629,"name":"Felege Neway","latitude":"6.30000000","longitude":"36.88333000"},"gedeozone":{"id":38634,"name":"Gedeo Zone","latitude":"6.12727000","longitude":"38.27716000"},"g\u012bdol\u0113":{"id":38647,"name":"G\u012bdol\u0113","latitude":"5.65000000","longitude":"37.36667000"},"guraghezone":{"id":38645,"name":"Guraghe Zone","latitude":"8.25000000","longitude":"38.00000000"},"hadiyazone":{"id":38648,"name":"Hadiya Zone","latitude":"7.50000000","longitude":"37.75000000"},"h\u0101gereselam":{"id":38655,"name":"H\u0101gere Selam","latitude":"6.48333000","longitude":"38.51667000"},"hawassa":{"id":38651,"name":"Hawassa","latitude":"7.06205000","longitude":"38.47635000"},"hosa\u2019ina":{"id":38652,"name":"Hosa\u2019ina","latitude":"7.54978000","longitude":"37.85374000"},"jinka":{"id":38662,"name":"Jinka","latitude":"5.65000000","longitude":"36.65000000"},"k\u2019ol\u012bto":{"id":38670,"name":"K\u2019ol\u012bto","latitude":"7.31667000","longitude":"38.08333000"},"kembataalabatembarozone":{"id":38663,"name":"Kembata Alaba Tembaro Zone","latitude":"7.27039000","longitude":"37.77887000"},"konso":{"id":38668,"name":"Konso","latitude":"5.25000000","longitude":"37.48333000"},"leku":{"id":38672,"name":"Leku","latitude":"6.87309000","longitude":"38.44425000"},"lobuni":{"id":38674,"name":"Lobuni","latitude":"4.83333000","longitude":"36.10000000"},"m\u012bzantefer\u012b":{"id":38683,"name":"M\u012bzan Tefer\u012b","latitude":"6.99865000","longitude":"35.58879000"},"shekazone":{"id":38696,"name":"Sheka Zone","latitude":"7.56166000","longitude":"35.40174000"},"sidamazone":{"id":38698,"name":"Sidama Zone","latitude":"6.71800000","longitude":"38.44800000"},"sodo":{"id":38700,"name":"Sodo","latitude":"6.86000000","longitude":"37.76159000"},"tippi":{"id":38705,"name":"Tippi","latitude":"7.20000000","longitude":"35.45000000"},"turmi":{"id":38707,"name":"Turmi","latitude":"4.96667000","longitude":"36.48333000"},"wendo":{"id":38710,"name":"Wendo","latitude":"6.60000000","longitude":"38.41667000"},"wolayitazone":{"id":38716,"name":"Wolayita Zone","latitude":"6.84312000","longitude":"37.70051000"},"yem":{"id":38718,"name":"Yem","latitude":"7.83333000","longitude":"37.50000000"},"yirga\u2018alem":{"id":38719,"name":"Yirga \u2018Alem","latitude":"6.75000000","longitude":"38.41667000"}}},"tigrayregion":{"id":4,"name":"Tigray Region","state_code":"TI","latitude":"14.03233360","longitude":"38.31657250","type":null,"cities":{"\u0100d\u012bgrat":{"id":38721,"name":"\u0100d\u012bgrat","latitude":"14.27700000","longitude":"39.46200000"},"axum":{"id":38597,"name":"Axum","latitude":"14.12109000","longitude":"38.72337000"},"indasilas\u0113":{"id":38658,"name":"Inda Silas\u0113","latitude":"14.10307000","longitude":"38.28289000"},"korem":{"id":38669,"name":"Korem","latitude":"12.50583000","longitude":"39.52278000"},"maych\u2019ew":{"id":38675,"name":"Maych\u2019ew","latitude":"12.78750000","longitude":"39.54222000"},"mek\u0027ele":{"id":38676,"name":"Mek\u0027ele","latitude":"13.49667000","longitude":"39.47528000"},"southeasterntigrayzone":{"id":38703,"name":"Southeastern Tigray Zone","latitude":"13.24797000","longitude":"39.53156000"},"southerntigrayzone":{"id":38704,"name":"Southern Tigray Zone","latitude":"12.96033000","longitude":"39.52831000"}}}}}