{"id":180,"name":"Reunion","iso3":"REU","iso2":"RE","numeric_code":"638","phone_code":"262","capital":"Saint-Denis","currency":"EUR","currency_name":"Euro","currency_symbol":"\u20ac","tld":".re","native":"La R\u00e9union","region":"Africa","region_id":"1","subregion":"Eastern Africa","subregion_id":"4","nationality":"Reunionese, Reunionnais","timezones":[{"zoneName":"Indian/Reunion","gmtOffset":14400,"gmtOffsetName":"UTC+04:00","abbreviation":"RET","tzName":"R\u00e9union Time"}],"translations":{"kr":"\ub808\uc704\ub2c8\uc639","pt-BR":"Reuni\u00e3o","pt":"Reuni\u00e3o","nl":"R\u00e9union","hr":"R\u00e9union","fa":"\u0631\u0626\u0648\u0646\u06cc\u0648\u0646","de":"R\u00e9union","es":"Reuni\u00f3n","fr":"R\u00e9union","ja":"\u30ec\u30e6\u30cb\u30aa\u30f3","it":"Riunione","cn":"\u7559\u5c3c\u6c6a\u5c9b","tr":"R\u00e9union"},"latitude":"-21.15000000","longitude":"55.50000000","emoji":"\ud83c\uddf7\ud83c\uddea","emojiU":"U+1F1F7 U+1F1EA"}