{"id":180,"name":"Reunion","iso3":"REU","iso2":"RE","numeric_code":"638","phonecode":"262","capital":"Saint-Denis","currency":"EUR","currency_name":"Euro","currency_symbol":"\u20ac","tld":".re","native":"La R\u00e9union","region":"Africa","region_id":1,"subregion":"Eastern Africa","subregion_id":4,"nationality":"Reunionese, Reunionnais","timezones":[{"zoneName":"Indian/Reunion","gmtOffset":14400,"gmtOffsetName":"UTC+04:00","abbreviation":"RET","tzName":"R\u00e9union Time"}],"translations":{"ko":"\ub808\uc704\ub2c8\uc639","pt-BR":"Reuni\u00e3o","pt":"Reuni\u00e3o","nl":"R\u00e9union","hr":"R\u00e9union","fa":"\u0631\u0626\u0648\u0646\u06cc\u0648\u0646","de":"R\u00e9union","es":"Reuni\u00f3n","fr":"R\u00e9union","ja":"\u30ec\u30e6\u30cb\u30aa\u30f3","it":"Riunione","zh-CN":"\u7559\u5c3c\u6c6a\u5c9b","tr":"R\u00e9union","ru":"\u0412\u043e\u0441\u0441\u043e\u0435\u0434\u0438\u043d\u0435\u043d\u0438\u0435","uk":"\u0412\u043e\u0437\u0437\u0027\u0454\u0434\u043d\u0430\u043d\u043d\u044f","pl":"Reunion"},"latitude":"-21.15000000","longitude":"55.50000000","emoji":"\ud83c\uddf7\ud83c\uddea","emojiU":"U+1F1F7 U+1F1EA","states":{"saint-beno\u00eet":{"id":5436,"name":"Saint-Beno\u00eet","state_code":"01","latitude":"-21.08100290","longitude":"55.31052890","type":"district","cities":{"bras-panon":{"id":155014,"name":"Bras-Panon","latitude":"-21.03158160","longitude":"55.54416340"},"laplaine-des-palmistes":{"id":155015,"name":"La Plaine-des-Palmistes","latitude":"-21.15295070","longitude":"55.56180140"},"saint-andr\u00e9":{"id":155016,"name":"Saint-Andr\u00e9","latitude":"-20.95677270","longitude":"55.55486740"},"saint-beno\u00eet":{"id":155017,"name":"Saint-Beno\u00eet","latitude":"-21.08859460","longitude":"55.46640760"},"sainte-rose":{"id":155018,"name":"Sainte-Rose","latitude":"-21.17782890","longitude":"55.65939810"},"salazie":{"id":155019,"name":"Salazie","latitude":"-21.05240970","longitude":"55.43213370"}}},"saint-denis":{"id":5437,"name":"Saint-Denis","state_code":"02","latitude":"-20.94334700","longitude":"55.34628380","type":"district","cities":{"saint-denis":{"id":155020,"name":"Saint-Denis","latitude":"-20.96456720","longitude":"55.41835300"},"sainte-marie":{"id":155021,"name":"Sainte-Marie","latitude":"-20.94628420","longitude":"55.44095870"},"sainte-suzanne":{"id":155022,"name":"Sainte-Suzanne","latitude":"-20.95063790","longitude":"55.51114750"}}},"saint-paul":{"id":5438,"name":"Saint-Paul","state_code":"03","latitude":"-21.07249890","longitude":"55.17584580","type":"district","cities":{"lapossession":{"id":155024,"name":"La Possession","latitude":"-20.99667150","longitude":"55.30941960"},"leport":{"id":155023,"name":"Le Port","latitude":"-20.94599810","longitude":"55.26258390"},"lestrois-bassins":{"id":155027,"name":"Les Trois-Bassins","latitude":"-21.11380650","longitude":"55.25534670"},"saint-leu":{"id":155025,"name":"Saint-Leu","latitude":"-21.18153740","longitude":"55.26075530"},"saint-paul":{"id":155026,"name":"Saint-Paul","latitude":"-21.03656340","longitude":"55.17542230"}}},"saint-pierre":{"id":5439,"name":"Saint-Pierre","state_code":"04","latitude":"-21.23731130","longitude":"55.23495980","type":"district","cities":{"cilaos":{"id":155029,"name":"Cilaos","latitude":"-21.14026750","longitude":"55.37314150"},"entre-deux":{"id":155030,"name":"Entre-Deux","latitude":"-21.21073870","longitude":"55.41125940"},"l\u0027\u00c9tang-sal\u00e9":{"id":155031,"name":"L\u0027\u00c9tang-Sal\u00e9","latitude":"-21.23474080","longitude":"55.31636860"},"letampon":{"id":155037,"name":"Le Tampon","latitude":"-21.22500920","longitude":"55.48765410"},"lesavirons":{"id":155028,"name":"Les Avirons","latitude":"-21.20186830","longitude":"55.32166090"},"petite-\u00cele":{"id":155032,"name":"Petite-\u00cele","latitude":"-21.33296780","longitude":"55.52942050"},"saint-joseph":{"id":155033,"name":"Saint-Joseph","latitude":"-21.29211860","longitude":"55.56161730"},"saint-louis":{"id":155034,"name":"Saint-Louis","latitude":"-21.22548290","longitude":"55.34004400"},"saint-philippe":{"id":155035,"name":"Saint-Philippe","latitude":"-21.30837500","longitude":"55.66118340"},"saint-pierre":{"id":155036,"name":"Saint-Pierre","latitude":"-21.30893030","longitude":"55.33953130"}}}}}