{"id":79,"name":"Gabon","iso3":"GAB","iso2":"GA","numeric_code":"266","phone_code":"241","capital":"Libreville","currency":"XAF","currency_name":"Central African CFA franc","currency_symbol":"FCFA","tld":".ga","native":"Gabon","region":"Africa","region_id":"1","subregion":"Middle Africa","subregion_id":"2","nationality":"Gabonese","timezones":[{"zoneName":"Africa/Libreville","gmtOffset":3600,"gmtOffsetName":"UTC+01:00","abbreviation":"WAT","tzName":"West Africa Time"}],"translations":{"kr":"\uac00\ubd09","pt-BR":"Gab\u00e3o","pt":"Gab\u00e3o","nl":"Gabon","hr":"Gabon","fa":"\u06af\u0627\u0628\u0646","de":"Gabun","es":"Gab\u00f3n","fr":"Gabon","ja":"\u30ac\u30dc\u30f3","it":"Gabon","cn":"\u52a0\u84ec","tr":"Gabon","ru":"\u0413\u0430\u0431\u043e\u043d","uk":"\u0413\u0430\u0431\u043e\u043d","pl":"Gabon"},"latitude":"-1.00000000","longitude":"11.75000000","emoji":"\ud83c\uddec\ud83c\udde6","emojiU":"U+1F1EC U+1F1E6","states":{"estuaireprovince":{"id":2727,"name":"Estuaire Province","state_code":"1","latitude":"0.44328640","longitude":"10.08072980","type":null,"cities":{"cocobeach":{"id":48131,"name":"Cocobeach","latitude":"1.00019000","longitude":"9.58229000"},"libreville":{"id":48138,"name":"Libreville","latitude":"0.39241000","longitude":"9.45356000"},"ntoum":{"id":48150,"name":"Ntoum","latitude":"0.39051000","longitude":"9.76096000"}}},"haut-ogoou\u00e9province":{"id":2726,"name":"Haut-Ogoou\u00e9 Province","state_code":"2","latitude":"-1.47625440","longitude":"13.91439900","type":null,"cities":{"franceville":{"id":48133,"name":"Franceville","latitude":"-1.63333000","longitude":"13.58357000"},"l\u00e9koni":{"id":48139,"name":"L\u00e9koni","latitude":"-1.58431000","longitude":"14.25905000"},"moanda":{"id":48145,"name":"Moanda","latitude":"-1.56652000","longitude":"13.19870000"},"mounana":{"id":48147,"name":"Mounana","latitude":"-1.40850000","longitude":"13.15857000"},"okondja":{"id":48151,"name":"Okondja","latitude":"-0.65487000","longitude":"13.67533000"}}},"moyen-ogoou\u00e9province":{"id":2730,"name":"Moyen-Ogoou\u00e9 Province","state_code":"3","latitude":"-0.44278400","longitude":"10.43965600","type":null,"cities":{"lambar\u00e9n\u00e9":{"id":48136,"name":"Lambar\u00e9n\u00e9","latitude":"-0.70010000","longitude":"10.24055000"},"ndjol\u00e9":{"id":48149,"name":"Ndjol\u00e9","latitude":"-0.17827000","longitude":"10.76488000"}}},"ngouni\u00e9province":{"id":2731,"name":"Ngouni\u00e9 Province","state_code":"4","latitude":"-1.49303030","longitude":"10.98070030","type":null,"cities":{"fougamou":{"id":48132,"name":"Fougamou","latitude":"-1.21544000","longitude":"10.58378000"},"mbigou":{"id":48142,"name":"Mbigou","latitude":"-1.90046000","longitude":"11.90600000"},"mimongo":{"id":48143,"name":"Mimongo","latitude":"-1.61952000","longitude":"11.60675000"},"mouila":{"id":48146,"name":"Mouila","latitude":"-1.86846000","longitude":"11.05594000"},"ndend\u00e9":{"id":48148,"name":"Ndend\u00e9","latitude":"-2.40077000","longitude":"11.35813000"}}},"nyangaprovince":{"id":2725,"name":"Nyanga Province","state_code":"5","latitude":"-2.88210330","longitude":"11.16173560","type":null,"cities":{"mayumba":{"id":48141,"name":"Mayumba","latitude":"-3.43198000","longitude":"10.65540000"},"tchibanga":{"id":48155,"name":"Tchibanga","latitude":"-2.93323000","longitude":"10.98178000"}}},"ogoou\u00e9-ivindoprovince":{"id":2724,"name":"Ogoou\u00e9-Ivindo Province","state_code":"6","latitude":"0.88183110","longitude":"13.17403480","type":null,"cities":{"boou\u00e9":{"id":48130,"name":"Boou\u00e9","latitude":"-0.09207000","longitude":"11.93846000"},"makokou":{"id":48140,"name":"Makokou","latitude":"0.57381000","longitude":"12.86419000"},"zadie":{"id":48156,"name":"Zadie","latitude":"0.92582000","longitude":"13.90813000"}}},"ogoou\u00e9-loloprovince":{"id":2729,"name":"Ogoou\u00e9-Lolo Province","state_code":"7","latitude":"-0.88440930","longitude":"12.43805810","type":null,"cities":{"koulamoutou":{"id":48135,"name":"Koulamoutou","latitude":"-1.13667000","longitude":"12.46399000"},"lastoursville":{"id":48137,"name":"Lastoursville","latitude":"-0.81742000","longitude":"12.70818000"}}},"ogoou\u00e9-maritimeprovince":{"id":2728,"name":"Ogoou\u00e9-Maritime Province","state_code":"8","latitude":"-1.34659750","longitude":"9.72326730","type":null,"cities":{"gamba":{"id":48134,"name":"Gamba","latitude":"-2.65000000","longitude":"10.00000000"},"ombou\u00e9":{"id":48152,"name":"Ombou\u00e9","latitude":"-1.57464000","longitude":"9.26184000"},"port-gentil":{"id":48154,"name":"Port-Gentil","latitude":"-0.71933000","longitude":"8.78151000"}}},"woleu-ntemprovince":{"id":2723,"name":"Woleu-Ntem Province","state_code":"9","latitude":"2.29898270","longitude":"11.44669140","type":null,"cities":{"bitam":{"id":48129,"name":"Bitam","latitude":"2.07597000","longitude":"11.50065000"},"mitzic":{"id":48144,"name":"Mitzic","latitude":"0.78205000","longitude":"11.54904000"},"oyem":{"id":48153,"name":"Oyem","latitude":"1.59950000","longitude":"11.57933000"}}}}}