{"id":212,"name":"Eswatini","iso3":"SWZ","iso2":"SZ","numeric_code":"748","phonecode":"268","capital":"Mbabane","currency":"SZL","currency_name":"Lilangeni","currency_symbol":"E","tld":".sz","native":"Swaziland","region":"Africa","region_id":1,"subregion":"Southern Africa","subregion_id":5,"nationality":"Swazi","timezones":[{"zoneName":"Africa/Mbabane","gmtOffset":7200,"gmtOffsetName":"UTC+02:00","abbreviation":"SAST","tzName":"South African Standard Time"}],"translations":{"ko":"\uc5d0\uc2a4\uc640\ud2f0\ub2c8","pt-BR":"Suazil\u00e2ndia","pt":"Suazil\u00e2ndia","nl":"Swaziland","hr":"Svazi","fa":"\u0633\u0648\u0627\u0632\u06cc\u0644\u0646\u062f","de":"Swasiland","es":"Suazilandia","fr":"Swaziland","ja":"\u30b9\u30ef\u30b8\u30e9\u30f3\u30c9","it":"Swaziland","zh-CN":"\u65af\u5a01\u58eb\u5170","tr":"Esvatini","ru":"\u042d\u0441\u0432\u0430\u0442\u0438\u043d\u0438","uk":"\u0415\u0441\u0432\u0430\u0442\u0456\u043d\u0456","pl":"Eswatini"},"latitude":"-26.50000000","longitude":"31.50000000","emoji":"\ud83c\uddf8\ud83c\uddff","emojiU":"U+1F1F8 U+1F1FF","states":{"hhohho":{"id":969,"name":"Hhohho","state_code":"HH","latitude":"-26.13656620","longitude":"31.35416310","type":"region","cities":{"bulembu":{"id":105084,"name":"Bulembu","latitude":"-25.96667000","longitude":"31.13333000"},"hhukwini":{"id":105087,"name":"Hhukwini","latitude":"-26.31972000","longitude":"31.22222000"},"lobamba":{"id":105093,"name":"Lobamba","latitude":"-26.46667000","longitude":"31.20000000"},"mbabane":{"id":105099,"name":"Mbabane","latitude":"-26.31667000","longitude":"31.13333000"},"nkhaba":{"id":105105,"name":"Nkhaba","latitude":"-26.15728000","longitude":"31.16391000"},"piggspeak":{"id":105109,"name":"Piggs Peak","latitude":"-25.96082000","longitude":"31.24666000"}}},"lubombo":{"id":970,"name":"Lubombo","state_code":"LU","latitude":"-26.78517730","longitude":"31.81070790","type":"region","cities":{"bigbend":{"id":105083,"name":"Big Bend","latitude":"-26.81667000","longitude":"31.93333000"},"dvokodvweniinkhundla":{"id":105085,"name":"Dvokodvweni Inkhundla","latitude":"-26.45398000","longitude":"31.76456000"},"lomashasha":{"id":105094,"name":"Lomashasha","latitude":"-26.06644000","longitude":"32.00768000"},"mhlume":{"id":105101,"name":"Mhlume","latitude":"-26.03333000","longitude":"31.85000000"},"nsoko":{"id":105107,"name":"Nsoko","latitude":"-27.03333000","longitude":"31.95000000"},"siteki":{"id":105112,"name":"Siteki","latitude":"-26.45250000","longitude":"31.94722000"},"tshaneni":{"id":105113,"name":"Tshaneni","latitude":"-25.98333000","longitude":"31.71667000"},"vuvulane":{"id":105114,"name":"Vuvulane","latitude":"-26.07427000","longitude":"31.87672000"}}},"manzini":{"id":968,"name":"Manzini","state_code":"MA","latitude":"-26.50819990","longitude":"31.37131640","type":"region","cities":{"bhunya":{"id":105082,"name":"Bhunya","latitude":"-26.55000000","longitude":"31.01667000"},"ekukhanyeni":{"id":105086,"name":"Ekukhanyeni","latitude":"-26.38750000","longitude":"31.52806000"},"kwaluseni":{"id":105091,"name":"Kwaluseni","latitude":"-26.48333000","longitude":"31.33333000"},"malkerns":{"id":105095,"name":"Malkerns","latitude":"-26.56667000","longitude":"31.18333000"},"manzini":{"id":105096,"name":"Manzini","latitude":"-26.49884000","longitude":"31.38004000"},"manzinisouth":{"id":105097,"name":"Manzini South","latitude":"-26.48333000","longitude":"31.36667000"},"mhlambanyatsi":{"id":105100,"name":"Mhlambanyatsi","latitude":"-26.45000000","longitude":"31.01667000"},"ngwempisi":{"id":105103,"name":"Ngwempisi","latitude":"-26.69990000","longitude":"31.28876000"},"ntondozi":{"id":105108,"name":"Ntondozi","latitude":"-26.63500000","longitude":"31.22556000"},"sidvokodvo":{"id":105110,"name":"Sidvokodvo","latitude":"-26.62820000","longitude":"31.42021000"}}},"shiselweni":{"id":971,"name":"Shiselweni","state_code":"SH","latitude":"-26.98275770","longitude":"31.35416310","type":"region","cities":{"hlatikulu":{"id":105088,"name":"Hlatikulu","latitude":"-26.97917000","longitude":"31.32444000"},"hluti":{"id":105089,"name":"Hluti","latitude":"-27.21667000","longitude":"31.61667000"},"kubuta":{"id":105090,"name":"Kubuta","latitude":"-26.88333000","longitude":"31.48333000"},"lavumisa":{"id":105092,"name":"Lavumisa","latitude":"-27.31005000","longitude":"31.89198000"},"matsanjeni":{"id":105098,"name":"Matsanjeni","latitude":"-27.21585000","longitude":"31.72309000"},"ngudzeni":{"id":105102,"name":"Ngudzeni","latitude":"-27.03583000","longitude":"31.55111000"},"nhlangano":{"id":105104,"name":"Nhlangano","latitude":"-27.11222000","longitude":"31.19833000"},"nkwene":{"id":105106,"name":"Nkwene","latitude":"-26.89778000","longitude":"31.24972000"},"sigweinkhundla":{"id":105111,"name":"Sigwe Inkhundla","latitude":"-27.05821000","longitude":"31.64543000"},"zombodzeikhundla":{"id":105115,"name":"Zombodze Ikhundla","latitude":"-27.22746000","longitude":"31.33799000"}}}}}