{"id":86,"name":"Greenland","iso3":"GRL","iso2":"GL","numeric_code":"304","phonecode":"299","capital":"Nuuk","currency":"DKK","currency_name":"Danish krone","currency_symbol":"Kr.","tld":".gl","native":"Kalaallit Nunaat","region":"Americas","region_id":2,"subregion":"Northern America","subregion_id":6,"nationality":"Greenlandic","timezones":[{"zoneName":"America/Danmarkshavn","gmtOffset":0,"gmtOffsetName":"UTC\u00b100","abbreviation":"GMT","tzName":"Greenwich Mean Time"},{"zoneName":"America/Nuuk","gmtOffset":-10800,"gmtOffsetName":"UTC-03:00","abbreviation":"WGT","tzName":"West Greenland Time"},{"zoneName":"America/Scoresbysund","gmtOffset":-3600,"gmtOffsetName":"UTC-01:00","abbreviation":"EGT","tzName":"Eastern Greenland Time"},{"zoneName":"America/Thule","gmtOffset":-14400,"gmtOffsetName":"UTC-04:00","abbreviation":"AST","tzName":"Atlantic Standard Time"}],"translations":{"ko":"\uadf8\ub9b0\ub780\ub4dc","pt-BR":"Groel\u00e2ndia","pt":"Gronel\u00e2ndia","nl":"Groenland","hr":"Grenland","fa":"\u06af\u0631\u06cc\u0646\u0644\u0646\u062f","de":"Gr\u00f6nland","es":"Groenlandia","fr":"Groenland","ja":"\u30b0\u30ea\u30fc\u30f3\u30e9\u30f3\u30c9","it":"Groenlandia","zh-CN":"\u683c\u9675\u5170\u5c9b","tr":"Gr\u00f6nland","ru":"\u0413\u0440\u0435\u043d\u043b\u0430\u043d\u0434\u0438\u044f","uk":"\u0413\u0440\u0435\u043d\u043b\u0430\u043d\u0434\u0456\u044f","pl":"Grenlandia"},"latitude":"72.00000000","longitude":"-40.00000000","emoji":"\ud83c\uddec\ud83c\uddf1","emojiU":"U+1F1EC U+1F1F1","states":{"avannaata":{"id":5379,"name":"Avannaata","state_code":"AV","latitude":"74.10267430","longitude":"-78.98755600","type":"municipality","cities":{"ilulissat":{"id":154930,"name":"Ilulissat","latitude":"69.22794880","longitude":"-51.12805390"},"qaanaaq":{"id":154931,"name":"Qaanaaq","latitude":"77.46740090","longitude":"-69.24837110"},"upernavik":{"id":154933,"name":"Upernavik","latitude":"72.78686030","longitude":"-56.16236710"},"uummannaq":{"id":154932,"name":"Uummannaq","latitude":"70.67868970","longitude":"-52.14978240"}}},"kujalleq":{"id":5380,"name":"Kujalleq","state_code":"KU","latitude":"61.16666930","longitude":"-50.50997880","type":"municipality","cities":{"nanortalik":{"id":154934,"name":"Nanortalik","latitude":"60.14308250","longitude":"-45.25629050"},"narsaq":{"id":154935,"name":"Narsaq","latitude":"60.91140780","longitude":"-46.06857080"},"qaqortoq":{"id":154936,"name":"Qaqortoq","latitude":"60.71959600","longitude":"-46.05481630"}}},"qeqertalik":{"id":5381,"name":"Qeqertalik","state_code":"QT","latitude":"68.82495530","longitude":"-54.76224720","type":"municipality","cities":{"aasiaat":{"id":154937,"name":"Aasiaat","latitude":"68.70762800","longitude":"-52.89951360"},"kangaatsiaq":{"id":154938,"name":"Kangaatsiaq","latitude":"68.30818450","longitude":"-53.47685330"},"qasigiannguit":{"id":154939,"name":"Qasigiannguit","latitude":"68.81986320","longitude":"-51.20916370"},"qeqertarsuaq":{"id":154940,"name":"Qeqertarsuaq","latitude":"69.24430370","longitude":"-53.56440060"}}},"qeqqata":{"id":5382,"name":"Qeqqata","state_code":"QE","latitude":"66.08057190","longitude":"-54.26546390","type":"municipality","cities":{"maniitsoq":{"id":154941,"name":"Maniitsoq","latitude":"65.40657990","longitude":"-52.94225730"},"sisimiut":{"id":154942,"name":"Sisimiut","latitude":"66.93945740","longitude":"-53.74567660"}}},"sermersooq":{"id":5383,"name":"Sermersooq","state_code":"SM","latitude":"65.08230580","longitude":"-57.28311950","type":"municipality","cities":{"ammassalik":{"id":154943,"name":"Ammassalik","latitude":"65.61452670","longitude":"-37.65014660"},"ittoqqortoormiit":{"id":154944,"name":"Ittoqqortoormiit","latitude":"70.48634210","longitude":"-21.97986600"},"ivittuut":{"id":154945,"name":"Ivittuut","latitude":"61.20651840","longitude":"-48.18198510"},"nuuk":{"id":154946,"name":"Nuuk","latitude":"64.17910090","longitude":"-51.74800910"},"paamiut":{"id":154947,"name":"Paamiut","latitude":"62.00259620","longitude":"-49.70519590"}}}}}