{"id":86,"name":"Greenland","iso3":"GRL","iso2":"GL","numeric_code":"304","phone_code":"299","capital":"Nuuk","currency":"DKK","currency_name":"Danish krone","currency_symbol":"Kr.","tld":".gl","native":"Kalaallit Nunaat","region":"Americas","region_id":2,"subregion":"Northern America","subregion_id":6,"nationality":"Greenlandic","timezones":[{"zoneName":"America/Danmarkshavn","gmtOffset":0,"gmtOffsetName":"UTC\u00b100","abbreviation":"GMT","tzName":"Greenwich Mean Time"},{"zoneName":"America/Nuuk","gmtOffset":-10800,"gmtOffsetName":"UTC-03:00","abbreviation":"WGT","tzName":"West Greenland Time"},{"zoneName":"America/Scoresbysund","gmtOffset":-3600,"gmtOffsetName":"UTC-01:00","abbreviation":"EGT","tzName":"Eastern Greenland Time"},{"zoneName":"America/Thule","gmtOffset":-14400,"gmtOffsetName":"UTC-04:00","abbreviation":"AST","tzName":"Atlantic Standard Time"}],"translations":{"ko":"\uadf8\ub9b0\ub780\ub4dc","pt-BR":"Groel\u00e2ndia","pt":"Gronel\u00e2ndia","nl":"Groenland","hr":"Grenland","fa":"\u06af\u0631\u06cc\u0646\u0644\u0646\u062f","de":"Gr\u00f6nland","es":"Groenlandia","fr":"Groenland","ja":"\u30b0\u30ea\u30fc\u30f3\u30e9\u30f3\u30c9","it":"Groenlandia","zh-CN":"\u683c\u9675\u5170\u5c9b","tr":"Gr\u00f6nland","ru":"\u0413\u0440\u0435\u043d\u043b\u0430\u043d\u0434\u0438\u044f","uk":"\u0413\u0440\u0435\u043d\u043b\u0430\u043d\u0434\u0456\u044f","pl":"Grenlandia"},"latitude":"72.00000000","longitude":"-40.00000000","emoji":"\ud83c\uddec\ud83c\uddf1","emojiU":"U+1F1EC U+1F1F1"}