{"id":96,"name":"Heard Island and McDonald Islands","iso3":"HMD","iso2":"HM","numeric_code":"334","phone_code":"672","capital":"","currency":"AUD","currency_name":"Australian dollar","currency_symbol":"$","tld":".hm","native":"Heard Island and McDonald Islands","region":"","region_id":0,"subregion":"","subregion_id":0,"nationality":"Heard Island or McDonald Islands","timezones":[{"zoneName":"Indian/Kerguelen","gmtOffset":18000,"gmtOffsetName":"UTC+05:00","abbreviation":"TFT","tzName":"French Southern and Antarctic Time"}],"translations":{"ko":"\ud5c8\ub4dc \ub9e5\ub3c4\ub0a0\ub4dc \uc81c\ub3c4","pt-BR":"Ilha Heard e Ilhas McDonald","pt":"Ilha Heard e Ilhas McDonald","nl":"Heard- en McDonaldeilanden","hr":"Otok Heard i oto\u010dje McDonald","fa":"\u062c\u0632\u06cc\u0631\u0647 \u0647\u0631\u062f \u0648 \u062c\u0632\u0627\u06cc\u0631 \u0645\u06a9\u200c\u062f\u0648\u0646\u0627\u0644\u062f","de":"Heard und die McDonaldinseln","es":"Islas Heard y McDonald","fr":"\u00celes Heard-et-MacDonald","ja":"\u30cf\u30fc\u30c9\u5cf6\u3068\u30de\u30af\u30c9\u30ca\u30eb\u30c9\u8af8\u5cf6","it":"Isole Heard e McDonald","zh-CN":"\u8d6b\u5fb7\u00b7\u5510\u7eb3\u5c9b\u53ca\u9ea6\u5510\u7eb3\u5c9b","tr":"Heard Adasi Ve Mcdonald Adalari","ru":"\u041e\u0441\u0442\u0440\u043e\u0432 \u0425\u0435\u0440\u0434 \u0438 \u043e\u0441\u0442\u0440\u043e\u0432\u0430 \u041c\u0430\u043a\u0434\u043e\u043d\u0430\u043b\u044c\u0434","uk":"\u041e\u0441\u0442\u0440\u0456\u0432 \u0425\u0435\u0440\u0434 \u0442\u0430 \u043e\u0441\u0442\u0440\u043e\u0432\u0438 \u041c\u0430\u043a\u0434\u043e\u043d\u0430\u043b\u044c\u0434","pl":"Wyspa Heard i Wyspy McDonalda"},"latitude":"-53.10000000","longitude":"72.51666666","emoji":"\ud83c\udded\ud83c\uddf2","emojiU":"U+1F1ED U+1F1F2"}