{"id":64,"name":"Ecuador","iso3":"ECU","iso2":"EC","numeric_code":"218","phonecode":"593","capital":"Quito","currency":"USD","currency_name":"United States dollar","currency_symbol":"$","tld":".ec","native":"Ecuador","region":"Americas","region_id":2,"subregion":"South America","subregion_id":8,"nationality":"Ecuadorian","timezones":[{"zoneName":"America/Guayaquil","gmtOffset":-18000,"gmtOffsetName":"UTC-05:00","abbreviation":"ECT","tzName":"Ecuador Time"},{"zoneName":"Pacific/Galapagos","gmtOffset":-21600,"gmtOffsetName":"UTC-06:00","abbreviation":"GALT","tzName":"Gal\u00e1pagos Time"}],"translations":{"ko":"\uc5d0\ucf70\ub3c4\ub974","pt-BR":"Equador","pt":"Equador","nl":"Ecuador","hr":"Ekvador","fa":"\u0627\u06a9\u0648\u0627\u062f\u0648\u0631","de":"Ecuador","es":"Ecuador","fr":"\u00c9quateur","ja":"\u30a8\u30af\u30a2\u30c9\u30eb","it":"Ecuador","zh-CN":"\u5384\u74dc\u591a\u5c14","tr":"Ekvator","ru":"\u042d\u043a\u0432\u0430\u0434\u043e\u0440","uk":"\u0415\u043a\u0432\u0430\u0434\u043e\u0440","pl":"Ekwador"},"latitude":"-2.00000000","longitude":"-77.50000000","emoji":"\ud83c\uddea\ud83c\udde8","emojiU":"U+1F1EA U+1F1E8","states":{"azuay":{"id":2923,"name":"Azuay","state_code":"A","latitude":"-2.89430680","longitude":"-78.99683440","type":"province","cities":{"cant\u00f3nsanfernando":{"id":31493,"name":"Cant\u00f3n San Fernando","latitude":"-3.13349000","longitude":"-79.26893000"},"cuenca":{"id":31501,"name":"Cuenca","latitude":"-2.90055000","longitude":"-79.00453000"},"gualaceo":{"id":31507,"name":"Gualaceo","latitude":"-2.89264000","longitude":"-78.77814000"},"launi\u00f3n":{"id":31519,"name":"La Uni\u00f3n","latitude":"-2.85000000","longitude":"-78.78333000"},"llacao":{"id":31521,"name":"Llacao","latitude":"-2.86667000","longitude":"-78.88333000"},"nulti":{"id":31535,"name":"Nulti","latitude":"-2.91667000","longitude":"-78.85000000"}}},"bol\u00edvar":{"id":2920,"name":"Bol\u00edvar","state_code":"B","latitude":"-1.70958280","longitude":"-79.04504290","type":"province","cities":{"guaranda":{"id":31510,"name":"Guaranda","latitude":"-1.59263000","longitude":"-79.00098000"},"sanmiguel":{"id":31569,"name":"San Miguel","latitude":"-1.70884000","longitude":"-79.04311000"}}},"ca\u00f1ar":{"id":2917,"name":"Ca\u00f1ar","state_code":"F","latitude":"-2.55893150","longitude":"-78.93881910","type":"province","cities":{"azogues":{"id":31484,"name":"Azogues","latitude":"-2.73969000","longitude":"-78.84860000"},"ca\u00f1ar":{"id":31496,"name":"Ca\u00f1ar","latitude":"-2.56062000","longitude":"-78.93940000"},"latroncal":{"id":31518,"name":"La Troncal","latitude":"-2.42355000","longitude":"-79.33977000"}}},"carchi":{"id":2915,"name":"Carchi","state_code":"C","latitude":"0.50269120","longitude":"-77.90425210","type":"province","cities":{"el\u00c1ngel":{"id":31503,"name":"El \u00c1ngel","latitude":"0.62279000","longitude":"-77.94003000"},"sangabriel":{"id":31567,"name":"San Gabriel","latitude":"0.59318000","longitude":"-77.83078000"},"tulc\u00e1n":{"id":31583,"name":"Tulc\u00e1n","latitude":"0.81187000","longitude":"-77.71727000"}}},"chimborazo":{"id":2925,"name":"Chimborazo","state_code":"H","latitude":"-1.66479950","longitude":"-78.65432550","type":"province","cities":{"alaus\u00ed":{"id":31479,"name":"Alaus\u00ed","latitude":"-2.20329000","longitude":"-78.84714000"},"guano":{"id":31509,"name":"Guano","latitude":"-1.60789000","longitude":"-78.63105000"},"riobamba":{"id":31562,"name":"Riobamba","latitude":"-1.67098000","longitude":"-78.64712000"}}},"cotopaxi":{"id":2921,"name":"Cotopaxi","state_code":"X","latitude":"-0.83842060","longitude":"-78.66626780","type":"province","cities":{"laman\u00e1":{"id":31517,"name":"La Man\u00e1","latitude":"-0.94094000","longitude":"-79.22506000"},"latacunga":{"id":31520,"name":"Latacunga","latitude":"-0.93521000","longitude":"-78.61554000"},"pujil\u00ed":{"id":31556,"name":"Pujil\u00ed","latitude":"-0.95759000","longitude":"-78.69636000"},"sanmigueldesalcedo":{"id":31570,"name":"San Miguel de Salcedo","latitude":"-1.04547000","longitude":"-78.59063000"},"saquisil\u00ed":{"id":31578,"name":"Saquisil\u00ed","latitude":"-0.83990000","longitude":"-78.66700000"}}},"eloro":{"id":2924,"name":"El Oro","state_code":"O","latitude":"-3.25924130","longitude":"-79.95835410","type":"province","cities":{"huaquillas":{"id":31512,"name":"Huaquillas","latitude":"-3.47523000","longitude":"-80.23084000"},"machala":{"id":31526,"name":"Machala","latitude":"-3.25861000","longitude":"-79.96053000"},"pasaje":{"id":31542,"name":"Pasaje","latitude":"-3.32561000","longitude":"-79.80697000"},"pi\u00f1as":{"id":31547,"name":"Pi\u00f1as","latitude":"-3.68107000","longitude":"-79.68083000"},"portovelo":{"id":31549,"name":"Portovelo","latitude":"-3.72145000","longitude":"-79.62187000"},"puertobol\u00edvar":{"id":31553,"name":"Puerto Bol\u00edvar","latitude":"-3.26649000","longitude":"-79.99749000"},"santarosa":{"id":31576,"name":"Santa Rosa","latitude":"-3.44882000","longitude":"-79.95952000"},"zaruma":{"id":31592,"name":"Zaruma","latitude":"-3.69132000","longitude":"-79.61174000"}}},"esmeraldas":{"id":2922,"name":"Esmeraldas","state_code":"E","latitude":"0.96817890","longitude":"-79.65172020","type":"province","cities":{"esmeraldas":{"id":31505,"name":"Esmeraldas","latitude":"0.95920000","longitude":"-79.65397000"},"muisne":{"id":31531,"name":"Muisne","latitude":"0.61129000","longitude":"-80.01863000"},"pampanaldebol\u00edvar":{"id":31541,"name":"Pampanal de Bol\u00edvar","latitude":"1.35251000","longitude":"-78.89360000"},"rioverde":{"id":31561,"name":"Rio Verde","latitude":"1.06235000","longitude":"-79.39939000"},"rosazarate":{"id":31564,"name":"Rosa Zarate","latitude":"0.32779000","longitude":"-79.47407000"},"sanlorenzodeesmeraldas":{"id":31568,"name":"San Lorenzo de Esmeraldas","latitude":"1.28626000","longitude":"-78.83514000"},"valdez":{"id":31585,"name":"Valdez","latitude":"1.24917000","longitude":"-78.98306000"}}},"gal\u00e1pagos":{"id":2905,"name":"Gal\u00e1pagos","state_code":"W","latitude":"-0.95376910","longitude":"-90.96560190","type":"province","cities":{"puertoayora":{"id":31551,"name":"Puerto Ayora","latitude":"-0.74018000","longitude":"-90.31380000"},"puertobaquerizomoreno":{"id":31552,"name":"Puerto Baquerizo Moreno","latitude":"-0.90172000","longitude":"-89.61021000"},"puertovillamil":{"id":31555,"name":"Puerto Villamil","latitude":"-0.95542000","longitude":"-90.96654000"}}},"guayas":{"id":2914,"name":"Guayas","state_code":"G","latitude":"-1.95748390","longitude":"-79.91927020","type":"province","cities":{"alfredobaquerizomoreno":{"id":31480,"name":"Alfredo Baquerizo Moreno","latitude":"-1.91667000","longitude":"-79.51667000"},"bal\u00e1o":{"id":31488,"name":"Bal\u00e1o","latitude":"-2.91100000","longitude":"-79.81441000"},"balzar":{"id":31487,"name":"Balzar","latitude":"-1.36501000","longitude":"-79.90494000"},"colimes":{"id":31498,"name":"Colimes","latitude":"-1.54553000","longitude":"-80.01165000"},"coronelmarcelinomaridue\u00f1a":{"id":31499,"name":"Coronel Marcelino Maridue\u00f1a","latitude":"-2.20924000","longitude":"-79.43248000"},"eltriunfo":{"id":31502,"name":"El Triunfo","latitude":"-1.93333000","longitude":"-79.96667000"},"eloyalfaro":{"id":31504,"name":"Eloy Alfaro","latitude":"-2.17579000","longitude":"-79.85519000"},"guayaquil":{"id":31511,"name":"Guayaquil","latitude":"-2.19616000","longitude":"-79.88621000"},"lomasdesargentillo":{"id":31522,"name":"Lomas de Sargentillo","latitude":"-1.88333000","longitude":"-80.08333000"},"milagro":{"id":31528,"name":"Milagro","latitude":"-2.13404000","longitude":"-79.59415000"},"naranjal":{"id":31532,"name":"Naranjal","latitude":"-2.67364000","longitude":"-79.61830000"},"naranjito":{"id":31533,"name":"Naranjito","latitude":"-2.16671000","longitude":"-79.46540000"},"palestina":{"id":31539,"name":"Palestina","latitude":"-1.93709000","longitude":"-79.71396000"},"pedrocarbo":{"id":31544,"name":"Pedro Carbo","latitude":"-1.81563000","longitude":"-80.23309000"},"playas":{"id":31548,"name":"Playas","latitude":"-2.63199000","longitude":"-80.38808000"},"samborond\u00f3n":{"id":31566,"name":"Samborond\u00f3n","latitude":"-1.96276000","longitude":"-79.72402000"},"santaluc\u00eda":{"id":31575,"name":"Santa Luc\u00eda","latitude":"-2.18333000","longitude":"-80.00000000"},"velascoibarra":{"id":31586,"name":"Velasco Ibarra","latitude":"-1.04376000","longitude":"-79.63837000"},"yaguachinuevo":{"id":31589,"name":"Yaguachi Nuevo","latitude":"-2.09680000","longitude":"-79.69485000"}}},"imbabura":{"id":2911,"name":"Imbabura","state_code":"I","latitude":"0.34997680","longitude":"-78.12601290","type":"province","cities":{"atuntaqui":{"id":31483,"name":"Atuntaqui","latitude":"0.33247000","longitude":"-78.21371000"},"cotacachi":{"id":31500,"name":"Cotacachi","latitude":"0.30107000","longitude":"-78.26428000"},"ibarra":{"id":31513,"name":"Ibarra","latitude":"0.35171000","longitude":"-78.12233000"},"otavalo":{"id":31536,"name":"Otavalo","latitude":"0.23457000","longitude":"-78.26248000"},"pimampiro":{"id":31546,"name":"Pimampiro","latitude":"0.39116000","longitude":"-77.94068000"}}},"loja":{"id":5068,"name":"Loja","state_code":"L","latitude":"-3.99313000","longitude":"-79.20422000","type":"province","cities":{"loja":{"id":149262,"name":"Loja","latitude":"-3.99313000","longitude":"-79.20422000"}}},"losr\u00edos":{"id":2910,"name":"Los R\u00edos","state_code":"R","latitude":"-1.02306070","longitude":"-79.46088970","type":"province","cities":{"babahoyo":{"id":31485,"name":"Babahoyo","latitude":"-1.80217000","longitude":"-79.53443000"},"catarama":{"id":31494,"name":"Catarama","latitude":"-1.57504000","longitude":"-79.45998000"},"montalvo":{"id":31529,"name":"Montalvo","latitude":"-1.79008000","longitude":"-79.28759000"},"palenque":{"id":31538,"name":"Palenque","latitude":"-1.43795000","longitude":"-79.75647000"},"quevedo":{"id":31559,"name":"Quevedo","latitude":"-1.02863000","longitude":"-79.46352000"},"ventanas":{"id":31587,"name":"Ventanas","latitude":"-1.44158000","longitude":"-79.45943000"},"vinces":{"id":31588,"name":"Vinces","latitude":"-1.55611000","longitude":"-79.75191000"}}},"manab\u00ed":{"id":2913,"name":"Manab\u00ed","state_code":"M","latitude":"-1.05434340","longitude":"-80.45264400","type":"province","cities":{"bah\u00edadecar\u00e1quez":{"id":31486,"name":"Bah\u00eda de Car\u00e1quez","latitude":"-0.59792000","longitude":"-80.42367000"},"calceta":{"id":31491,"name":"Calceta","latitude":"-0.84582000","longitude":"-80.16389000"},"cant\u00f3nportoviejo":{"id":31492,"name":"Cant\u00f3n Portoviejo","latitude":"-1.05000000","longitude":"-80.45000000"},"chone":{"id":31497,"name":"Chone","latitude":"-0.69819000","longitude":"-80.09361000"},"jipijapa":{"id":31514,"name":"Jipijapa","latitude":"-1.34872000","longitude":"-80.57875000"},"jun\u00edn":{"id":31515,"name":"Jun\u00edn","latitude":"-0.92777000","longitude":"-80.20583000"},"manta":{"id":31527,"name":"Manta","latitude":"-0.96212000","longitude":"-80.71271000"},"montecristi":{"id":31530,"name":"Montecristi","latitude":"-1.04576000","longitude":"-80.65889000"},"paj\u00e1n":{"id":31537,"name":"Paj\u00e1n","latitude":"-1.55238000","longitude":"-80.42958000"},"pedernales":{"id":31543,"name":"Pedernales","latitude":"0.07167000","longitude":"-80.05250000"},"portoviejo":{"id":31550,"name":"Portoviejo","latitude":"-1.05458000","longitude":"-80.45445000"},"rocafuerte":{"id":31563,"name":"Rocafuerte","latitude":"-0.92360000","longitude":"-80.44946000"},"sanvicente":{"id":31571,"name":"San Vicente","latitude":"-0.60435000","longitude":"-80.40267000"},"santaana":{"id":31573,"name":"Santa Ana","latitude":"-1.20726000","longitude":"-80.37132000"},"sucre":{"id":31579,"name":"Sucre","latitude":"-1.27974000","longitude":"-80.41885000"},"tosagua":{"id":31582,"name":"Tosagua","latitude":"-0.78679000","longitude":"-80.23473000"}}},"morona-santiago":{"id":2918,"name":"Morona-Santiago","state_code":"S","latitude":"-2.30510620","longitude":"-78.11468660","type":"province","cities":{"gualaquiza":{"id":31508,"name":"Gualaquiza","latitude":"-3.40359000","longitude":"-78.58166000"},"macas":{"id":31524,"name":"Macas","latitude":"-2.30868000","longitude":"-78.11135000"},"palora":{"id":31540,"name":"Palora","latitude":"-1.70131000","longitude":"-77.96516000"},"suc\u00faa":{"id":31580,"name":"Suc\u00faa","latitude":"-2.45866000","longitude":"-78.17171000"}}},"napo":{"id":2916,"name":"Napo","state_code":"N","latitude":"-0.99559640","longitude":"-77.81296840","type":"province","cities":{"archidona":{"id":31482,"name":"Archidona","latitude":"-0.90950000","longitude":"-77.80772000"},"tena":{"id":31581,"name":"Tena","latitude":"-0.99380000","longitude":"-77.81286000"}}},"orellana":{"id":2926,"name":"Orellana","state_code":"D","latitude":"-0.45451630","longitude":"-76.99502860","type":"province","cities":{"bocasuno":{"id":31490,"name":"Boca Suno","latitude":"-0.69832000","longitude":"-77.14083000"},"franciscodeorellanacanton":{"id":31506,"name":"Francisco de Orellana Canton","latitude":"-0.46667000","longitude":"-76.96667000"},"loretocanton":{"id":31523,"name":"Loreto Canton","latitude":"-0.69487000","longitude":"-77.30255000"},"puertofranciscodeorellana":{"id":31554,"name":"Puerto Francisco de Orellana","latitude":"-0.46645000","longitude":"-76.98719000"}}},"pastaza":{"id":2907,"name":"Pastaza","state_code":"Y","latitude":"-1.48822650","longitude":"-78.00310570","type":"province","cities":{"puyo":{"id":31557,"name":"Puyo","latitude":"-1.48369000","longitude":"-78.00257000"}}},"pichincha":{"id":2927,"name":"Pichincha","state_code":"P","latitude":"-0.14648470","longitude":"-78.47519450","type":"province","cities":{"cayambe":{"id":31495,"name":"Cayambe","latitude":"0.04084000","longitude":"-78.14524000"},"machachi":{"id":31525,"name":"Machachi","latitude":"-0.51011000","longitude":"-78.56712000"},"quito":{"id":31560,"name":"Quito","latitude":"-0.22985000","longitude":"-78.52495000"},"sangolqu\u00ed":{"id":31572,"name":"Sangolqu\u00ed","latitude":"-0.33405000","longitude":"-78.45217000"}}},"santaelena":{"id":2912,"name":"Santa Elena","state_code":"SE","latitude":"-2.22671050","longitude":"-80.85949900","type":"province","cities":{"lalibertad":{"id":31516,"name":"La Libertad","latitude":"-2.23300000","longitude":"-80.91039000"},"salinas":{"id":31565,"name":"Salinas","latitude":"-2.21452000","longitude":"-80.95151000"},"santaelena":{"id":31574,"name":"Santa Elena","latitude":"-2.22622000","longitude":"-80.85873000"}}},"santodomingodelosts\u00e1chilas":{"id":2919,"name":"Santo Domingo de los Ts\u00e1chilas","state_code":"SD","latitude":"-0.25218820","longitude":"-79.18793830","type":"province","cities":{"santodomingodeloscolorados":{"id":31577,"name":"Santo Domingo de los Colorados","latitude":"-0.25305000","longitude":"-79.17536000"}}},"sucumb\u00edos":{"id":2906,"name":"Sucumb\u00edos","state_code":"U","latitude":"0.08892310","longitude":"-76.88975570","type":"province","cities":{"nuevaloja":{"id":31534,"name":"Nueva Loja","latitude":"0.08600000","longitude":"-76.89528000"}}},"tungurahua":{"id":2908,"name":"Tungurahua","state_code":"T","latitude":"-1.26352840","longitude":"-78.56608520","type":"province","cities":{"ambato":{"id":31481,"name":"Ambato","latitude":"-1.24908000","longitude":"-78.61675000"},"ba\u00f1os":{"id":31489,"name":"Ba\u00f1os","latitude":"-1.39699000","longitude":"-78.42289000"},"pelileo":{"id":31545,"name":"Pelileo","latitude":"-1.32990000","longitude":"-78.54341000"},"p\u00edllaro":{"id":31558,"name":"P\u00edllaro","latitude":"-1.17414000","longitude":"-78.54676000"}}},"zamorachinchipe":{"id":2909,"name":"Zamora Chinchipe","state_code":"Z","latitude":"-4.06558920","longitude":"-78.95035250","type":"province","cities":{"yantzaza":{"id":31590,"name":"Yantzaza","latitude":"-3.83261000","longitude":"-78.76076000"},"zamora":{"id":31591,"name":"Zamora","latitude":"-4.06685000","longitude":"-78.95488000"}}}}}