{"id":187,"name":"Saint Pierre and Miquelon","iso3":"SPM","iso2":"PM","numeric_code":"666","phone_code":"508","capital":"Saint-Pierre","currency":"EUR","currency_name":"Euro","currency_symbol":"\u20ac","tld":".pm","native":"Saint-Pierre-et-Miquelon","region":"Americas","region_id":"2","subregion":"Northern America","subregion_id":"6","nationality":"Saint-Pierrais or Miquelonnais","timezones":[{"zoneName":"America/Miquelon","gmtOffset":-10800,"gmtOffsetName":"UTC-03:00","abbreviation":"PMDT","tzName":"Pierre \u0026 Miquelon Daylight Time"}],"translations":{"kr":"\uc0dd\ud53c\uc5d0\ub974 \ubbf8\ud074\ub871","pt-BR":"Saint-Pierre e Miquelon","pt":"S\u00e3o Pedro e Miquelon","nl":"Saint Pierre en Miquelon","hr":"Sveti Petar i Mikelon","fa":"\u0633\u0646 \u067e\u06cc\u0631 \u0648 \u0645\u06cc\u06a9\u0644\u0646","de":"Saint-Pierre und Miquelon","es":"San Pedro y Miquel\u00f3n","fr":"Saint-Pierre-et-Miquelon","ja":"\u30b5\u30f3\u30d4\u30a8\u30fc\u30eb\u5cf6\u30fb\u30df\u30af\u30ed\u30f3\u5cf6","it":"Saint-Pierre e Miquelon","cn":"\u5723\u76ae\u57c3\u5c14\u548c\u5bc6\u514b\u9686","tr":"Saint Pierre Ve Miquelon"},"latitude":"46.83333333","longitude":"-56.33333333","emoji":"\ud83c\uddf5\ud83c\uddf2","emojiU":"U+1F1F5 U+1F1F2"}