{"id":210,"name":"Suriname","iso3":"SUR","iso2":"SR","numeric_code":"740","phone_code":"597","capital":"Paramaribo","currency":"SRD","currency_name":"Surinamese dollar","currency_symbol":"$","tld":".sr","native":"Suriname","region":"Americas","region_id":"2","subregion":"South America","subregion_id":"8","nationality":"Surinamese","timezones":[{"zoneName":"America/Paramaribo","gmtOffset":-10800,"gmtOffsetName":"UTC-03:00","abbreviation":"SRT","tzName":"Suriname Time"}],"translations":{"kr":"\uc218\ub9ac\ub0a8","pt-BR":"Suriname","pt":"Suriname","nl":"Suriname","hr":"Surinam","fa":"\u0633\u0648\u0631\u06cc\u0646\u0627\u0645","de":"Suriname","es":"Surinam","fr":"Surinam","ja":"\u30b9\u30ea\u30ca\u30e0","it":"Suriname","cn":"\u82cf\u91cc\u5357","tr":"Surinam"},"latitude":"4.00000000","longitude":"-56.00000000","emoji":"\ud83c\uddf8\ud83c\uddf7","emojiU":"U+1F1F8 U+1F1F7","states":{"brokopondodistrict":{"id":2846,"name":"Brokopondo District","state_code":"BR","latitude":"4.77102470","longitude":"-55.04933750","type":null,"cities":{"brokopondo":{"id":104822,"name":"Brokopondo","latitude":"5.05594000","longitude":"-54.98043000"},"brownsweg":{"id":104823,"name":"Brownsweg","latitude":"5.00435000","longitude":"-55.15333000"}}},"commewijnedistrict":{"id":2839,"name":"Commewijne District","state_code":"CM","latitude":"5.74021100","longitude":"-54.87312190","type":null,"cities":{"mari\u00ebnburg":{"id":104826,"name":"Mari\u00ebnburg","latitude":"5.87722000","longitude":"-55.04322000"},"nieuwamsterdam":{"id":104828,"name":"Nieuw Amsterdam","latitude":"5.88573000","longitude":"-55.08871000"}}},"coroniedistrict":{"id":2842,"name":"Coronie District","state_code":"CR","latitude":"5.69432710","longitude":"-56.29293810","type":null,"cities":{"totness":{"id":104832,"name":"Totness","latitude":"5.87618000","longitude":"-56.32572000"}}},"marowijnedistrict":{"id":2845,"name":"Marowijne District","state_code":"MA","latitude":"5.62681280","longitude":"-54.25931180","type":null,"cities":{"albina":{"id":104821,"name":"Albina","latitude":"5.49788000","longitude":"-54.05522000"},"moengo":{"id":104827,"name":"Moengo","latitude":"5.61411000","longitude":"-54.40121000"}}},"nickeriedistrict":{"id":2840,"name":"Nickerie District","state_code":"NI","latitude":"5.58554690","longitude":"-56.83111170","type":null,"cities":{"nieuwnickerie":{"id":104829,"name":"Nieuw Nickerie","latitude":"5.92606000","longitude":"-56.97297000"},"wageningen":{"id":104833,"name":"Wageningen","latitude":"5.76010000","longitude":"-56.66523000"}}},"paradistrict":{"id":2841,"name":"Para District","state_code":"PR","latitude":"5.48173180","longitude":"-55.22592070","type":null,"cities":{"onverwacht":{"id":104830,"name":"Onverwacht","latitude":"5.58983000","longitude":"-55.19462000"}}},"paramaribodistrict":{"id":2843,"name":"Paramaribo District","state_code":"PM","latitude":"5.85203550","longitude":"-55.20382780","type":null,"cities":{"paramaribo":{"id":104831,"name":"Paramaribo","latitude":"5.86638000","longitude":"-55.16682000"}}},"saramaccadistrict":{"id":2848,"name":"Saramacca District","state_code":"SA","latitude":"5.72408130","longitude":"-55.66896360","type":null,"cities":{"groningen":{"id":104824,"name":"Groningen","latitude":"5.80000000","longitude":"-55.46667000"}}},"sipaliwinidistrict":{"id":2847,"name":"Sipaliwini District","state_code":"SI","latitude":"3.65673820","longitude":"-56.20353870","type":null},"wanicadistrict":{"id":2844,"name":"Wanica District","state_code":"WA","latitude":"5.73237620","longitude":"-55.27012350","type":null,"cities":{"lelydorp":{"id":104825,"name":"Lelydorp","latitude":"5.70000000","longitude":"-55.23333000"}}}}}