{"id":118,"name":"Kyrgyzstan","iso3":"KGZ","iso2":"KG","numeric_code":"417","phone_code":"996","capital":"Bishkek","currency":"KGS","currency_name":"Kyrgyzstani som","currency_symbol":"\u043b\u0432","tld":".kg","native":"\u041a\u044b\u0440\u0433\u044b\u0437\u0441\u0442\u0430\u043d","region":"Asia","region_id":"3","subregion":"Central Asia","subregion_id":"10","nationality":"Kyrgyzstani, Kyrgyz, Kirgiz, Kirghiz","timezones":[{"zoneName":"Asia/Bishkek","gmtOffset":21600,"gmtOffsetName":"UTC+06:00","abbreviation":"KGT","tzName":"Kyrgyzstan Time"}],"translations":{"kr":"\ud0a4\ub974\uae30\uc2a4\uc2a4\ud0c4","pt-BR":"Quirguist\u00e3o","pt":"Quirguizist\u00e3o","nl":"Kirgizi\u00eb","hr":"Kirgistan","fa":"\u0642\u0631\u0642\u06cc\u0632\u0633\u062a\u0627\u0646","de":"Kirgisistan","es":"Kirguizist\u00e1n","fr":"Kirghizistan","ja":"\u30ad\u30eb\u30ae\u30b9","it":"Kirghizistan","cn":"\u5409\u5c14\u5409\u65af\u65af\u5766","tr":"Kirgizistan","ru":"\u041a\u044b\u0440\u0433\u044b\u0437\u0441\u0442\u0430\u043d","uk":"\u041a\u0438\u0440\u0433\u0438\u0437\u0441\u0442\u0430\u043d","pl":"Kirgistan"},"latitude":"41.00000000","longitude":"75.00000000","emoji":"\ud83c\uddf0\ud83c\uddec","emojiU":"U+1F1F0 U+1F1EC","states":{"batkenregion":{"id":998,"name":"Batken Region","state_code":"B","latitude":"39.97214250","longitude":"69.85974060","type":null,"cities":{"aydarken":{"id":64886,"name":"Aydarken","latitude":"39.94319000","longitude":"71.34184000"},"batken":{"id":64888,"name":"Batken","latitude":"40.06259000","longitude":"70.81939000"},"iradan":{"id":64896,"name":"Iradan","latitude":"40.26667000","longitude":"72.10000000"},"isfana":{"id":64897,"name":"Isfana","latitude":"39.83895000","longitude":"69.52760000"},"karavan":{"id":64909,"name":"Karavan","latitude":"40.29513000","longitude":"72.18627000"},"kyzyl-kyya":{"id":64915,"name":"Kyzyl-Kyya","latitude":"40.25684000","longitude":"72.12793000"},"suluktu":{"id":64923,"name":"Suluktu","latitude":"39.93652000","longitude":"69.56779000"}}},"bishkek":{"id":1001,"name":"Bishkek","state_code":"GB","latitude":"42.87462120","longitude":"74.56976170","type":null,"cities":{"bishkek":{"id":64891,"name":"Bishkek","latitude":"42.87000000","longitude":"74.59000000"}}},"chuyregion":{"id":1004,"name":"Chuy Region","state_code":"C","latitude":"42.56550000","longitude":"74.40566120","type":null,"cities":{"alamudunskiyrayon":{"id":64884,"name":"Alamudunskiy Rayon","latitude":"42.81985000","longitude":"74.59398000"},"belovodskoye":{"id":64890,"name":"Belovodskoye","latitude":"42.82944000","longitude":"74.10830000"},"chuyskiyrayon":{"id":64894,"name":"Chuyskiy Rayon","latitude":"42.66667000","longitude":"75.33333000"},"ivanovka":{"id":64898,"name":"Ivanovka","latitude":"42.88778000","longitude":"75.08500000"},"kaindy":{"id":64902,"name":"Kaindy","latitude":"42.82469000","longitude":"73.67585000"},"kant":{"id":64903,"name":"Kant","latitude":"42.89106000","longitude":"74.85077000"},"kara-balta":{"id":64906,"name":"Kara-Balta","latitude":"42.81423000","longitude":"73.84813000"},"kemin":{"id":64911,"name":"Kemin","latitude":"42.78611000","longitude":"75.69167000"},"lebedinovka":{"id":64917,"name":"Lebedinovka","latitude":"42.88454000","longitude":"74.67819000"},"sokulukskiyrayon":{"id":64921,"name":"Sokulukskiy Rayon","latitude":"42.83333000","longitude":"74.33333000"},"sosnovka":{"id":64922,"name":"Sosnovka","latitude":"42.63707000","longitude":"73.89608000"},"tokmok":{"id":64928,"name":"Tokmok","latitude":"42.84194000","longitude":"75.30149000"},"ysyk-ata":{"id":64934,"name":"Ysyk-Ata","latitude":"42.72665000","longitude":"75.07444000"}}},"issyk-kulregion":{"id":1002,"name":"Issyk-Kul Region","state_code":"Y","latitude":"42.18594280","longitude":"77.56194190","type":null,"cities":{"ak-suu":{"id":64882,"name":"Ak-Suu","latitude":"42.49948000","longitude":"78.52702000"},"balykchy":{"id":64887,"name":"Balykchy","latitude":"42.46017000","longitude":"76.18709000"},"cholpon-ata":{"id":64892,"name":"Cholpon-Ata","latitude":"42.64944000","longitude":"77.08225000"},"kadzhi-say":{"id":64901,"name":"Kadzhi-Say","latitude":"42.14107000","longitude":"77.17848000"},"karakol":{"id":64908,"name":"Karakol","latitude":"42.49068000","longitude":"78.39362000"},"kyzyl-suu":{"id":64916,"name":"Kyzyl-Suu","latitude":"42.34211000","longitude":"78.00644000"},"tyup":{"id":64931,"name":"Tyup","latitude":"42.72760000","longitude":"78.36476000"}}},"jalal-abadregion":{"id":1000,"name":"Jalal-Abad Region","state_code":"J","latitude":"41.10680800","longitude":"72.89880690","type":null,"cities":{"ala-buka":{"id":64883,"name":"Ala-Buka","latitude":"41.40806000","longitude":"71.46306000"},"bazar-korgon":{"id":64889,"name":"Bazar-Korgon","latitude":"41.03760000","longitude":"72.74586000"},"jalal-abad":{"id":64899,"name":"Jalal-Abad","latitude":"40.93333000","longitude":"73.00000000"},"kazarman":{"id":64910,"name":"Kazarman","latitude":"41.40500000","longitude":"74.03700000"},"kerben":{"id":64912,"name":"Kerben","latitude":"41.49399000","longitude":"71.75826000"},"kochkor-ata":{"id":64913,"name":"Kochkor-Ata","latitude":"41.03709000","longitude":"72.48320000"},"suzak":{"id":64924,"name":"Suzak","latitude":"40.89820000","longitude":"72.90481000"},"tash-kumyr":{"id":64927,"name":"Tash-Kumyr","latitude":"41.34612000","longitude":"72.21707000"},"toktogul":{"id":64929,"name":"Toktogul","latitude":"41.87442000","longitude":"72.94192000"},"toktoguldistrict":{"id":64930,"name":"Toktogul District","latitude":"41.75000000","longitude":"73.00000000"}}},"narynregion":{"id":999,"name":"Naryn Region","state_code":"N","latitude":"41.29432270","longitude":"75.34121790","type":null,"cities":{"at-bashi":{"id":64885,"name":"At-Bashi","latitude":"41.16951000","longitude":"75.80099000"},"jumgal":{"id":64900,"name":"Jumgal","latitude":"41.94924000","longitude":"74.40566000"},"naryn":{"id":64918,"name":"Naryn","latitude":"41.42866000","longitude":"75.99111000"}}},"osh":{"id":1003,"name":"Osh","state_code":"GO","latitude":"36.06313990","longitude":"-95.91828950","type":null},"oshregion":{"id":1005,"name":"Osh Region","state_code":"O","latitude":"39.84073660","longitude":"72.89880690","type":null,"cities":{"chong-alaydistrict":{"id":64893,"name":"Chong-Alay District","latitude":"39.47614000","longitude":"72.33017000"},"daroot-korgon":{"id":64895,"name":"Daroot-Korgon","latitude":"39.55274000","longitude":"72.20518000"},"karakulja":{"id":64904,"name":"Kara Kulja","latitude":"40.64095000","longitude":"73.49411000"},"karasuu":{"id":64905,"name":"Kara Suu","latitude":"40.70460000","longitude":"72.86666000"},"kyzyl-eshme":{"id":64914,"name":"Kyzyl-Eshme","latitude":"39.56559000","longitude":"72.27153000"},"nookat":{"id":64919,"name":"Nookat","latitude":"40.26597000","longitude":"72.61834000"},"osh":{"id":64920,"name":"Osh","latitude":"40.52828000","longitude":"72.79850000"},"uzgen":{"id":64932,"name":"Uzgen","latitude":"40.76994000","longitude":"73.30068000"},"uzgendistrict":{"id":64933,"name":"Uzgen District","latitude":"40.55000000","longitude":"73.30000000"}}},"talasregion":{"id":997,"name":"Talas Region","state_code":"T","latitude":"42.28673390","longitude":"72.52048270","type":null,"cities":{"kara-buurinskiyrayon":{"id":64907,"name":"Kara-Buurinskiy Rayon","latitude":"42.50000000","longitude":"71.41667000"},"talas":{"id":64925,"name":"Talas","latitude":"42.52277000","longitude":"72.24274000"},"talasskiyrayon":{"id":64926,"name":"Talasskiy Rayon","latitude":"42.18647000","longitude":"72.69408000"}}}}}