{"id":169,"name":"Palestinian Territory Occupied","iso3":"PSE","iso2":"PS","numeric_code":"275","phone_code":"970","capital":"East Jerusalem","currency":"ILS","currency_name":"Israeli new shekel","currency_symbol":"\u20aa","tld":".ps","native":"\u0641\u0644\u0633\u0637\u064a\u0646","region":"Asia","region_id":3,"subregion":"Western Asia","subregion_id":11,"nationality":"Palestinian","timezones":[{"zoneName":"Asia/Gaza","gmtOffset":7200,"gmtOffsetName":"UTC+02:00","abbreviation":"EET","tzName":"Eastern European Time"},{"zoneName":"Asia/Hebron","gmtOffset":7200,"gmtOffsetName":"UTC+02:00","abbreviation":"EET","tzName":"Eastern European Time"}],"translations":{"ko":"\ud314\ub808\uc2a4\ud0c0\uc778 \uc601\ud1a0","pt-BR":"Palestina","pt":"Palestina","nl":"Palestijnse gebieden","hr":"Palestina","fa":"\u0641\u0644\u0633\u0637\u06cc\u0646","de":"Pal\u00e4stina","es":"Palestina","fr":"Palestine","ja":"\u30d1\u30ec\u30b9\u30c1\u30ca","it":"Palestina","zh-CN":"\u5df4\u52d2\u65af\u5766","tr":"Filistin","ru":"\u041e\u043a\u043a\u0443\u043f\u0438\u0440\u043e\u0432\u0430\u043d\u043d\u0430\u044f \u043f\u0430\u043b\u0435\u0441\u0442\u0438\u043d\u0441\u043a\u0430\u044f \u0442\u0435\u0440\u0440\u0438\u0442\u043e\u0440\u0438\u044f","uk":"\u041e\u043a\u0443\u043f\u043e\u0432\u0430\u043d\u0430 \u043f\u0430\u043b\u0435\u0441\u0442\u0438\u043d\u0441\u044c\u043a\u0430 \u0442\u0435\u0440\u0438\u0442\u043e\u0440\u0456\u044f","pl":"Okupowane terytorium palesty\u0144skie"},"latitude":"31.90000000","longitude":"35.20000000","emoji":"\ud83c\uddf5\ud83c\uddf8","emojiU":"U+1F1F5 U+1F1F8","states":{"bethlehem":{"id":5118,"name":"Bethlehem","state_code":"BTH","latitude":"31.70539960","longitude":"35.19368770","type":"governorate","cities":{"al-dawha":{"id":153955,"name":"Al-Dawha","latitude":"31.69773990","longitude":"35.14595450"},"al-khader":{"id":153957,"name":"al-Khader","latitude":"31.69484540","longitude":"35.15014530"},"al-ubeidiya":{"id":153960,"name":"al-Ubeidiya","latitude":"31.72386430","longitude":"35.27122130"},"battir":{"id":153950,"name":"Battir","latitude":"31.72821540","longitude":"35.11743230"},"beitfajjar":{"id":153951,"name":"Beit Fajjar","latitude":"31.62166990","longitude":"35.13430330"},"beitjala":{"id":153952,"name":"Beit Jala","latitude":"31.71603340","longitude":"35.16654930"},"beitsahour":{"id":153953,"name":"Beit Sahour","latitude":"31.69787040","longitude":"35.20793030"},"bethlehem":{"id":153954,"name":"Bethlehem","latitude":"31.70541650","longitude":"35.18184280"},"husan":{"id":153956,"name":"Husan","latitude":"31.70846040","longitude":"35.11282530"},"nahalin":{"id":153958,"name":"Nahalin","latitude":"31.68564240","longitude":"35.09976230"},"tuqu\u0027":{"id":153959,"name":"Tuqu\u0027","latitude":"31.63912740","longitude":"35.19189030"},"za\u0027atara":{"id":153961,"name":"Za\u0027atara","latitude":"31.67447840","longitude":"35.23449130"}}},"deirelbalah":{"id":5119,"name":"Deir El Balah","state_code":"DEB","latitude":"31.42028970","longitude":"34.28616400","type":"governorate","cities":{"az-zawayda":{"id":153963,"name":"az-Zawayda","latitude":"31.42979750","longitude":"34.35014230"},"deiral-balah":{"id":153962,"name":"Deir al-Balah","latitude":"31.41717350","longitude":"34.33033130"}}},"gaza":{"id":5120,"name":"Gaza","state_code":"GZA","latitude":"31.48723970","longitude":"34.14998900","type":"governorate","cities":{"al-zahra":{"id":153965,"name":"Al-Zahra","latitude":"31.47246750","longitude":"34.37782930"},"gazacity":{"id":153964,"name":"Gaza City","latitude":"31.50172950","longitude":"34.44624480"}}},"hebron":{"id":5121,"name":"Hebron","state_code":"HBN","latitude":"31.53260010","longitude":"35.06394750","type":"governorate","cities":{"ad-dhahiriya":{"id":153970,"name":"ad-Dhahiriya","latitude":"31.40967250","longitude":"34.95490830"},"as-samu":{"id":153980,"name":"as-Samu","latitude":"31.39864450","longitude":"35.04468830"},"banina\u0027im":{"id":153971,"name":"Bani Na\u0027im","latitude":"31.51490050","longitude":"35.14474030"},"beit\u0027awwa":{"id":153972,"name":"Beit \u0027Awwa","latitude":"31.50675240","longitude":"34.92956130"},"beitula":{"id":153973,"name":"Beit Ula","latitude":"31.59845640","longitude":"35.00577530"},"beitummar":{"id":153974,"name":"Beit Ummar","latitude":"31.62284640","longitude":"35.08159930"},"deirsammit":{"id":153975,"name":"Deir Sammit","latitude":"31.51996340","longitude":"34.95207130"},"dura":{"id":153966,"name":"Dura","latitude":"31.50512740","longitude":"35.00692730"},"halhul":{"id":153967,"name":"Halhul","latitude":"31.57992420","longitude":"35.07930450"},"hebron":{"id":153968,"name":"Hebron","latitude":"31.53260350","longitude":"35.07922630"},"idhna":{"id":153976,"name":"Idhna","latitude":"31.55728640","longitude":"34.95864330"},"kharas":{"id":153977,"name":"Kharas","latitude":"31.61225240","longitude":"35.02365130"},"nuba":{"id":153978,"name":"Nuba","latitude":"31.61382080","longitude":"35.00579200"},"sa\u0027ir":{"id":153979,"name":"Sa\u0027ir","latitude":"31.58248950","longitude":"35.12317630"},"surif":{"id":153981,"name":"Surif","latitude":"31.64958640","longitude":"35.04411230"},"taffuh":{"id":153983,"name":"Taffuh","latitude":"31.53848250","longitude":"35.03037330"},"tarqumiya":{"id":153982,"name":"Tarqumiya","latitude":"31.57736440","longitude":"34.99357430"},"yatta":{"id":153969,"name":"Yatta","latitude":"31.44418450","longitude":"35.06950530"}}},"jenin":{"id":5122,"name":"Jenin","state_code":"JEN","latitude":"32.42637610","longitude":"35.08568870","type":"governorate","cities":{"ajjah":{"id":153986,"name":"Ajjah","latitude":"32.36001710","longitude":"35.17739430"},"al-yamun":{"id":153997,"name":"al-Yamun","latitude":"32.48671110","longitude":"35.21299230"},"arrabah":{"id":153987,"name":"Arrabah","latitude":"32.40331010","longitude":"35.18531430"},"burqin":{"id":153988,"name":"Burqin","latitude":"32.45616900","longitude":"35.24108830"},"deirabuda\u0027if":{"id":153989,"name":"Deir Abu Da\u0027if","latitude":"32.45609510","longitude":"35.34432230"},"jaba":{"id":153990,"name":"Jaba","latitude":"32.32506110","longitude":"35.19956430"},"jenin":{"id":153984,"name":"Jenin","latitude":"32.45728400","longitude":"35.28161440"},"kafrdan":{"id":153991,"name":"Kafr Dan","latitude":"32.47801110","longitude":"35.23318730"},"kafrrai":{"id":153992,"name":"Kafr Rai","latitude":"32.37345210","longitude":"35.13493630"},"meithalun":{"id":153993,"name":"Meithalun","latitude":"32.34924410","longitude":"35.25088430"},"qabatiya":{"id":153985,"name":"Qabatiya","latitude":"32.40961710","longitude":"35.25949330"},"silatad-dhahr":{"id":153995,"name":"Silat ad-Dhahr","latitude":"32.31753210","longitude":"35.16663230"},"silatal-harithiya":{"id":153994,"name":"Silat al-Harithiya","latitude":"32.50979700","longitude":"35.20684730"},"ya\u0027bad":{"id":153996,"name":"Ya\u0027bad","latitude":"32.44686800","longitude":"35.14667430"},"zababdeh":{"id":153998,"name":"Zababdeh","latitude":"32.38523610","longitude":"35.30287930"}}},"jericho":{"id":5123,"name":"Jericho ","state_code":"JRH","latitude":"31.96764250","longitude":"35.13542790","type":"governorate","cities":{"al-auja":{"id":154000,"name":"al-Auja","latitude":"31.94809930","longitude":"35.45056430"},"al-jiftlik":{"id":154001,"name":"al-Jiftlik","latitude":"32.14143230","longitude":"35.44660250"},"jericho":{"id":153999,"name":"Jericho","latitude":"31.85950700","longitude":"35.44390820"}}},"jerusalem(quds)":{"id":5124,"name":"Jerusalem (Quds)","state_code":"JEM","latitude":"31.80203280","longitude":"34.95996640","type":"governorate","cities":{"abudis":{"id":154003,"name":"Abu Dis","latitude":"31.76361630","longitude":"35.23712230"},"ar-ram":{"id":154004,"name":"Ar-Ram","latitude":"31.84928630","longitude":"35.21288930"},"beit\u0027anan":{"id":154006,"name":"Beit \u0027Anan","latitude":"31.85109930","longitude":"35.09111930"},"biddu":{"id":154005,"name":"Biddu","latitude":"31.83445820","longitude":"35.07441730"},"birnabala":{"id":154007,"name":"Bir Nabala","latitude":"31.85121630","longitude":"35.18023530"},"eastjerusalem":{"id":154002,"name":"East Jerusalem","latitude":"31.79650430","longitude":"35.01054340"},"hizma":{"id":154008,"name":"Hizma","latitude":"31.83649540","longitude":"35.24263130"},"kafraqab":{"id":154009,"name":"Kafr Aqab","latitude":"31.87472270","longitude":"35.21724000"},"qalandiya":{"id":154011,"name":"Qalandiya","latitude":"31.86163130","longitude":"35.18731430"},"qatanna":{"id":154010,"name":"Qatanna","latitude":"31.82695730","longitude":"35.08960030"}}},"khanyunis":{"id":5125,"name":"Khan Yunis","state_code":"KYS","latitude":"31.32987660","longitude":"34.22548330","type":"governorate","cities":{"abasanal-kabira":{"id":154012,"name":"Abasan al-Kabira","latitude":"31.32316050","longitude":"34.32342530"},"abasanal-saghira":{"id":154015,"name":"Abasan al-Saghira","latitude":"31.33974350","longitude":"34.32603330"},"al-qarara":{"id":154017,"name":"Al-Qarara","latitude":"31.37134650","longitude":"34.31466030"},"banisuheila":{"id":154013,"name":"Bani Suheila","latitude":"31.34213850","longitude":"34.30465430"},"khanyunis":{"id":154014,"name":"Khan Yunis","latitude":"31.34623510","longitude":"34.28339890"},"khuza\u02bda":{"id":154016,"name":"Khuza\u02bda","latitude":"31.30705660","longitude":"34.33944730"}}},"nablus":{"id":5126,"name":"Nablus","state_code":"NBS","latitude":"32.22437550","longitude":"35.20647930","type":"governorate","cities":{"aqraba":{"id":154019,"name":"Aqraba","latitude":"32.12762020","longitude":"35.32213530"},"asiraash-shamaliya":{"id":154020,"name":"Asira ash-Shamaliya","latitude":"32.25186910","longitude":"35.24757130"},"beitfurik":{"id":154026,"name":"Beit Furik","latitude":"32.17549020","longitude":"35.31588430"},"beita":{"id":154021,"name":"Beita","latitude":"32.14137420","longitude":"35.26579930"},"huwara":{"id":154022,"name":"Huwara","latitude":"32.15134720","longitude":"35.23619930"},"jammain":{"id":154023,"name":"Jammain","latitude":"32.13211420","longitude":"35.18274230"},"nablus":{"id":154018,"name":"Nablus","latitude":"32.22437550","longitude":"35.20647930"},"qabalan":{"id":154024,"name":"Qabalan","latitude":"32.10185420","longitude":"35.26712930"},"sebastia":{"id":154025,"name":"Sebastia","latitude":"32.27827510","longitude":"35.17803330"}}},"northgaza":{"id":5127,"name":"North Gaza","state_code":"NGZ","latitude":"31.54750600","longitude":"34.42814090","type":"governorate","cities":{"beithanoun":{"id":154027,"name":"Beit Hanoun","latitude":"31.53851740","longitude":"34.51617030"},"beitlahia":{"id":154028,"name":"Beit Lahia","latitude":"31.55132340","longitude":"34.48862230"},"izbatbeithanoun":{"id":154029,"name":"Izbat Beit Hanoun","latitude":"31.54728950","longitude":"34.50197220"},"jabalia":{"id":154030,"name":"Jabalia","latitude":"31.52943050","longitude":"34.45914130"}}},"qalqilya":{"id":5128,"name":"Qalqilya","state_code":"QQA","latitude":"32.18103230","longitude":"34.99369990","type":"governorate","cities":{"azzun":{"id":154031,"name":"Azzun","latitude":"32.17713520","longitude":"35.03535730"},"hableh":{"id":154032,"name":"Hableh","latitude":"32.16387820","longitude":"34.95768030"},"kafrthulth":{"id":154034,"name":"Kafr Thulth","latitude":"32.15283320","longitude":"35.02469030"},"qalqilya":{"id":154033,"name":"Qalqilya","latitude":"32.19604910","longitude":"34.96091330"}}},"rafah":{"id":5129,"name":"Rafah","state_code":"RFH","latitude":"31.29688990","longitude":"34.11166850","type":"governorate","cities":{"alqaryaassuwaydiya":{"id":154037,"name":"Al Qarya as Suwaydiya","latitude":"31.32316550","longitude":"34.20157530"},"al-bayuk":{"id":154035,"name":"Al-Bayuk","latitude":"31.26347860","longitude":"34.26098130"},"al-mawasi":{"id":154036,"name":"Al-Mawasi","latitude":"31.34844960","longitude":"34.23553630"},"rafah":{"id":154038,"name":"Rafah ","latitude":"31.29681450","longitude":"34.22288230"},"shokatas-sufi":{"id":154039,"name":"Shokat as-Sufi","latitude":"31.25091250","longitude":"34.24516720"}}},"ramallah":{"id":5130,"name":"Ramallah","state_code":"RBH","latitude":"31.94301450","longitude":"34.86456510","type":"governorate","cities":{"al-bireh":{"id":154040,"name":"Al-Bireh","latitude":"31.91259730","longitude":"35.20111730"},"al-mazra\u0027aash-sharqiya":{"id":154050,"name":"al-Mazra\u0027a ash-Sharqiya","latitude":"32.00327220","longitude":"35.25553230"},"banizeidal-sharqiya":{"id":154044,"name":"Bani Zeid al-Sharqiya","latitude":"32.04074320","longitude":"35.15327830"},"beitliqya":{"id":154045,"name":"Beit Liqya","latitude":"31.86997130","longitude":"35.04460230"},"beitunia":{"id":154042,"name":"Beitunia","latitude":"31.88931530","longitude":"35.14921330"},"birzeit":{"id":154046,"name":"Bir Zeit","latitude":"31.97534830","longitude":"35.17544230"},"deirdibwan":{"id":154047,"name":"Deir Dibwan","latitude":"31.91123930","longitude":"35.24838830"},"deirjarir":{"id":154048,"name":"Deir Jarir","latitude":"31.96564630","longitude":"35.27317630"},"kharbathaal-misbah":{"id":154049,"name":"Kharbatha al-Misbah","latitude":"31.88530030","longitude":"35.05147330"},"ni\u0027lin":{"id":154051,"name":"Ni\u0027lin","latitude":"31.94687730","longitude":"35.00086130"},"ramallah":{"id":154041,"name":"Ramallah","latitude":"31.90741710","longitude":"35.16468200"},"rawabi":{"id":154043,"name":"Rawabi","latitude":"32.01021570","longitude":"35.17129410"},"silwad":{"id":154052,"name":"Silwad","latitude":"31.97942420","longitude":"35.24126530"},"sinjil":{"id":154053,"name":"Sinjil","latitude":"32.03364130","longitude":"35.24333530"},"turmusayya":{"id":154054,"name":"Turmus Ayya","latitude":"32.03276020","longitude":"35.26777530"}}},"salfit":{"id":5131,"name":"Salfit","state_code":"SLT","latitude":"32.11122720","longitude":"34.95787690","type":"governorate","cities":{"az-zawiya":{"id":154071,"name":"az-Zawiya","latitude":"32.09470520","longitude":"35.01867630"},"biddya":{"id":154055,"name":"Biddya","latitude":"32.11340020","longitude":"35.05686530"},"bruqin":{"id":154056,"name":"Bruqin","latitude":"32.07264720","longitude":"35.07780630"},"deirballut":{"id":154057,"name":"Deir Ballut","latitude":"32.06506720","longitude":"35.00494930"},"deiristiya":{"id":154058,"name":"Deir Istiya","latitude":"32.13079620","longitude":"35.11953630"},"farkha":{"id":154059,"name":"Farkha","latitude":"32.06877720","longitude":"35.13027630"},"haris":{"id":154060,"name":"Haris","latitude":"32.11344920","longitude":"35.12311630"},"iskaka":{"id":154061,"name":"Iskaka","latitude":"32.10295520","longitude":"35.20394930"},"kafrad-dik":{"id":154062,"name":"Kafr ad-Dik","latitude":"32.06863540","longitude":"35.06050810"},"kiflhares":{"id":154063,"name":"Kifl Hares","latitude":"32.11692420","longitude":"35.13636430"},"marda":{"id":154064,"name":"Marda","latitude":"32.11425120","longitude":"35.17525130"},"mas-ha":{"id":154065,"name":"Mas-ha","latitude":"32.10729820","longitude":"35.03037430"},"qarawatbanihassan":{"id":154066,"name":"Qarawat Bani Hassan","latitude":"32.12853920","longitude":"35.07877830"},"qira":{"id":154067,"name":"Qira","latitude":"32.12213420","longitude":"35.15063230"},"rafat":{"id":154068,"name":"Rafat","latitude":"32.07872020","longitude":"35.02468730"},"sarta":{"id":154069,"name":"Sarta","latitude":"32.10336920","longitude":"35.07123830"},"yasuf":{"id":154070,"name":"Yasuf","latitude":"32.10940520","longitude":"35.21911530"}}},"tubas":{"id":5132,"name":"Tubas","state_code":"TBS","latitude":"32.29380430","longitude":"34.85109800","type":"governorate","cities":{"\u0027aqqaba":{"id":154073,"name":"\u0027Aqqaba","latitude":"32.35257060","longitude":"35.32674760"},"tammun":{"id":154074,"name":"Tammun","latitude":"32.28315510","longitude":"35.36518930"},"tubas":{"id":154072,"name":"Tubas","latitude":"32.32112010","longitude":"35.34935330"}}},"tulkarm":{"id":5133,"name":"Tulkarm","state_code":"TKM","latitude":"32.32766720","longitude":"34.92311080","type":"governorate","cities":{"anabta":{"id":154075,"name":"Anabta","latitude":"32.30728710","longitude":"35.09887830"},"attil":{"id":154076,"name":"Attil","latitude":"32.37010310","longitude":"35.05193830"},"bal\u0027a":{"id":154077,"name":"Bal\u0027a","latitude":"32.33255610","longitude":"35.08935330"},"baqaash-sharqiyya":{"id":154078,"name":"Baqa ash-Sharqiyya","latitude":"32.41117510","longitude":"35.05059330"},"beitlid":{"id":154079,"name":"Beit Lid","latitude":"32.26158210","longitude":"35.10968030"},"qaffin":{"id":154080,"name":"Qaffin","latitude":"32.43341200","longitude":"35.06370030"},"tulkarm":{"id":154081,"name":"Tulkarm","latitude":"32.30796480","longitude":"35.00802890"}}}}}