{"id":169,"name":"Palestinian Territory Occupied","iso3":"PSE","iso2":"PS","numeric_code":"275","phone_code":"970","capital":"East Jerusalem","currency":"ILS","currency_name":"Israeli new shekel","currency_symbol":"\u20aa","tld":".ps","native":"\u0641\u0644\u0633\u0637\u064a\u0646","region":"Asia","region_id":"3","subregion":"Western Asia","subregion_id":"11","nationality":"Palestinian","timezones":[{"zoneName":"Asia/Gaza","gmtOffset":7200,"gmtOffsetName":"UTC+02:00","abbreviation":"EET","tzName":"Eastern European Time"},{"zoneName":"Asia/Hebron","gmtOffset":7200,"gmtOffsetName":"UTC+02:00","abbreviation":"EET","tzName":"Eastern European Time"}],"translations":{"kr":"\ud314\ub808\uc2a4\ud0c0\uc778 \uc601\ud1a0","pt-BR":"Palestina","pt":"Palestina","nl":"Palestijnse gebieden","hr":"Palestina","fa":"\u0641\u0644\u0633\u0637\u06cc\u0646","de":"Pal\u00e4stina","es":"Palestina","fr":"Palestine","ja":"\u30d1\u30ec\u30b9\u30c1\u30ca","it":"Palestina","cn":"\u5df4\u52d2\u65af\u5766","tr":"Filistin"},"latitude":"31.90000000","longitude":"35.20000000","emoji":"\ud83c\uddf5\ud83c\uddf8","emojiU":"U+1F1F5 U+1F1F8","states":{"bethlehem":{"id":5118,"name":"Bethlehem","state_code":"BTH","latitude":"31.70539960","longitude":"35.19368770","type":"governorate"},"deirelbalah":{"id":5119,"name":"Deir El Balah","state_code":"DEB","latitude":null,"longitude":null,"type":"governorate"},"gaza":{"id":5120,"name":"Gaza","state_code":"GZA","latitude":null,"longitude":null,"type":"governorate"},"hebron":{"id":5121,"name":"Hebron","state_code":"HBN","latitude":"31.53260010","longitude":"35.06394750","type":"governorate"},"jenin":{"id":5122,"name":"Jenin","state_code":"JEN","latitude":null,"longitude":null,"type":"governorate"},"jerichoandalaghwar":{"id":5123,"name":"Jericho and Al Aghwar","state_code":"JRH","latitude":null,"longitude":null,"type":"governorate"},"jerusalem":{"id":5124,"name":"Jerusalem","state_code":"JEM","latitude":null,"longitude":null,"type":"governorate"},"khanyunis":{"id":5125,"name":"Khan Yunis","state_code":"KYS","latitude":null,"longitude":null,"type":"governorate"},"nablus":{"id":5126,"name":"Nablus","state_code":"NBS","latitude":null,"longitude":null,"type":"governorate"},"northgaza":{"id":5127,"name":"North Gaza","state_code":"NGZ","latitude":null,"longitude":null,"type":"governorate"},"qalqilya":{"id":5128,"name":"Qalqilya","state_code":"QQA","latitude":null,"longitude":null,"type":"governorate"},"rafah":{"id":5129,"name":"Rafah","state_code":"RFH","latitude":null,"longitude":null,"type":"governorate"},"ramallah":{"id":5130,"name":"Ramallah","state_code":"RBH","latitude":null,"longitude":null,"type":"governorate"},"salfit":{"id":5131,"name":"Salfit","state_code":"SLT","latitude":null,"longitude":null,"type":"governorate"},"tubas":{"id":5132,"name":"Tubas","state_code":"TBS","latitude":null,"longitude":null,"type":"governorate"},"tulkarm":{"id":5133,"name":"Tulkarm","state_code":"TKM","latitude":null,"longitude":null,"type":"governorate"}}}