{"id":19,"name":"Bangladesh","iso3":"BGD","iso2":"BD","numeric_code":"050","phonecode":"880","capital":"Dhaka","currency":"BDT","currency_name":"Bangladeshi taka","currency_symbol":"\u09f3","tld":".bd","native":"Bangladesh","region":"Asia","region_id":3,"subregion":"Southern Asia","subregion_id":14,"nationality":"Bangladeshi","timezones":[{"zoneName":"Asia/Dhaka","gmtOffset":21600,"gmtOffsetName":"UTC+06:00","abbreviation":"BDT","tzName":"Bangladesh Standard Time"}],"translations":{"ko":"\ubc29\uae00\ub77c\ub370\uc2dc","pt-BR":"Bangladesh","pt":"Bangladeche","nl":"Bangladesh","hr":"Banglade\u0161","fa":"\u0628\u0646\u06af\u0644\u0627\u062f\u0634","de":"Bangladesch","es":"Bangladesh","fr":"Bangladesh","ja":"\u30d0\u30f3\u30b0\u30e9\u30c7\u30b7\u30e5","it":"Bangladesh","zh-CN":"\u5b5f\u52a0\u62c9","tr":"Banglade\u015f","ru":"\u0411\u0430\u043d\u0433\u043b\u0430\u0434\u0435\u0448","uk":"\u0411\u0430\u043d\u0433\u043b\u0430\u0434\u0435\u0448","pl":"Bangladesz"},"latitude":"24.00000000","longitude":"90.00000000","emoji":"\ud83c\udde7\ud83c\udde9","emojiU":"U+1F1E7 U+1F1E9","states":{"barisal":{"id":807,"name":"Barisal ","state_code":"A","latitude":"22.38111310","longitude":"90.33718890","type":"division","cities":{"barguna":{"id":153858,"name":"Barguna ","latitude":"22.17167870","longitude":"89.79740240"},"barisal":{"id":153857,"name":"Barisal ","latitude":"22.42035790","longitude":"89.78250340"},"bhola":{"id":153859,"name":"Bhola ","latitude":"22.32452480","longitude":"90.10568470"},"jhalokati":{"id":153860,"name":"Jhalokati ","latitude":"22.56303520","longitude":"89.87191590"},"patuakhali":{"id":153861,"name":"Patuakhali ","latitude":"22.18709170","longitude":"89.71647060"},"pirojpur":{"id":153862,"name":"Pirojpur ","latitude":"22.50937910","longitude":"89.36434220"}}},"chittagong":{"id":803,"name":"Chittagong ","state_code":"B","latitude":"23.17931570","longitude":"91.98815270","type":"division","cities":{"bandarban":{"id":8457,"name":"Bandarban","latitude":"22.00000000","longitude":"92.33333000"},"brahmanbaria":{"id":8470,"name":"Brahmanbaria","latitude":"23.98333000","longitude":"91.16667000"},"chandpur":{"id":8474,"name":"Chandpur","latitude":"23.25000000","longitude":"90.83333000"},"chittagong":{"id":8481,"name":"Chittagong","latitude":"22.48750000","longitude":"91.96333000"},"comilla":{"id":8483,"name":"Comilla","latitude":"23.44170000","longitude":"91.00987000"},"cox\u0027sbazar":{"id":8484,"name":"Cox\u0027s Bazar","latitude":"21.58389000","longitude":"92.01528000"},"feni":{"id":8492,"name":"Feni","latitude":"22.96667000","longitude":"91.31667000"},"khagrachhari":{"id":8512,"name":"Khagrachhari","latitude":"23.16667000","longitude":"91.90000000"},"lakshmipur":{"id":8521,"name":"Lakshmipur","latitude":"22.91667000","longitude":"90.83333000"},"noakhali":{"id":8553,"name":"Noakhali","latitude":"22.75000000","longitude":"91.16667000"},"rangamati":{"id":8576,"name":"Rangamati","latitude":"22.63333000","longitude":"92.20000000"}}},"dhaka":{"id":760,"name":"Dhaka ","state_code":"C","latitude":"23.95357420","longitude":"90.14949880","type":"division","cities":{"dhaka":{"id":153863,"name":"Dhaka ","latitude":"23.78417980","longitude":"89.92859830"},"faridpur":{"id":153871,"name":"Faridpur ","latitude":"23.45115240","longitude":"89.52820380"},"gazipur":{"id":153864,"name":"Gazipur ","latitude":"24.10914520","longitude":"90.09596140"},"gopalganj":{"id":153872,"name":"Gopalganj ","latitude":"23.10660120","longitude":"89.57802710"},"kishoreganj":{"id":153865,"name":"Kishoreganj ","latitude":"24.33888030","longitude":"90.58499800"},"madaripur":{"id":153873,"name":"Madaripur ","latitude":"23.23455490","longitude":"89.81089030"},"manikganj":{"id":153866,"name":"Manikganj ","latitude":"23.83174080","longitude":"89.64097890"},"munshiganj":{"id":153867,"name":"Munshiganj ","latitude":"23.52615230","longitude":"90.11590910"},"narayanganj":{"id":153868,"name":"Narayanganj ","latitude":"23.74880130","longitude":"90.25638500"},"narsingdi":{"id":153869,"name":"Narsingdi ","latitude":"24.00966000","longitude":"90.44480420"},"rajbari":{"id":153874,"name":"Rajbari ","latitude":"23.73843000","longitude":"89.25547000"},"shariatpur":{"id":153875,"name":"Shariatpur ","latitude":"23.23124340","longitude":"90.08293470"},"tangail":{"id":153870,"name":"Tangail ","latitude":"24.37630700","longitude":"89.35804610"}}},"khulna":{"id":775,"name":"Khulna ","state_code":"D","latitude":"22.80878160","longitude":"89.24671910","type":"division","cities":{"bagerhat":{"id":153876,"name":"Bagerhat ","latitude":"22.34880590","longitude":"89.07470250"},"chuadanga":{"id":153877,"name":"Chuadanga ","latitude":"23.60352730","longitude":"88.48732400"},"jessore":{"id":153878,"name":"Jessore ","latitude":"23.08473560","longitude":"88.87480080"},"jhenaidah":{"id":153879,"name":"Jhenaidah ","latitude":"23.49521270","longitude":"88.70694930"},"khulna":{"id":153880,"name":"Khulna ","latitude":"22.35351390","longitude":"88.83407090"},"kushtia":{"id":153881,"name":"Kushtia ","latitude":"23.94595240","longitude":"88.70179290"},"magura":{"id":153882,"name":"Magura ","latitude":"23.46557740","longitude":"89.11547300"},"meherpur":{"id":153883,"name":"Meherpur ","latitude":"23.78972180","longitude":"88.39319490"},"narail":{"id":153884,"name":"Narail ","latitude":"23.13175700","longitude":"89.26258440"},"satkhira":{"id":153885,"name":"Satkhira ","latitude":"22.29898590","longitude":"88.47540870"}}},"mymensingh":{"id":758,"name":"Mymensingh ","state_code":"H","latitude":"24.71362000","longitude":"90.45023680","type":"division","cities":{"jamalpur":{"id":153887,"name":"Jamalpur ","latitude":"25.00108250","longitude":"89.26050130"},"mymensingh":{"id":153886,"name":"Mymensingh ","latitude":"24.72309850","longitude":"89.78411730"},"netrokona":{"id":153888,"name":"Netrokona ","latitude":"24.87204810","longitude":"90.52293810"},"sherpur":{"id":153889,"name":"Sherpur ","latitude":"25.09260380","longitude":"89.76352070"}}},"rajshahi":{"id":753,"name":"Rajshahi ","state_code":"E","latitude":"24.71057760","longitude":"88.94138650","type":"division","cities":{"bogra":{"id":153894,"name":"Bogra ","latitude":"24.82966450","longitude":"89.02598570"},"chapainawabganj":{"id":153895,"name":"Chapai Nawabganj","latitude":"24.69520750","longitude":"87.93021310"},"joypurhat":{"id":153897,"name":"Joypurhat ","latitude":"25.06567070","longitude":"88.76832650"},"naogaon":{"id":153896,"name":"Naogaon ","latitude":"24.87425080","longitude":"88.43751910"},"natore":{"id":153890,"name":"Natore ","latitude":"24.38021070","longitude":"88.76302520"},"pabna":{"id":153893,"name":"Pabna ","latitude":"24.08126720","longitude":"89.03724420"},"rajshahi":{"id":153891,"name":"Rajshahi ","latitude":"24.42073360","longitude":"88.29602140"},"sirajganj":{"id":153892,"name":"Sirajganj ","latitude":"24.39876240","longitude":"88.87641810"}}},"rangpur":{"id":750,"name":"Rangpur ","state_code":"F","latitude":"25.84833880","longitude":"88.94138650","type":"division","cities":{"dinajpur":{"id":153898,"name":"Dinajpur ","latitude":"25.64261030","longitude":"88.18344620"},"gaibandha":{"id":153900,"name":"Gaibandha ","latitude":"25.34315570","longitude":"89.13978570"},"kurigram":{"id":153899,"name":"Kurigram ","latitude":"25.80827220","longitude":"89.00915030"},"lalmonirhat":{"id":153901,"name":"Lalmonirhat ","latitude":"26.12442390","longitude":"88.91060900"},"nilphamari":{"id":153902,"name":"Nilphamari ","latitude":"26.02264250","longitude":"88.63412710"},"panchagarh":{"id":153903,"name":"Panchagarh ","latitude":"26.32032700","longitude":"26.32032700"},"rangpur":{"id":153904,"name":"Rangpur ","latitude":"25.62390240","longitude":"88.90094980"},"thakurgaon":{"id":153905,"name":"Thakurgaon ","latitude":"25.93648420","longitude":"88.03366640"}}},"sylhet":{"id":765,"name":"Sylhet ","state_code":"G","latitude":"24.70498110","longitude":"91.67606910","type":"division","cities":{"habiganj":{"id":153906,"name":"Habiganj ","latitude":"24.33481970","longitude":"90.74899010"},"moulvibazar":{"id":153907,"name":"Moulvibazar ","latitude":"24.48617710","longitude":"91.28742410"},"sunamganj":{"id":153908,"name":"Sunamganj ","latitude":"24.88905540","longitude":"91.00248270"},"sylhet":{"id":153909,"name":"Sylhet ","latitude":"24.89189110","longitude":"91.73554950"}}}}}