{"id":18,"name":"Bahrain","iso3":"BHR","iso2":"BH","numeric_code":"048","phone_code":"973","capital":"Manama","currency":"BHD","currency_name":"Bahraini dinar","currency_symbol":".\u062f.\u0628","tld":".bh","native":"\u200f\u0627\u0644\u0628\u062d\u0631\u064a\u0646","region":"Asia","region_id":3,"subregion":"Western Asia","subregion_id":11,"nationality":"Bahraini","timezones":[{"zoneName":"Asia/Bahrain","gmtOffset":10800,"gmtOffsetName":"UTC+03:00","abbreviation":"AST","tzName":"Arabia Standard Time"}],"translations":{"ko":"\ubc14\ub808\uc778","pt-BR":"Bahrein","pt":"Bar\u00e9m","nl":"Bahrein","hr":"Bahrein","fa":"\u0628\u062d\u0631\u06cc\u0646","de":"Bahrain","es":"Bahrein","fr":"Bahre\u00efn","ja":"\u30d0\u30fc\u30ec\u30fc\u30f3","it":"Bahrein","zh-CN":"\u5df4\u6797","tr":"Bahreyn","ru":"\u0411\u0430\u0445\u0440\u0435\u0439\u043d","uk":"\u0411\u0430\u0445\u0440\u0435\u0439\u043d","pl":"Bahrajn"},"latitude":"26.00000000","longitude":"50.55000000","emoji":"\ud83c\udde7\ud83c\udded","emojiU":"U+1F1E7 U+1F1ED","states":{"capital":{"id":1992,"name":"Capital","state_code":"13","latitude":null,"longitude":null,"type":null,"cities":{"jidd\u1e28af\u015f":{"id":9757,"name":"Jidd \u1e28af\u015f","latitude":"26.21861000","longitude":"50.54778000"},"manama":{"id":9760,"name":"Manama","latitude":"26.22787000","longitude":"50.58565000"},"sitrah":{"id":9761,"name":"Sitrah","latitude":"26.15472000","longitude":"50.62056000"}}},"central":{"id":1996,"name":"Central","state_code":"16","latitude":"26.14260930","longitude":"50.56532940","type":null,"cities":{"mad\u012bnat\u1e28amad":{"id":9758,"name":"Mad\u012bnat \u1e28amad","latitude":"26.11528000","longitude":"50.50694000"}}},"muharraq":{"id":1995,"name":"Muharraq","state_code":"15","latitude":"26.26856530","longitude":"50.64825170","type":null,"cities":{"al\u1e28add":{"id":9754,"name":"Al \u1e28add","latitude":"26.24556000","longitude":"50.65417000"},"almuharraq":{"id":9753,"name":"Al Muharraq","latitude":"26.25722000","longitude":"50.61194000"}}},"northern":{"id":1994,"name":"Northern","state_code":"17","latitude":"26.15519140","longitude":"50.48251730","type":null},"southern":{"id":1993,"name":"Southern","state_code":"14","latitude":"25.93810180","longitude":"50.57568870","type":null,"cities":{"arrif\u0101\u2018":{"id":9755,"name":"Ar Rif\u0101\u2018","latitude":"26.13000000","longitude":"50.55500000"},"d\u0101rkulayb":{"id":9756,"name":"D\u0101r Kulayb","latitude":"26.06861000","longitude":"50.50389000"},"mad\u012bnat\u2018\u012as\u00e1":{"id":9759,"name":"Mad\u012bnat \u2018\u012as\u00e1","latitude":"26.17361000","longitude":"50.54778000"}}}}}