{"id":37,"name":"Cambodia","iso3":"KHM","iso2":"KH","numeric_code":"116","phonecode":"855","capital":"Phnom Penh","currency":"KHR","currency_name":"Cambodian riel","currency_symbol":"KHR","tld":".kh","native":"K\u00e2mp\u016dch\u00e9a","region":"Asia","region_id":3,"subregion":"South-Eastern Asia","subregion_id":13,"nationality":"Cambodian","timezones":[{"zoneName":"Asia/Phnom_Penh","gmtOffset":25200,"gmtOffsetName":"UTC+07:00","abbreviation":"ICT","tzName":"Indochina Time"}],"translations":{"ko":"\uce84\ubcf4\ub514\uc544","pt-BR":"Camboja","pt":"Camboja","nl":"Cambodja","hr":"Kambod\u017ea","fa":"\u06a9\u0627\u0645\u0628\u0648\u062c","de":"Kambodscha","es":"Camboya","fr":"Cambodge","ja":"\u30ab\u30f3\u30dc\u30b8\u30a2","it":"Cambogia","zh-CN":"\u67ec\u57d4\u5be8","tr":"Kambo\u00e7ya","ru":"\u041a\u0430\u043c\u0431\u043e\u0434\u0436\u0430","uk":"\u041a\u0430\u043c\u0431\u043e\u0434\u0436\u0430","pl":"Kambod\u017ca"},"latitude":"13.00000000","longitude":"105.00000000","emoji":"\ud83c\uddf0\ud83c\udded","emojiU":"U+1F1F0 U+1F1ED","states":{"banteaymeanchey":{"id":3984,"name":"Banteay Meanchey","state_code":"1","latitude":"13.75319140","longitude":"102.98961500","type":"province","cities":{"mongkolborei":{"id":64967,"name":"Mongkol Borei","latitude":"13.45531000","longitude":"102.99186000"},"paoypaet":{"id":64969,"name":"Paoy Paet","latitude":"13.65805000","longitude":"102.56365000"},"sisophon":{"id":64981,"name":"Sisophon","latitude":"13.58588000","longitude":"102.97369000"},"sr\u014fkmalai":{"id":65009,"name":"Sr\u014fk Malai","latitude":"13.49902000","longitude":"102.60164000"},"sr\u014fksvaych\u00e9k":{"id":65022,"name":"Sr\u014fk Svay Ch\u00e9k","latitude":"13.81305000","longitude":"102.95269000"}}},"battambang":{"id":3976,"name":"Battambang","state_code":"2","latitude":"13.02869710","longitude":"102.98961500","type":"province","cities":{"battambang":{"id":64940,"name":"Battambang","latitude":"13.10271000","longitude":"103.19822000"},"sr\u014fk\u00c2kphn\u016dm":{"id":65028,"name":"Sr\u014fk \u00c2k Phn\u016dm","latitude":"13.23621000","longitude":"103.45894000"},"sr\u014fkban\u0103n":{"id":64988,"name":"Sr\u014fk Ban\u0103n","latitude":"12.97067000","longitude":"103.04742000"},"sr\u014fkb\u00e2v\u012dl":{"id":64995,"name":"Sr\u014fk B\u00e2v\u012dl","latitude":"13.23601000","longitude":"102.82910000"},"sr\u014fkrotanakmondol":{"id":65017,"name":"Sr\u014fk Rotanak Mondol","latitude":"12.84048000","longitude":"102.88700000"}}},"kampongcham":{"id":3991,"name":"Kampong Cham","state_code":"3","latitude":"12.09829180","longitude":"105.31311850","type":"province","cities":{"cheungprey":{"id":64941,"name":"Cheung Prey","latitude":"12.10000000","longitude":"105.07000000"},"kampongcham":{"id":64944,"name":"Kampong Cham","latitude":"11.98000000","longitude":"105.44500000"},"sr\u014fkbath\u00e9ay":{"id":64990,"name":"Sr\u014fk Bath\u00e9ay","latitude":"12.02986000","longitude":"104.93171000"}}},"kampongchhnang":{"id":3979,"name":"Kampong Chhnang","state_code":"4","latitude":"12.13923520","longitude":"104.56552730","type":"province","cities":{"baribour":{"id":64939,"name":"Baribour","latitude":"12.43000000","longitude":"104.47000000"},"kampongchhnang":{"id":64945,"name":"Kampong Chhnang","latitude":"12.26000000","longitude":"104.67000000"},"roleab\u0027ier":{"id":64974,"name":"Rolea B\u0027ier","latitude":"12.21000000","longitude":"104.61000000"},"sr\u014fkcholkiri":{"id":64997,"name":"Sr\u014fk Chol Kiri","latitude":"12.15861000","longitude":"104.82287000"},"sr\u014fksameakkimeanchey":{"id":65019,"name":"Sr\u014fk Sameakki Mean Chey","latitude":"11.86788000","longitude":"104.55549000"}}},"kampongspeu":{"id":3988,"name":"Kampong Speu","state_code":"5","latitude":"11.61551090","longitude":"104.37919120","type":"province","cities":{"kampongspeu":{"id":64946,"name":"Kampong Speu","latitude":"11.45332000","longitude":"104.52085000"},"kr\u014fngchbarmon":{"id":64962,"name":"Kr\u014fng Chbar Mon","latitude":"11.47091000","longitude":"104.50655000"},"sr\u014fkbasedth":{"id":64989,"name":"Sr\u014fk Basedth","latitude":"11.18432000","longitude":"104.53584000"},"sr\u014fkk\u00f4ngp\u012dsei":{"id":65008,"name":"Sr\u014fk K\u00f4ng P\u012dsei","latitude":"11.31648000","longitude":"104.65992000"},"sr\u014fk\u014ed\u014fngk":{"id":65032,"name":"Sr\u014fk \u014ed\u014fngk","latitude":"11.66845000","longitude":"104.61224000"}}},"kampongthom":{"id":5070,"name":"Kampong Thom","state_code":"6","latitude":"12.81674850","longitude":"103.84131040","type":"province"},"kampot":{"id":3981,"name":"Kampot","state_code":"7","latitude":"10.73253510","longitude":"104.37919120","type":"province","cities":{"angkorchey":{"id":64935,"name":"Angkor Chey","latitude":"10.76667000","longitude":"104.65000000"},"banteaymeas":{"id":64938,"name":"Banteay Meas","latitude":"10.61667000","longitude":"104.53333000"},"chhoukdistrict":{"id":64942,"name":"Chhouk District","latitude":"10.81667000","longitude":"104.45000000"},"kampongbay":{"id":64943,"name":"Kampong Bay","latitude":"10.59554000","longitude":"104.17136000"},"kampongtranch":{"id":64947,"name":"Kampong Tranch","latitude":"10.55000000","longitude":"104.46667000"},"kampot":{"id":64948,"name":"Kampot","latitude":"10.61041000","longitude":"104.18145000"},"sr\u014fkch\u016dmkiri":{"id":64998,"name":"Sr\u014fk Ch\u016dm Kiri","latitude":"11.00540000","longitude":"104.44207000"},"sr\u014fkd\u00e2ngt\u00f3ng":{"id":65001,"name":"Sr\u014fk D\u00e2ngt\u00f3ng","latitude":"10.70733000","longitude":"104.42229000"},"sroktuekchhou":{"id":64986,"name":"Srok Tuek Chhou","latitude":"10.74557000","longitude":"104.11013000"}}},"kandal":{"id":3983,"name":"Kandal","state_code":"8","latitude":"11.22373830","longitude":"105.12589550","type":"province","cities":{"kr\u014fngtakhmau":{"id":64965,"name":"Kr\u014fng Ta Khmau","latitude":"11.45474000","longitude":"104.94350000"},"sr\u014fkkhs\u0103chk\u00e2ndal":{"id":65003,"name":"Sr\u014fk Khs\u0103ch K\u00e2ndal","latitude":"11.69224000","longitude":"105.03732000"},"takhmau":{"id":65037,"name":"Ta Khmau","latitude":"11.48333000","longitude":"104.95000000"}}},"kep":{"id":3978,"name":"Kep","state_code":"23","latitude":"10.53608900","longitude":"104.35591580","type":"province","cities":{"krongkep":{"id":64961,"name":"Krong Kep","latitude":"10.48291000","longitude":"104.31672000"},"sr\u014fkd\u00e2mn\u0103kch\u00e2ng\u2019aeur":{"id":65000,"name":"Sr\u014fk D\u00e2mn\u0103k Ch\u00e2ng\u2019aeur","latitude":"10.53394000","longitude":"104.34855000"}}},"kohkong":{"id":3982,"name":"Koh Kong","state_code":"9","latitude":"11.57628040","longitude":"103.35872880","type":"province","cities":{"kohkong":{"id":64957,"name":"Koh Kong","latitude":"11.61531000","longitude":"102.98380000"},"smachmeanchey":{"id":64982,"name":"Smach Mean Chey","latitude":"11.54665000","longitude":"103.03569000"},"sraeambel":{"id":64984,"name":"Srae Ambel","latitude":"11.10968000","longitude":"103.76226000"},"sr\u014fkbatumsak\u00f4r":{"id":64991,"name":"Sr\u014fk Batum Sak\u00f4r","latitude":"11.11465000","longitude":"103.38993000"},"sr\u014fkm\u00f4nd\u00f4lseima":{"id":65011,"name":"Sr\u014fk M\u00f4nd\u00f4l Seima","latitude":"11.81292000","longitude":"103.01159000"}}},"kratie":{"id":3986,"name":"Kratie","state_code":"10","latitude":"12.50436080","longitude":"105.96998780","type":"province","cities":{"kracheh":{"id":64958,"name":"Kracheh","latitude":"12.57000000","longitude":"106.20000000"},"krati\u00e9":{"id":64960,"name":"Krati\u00e9","latitude":"12.48811000","longitude":"106.01879000"},"snuol":{"id":64983,"name":"Snuol","latitude":"12.19373000","longitude":"106.47361000"}}},"mondulkiri":{"id":3985,"name":"Mondulkiri","state_code":"11","latitude":"12.78794270","longitude":"107.10119310","type":"province","cities":{"kr\u014fngs\u00eanm\u00f4no\u016dr\u00f4m":{"id":64964,"name":"Kr\u014fng S\u00eanm\u00f4no\u016dr\u00f4m","latitude":"12.50480000","longitude":"107.15525000"},"senmonorom":{"id":64978,"name":"Sen Monorom","latitude":"12.45583000","longitude":"107.18811000"},"sr\u014fkkaevseima":{"id":65002,"name":"Sr\u014fk Kaev Seima","latitude":"12.41722000","longitude":"106.77025000"},"sr\u014fkpechchreada":{"id":65014,"name":"Sr\u014fk Pech Chreada","latitude":"12.72780000","longitude":"107.09480000"}}},"oddarmeanchey":{"id":3987,"name":"Oddar Meanchey","state_code":"22","latitude":"14.16097380","longitude":"103.82162610","type":"province","cities":{"samraong":{"id":64976,"name":"Samraong","latitude":"14.18175000","longitude":"103.51761000"},"sr\u014fkb\u00e2nt\u00e9ay\u00c2mp\u012dl":{"id":64994,"name":"Sr\u014fk B\u00e2nt\u00e9ay \u00c2mp\u012dl","latitude":"14.18590000","longitude":"103.25925000"},"sr\u014fks\u00e2mra\u00f4ng":{"id":65023,"name":"Sr\u014fk S\u00e2mra\u00f4ng","latitude":"14.25039000","longitude":"103.62739000"},"sr\u014fktr\u00e2pe\u0103ngprasat":{"id":65026,"name":"Sr\u014fk Tr\u00e2pe\u0103ng Prasat","latitude":"14.25809000","longitude":"104.30835000"}}},"pailin":{"id":3980,"name":"Pailin","state_code":"24","latitude":"12.90929620","longitude":"102.66755750","type":"province","cities":{"khansalakrau":{"id":64956,"name":"Khan Sala Krau","latitude":"12.97984000","longitude":"102.63957000"},"pailin":{"id":64968,"name":"Pailin","latitude":"12.84895000","longitude":"102.60928000"}}},"phnompenh":{"id":3994,"name":"Phnom Penh","state_code":"12","latitude":"11.55637380","longitude":"104.92820990","type":"autonomous municipality","cities":{"khan7makara":{"id":64949,"name":"Khan 7 Makara","latitude":"11.56254000","longitude":"104.91405000"},"khanch\u00e2mkarmon":{"id":64950,"name":"Khan Ch\u00e2mkar Mon","latitude":"11.54390000","longitude":"104.92175000"},"khand\u00e2ngka\u00f4":{"id":64952,"name":"Khan D\u00e2ngka\u00f4","latitude":"11.52457000","longitude":"104.83944000"},"khandu\u014fnp\u00e9nh":{"id":64951,"name":"Khan Du\u014fn P\u00e9nh","latitude":"11.57561000","longitude":"104.92025000"},"khanm\u00e9anchey":{"id":64953,"name":"Khan M\u00e9an Chey","latitude":"11.51976000","longitude":"104.95467000"},"khanrusseykeo":{"id":64954,"name":"Khan Russey Keo","latitude":"11.61946000","longitude":"104.90990000"},"khansaensokh":{"id":64955,"name":"Khan Saen Sokh","latitude":"11.61289000","longitude":"104.86078000"},"phnompenh":{"id":64970,"name":"Phnom Penh","latitude":"11.56245000","longitude":"104.91601000"}}},"preahvihear":{"id":3973,"name":"Preah Vihear","state_code":"13","latitude":"14.00857970","longitude":"104.84546190","type":"province","cities":{"sangkomthmei":{"id":64977,"name":"Sangkom Thmei","latitude":"13.47395000","longitude":"104.77051000"},"sr\u014fkch\u2019\u00eahs\u00ean":{"id":64999,"name":"Sr\u014fk Ch\u2019\u00eah S\u00ean","latitude":"13.58215000","longitude":"105.34533000"},"sr\u014fkchh\u00eab":{"id":64996,"name":"Sr\u014fk Chh\u00eab","latitude":"13.91077000","longitude":"105.46180000"},"sr\u014fkkul\u00e9n":{"id":65005,"name":"Sr\u014fk Kul\u00e9n","latitude":"13.78597000","longitude":"104.61052000"},"sr\u014fkr\u00f4vi\u0115ng":{"id":65018,"name":"Sr\u014fk R\u00f4vi\u0115ng","latitude":"13.35105000","longitude":"105.09956000"},"sr\u014fktb\u00eangm\u00e9anchey":{"id":65025,"name":"Sr\u014fk Tb\u00eang M\u00e9anchey","latitude":"13.78622000","longitude":"105.01586000"},"tbengmeanchey":{"id":65039,"name":"Tbeng Meanchey","latitude":"13.80731000","longitude":"104.98046000"}}},"preyveng":{"id":3974,"name":"Prey Veng","state_code":"14","latitude":"11.38024420","longitude":"105.50054830","type":"province","cities":{"preyveng":{"id":64972,"name":"Prey Veng","latitude":"11.48682000","longitude":"105.32533000"},"sr\u014fkk\u00e2mp\u00f3ngl\u00e9av":{"id":65006,"name":"Sr\u014fk K\u00e2mp\u00f3ng L\u00e9av","latitude":"11.50970000","longitude":"105.30110000"},"sr\u014fkm\u00e9sang":{"id":65010,"name":"Sr\u014fk M\u00e9sang","latitude":"11.35528000","longitude":"105.57235000"},"sr\u014fkpre\u0103hsd\u00e9ch":{"id":65016,"name":"Sr\u014fk Pre\u0103h Sd\u00e9ch","latitude":"11.08690000","longitude":"105.37497000"}}},"pursat":{"id":3977,"name":"Pursat","state_code":"15","latitude":"12.27209560","longitude":"103.72891670","type":"province","cities":{"bakan":{"id":64936,"name":"Bakan","latitude":"12.78000000","longitude":"103.79000000"},"krakor":{"id":64959,"name":"Krakor","latitude":"12.48000000","longitude":"104.19000000"},"pursat":{"id":64973,"name":"Pursat","latitude":"12.53878000","longitude":"103.91920000"},"sampovmeas":{"id":64975,"name":"Sampov Meas","latitude":"12.47055000","longitude":"103.91817000"},"sr\u014fkk\u00e2ndi\u0115ng":{"id":65007,"name":"Sr\u014fk K\u00e2ndi\u0115ng","latitude":"12.71245000","longitude":"104.02592000"},"sr\u014fkv\u00e9alv\u00eang":{"id":65027,"name":"Sr\u014fk V\u00e9al V\u00eang","latitude":"12.24230000","longitude":"103.13444000"}}},"ratanakiri":{"id":3990,"name":"Ratanakiri","state_code":"16","latitude":"13.85766070","longitude":"107.10119310","type":"province","cities":{"banlung":{"id":64937,"name":"Banlung","latitude":"13.73939000","longitude":"106.98727000"},"lumphat":{"id":64966,"name":"Lumphat","latitude":"13.49146000","longitude":"106.98022000"},"sr\u014fk\u00c2ndongm\u00e9as":{"id":65029,"name":"Sr\u014fk \u00c2ndong M\u00e9as","latitude":"13.93352000","longitude":"107.31155000"},"sr\u014fkb\u00e2k\u00eav":{"id":64993,"name":"Sr\u014fk B\u00e2 K\u00eav","latitude":"13.70749000","longitude":"107.19442000"},"sr\u014fkbanl\u016dng":{"id":64987,"name":"Sr\u014fk Ban L\u016dng","latitude":"13.68200000","longitude":"107.03025000"},"sr\u014fkkounmom":{"id":65004,"name":"Sr\u014fk Koun Mom","latitude":"13.51772000","longitude":"106.75142000"},"sr\u014fkouchum":{"id":65012,"name":"Sr\u014fk Ou Chum","latitude":"13.84069000","longitude":"107.03469000"},"sr\u014fkouyadav":{"id":65013,"name":"Sr\u014fk Ou Ya Dav","latitude":"13.54328000","longitude":"107.44636000"},"sr\u014fktav\u00eang":{"id":65024,"name":"Sr\u014fk Ta V\u00eang","latitude":"14.29192000","longitude":"107.24031000"}}},"siemreap":{"id":3992,"name":"Siem Reap","state_code":"17","latitude":"13.33026600","longitude":"104.10013260","type":"province","cities":{"siemreap":{"id":64979,"name":"Siem Reap","latitude":"13.36179000","longitude":"103.86056000"},"sr\u014fk\u00c2ngk\u00f4rthum":{"id":65031,"name":"Sr\u014fk \u00c2ngk\u00f4r Thum","latitude":"13.57881000","longitude":"103.85645000"},"sr\u014fkprasatbakong":{"id":65015,"name":"Sr\u014fk Prasat Bakong","latitude":"13.21031000","longitude":"103.97689000"},"svayleu":{"id":65035,"name":"Svay Leu","latitude":"13.69168000","longitude":"104.27446000"},"varin":{"id":65040,"name":"Varin","latitude":"13.83574000","longitude":"103.89968000"}}},"sihanoukville":{"id":3989,"name":"Sihanoukville","state_code":"18","latitude":"10.75818990","longitude":"103.82162610","type":"province","cities":{"sihanoukville":{"id":64980,"name":"Sihanoukville","latitude":"10.60932000","longitude":"103.52958000"},"srokstuenghav":{"id":64985,"name":"Srok Stueng Hav","latitude":"10.85249000","longitude":"103.74016000"}}},"stungtreng":{"id":3993,"name":"Stung Treng","state_code":"19","latitude":"13.57647300","longitude":"105.96998780","type":"province","cities":{"sr\u014fksr\u00eas\u00e9n":{"id":65020,"name":"Sr\u014fk Sr\u00eas\u00e9n","latitude":"13.60530000","longitude":"106.35819000"},"stuengtraeng":{"id":65033,"name":"Stueng Traeng","latitude":"13.65000000","longitude":"106.07000000"},"stungtreng":{"id":65034,"name":"Stung Treng","latitude":"13.52586000","longitude":"105.96830000"}}},"svayrieng":{"id":3972,"name":"Svay Rieng","state_code":"20","latitude":"11.14272200","longitude":"105.82902980","type":"province","cities":{"sr\u014fksvaychr\u016dm":{"id":65021,"name":"Sr\u014fk Svay Chr\u016dm","latitude":"11.11160000","longitude":"105.69814000"},"svayrieng":{"id":65036,"name":"Svay Rieng","latitude":"11.08785000","longitude":"105.79935000"}}},"takeo":{"id":3975,"name":"Takeo","state_code":"21","latitude":"10.93215190","longitude":"104.79877100","type":"province","cities":{"kr\u014fngdounkaev":{"id":64963,"name":"Kr\u014fng Doun Kaev","latitude":"10.99459000","longitude":"104.79550000"},"phum\u012dv\u00e9alsr\u00ea":{"id":64971,"name":"Phum\u012d V\u00e9al Sr\u00ea","latitude":"10.98081000","longitude":"104.77828000"},"sr\u014fk\u00c2ngk\u00f4rborei":{"id":65030,"name":"Sr\u014fk \u00c2ngk\u00f4r Borei","latitude":"10.99291000","longitude":"104.95177000"},"sr\u014fkboreicholsar":{"id":64992,"name":"Sr\u014fk Borei Cholsar","latitude":"10.81414000","longitude":"104.98994000"},"takeo":{"id":65038,"name":"Takeo","latitude":"10.99081000","longitude":"104.78498000"}}}}}