{"id":90,"name":"Guatemala","iso3":"GTM","iso2":"GT","numeric_code":"320","phonecode":"502","capital":"Guatemala City","currency":"GTQ","currency_name":"Guatemalan quetzal","currency_symbol":"Q","tld":".gt","native":"Guatemala","region":"Americas","region_id":2,"subregion":"Central America","subregion_id":9,"nationality":"Guatemalan","timezones":[{"zoneName":"America/Guatemala","gmtOffset":-21600,"gmtOffsetName":"UTC-06:00","abbreviation":"CST","tzName":"Central Standard Time (North America"}],"translations":{"ko":"\uacfc\ud14c\ub9d0\ub77c","pt-BR":"Guatemala","pt":"Guatemala","nl":"Guatemala","hr":"Gvatemala","fa":"\u06af\u0648\u0627\u062a\u0645\u0627\u0644\u0627","de":"Guatemala","es":"Guatemala","fr":"Guatemala","ja":"\u30b0\u30a2\u30c6\u30de\u30e9","it":"Guatemala","zh-CN":"\u5371\u5730\u9a6c\u62c9","tr":"Guatemala","ru":"\u0413\u0432\u0430\u0442\u0435\u043c\u0430\u043b\u0430","uk":"\u0413\u0432\u0430\u0442\u0435\u043c\u0430\u043b\u0430","pl":"Gwatemala"},"latitude":"15.50000000","longitude":"-90.25000000","emoji":"\ud83c\uddec\ud83c\uddf9","emojiU":"U+1F1EC U+1F1F9","states":{"altaverapaz":{"id":3671,"name":"Alta Verapaz ","state_code":"16","latitude":"15.59428830","longitude":"-90.14949880","type":"department","cities":{"cahab\u00f3n":{"id":53437,"name":"Cahab\u00f3n","latitude":"15.56667000","longitude":"-89.81667000"},"chahalguatemala":{"id":53444,"name":"Chahal Guatemala","latitude":"15.79122000","longitude":"-89.60518000"},"chisec":{"id":53457,"name":"Chisec","latitude":"15.81667000","longitude":"-90.28333000"},"cob\u00e1n":{"id":53462,"name":"Cob\u00e1n","latitude":"15.47083000","longitude":"-90.37083000"},"latinta":{"id":53523,"name":"La Tinta","latitude":"15.31667000","longitude":"-89.88333000"},"lanqu\u00edn":{"id":53524,"name":"Lanqu\u00edn","latitude":"15.56667000","longitude":"-89.96667000"},"panz\u00f3s":{"id":53620,"name":"Panz\u00f3s","latitude":"15.40000000","longitude":"-89.66667000"},"sancrist\u00f3balverapaz":{"id":53671,"name":"San Crist\u00f3bal Verapaz","latitude":"15.39632000","longitude":"-90.56513000"},"sanjuanchamelco":{"id":53693,"name":"San Juan Chamelco","latitude":"15.43333000","longitude":"-90.33333000"},"sanpedrocarch\u00e1":{"id":53725,"name":"San Pedro Carch\u00e1","latitude":"15.48333000","longitude":"-90.26667000"},"santacruzverapaz":{"id":53758,"name":"Santa Cruz Verapaz","latitude":"15.36667000","longitude":"-90.43333000"},"senah\u00fa":{"id":53777,"name":"Senah\u00fa","latitude":"15.40000000","longitude":"-89.83333000"},"tactic":{"id":53786,"name":"Tactic","latitude":"15.32218000","longitude":"-90.35448000"},"tamah\u00fa":{"id":53788,"name":"Tamah\u00fa","latitude":"15.30890000","longitude":"-90.23599000"},"tucur\u00fa":{"id":53796,"name":"Tucur\u00fa","latitude":"15.30000000","longitude":"-90.06667000"}}},"bajaverapaz":{"id":3674,"name":"Baja Verapaz ","state_code":"15","latitude":"15.12558670","longitude":"-90.37483540","type":"department","cities":{"cubulco":{"id":53474,"name":"Cubulco","latitude":"15.10452000","longitude":"-90.62871000"},"elchol":{"id":53482,"name":"El Chol","latitude":"14.96055000","longitude":"-90.48799000"},"granados":{"id":53497,"name":"Granados","latitude":"14.91649000","longitude":"-90.52292000"},"purulh\u00e1":{"id":53636,"name":"Purulh\u00e1","latitude":"15.26667000","longitude":"-90.20000000"},"rabinal":{"id":53640,"name":"Rabinal","latitude":"15.08530000","longitude":"-90.49255000"},"salam\u00e1":{"id":53645,"name":"Salam\u00e1","latitude":"15.10278000","longitude":"-90.31806000"},"sanjer\u00f3nimo":{"id":53680,"name":"San Jer\u00f3nimo","latitude":"15.06032000","longitude":"-90.24050000"},"sanmiguelchicaj":{"id":53716,"name":"San Miguel Chicaj","latitude":"15.09472000","longitude":"-90.39442000"}}},"chimaltenango":{"id":3675,"name":"Chimaltenango ","state_code":"04","latitude":"14.56347870","longitude":"-90.98206680","type":"department","cities":{"acatenango":{"id":53425,"name":"Acatenango","latitude":"14.55451000","longitude":"-90.94368000"},"chimaltenango":{"id":53452,"name":"Chimaltenango","latitude":"14.66111000","longitude":"-90.81944000"},"comalapa":{"id":53465,"name":"Comalapa","latitude":"14.74086000","longitude":"-90.88761000"},"eltejar":{"id":53489,"name":"El Tejar","latitude":"14.64683000","longitude":"-90.79122000"},"parramos":{"id":53621,"name":"Parramos","latitude":"14.60891000","longitude":"-90.80303000"},"patzic\u00eda":{"id":53625,"name":"Patzic\u00eda","latitude":"14.63194000","longitude":"-90.92659000"},"patz\u00fan":{"id":53627,"name":"Patz\u00fan","latitude":"14.68189000","longitude":"-91.01397000"},"pochuta":{"id":53630,"name":"Pochuta","latitude":"14.54450000","longitude":"-91.08904000"},"sanandr\u00e9sitzapa":{"id":53650,"name":"San Andr\u00e9s Itzapa","latitude":"14.62222000","longitude":"-90.84314000"},"sanjos\u00e9poaquil":{"id":53689,"name":"San Jos\u00e9 Poaquil","latitude":"14.81808000","longitude":"-90.91248000"},"sanmart\u00ednjilotepeque":{"id":53710,"name":"San Mart\u00edn Jilotepeque","latitude":"14.78008000","longitude":"-90.79259000"},"santaapolonia":{"id":53745,"name":"Santa Apolonia","latitude":"14.79049000","longitude":"-90.97267000"},"santacruzbalany\u00e1":{"id":53754,"name":"Santa Cruz Balany\u00e1","latitude":"14.68522000","longitude":"-90.91906000"},"tecp\u00e1nguatemala":{"id":53790,"name":"Tecp\u00e1n Guatemala","latitude":"14.76181000","longitude":"-90.99247000"},"yepocapa":{"id":53800,"name":"Yepocapa","latitude":"14.50195000","longitude":"-90.95396000"},"zaragoza":{"id":53804,"name":"Zaragoza","latitude":"14.64968000","longitude":"-90.89034000"}}},"chiquimula":{"id":3666,"name":"Chiquimula ","state_code":"20","latitude":"14.75149990","longitude":"-89.47421770","type":"department","cities":{"camot\u00e1n":{"id":53439,"name":"Camot\u00e1n","latitude":"14.82017000","longitude":"-89.37224000"},"chiquimula":{"id":53455,"name":"Chiquimula","latitude":"14.80000000","longitude":"-89.54583000"},"concepci\u00f3nlasminas":{"id":53471,"name":"Concepci\u00f3n Las Minas","latitude":"14.52173000","longitude":"-89.45717000"},"esquipulas":{"id":53492,"name":"Esquipulas","latitude":"14.56571000","longitude":"-89.35166000"},"ipala":{"id":53505,"name":"Ipala","latitude":"14.61667000","longitude":"-89.61667000"},"jocot\u00e1n":{"id":53514,"name":"Jocot\u00e1n","latitude":"14.82072000","longitude":"-89.38991000"},"olopa":{"id":53611,"name":"Olopa","latitude":"14.69229000","longitude":"-89.35003000"},"quezaltepeque":{"id":53639,"name":"Quezaltepeque","latitude":"14.63553000","longitude":"-89.44241000"},"sanjacinto":{"id":53679,"name":"San Jacinto","latitude":"14.66667000","longitude":"-89.50000000"},"sanjos\u00e9laarada":{"id":53685,"name":"San Jos\u00e9 La Arada","latitude":"14.71667000","longitude":"-89.58333000"},"sanjuanermita":{"id":53695,"name":"San Juan Ermita","latitude":"14.76471000","longitude":"-89.43014000"}}},"elprogreso":{"id":3662,"name":"El Progreso ","state_code":"02","latitude":"14.93887320","longitude":"-90.07467670","type":"department","cities":{"elj\u00edcaro":{"id":53484,"name":"El J\u00edcaro","latitude":"14.91667000","longitude":"-89.90000000"},"guastatoya":{"id":53499,"name":"Guastatoya","latitude":"14.85417000","longitude":"-90.06944000"},"moraz\u00e1n":{"id":53538,"name":"Moraz\u00e1n","latitude":"14.93278000","longitude":"-90.14306000"},"sanagust\u00ednacasaguastl\u00e1n":{"id":53648,"name":"San Agust\u00edn Acasaguastl\u00e1n","latitude":"14.95000000","longitude":"-89.96667000"},"sanantoniolapaz":{"id":53658,"name":"San Antonio La Paz","latitude":"14.75888000","longitude":"-90.28485000"},"sancrist\u00f3balacasaguastl\u00e1n":{"id":53668,"name":"San Crist\u00f3bal Acasaguastl\u00e1n","latitude":"14.91667000","longitude":"-89.88333000"},"sanarate":{"id":53741,"name":"Sanarate","latitude":"14.78828000","longitude":"-90.19876000"},"sansare":{"id":53742,"name":"Sansare","latitude":"14.74572000","longitude":"-90.11615000"}}},"escuintla":{"id":3677,"name":"Escuintla ","state_code":"05","latitude":"14.19109120","longitude":"-90.98206680","type":"department","cities":{"escuintla":{"id":53491,"name":"Escuintla","latitude":"14.30500000","longitude":"-90.78500000"},"guanagazapa":{"id":53498,"name":"Guanagazapa","latitude":"14.22528000","longitude":"-90.64333000"},"iztapa":{"id":53508,"name":"Iztapa","latitude":"13.93333000","longitude":"-90.70750000"},"lademocracia":{"id":53517,"name":"La Democracia","latitude":"14.23083000","longitude":"-90.94722000"},"lagomera":{"id":53519,"name":"La Gomera","latitude":"14.08213000","longitude":"-91.05383000"},"masagua":{"id":53530,"name":"Masagua","latitude":"14.20306000","longitude":"-90.84806000"},"nuevaconcepci\u00f3n":{"id":53605,"name":"Nueva Concepci\u00f3n","latitude":"14.20000000","longitude":"-91.30000000"},"pal\u00edn":{"id":53618,"name":"Pal\u00edn","latitude":"14.40358000","longitude":"-90.69659000"},"puertosanjos\u00e9":{"id":53635,"name":"Puerto San Jos\u00e9","latitude":"13.92740000","longitude":"-90.82166000"},"sanvicentepacaya":{"id":53740,"name":"San Vicente Pacaya","latitude":"14.41466000","longitude":"-90.63613000"},"santaluc\u00edacotzumalguapa":{"id":53762,"name":"Santa Luc\u00eda Cotzumalguapa","latitude":"14.33505000","longitude":"-91.02339000"},"siquinal\u00e1":{"id":53781,"name":"Siquinal\u00e1","latitude":"14.30611000","longitude":"-90.96500000"},"tiquisate":{"id":53793,"name":"Tiquisate","latitude":"14.28356000","longitude":"-91.36063000"}}},"guatemala":{"id":3672,"name":"Guatemala ","state_code":"01","latitude":"14.56494010","longitude":"-90.52578230","type":"department","cities":{"amatitl\u00e1n":{"id":53430,"name":"Amatitl\u00e1n","latitude":"14.47740000","longitude":"-90.63489000"},"chinautla":{"id":53453,"name":"Chinautla","latitude":"14.70289000","longitude":"-90.49983000"},"chuarrancho":{"id":53458,"name":"Chuarrancho","latitude":"14.81794000","longitude":"-90.51568000"},"fraijanes":{"id":53496,"name":"Fraijanes","latitude":"14.46528000","longitude":"-90.44083000"},"guatemalacity":{"id":53500,"name":"Guatemala City","latitude":"14.64072000","longitude":"-90.51327000"},"mixco":{"id":53534,"name":"Mixco","latitude":"14.63077000","longitude":"-90.60711000"},"palencia":{"id":53616,"name":"Palencia","latitude":"14.66715000","longitude":"-90.35721000"},"petapa":{"id":53628,"name":"Petapa","latitude":"14.50189000","longitude":"-90.56196000"},"sanjos\u00e9delgolfo":{"id":53690,"name":"San Jos\u00e9 del Golfo","latitude":"14.76414000","longitude":"-90.37228000"},"sanjos\u00e9pinula":{"id":53688,"name":"San Jos\u00e9 Pinula","latitude":"14.54600000","longitude":"-90.41288000"},"sanjuansacatep\u00e9quez":{"id":53698,"name":"San Juan Sacatep\u00e9quez","latitude":"14.71889000","longitude":"-90.64417000"},"sanpedroayampuc":{"id":53724,"name":"San Pedro Ayampuc","latitude":"14.77943000","longitude":"-90.45318000"},"sanpedrosacatep\u00e9quez":{"id":53730,"name":"San Pedro Sacatep\u00e9quez","latitude":"14.68612000","longitude":"-90.64253000"},"sanraimundo":{"id":53736,"name":"San Raimundo","latitude":"14.76462000","longitude":"-90.59493000"},"santacatarinapinula":{"id":53752,"name":"Santa Catarina Pinula","latitude":"14.57047000","longitude":"-90.49925000"},"villacanales":{"id":53798,"name":"Villa Canales","latitude":"14.48285000","longitude":"-90.53425000"},"villanueva":{"id":53799,"name":"Villa Nueva","latitude":"14.52512000","longitude":"-90.58544000"}}},"huehuetenango":{"id":3670,"name":"Huehuetenango ","state_code":"13","latitude":"15.58799140","longitude":"-91.67606910","type":"department","cities":{"aguacat\u00e1n":{"id":53427,"name":"Aguacat\u00e1n","latitude":"15.34222000","longitude":"-91.31141000"},"barillas":{"id":53435,"name":"Barillas","latitude":"15.80361000","longitude":"-91.31583000"},"chiantla":{"id":53447,"name":"Chiantla","latitude":"15.35484000","longitude":"-91.45807000"},"colotenango":{"id":53464,"name":"Colotenango","latitude":"15.40602000","longitude":"-91.71267000"},"concepci\u00f3nhuista":{"id":53470,"name":"Concepci\u00f3n Huista","latitude":"15.62378000","longitude":"-91.66521000"},"cuilco":{"id":53476,"name":"Cuilco","latitude":"15.40719000","longitude":"-91.94667000"},"huehuetenango":{"id":53503,"name":"Huehuetenango","latitude":"15.31918000","longitude":"-91.47241000"},"ixtahuac\u00e1n":{"id":53507,"name":"Ixtahuac\u00e1n","latitude":"15.41688000","longitude":"-91.76927000"},"jacaltenango":{"id":53509,"name":"Jacaltenango","latitude":"15.66662000","longitude":"-91.71177000"},"lalibertad":{"id":53521,"name":"La Libertad","latitude":"15.51421000","longitude":"-91.86944000"},"malacatancito":{"id":53528,"name":"Malacatancito","latitude":"15.24457000","longitude":"-91.49901000"},"nent\u00f3n":{"id":53604,"name":"Nent\u00f3n","latitude":"15.80070000","longitude":"-91.75464000"},"sanantoniohuista":{"id":53656,"name":"San Antonio Huista","latitude":"15.65010000","longitude":"-91.77163000"},"sangasparixchil":{"id":53678,"name":"San Gaspar Ixchil","latitude":"15.38796000","longitude":"-91.72564000"},"sanjuanatit\u00e1n":{"id":53691,"name":"San Juan Atit\u00e1n","latitude":"15.42886000","longitude":"-91.62398000"},"sanjuanixcoy":{"id":53696,"name":"San Juan Ixcoy","latitude":"15.60022000","longitude":"-91.44639000"},"sanmateoixtat\u00e1n":{"id":53714,"name":"San Mateo Ixtat\u00e1n","latitude":"15.83194000","longitude":"-91.47806000"},"sanmiguelacat\u00e1n":{"id":53715,"name":"San Miguel Acat\u00e1n","latitude":"15.70401000","longitude":"-91.59771000"},"sanpedronecta":{"id":53727,"name":"San Pedro Necta","latitude":"15.49142000","longitude":"-91.76551000"},"sanrafaellaindependencia":{"id":53732,"name":"San Rafael La Independencia","latitude":"15.70150000","longitude":"-91.53553000"},"sanrafaelpetzal":{"id":53734,"name":"San Rafael Petzal","latitude":"15.40487000","longitude":"-91.66451000"},"sansebasti\u00e1ncoat\u00e1n":{"id":53738,"name":"San Sebasti\u00e1n Coat\u00e1n","latitude":"15.73584000","longitude":"-91.56285000"},"sansebasti\u00e1nhuehuetenango":{"id":53739,"name":"San Sebasti\u00e1n Huehuetenango","latitude":"15.38768000","longitude":"-91.61530000"},"santaanahuista":{"id":53744,"name":"Santa Ana Huista","latitude":"15.68085000","longitude":"-91.82005000"},"santab\u00e1rbara":{"id":53747,"name":"Santa B\u00e1rbara","latitude":"15.31617000","longitude":"-91.63279000"},"santaeulalia":{"id":53760,"name":"Santa Eulalia","latitude":"15.73060000","longitude":"-91.45846000"},"santiagochimaltenango":{"id":53771,"name":"Santiago Chimaltenango","latitude":"15.47658000","longitude":"-91.69656000"},"soloma":{"id":53783,"name":"Soloma","latitude":"15.65841000","longitude":"-91.42994000"},"tectit\u00e1n":{"id":53791,"name":"Tectit\u00e1n","latitude":"15.30630000","longitude":"-92.06051000"},"todossantoscuchumat\u00e1n":{"id":53794,"name":"Todos Santos Cuchumat\u00e1n","latitude":"15.50846000","longitude":"-91.60382000"}}},"izabal":{"id":3659,"name":"Izabal ","state_code":"18","latitude":"15.49765170","longitude":"-88.86469800","type":"department","cities":{"elestor":{"id":53483,"name":"El Estor","latitude":"15.53333000","longitude":"-89.35000000"},"l\u00edvingston":{"id":53526,"name":"L\u00edvingston","latitude":"15.82826000","longitude":"-88.75039000"},"losamates":{"id":53525,"name":"Los Amates","latitude":"15.25645000","longitude":"-89.09723000"},"morales":{"id":53537,"name":"Morales","latitude":"15.48333000","longitude":"-88.81667000"},"municipiodemorales":{"id":53571,"name":"Municipio de Morales","latitude":"15.44494000","longitude":"-88.76646000"},"municipiodepuertobarrios":{"id":53577,"name":"Municipio de Puerto Barrios","latitude":"15.71754000","longitude":"-88.58517000"},"puertobarrios":{"id":53634,"name":"Puerto Barrios","latitude":"15.72778000","longitude":"-88.59444000"}}},"jalapa":{"id":3658,"name":"Jalapa ","state_code":"21","latitude":"14.61214460","longitude":"-89.96267990","type":"department","cities":{"jalapa":{"id":53510,"name":"Jalapa","latitude":"14.63472000","longitude":"-89.98889000"},"mataquescuintla":{"id":53531,"name":"Mataquescuintla","latitude":"14.52917000","longitude":"-90.18417000"},"monjas":{"id":53536,"name":"Monjas","latitude":"14.50000000","longitude":"-89.86667000"},"municipiodejalapa":{"id":53564,"name":"Municipio de Jalapa","latitude":"14.63275000","longitude":"-90.03301000"},"municipiodemataquescuintla":{"id":53569,"name":"Municipio de Mataquescuintla","latitude":"14.54777000","longitude":"-90.20008000"},"sanluisjilotepeque":{"id":53706,"name":"San Luis Jilotepeque","latitude":"14.65000000","longitude":"-89.73333000"},"sanmanuelchaparr\u00f3n":{"id":53707,"name":"San Manuel Chaparr\u00f3n","latitude":"14.51667000","longitude":"-89.76667000"},"sanpedropinula":{"id":53728,"name":"San Pedro Pinula","latitude":"14.66667000","longitude":"-89.85000000"}}},"jutiapa":{"id":3673,"name":"Jutiapa ","state_code":"22","latitude":"14.19308020","longitude":"-89.92532330","type":"department","cities":{"aguablanca":{"id":53426,"name":"Agua Blanca","latitude":"14.50000000","longitude":"-89.65000000"},"asunci\u00f3nmita":{"id":53432,"name":"Asunci\u00f3n Mita","latitude":"14.33083000","longitude":"-89.71083000"},"atescatempa":{"id":53433,"name":"Atescatempa","latitude":"14.17444000","longitude":"-89.74250000"},"comapa":{"id":53466,"name":"Comapa","latitude":"14.11667000","longitude":"-89.91667000"},"conguaco":{"id":53473,"name":"Conguaco","latitude":"14.04417000","longitude":"-90.03111000"},"eladelanto":{"id":53480,"name":"El Adelanto","latitude":"14.16667000","longitude":"-89.83333000"},"elprogreso":{"id":53486,"name":"El Progreso","latitude":"14.35000000","longitude":"-89.85000000"},"jalpatagua":{"id":53511,"name":"Jalpatagua","latitude":"14.14167000","longitude":"-90.00861000"},"jerez":{"id":53512,"name":"Jerez","latitude":"14.10000000","longitude":"-89.75000000"},"jutiapa":{"id":53516,"name":"Jutiapa","latitude":"14.29167000","longitude":"-89.89583000"},"moyuta":{"id":53539,"name":"Moyuta","latitude":"14.03861000","longitude":"-90.08083000"},"municipiodeasunci\u00f3nmita":{"id":53543,"name":"Municipio de Asunci\u00f3n Mita","latitude":"14.30330000","longitude":"-89.67623000"},"pasaco":{"id":53622,"name":"Pasaco","latitude":"13.97722000","longitude":"-90.20639000"},"quesada":{"id":53637,"name":"Quesada","latitude":"14.27028000","longitude":"-90.04028000"},"sanjos\u00e9acatempa":{"id":53682,"name":"San Jos\u00e9 Acatempa","latitude":"14.26528000","longitude":"-90.12694000"},"santacatarinamita":{"id":53750,"name":"Santa Catarina Mita","latitude":"14.45000000","longitude":"-89.75000000"},"yupiltepeque":{"id":53801,"name":"Yupiltepeque","latitude":"14.20000000","longitude":"-89.78333000"},"zapotitl\u00e1n":{"id":53803,"name":"Zapotitl\u00e1n","latitude":"14.13333000","longitude":"-89.83333000"}}},"pet\u00e9n":{"id":3669,"name":"Pet\u00e9n ","state_code":"17","latitude":"16.91203300","longitude":"-90.29957850","type":"department","cities":{"dolores":{"id":53479,"name":"Dolores","latitude":"16.51178000","longitude":"-89.41704000"},"flores":{"id":53494,"name":"Flores","latitude":"16.92258000","longitude":"-89.89941000"},"lalibertad":{"id":53520,"name":"La Libertad","latitude":"16.78850000","longitude":"-90.11698000"},"melchordemencos":{"id":53533,"name":"Melchor de Mencos","latitude":"17.06606000","longitude":"-89.15229000"},"municipiodeflores":{"id":53560,"name":"Municipio de Flores","latitude":"16.92381000","longitude":"-89.89709000"},"municipiodepopt\u00fan":{"id":53576,"name":"Municipio de Popt\u00fan","latitude":"16.35687000","longitude":"-89.58912000"},"municipiodesanandr\u00e9s":{"id":53578,"name":"Municipio de San Andr\u00e9s","latitude":"17.49541000","longitude":"-90.39883000"},"municipiodesanbenito":{"id":53582,"name":"Municipio de San Benito","latitude":"16.91289000","longitude":"-89.90979000"},"municipiodesanfrancisco":{"id":53584,"name":"Municipio de San Francisco","latitude":"16.72425000","longitude":"-89.90877000"},"municipiodesantaana":{"id":53589,"name":"Municipio de Santa Ana","latitude":"16.77305000","longitude":"-89.66878000"},"municipiodesayaxch\u00e9":{"id":53596,"name":"Municipio de Sayaxch\u00e9","latitude":"16.33160000","longitude":"-90.16339000"},"popt\u00fan":{"id":53631,"name":"Popt\u00fan","latitude":"16.33111000","longitude":"-89.41694000"},"sanandr\u00e9s":{"id":53649,"name":"San Andr\u00e9s","latitude":"16.96667000","longitude":"-89.91667000"},"sanbenito":{"id":53665,"name":"San Benito","latitude":"16.91675000","longitude":"-89.91898000"},"sanfrancisco":{"id":53673,"name":"San Francisco","latitude":"16.80000000","longitude":"-89.93333000"},"sanjos\u00e9":{"id":53681,"name":"San Jos\u00e9","latitude":"16.98333000","longitude":"-89.90000000"},"sanluis":{"id":53704,"name":"San Luis","latitude":"16.19889000","longitude":"-89.44028000"},"santaana":{"id":53743,"name":"Santa Ana","latitude":"16.80000000","longitude":"-89.83333000"},"sayaxch\u00e9":{"id":53776,"name":"Sayaxch\u00e9","latitude":"16.52446000","longitude":"-90.18801000"}}},"quetzaltenango":{"id":3668,"name":"Quetzaltenango ","state_code":"09","latitude":"14.79243300","longitude":"-91.71495800","type":"department","cities":{"almolonga":{"id":53428,"name":"Almolonga","latitude":"14.81591000","longitude":"-91.49464000"},"cabric\u00e1n":{"id":53436,"name":"Cabric\u00e1n","latitude":"15.07485000","longitude":"-91.64800000"},"cajol\u00e1":{"id":53438,"name":"Cajol\u00e1","latitude":"14.92205000","longitude":"-91.61478000"},"cantel":{"id":53441,"name":"Cantel","latitude":"14.81154000","longitude":"-91.45536000"},"coatepeque":{"id":53461,"name":"Coatepeque","latitude":"14.70413000","longitude":"-91.86426000"},"colomba":{"id":53463,"name":"Colomba","latitude":"14.70730000","longitude":"-91.73167000"},"concepci\u00f3nchiquirichapa":{"id":53469,"name":"Concepci\u00f3n Chiquirichapa","latitude":"14.85510000","longitude":"-91.62360000"},"elpalmar":{"id":53485,"name":"El Palmar","latitude":"14.65083000","longitude":"-91.57800000"},"florescostacuca":{"id":53495,"name":"Flores Costa Cuca","latitude":"14.63238000","longitude":"-91.86341000"},"g\u00e9nova":{"id":53502,"name":"G\u00e9nova","latitude":"14.61667000","longitude":"-91.83333000"},"huit\u00e1n":{"id":53504,"name":"Huit\u00e1n","latitude":"15.04920000","longitude":"-91.63944000"},"laesperanza":{"id":53518,"name":"La Esperanza","latitude":"14.87169000","longitude":"-91.56140000"},"municipiodealmolonga":{"id":53540,"name":"Municipio de Almolonga","latitude":"14.81118000","longitude":"-91.48354000"},"municipiodecabric\u00e1n":{"id":53544,"name":"Municipio de Cabric\u00e1n","latitude":"15.10305000","longitude":"-91.64918000"},"municipiodecantel":{"id":53546,"name":"Municipio de Cantel","latitude":"14.81659000","longitude":"-91.43781000"},"municipiodecoatepeque":{"id":53555,"name":"Municipio de Coatepeque","latitude":"14.64309000","longitude":"-91.97926000"},"municipiodecolomba":{"id":53556,"name":"Municipio de Colomba","latitude":"14.71002000","longitude":"-91.74691000"},"municipiodeconcepci\u00f3nchiquirichapa":{"id":53557,"name":"Municipio de Concepci\u00f3n Chiquirichapa","latitude":"14.84624000","longitude":"-91.61854000"},"municipiodeflorescostacuca":{"id":53561,"name":"Municipio de Flores Costa Cuca","latitude":"14.63238000","longitude":"-91.86341000"},"municipiodesanjuanostuncalco":{"id":53586,"name":"Municipio de San Juan Ostuncalco","latitude":"14.87477000","longitude":"-91.68842000"},"olintepeque":{"id":53610,"name":"Olintepeque","latitude":"14.88605000","longitude":"-91.51472000"},"ostuncalco":{"id":53613,"name":"Ostuncalco","latitude":"14.86899000","longitude":"-91.62137000"},"palestinadelosaltos":{"id":53617,"name":"Palestina de los Altos","latitude":"14.93338000","longitude":"-91.69403000"},"quetzaltenango":{"id":53638,"name":"Quetzaltenango","latitude":"14.83472000","longitude":"-91.51806000"},"salcaj\u00e1":{"id":53646,"name":"Salcaj\u00e1","latitude":"14.87964000","longitude":"-91.45699000"},"samayac":{"id":53647,"name":"Samayac","latitude":"14.58084000","longitude":"-91.46135000"},"sancarlossija":{"id":53667,"name":"San Carlos Sija","latitude":"14.98436000","longitude":"-91.54912000"},"sanfranciscolauni\u00f3n":{"id":53676,"name":"San Francisco la Uni\u00f3n","latitude":"14.92350000","longitude":"-91.54157000"},"sanmart\u00ednsacatep\u00e9quez":{"id":53711,"name":"San Mart\u00edn Sacatep\u00e9quez","latitude":"14.82443000","longitude":"-91.64192000"},"sanmateo":{"id":53713,"name":"San Mateo","latitude":"14.85800000","longitude":"-91.59004000"},"sanmiguelsig\u00fcil\u00e1":{"id":53720,"name":"San Miguel Sig\u00fcil\u00e1","latitude":"14.89547000","longitude":"-91.61457000"},"sibilia":{"id":53778,"name":"Sibilia","latitude":"14.99391000","longitude":"-91.62371000"},"zunil":{"id":53805,"name":"Zunil","latitude":"14.78463000","longitude":"-91.48345000"}}},"quich\u00e9":{"id":3657,"name":"Quich\u00e9 ","state_code":"14","latitude":"15.49838080","longitude":"-90.98206680","type":"department","cities":{"canill\u00e1":{"id":53440,"name":"Canill\u00e1","latitude":"15.16549000","longitude":"-90.85256000"},"chajul":{"id":53445,"name":"Chajul","latitude":"15.48523000","longitude":"-91.03520000"},"chicam\u00e1n":{"id":53449,"name":"Chicam\u00e1n","latitude":"15.34786000","longitude":"-90.79968000"},"chich\u00e9":{"id":53451,"name":"Chich\u00e9","latitude":"15.00885000","longitude":"-91.06379000"},"chichicastenango":{"id":53450,"name":"Chichicastenango","latitude":"14.94333000","longitude":"-91.11116000"},"chinique":{"id":53454,"name":"Chinique","latitude":"15.04147000","longitude":"-91.02594000"},"cun\u00e9n":{"id":53477,"name":"Cun\u00e9n","latitude":"15.33626000","longitude":"-91.02776000"},"joyabaj":{"id":53515,"name":"Joyabaj","latitude":"14.99311000","longitude":"-90.80161000"},"municipiodecanill\u00e1":{"id":53545,"name":"Municipio de Canill\u00e1","latitude":"15.19546000","longitude":"-90.85970000"},"municipiodechajul":{"id":53548,"name":"Municipio de Chajul","latitude":"15.48710000","longitude":"-91.03786000"},"municipiodechicaman":{"id":53549,"name":"Municipio de Chicaman","latitude":"15.34833000","longitude":"-90.79944000"},"municipiodechich\u00e9":{"id":53551,"name":"Municipio de Chich\u00e9","latitude":"15.01196000","longitude":"-91.03836000"},"municipiodechichicastenango":{"id":53550,"name":"Municipio de Chichicastenango","latitude":"14.89203000","longitude":"-91.08808000"},"municipiodechinique":{"id":53552,"name":"Municipio de Chinique","latitude":"15.06947000","longitude":"-91.01803000"},"municipiodecun\u00e9n":{"id":53559,"name":"Municipio de Cun\u00e9n","latitude":"15.36312000","longitude":"-91.01889000"},"municipiodeixcan":{"id":53563,"name":"Municipio de Ixcan","latitude":"15.98333000","longitude":"-90.76667000"},"municipiodejoyabaj":{"id":53566,"name":"Municipio de Joyabaj","latitude":"14.98073000","longitude":"-90.82079000"},"municipiodepachalum":{"id":53573,"name":"Municipio de Pachalum","latitude":"14.91798000","longitude":"-90.65443000"},"municipiodepatzit\u00e9":{"id":53575,"name":"Municipio de Patzit\u00e9","latitude":"14.97097000","longitude":"-91.19722000"},"municipiodesanandr\u00e9ssajcabaj\u00e1":{"id":53579,"name":"Municipio de San Andr\u00e9s Sajcabaj\u00e1","latitude":"15.22527000","longitude":"-90.93018000"},"municipiodesanantonioilotenango":{"id":53580,"name":"Municipio de San Antonio Ilotenango","latitude":"15.04898000","longitude":"-91.20872000"},"municipiodesanjuancotzal":{"id":53585,"name":"Municipio de San Juan Cotzal","latitude":"15.42699000","longitude":"-91.02097000"},"municipiodesanpedrojocopilas":{"id":53588,"name":"Municipio de San Pedro Jocopilas","latitude":"15.15472000","longitude":"-91.15610000"},"municipiodeuspant\u00e1n":{"id":53600,"name":"Municipio de Uspant\u00e1n","latitude":"15.44393000","longitude":"-90.84398000"},"municipiodezacualpa":{"id":53601,"name":"Municipio de Zacualpa","latitude":"15.09239000","longitude":"-90.88514000"},"nebaj":{"id":53603,"name":"Nebaj","latitude":"15.40614000","longitude":"-91.14682000"},"pachalum":{"id":53614,"name":"Pachalum","latitude":"14.92472000","longitude":"-90.66278000"},"patzit\u00e9":{"id":53626,"name":"Patzit\u00e9","latitude":"14.96426000","longitude":"-91.20788000"},"playagrande":{"id":53629,"name":"Playa Grande","latitude":"15.93333000","longitude":"-90.73333000"},"sacapulas":{"id":53644,"name":"Sacapulas","latitude":"15.28801000","longitude":"-91.08914000"},"sanandr\u00e9ssajcabaj\u00e1":{"id":53651,"name":"San Andr\u00e9s Sajcabaj\u00e1","latitude":"15.17603000","longitude":"-90.94220000"},"sanantonioilotenango":{"id":53657,"name":"San Antonio Ilotenango","latitude":"15.05472000","longitude":"-91.22986000"},"sanbartolom\u00e9jocotenango":{"id":53663,"name":"San Bartolom\u00e9 Jocotenango","latitude":"15.19153000","longitude":"-91.07806000"},"sanjuancotzal":{"id":53694,"name":"San Juan Cotzal","latitude":"15.43368000","longitude":"-91.03481000"},"sanluisixc\u00e1n":{"id":53705,"name":"San Luis Ixc\u00e1n","latitude":"15.78722000","longitude":"-91.09500000"},"sanp\u00e9drojocopilas":{"id":53731,"name":"San P\u00e9dro Jocopilas","latitude":"15.09525000","longitude":"-91.15135000"},"santacruzdelquich\u00e9":{"id":53759,"name":"Santa Cruz del Quich\u00e9","latitude":"15.03085000","longitude":"-91.14871000"},"uspant\u00e1n":{"id":53797,"name":"Uspant\u00e1n","latitude":"15.34672000","longitude":"-90.87050000"},"zacualpa":{"id":53802,"name":"Zacualpa","latitude":"15.02681000","longitude":"-90.87815000"}}},"retalhuleu":{"id":3664,"name":"Retalhuleu ","state_code":"11","latitude":"14.52454850","longitude":"-91.68578800","type":"department","cities":{"champerico":{"id":53446,"name":"Champerico","latitude":"14.29337000","longitude":"-91.91214000"},"elasintal":{"id":53481,"name":"El Asintal","latitude":"14.59626000","longitude":"-91.72744000"},"municipiodesanfelipe":{"id":53583,"name":"Municipio de San Felipe","latitude":"14.63009000","longitude":"-91.60261000"},"nuevosancarlos":{"id":53608,"name":"Nuevo San Carlos","latitude":"14.59300000","longitude":"-91.69390000"},"retalhuleu":{"id":53641,"name":"Retalhuleu","latitude":"14.53611000","longitude":"-91.67778000"},"sanandr\u00e9svillaseca":{"id":53653,"name":"San Andr\u00e9s Villa Seca","latitude":"14.57801000","longitude":"-91.58539000"},"sanfelipe":{"id":53672,"name":"San Felipe","latitude":"14.62304000","longitude":"-91.59500000"},"sanmart\u00ednzapotitl\u00e1n":{"id":53712,"name":"San Mart\u00edn Zapotitl\u00e1n","latitude":"14.60794000","longitude":"-91.60613000"},"sansebasti\u00e1n":{"id":53737,"name":"San Sebasti\u00e1n","latitude":"14.56177000","longitude":"-91.64865000"},"santacruzmulu\u00e1":{"id":53756,"name":"Santa Cruz Mulu\u00e1","latitude":"14.58153000","longitude":"-91.62441000"}}},"sacatep\u00e9quez":{"id":3676,"name":"Sacatep\u00e9quez ","state_code":"03","latitude":"14.51783790","longitude":"-90.71527490","type":"department","cities":{"alotenango":{"id":53429,"name":"Alotenango","latitude":"14.48028000","longitude":"-90.80750000"},"antiguaguatemala":{"id":53431,"name":"Antigua Guatemala","latitude":"14.56111000","longitude":"-90.73444000"},"ciudadvieja":{"id":53460,"name":"Ciudad Vieja","latitude":"14.52396000","longitude":"-90.76308000"},"jocotenango":{"id":53513,"name":"Jocotenango","latitude":"14.57814000","longitude":"-90.73804000"},"magdalenamilpasaltas":{"id":53527,"name":"Magdalena Milpas Altas","latitude":"14.54801000","longitude":"-90.67477000"},"municipiodealotenango":{"id":53541,"name":"Municipio de Alotenango","latitude":"14.46485000","longitude":"-90.82773000"},"municipiodeantiguaguatemala":{"id":53542,"name":"Municipio de Antigua Guatemala","latitude":"14.54313000","longitude":"-90.72683000"},"municipiodeciudadvieja":{"id":53554,"name":"Municipio de Ciudad Vieja","latitude":"14.50800000","longitude":"-90.77028000"},"municipiodejocotenango":{"id":53565,"name":"Municipio de Jocotenango","latitude":"14.58658000","longitude":"-90.73579000"},"municipiodemagdalenamilpasaltas":{"id":53567,"name":"Municipio de Magdalena Milpas Altas","latitude":"14.54206000","longitude":"-90.67553000"},"municipiodesantaluc\u00edamilpasaltas":{"id":53593,"name":"Municipio de Santa Luc\u00eda Milpas Altas","latitude":"14.56753000","longitude":"-90.67551000"},"municipiodesantamar\u00edadejes\u00fas":{"id":53595,"name":"Municipio de Santa Mar\u00eda de Jes\u00fas","latitude":"14.47849000","longitude":"-90.69989000"},"pastores":{"id":53623,"name":"Pastores","latitude":"14.59433000","longitude":"-90.75473000"},"sanantonioaguascalientes":{"id":53655,"name":"San Antonio Aguas Calientes","latitude":"14.54676000","longitude":"-90.78054000"},"sanbartolom\u00e9milpasaltas":{"id":53664,"name":"San Bartolom\u00e9 Milpas Altas","latitude":"14.60690000","longitude":"-90.67807000"},"sanlucassacatep\u00e9quez":{"id":53702,"name":"San Lucas Sacatep\u00e9quez","latitude":"14.61075000","longitude":"-90.65681000"},"sanmigueldue\u00f1as":{"id":53717,"name":"San Miguel Due\u00f1as","latitude":"14.52241000","longitude":"-90.79938000"},"santacatarinabarahona":{"id":53748,"name":"Santa Catarina Barahona","latitude":"14.55135000","longitude":"-90.78598000"},"santaluc\u00edamilpasaltas":{"id":53763,"name":"Santa Luc\u00eda Milpas Altas","latitude":"14.57655000","longitude":"-90.67632000"},"santamar\u00edadejes\u00fas":{"id":53768,"name":"Santa Mar\u00eda de Jes\u00fas","latitude":"14.49452000","longitude":"-90.71036000"},"santiagosacatep\u00e9quez":{"id":53772,"name":"Santiago Sacatep\u00e9quez","latitude":"14.63510000","longitude":"-90.67654000"},"santodomingoxenacoj":{"id":53774,"name":"Santo Domingo Xenacoj","latitude":"14.68057000","longitude":"-90.70012000"},"sumpango":{"id":53784,"name":"Sumpango","latitude":"14.64623000","longitude":"-90.73427000"}}},"sanmarcos":{"id":3667,"name":"San Marcos ","state_code":"12","latitude":"14.93095690","longitude":"-91.90992380","type":"department","cities":{"catarina":{"id":53443,"name":"Catarina","latitude":"14.85354000","longitude":"-92.07682000"},"ciudadtec\u00fanum\u00e1n":{"id":53459,"name":"Ciudad Tec\u00fan Um\u00e1n","latitude":"14.67737000","longitude":"-92.14039000"},"comitancillo":{"id":53467,"name":"Comitancillo","latitude":"15.08937000","longitude":"-91.74971000"},"concepci\u00f3ntutuapa":{"id":53472,"name":"Concepci\u00f3n Tutuapa","latitude":"15.23940000","longitude":"-91.84460000"},"elquetzal":{"id":53487,"name":"El Quetzal","latitude":"14.76865000","longitude":"-91.81757000"},"elrodeo":{"id":53488,"name":"El Rodeo","latitude":"14.91447000","longitude":"-91.97631000"},"eltumbador":{"id":53490,"name":"El Tumbador","latitude":"14.86375000","longitude":"-91.93416000"},"esquipulaspalogordo":{"id":53493,"name":"Esquipulas Palo Gordo","latitude":"14.94135000","longitude":"-91.82564000"},"ixchigu\u00e1n":{"id":53506,"name":"Ixchigu\u00e1n","latitude":"15.16375000","longitude":"-91.93256000"},"lareforma":{"id":53522,"name":"La Reforma","latitude":"14.80104000","longitude":"-91.82233000"},"malacat\u00e1n":{"id":53529,"name":"Malacat\u00e1n","latitude":"14.91132000","longitude":"-92.05788000"},"municipiodeconcepci\u00f3ntutuapa":{"id":53558,"name":"Municipio de Concepci\u00f3n Tutuapa","latitude":"15.28795000","longitude":"-91.86738000"},"municipiodemalacat\u00e1n":{"id":53568,"name":"Municipio de Malacat\u00e1n","latitude":"14.91829000","longitude":"-92.10548000"},"municipiodesipacapa":{"id":53597,"name":"Municipio de Sipacapa","latitude":"15.19243000","longitude":"-91.65541000"},"municipiodetejutla":{"id":53598,"name":"Municipio de Tejutla","latitude":"15.15638000","longitude":"-91.82457000"},"nuevoprogreso":{"id":53607,"name":"Nuevo Progreso","latitude":"14.79174000","longitude":"-91.91946000"},"oc\u00f3s":{"id":53609,"name":"Oc\u00f3s","latitude":"14.50998000","longitude":"-92.19298000"},"pajapita":{"id":53615,"name":"Pajapita","latitude":"14.72152000","longitude":"-92.03521000"},"r\u00edoblanco":{"id":53642,"name":"R\u00edo Blanco","latitude":"15.03820000","longitude":"-91.68463000"},"sanantoniosacatep\u00e9quez":{"id":53660,"name":"San Antonio Sacatep\u00e9quez","latitude":"14.96060000","longitude":"-91.73154000"},"sancrist\u00f3balcucho":{"id":53669,"name":"San Crist\u00f3bal Cucho","latitude":"14.90505000","longitude":"-91.78123000"},"sanjos\u00e9ojetenam":{"id":53686,"name":"San Jos\u00e9 Ojetenam","latitude":"15.23443000","longitude":"-91.97317000"},"sanjos\u00e9ojeten\u00e1n":{"id":53687,"name":"San Jos\u00e9 Ojeten\u00e1n","latitude":"15.21667000","longitude":"-91.96667000"},"sanlorenzo":{"id":53700,"name":"San Lorenzo","latitude":"15.03087000","longitude":"-91.73534000"},"sanmarcos":{"id":53708,"name":"San Marcos","latitude":"14.96389000","longitude":"-91.79444000"},"sanmiguelixtahuac\u00e1n":{"id":53718,"name":"San Miguel Ixtahuac\u00e1n","latitude":"15.27247000","longitude":"-91.74785000"},"sanpablo":{"id":53721,"name":"San Pablo","latitude":"14.93269000","longitude":"-92.00415000"},"sanpedrosacatep\u00e9quez":{"id":53729,"name":"San Pedro Sacatep\u00e9quez","latitude":"14.96807000","longitude":"-91.76172000"},"sanrafaelpiedelacuesta":{"id":53735,"name":"San Rafael Pie de la Cuesta","latitude":"14.93052000","longitude":"-91.91388000"},"sibinal":{"id":53779,"name":"Sibinal","latitude":"15.14963000","longitude":"-92.04892000"},"sipacapa":{"id":53780,"name":"Sipacapa","latitude":"15.21246000","longitude":"-91.63416000"},"tacan\u00e1":{"id":53785,"name":"Tacan\u00e1","latitude":"15.24058000","longitude":"-92.06721000"},"tajumulco":{"id":53787,"name":"Tajumulco","latitude":"15.08349000","longitude":"-91.92225000"},"tejutla":{"id":53792,"name":"Tejutla","latitude":"15.12254000","longitude":"-91.80635000"}}},"santarosa":{"id":3665,"name":"Santa Rosa ","state_code":"06","latitude":"38.44057590","longitude":"-122.70375430","type":"department","cities":{"barberena":{"id":53434,"name":"Barberena","latitude":"14.30739000","longitude":"-90.36156000"},"casillas":{"id":53442,"name":"Casillas","latitude":"14.42222000","longitude":"-90.24417000"},"chiquimulilla":{"id":53456,"name":"Chiquimulilla","latitude":"14.08380000","longitude":"-90.38547000"},"cuilapa":{"id":53475,"name":"Cuilapa","latitude":"14.27639000","longitude":"-90.29889000"},"guazacap\u00e1n":{"id":53501,"name":"Guazacap\u00e1n","latitude":"14.07417000","longitude":"-90.41667000"},"municipiodecasillas":{"id":53547,"name":"Municipio de Casillas","latitude":"14.37854000","longitude":"-90.17260000"},"municipiodechiquimulilla":{"id":53553,"name":"Municipio de Chiquimulilla","latitude":"14.09716000","longitude":"-90.37903000"},"municipiodeguazacap\u00e1n":{"id":53562,"name":"Municipio de Guazacap\u00e1n","latitude":"14.01786000","longitude":"-90.43400000"},"nuevasantarosa":{"id":53606,"name":"Nueva Santa Rosa","latitude":"14.38111000","longitude":"-90.27611000"},"oratorio":{"id":53612,"name":"Oratorio","latitude":"14.22806000","longitude":"-90.17583000"},"pueblonuevovi\u00f1as":{"id":53633,"name":"Pueblo Nuevo Vi\u00f1as","latitude":"14.22576000","longitude":"-90.47613000"},"sanjuantecuaco":{"id":53699,"name":"San Juan Tecuaco","latitude":"14.08361000","longitude":"-90.26649000"},"sanrafaellasflores":{"id":53733,"name":"San Rafael Las Flores","latitude":"14.48139000","longitude":"-90.17333000"},"santacruznaranjo":{"id":53757,"name":"Santa Cruz Naranjo","latitude":"14.38806000","longitude":"-90.36972000"},"santamar\u00edaixhuat\u00e1n":{"id":53766,"name":"Santa Mar\u00eda Ixhuat\u00e1n","latitude":"14.19000000","longitude":"-90.27472000"},"santarosadelima":{"id":53769,"name":"Santa Rosa de Lima","latitude":"14.38806000","longitude":"-90.29556000"},"taxisco":{"id":53789,"name":"Taxisco","latitude":"14.06719000","longitude":"-90.46791000"}}},"solol\u00e1":{"id":3661,"name":"Solol\u00e1 ","state_code":"07","latitude":"14.74852300","longitude":"-91.28910360","type":"department","cities":{"concepci\u00f3n":{"id":53468,"name":"Concepci\u00f3n","latitude":"14.78417000","longitude":"-91.14754000"},"municipiodenahual\u00e1":{"id":53572,"name":"Municipio de Nahual\u00e1","latitude":"14.77548000","longitude":"-91.41616000"},"municipiodepanajachel":{"id":53574,"name":"Municipio de Panajachel","latitude":"14.74676000","longitude":"-91.14935000"},"municipiodesantacatarinapalop\u00f3":{"id":53591,"name":"Municipio de Santa Catarina Palop\u00f3","latitude":"14.71794000","longitude":"-91.13060000"},"municipiodesantacruzlalaguna":{"id":53592,"name":"Municipio de Santa Cruz La Laguna","latitude":"14.74324000","longitude":"-91.22178000"},"nahual\u00e1":{"id":53602,"name":"Nahual\u00e1","latitude":"14.84290000","longitude":"-91.31799000"},"panajachel":{"id":53619,"name":"Panajachel","latitude":"14.74185000","longitude":"-91.15676000"},"sanandr\u00e9ssemetabaj":{"id":53652,"name":"San Andr\u00e9s Semetabaj","latitude":"14.74497000","longitude":"-91.13344000"},"sanantoniopalop\u00f3":{"id":53659,"name":"San Antonio Palop\u00f3","latitude":"14.69232000","longitude":"-91.11638000"},"sanjos\u00e9chacay\u00e1":{"id":53683,"name":"San Jos\u00e9 Chacay\u00e1","latitude":"14.77096000","longitude":"-91.21564000"},"sanjuanlalaguna":{"id":53697,"name":"San Juan La Laguna","latitude":"14.69453000","longitude":"-91.28666000"},"sanlucastolim\u00e1n":{"id":53703,"name":"San Lucas Tolim\u00e1n","latitude":"14.59471000","longitude":"-91.14659000"},"sanmarcoslalaguna":{"id":53709,"name":"San Marcos La Laguna","latitude":"14.72504000","longitude":"-91.25844000"},"sanpablolalaguna":{"id":53723,"name":"San Pablo La Laguna","latitude":"14.72092000","longitude":"-91.27242000"},"sanpedrolalaguna":{"id":53726,"name":"San Pedro La Laguna","latitude":"14.69297000","longitude":"-91.27201000"},"santacatarinaixtahuac\u00e1n":{"id":53749,"name":"Santa Catarina Ixtahuac\u00e1n","latitude":"14.79797000","longitude":"-91.35866000"},"santacatarinapalop\u00f3":{"id":53751,"name":"Santa Catarina Palop\u00f3","latitude":"14.72335000","longitude":"-91.13428000"},"santaclaralalaguna":{"id":53753,"name":"Santa Clara La Laguna","latitude":"14.71509000","longitude":"-91.30355000"},"santacruzlalaguna":{"id":53755,"name":"Santa Cruz La Laguna","latitude":"14.74421000","longitude":"-91.20716000"},"santaluc\u00edautatl\u00e1n":{"id":53764,"name":"Santa Luc\u00eda Utatl\u00e1n","latitude":"14.77135000","longitude":"-91.26700000"},"santamar\u00edavisitaci\u00f3n":{"id":53767,"name":"Santa Mar\u00eda Visitaci\u00f3n","latitude":"14.71717000","longitude":"-91.30844000"},"santiagoatitl\u00e1n":{"id":53770,"name":"Santiago Atitl\u00e1n","latitude":"14.63823000","longitude":"-91.22901000"},"solol\u00e1":{"id":53782,"name":"Solol\u00e1","latitude":"14.77222000","longitude":"-91.18333000"}}},"suchitep\u00e9quez":{"id":3660,"name":"Suchitep\u00e9quez ","state_code":"10","latitude":"14.42159820","longitude":"-91.40482490","type":"department","cities":{"chicacao":{"id":53448,"name":"Chicacao","latitude":"14.54295000","longitude":"-91.32636000"},"cuyotenango":{"id":53478,"name":"Cuyotenango","latitude":"14.54006000","longitude":"-91.57179000"},"mazatenango":{"id":53532,"name":"Mazatenango","latitude":"14.53417000","longitude":"-91.50333000"},"municipiodesanantoniosuchitep\u00e9quez":{"id":53581,"name":"Municipio de San Antonio Suchitep\u00e9quez","latitude":"14.51839000","longitude":"-91.40438000"},"municipiodesanmiguelpan\u00e1n":{"id":53587,"name":"Municipio de San Miguel Pan\u00e1n","latitude":"14.50525000","longitude":"-91.35956000"},"municipiodesantab\u00e1rbara":{"id":53590,"name":"Municipio de Santa B\u00e1rbara","latitude":"14.47317000","longitude":"-91.24688000"},"patulul":{"id":53624,"name":"Patulul","latitude":"14.42321000","longitude":"-91.16049000"},"pueblonuevo":{"id":53632,"name":"Pueblo Nuevo","latitude":"14.64709000","longitude":"-91.53946000"},"r\u00edobravo":{"id":53643,"name":"R\u00edo Bravo","latitude":"14.40042000","longitude":"-91.31713000"},"sanantoniosuchitep\u00e9quez":{"id":53661,"name":"San Antonio Suchitep\u00e9quez","latitude":"14.53938000","longitude":"-91.41442000"},"sanbernardino":{"id":53666,"name":"San Bernardino","latitude":"14.54240000","longitude":"-91.45811000"},"sanfranciscozapotitl\u00e1n":{"id":53675,"name":"San Francisco Zapotitl\u00e1n","latitude":"14.58939000","longitude":"-91.52144000"},"sangabriel":{"id":53677,"name":"San Gabriel","latitude":"14.51076000","longitude":"-91.50745000"},"sanjos\u00e9el\u00cddolo":{"id":53684,"name":"San Jos\u00e9 El \u00cddolo","latitude":"14.45016000","longitude":"-91.42222000"},"sanjuanbautista":{"id":53692,"name":"San Juan Bautista","latitude":"14.42274000","longitude":"-91.17904000"},"sanlorenzo":{"id":53701,"name":"San Lorenzo","latitude":"14.48606000","longitude":"-91.51263000"},"sanmiguelpan\u00e1n":{"id":53719,"name":"San Miguel Pan\u00e1n","latitude":"14.52865000","longitude":"-91.36733000"},"sanpablojocopilas":{"id":53722,"name":"San Pablo Jocopilas","latitude":"14.58882000","longitude":"-91.45188000"},"santab\u00e1rbara":{"id":53746,"name":"Santa B\u00e1rbara","latitude":"14.43563000","longitude":"-91.22685000"},"santodomingosuchitep\u00e9quez":{"id":53773,"name":"Santo Domingo Suchitep\u00e9quez","latitude":"14.47901000","longitude":"-91.48327000"},"santotom\u00e1slauni\u00f3n":{"id":53775,"name":"Santo Tom\u00e1s La Uni\u00f3n","latitude":"14.63219000","longitude":"-91.41075000"},"zunilito":{"id":53806,"name":"Zunilito","latitude":"14.61264000","longitude":"-91.50980000"}}},"totonicap\u00e1n":{"id":3663,"name":"Totonicap\u00e1n ","state_code":"08","latitude":"14.91734020","longitude":"-91.36139230","type":"department","cities":{"momostenango":{"id":53535,"name":"Momostenango","latitude":"15.04437000","longitude":"-91.40864000"},"municipiodemomostenango":{"id":53570,"name":"Municipio de Momostenango","latitude":"15.04726000","longitude":"-91.40625000"},"municipiodesantamar\u00edachiquimula":{"id":53594,"name":"Municipio de Santa Mar\u00eda Chiquimula","latitude":"15.02886000","longitude":"-91.32917000"},"municipiodetotonicap\u00e1n":{"id":53599,"name":"Municipio de Totonicap\u00e1n","latitude":"14.90193000","longitude":"-91.31999000"},"sanandr\u00e9sxecul":{"id":53654,"name":"San Andr\u00e9s Xecul","latitude":"14.90482000","longitude":"-91.48307000"},"sanbartolo":{"id":53662,"name":"San Bartolo","latitude":"15.08438000","longitude":"-91.45606000"},"sancrist\u00f3baltotonicap\u00e1n":{"id":53670,"name":"San Crist\u00f3bal Totonicap\u00e1n","latitude":"14.91682000","longitude":"-91.44060000"},"sanfranciscoelalto":{"id":53674,"name":"San Francisco El Alto","latitude":"14.94490000","longitude":"-91.44310000"},"santalucialareforma":{"id":53761,"name":"Santa Lucia La Reforma","latitude":"15.12819000","longitude":"-91.23619000"},"santamar\u00edachiquimula":{"id":53765,"name":"Santa Mar\u00eda Chiquimula","latitude":"15.02992000","longitude":"-91.32920000"},"totonicap\u00e1n":{"id":53795,"name":"Totonicap\u00e1n","latitude":"14.91167000","longitude":"-91.36111000"}}},"zacapa":{"id":5239,"name":"Zacapa","state_code":"19","latitude":"15.00928280","longitude":"-89.92532330","type":"department"}}}