{"id":50,"name":"Congo","iso3":"COG","iso2":"CG","numeric_code":"178","phone_code":"242","capital":"Brazzaville","currency":"XAF","currency_name":"Central African CFA franc","currency_symbol":"FC","tld":".cg","native":"R\u00e9publique du Congo","region":"Africa","region_id":"1","subregion":"Middle Africa","subregion_id":"2","nationality":"Congolese","timezones":[{"zoneName":"Africa/Brazzaville","gmtOffset":3600,"gmtOffsetName":"UTC+01:00","abbreviation":"WAT","tzName":"West Africa Time"}],"translations":{"kr":"\ucf69\uace0","pt-BR":"Congo","pt":"Congo","nl":"Congo [Republiek]","hr":"Kongo","fa":"\u06a9\u0646\u06af\u0648","de":"Kongo","es":"Congo","fr":"Congo","ja":"\u30b3\u30f3\u30b4\u5171\u548c\u56fd","it":"Congo","cn":"\u521a\u679c","tr":"Kongo","ru":"\u041a\u043e\u043d\u0433\u043e","uk":"\u041a\u043e\u043d\u0433\u043e","pl":"Kongo"},"latitude":"-1.00000000","longitude":"15.00000000","emoji":"\ud83c\udde8\ud83c\uddec","emojiU":"U+1F1E8 U+1F1EC","states":{"bouenzadepartment":{"id":2866,"name":"Bouenza Department","state_code":"11","latitude":"-4.11280790","longitude":"13.72891670","type":null,"cities":{"kayes":{"id":17345,"name":"Kayes","latitude":"-4.20493000","longitude":"13.28608000"},"madingou":{"id":17348,"name":"Madingou","latitude":"-4.15361000","longitude":"13.55000000"}}},"brazzaville":{"id":2870,"name":"Brazzaville","state_code":"BZV","latitude":"-4.26335970","longitude":"15.24288530","type":null,"cities":{"brazzaville":{"id":17339,"name":"Brazzaville","latitude":"-4.26613000","longitude":"15.28318000"}}},"cuvettedepartment":{"id":2864,"name":"Cuvette Department","state_code":"8","latitude":"-0.28774460","longitude":"16.15809370","type":null,"cities":{"makoua":{"id":17349,"name":"Makoua","latitude":"0.00694000","longitude":"15.63333000"},"owando":{"id":17352,"name":"Owando","latitude":"-0.48193000","longitude":"15.89988000"}}},"cuvette-ouestdepartment":{"id":2869,"name":"Cuvette-Ouest Department","state_code":"15","latitude":"0.14475500","longitude":"14.47233010","type":null,"cities":{"ewo":{"id":17342,"name":"Ewo","latitude":"-0.87250000","longitude":"14.82056000"}}},"kouiloudepartment":{"id":2867,"name":"Kouilou Department","state_code":"5","latitude":"-4.14284130","longitude":"11.88917210","type":null},"l\u00e9koumoudepartment":{"id":2868,"name":"L\u00e9koumou Department","state_code":"2","latitude":"-3.17038200","longitude":"13.35872880","type":null,"cities":{"sibiti":{"id":17354,"name":"Sibiti","latitude":"-3.68192000","longitude":"13.34985000"}}},"likoualadepartment":{"id":2865,"name":"Likouala Department","state_code":"7","latitude":"2.04392400","longitude":"17.66888700","type":null,"cities":{"impfondo":{"id":17344,"name":"Impfondo","latitude":"1.61804000","longitude":"18.05981000"}}},"niaridepartment":{"id":2872,"name":"Niari Department","state_code":"9","latitude":"-3.18427000","longitude":"12.25479190","type":null,"cities":{"dolisie":{"id":17341,"name":"Dolisie","latitude":"-4.19834000","longitude":"12.66664000"},"mossendjo":{"id":17350,"name":"Mossendjo","latitude":"-2.94968000","longitude":"12.70423000"}}},"plateauxdepartment":{"id":2862,"name":"Plateaux Department","state_code":"14","latitude":"-2.06800880","longitude":"15.40680790","type":null,"cities":{"djambala":{"id":17340,"name":"Djambala","latitude":"-2.54472000","longitude":"14.75333000"},"gamboma":{"id":17343,"name":"Gamboma","latitude":"-1.87639000","longitude":"15.86444000"}}},"pointe-noire":{"id":2863,"name":"Pointe-Noire","state_code":"16","latitude":"-4.76916230","longitude":"11.86636200","type":null,"cities":{"loandjili":{"id":17347,"name":"Loandjili","latitude":"-4.75611000","longitude":"11.85778000"},"pointe-noire":{"id":17353,"name":"Pointe-Noire","latitude":"-4.77609000","longitude":"11.86352000"}}},"pooldepartment":{"id":2873,"name":"Pool Department","state_code":"12","latitude":"-3.77626280","longitude":"14.84546190","type":null,"cities":{"kinkala":{"id":17346,"name":"Kinkala","latitude":"-4.36139000","longitude":"14.76444000"}}},"sanghadepartment":{"id":2871,"name":"Sangha Department","state_code":"13","latitude":"1.46623280","longitude":"15.40680790","type":null,"cities":{"ou\u00e9sso":{"id":17351,"name":"Ou\u00e9sso","latitude":"1.61361000","longitude":"16.05167000"},"s\u00e9mb\u00e9":{"id":17355,"name":"S\u00e9mb\u00e9","latitude":"1.64806000","longitude":"14.58056000"}}}}}