{"id":241,"name":"Virgin Islands (British)","iso3":"VGB","iso2":"VG","numeric_code":"092","phone_code":"1","capital":"Road Town","currency":"USD","currency_name":"United States dollar","currency_symbol":"$","tld":".vg","native":"British Virgin Islands","region":"Americas","region_id":2,"subregion":"Caribbean","subregion_id":7,"nationality":"British Virgin Island","timezones":[{"zoneName":"America/Tortola","gmtOffset":-14400,"gmtOffsetName":"UTC-04:00","abbreviation":"AST","tzName":"Atlantic Standard Time"}],"translations":{"ko":"\uc601\uad6d\ub839 \ubc84\uc9c4\uc544\uc77c\ub79c\ub4dc","pt-BR":"Ilhas Virgens Brit\u00e2nicas","pt":"Ilhas Virgens Brit\u00e2nicas","nl":"Britse Maagdeneilanden","hr":"Britanski Djevi\u010danski Otoci","fa":"\u062c\u0632\u0627\u06cc\u0631 \u0648\u06cc\u0631\u062c\u06cc\u0646 \u0628\u0631\u06cc\u062a\u0627\u0646\u06cc\u0627","de":"Britische Jungferninseln","es":"Islas V\u00edrgenes del Reino Unido","fr":"\u00celes Vierges britanniques","ja":"\u30a4\u30ae\u30ea\u30b9\u9818\u30f4\u30a1\u30fc\u30b8\u30f3\u8af8\u5cf6","it":"Isole Vergini Britanniche","zh-CN":"\u5723\u6587\u68ee\u7279\u548c\u683c\u6797\u7eb3\u4e01\u65af","tr":"Britanya Virjin Adalari","ru":"\u0412\u0438\u0440\u0433\u0438\u043d\u0441\u043a\u0438\u0435 \u043e\u0441\u0442\u0440\u043e\u0432\u0430 (\u0411\u0440\u0438\u0442\u0430\u043d\u0441\u043a\u0438\u0435)","uk":"\u0412\u0456\u0440\u0433\u0456\u043d\u0441\u044c\u043a\u0456 \u043e\u0441\u0442\u0440\u043e\u0432\u0438 (\u0411\u0440\u0438\u0442\u0430\u043d\u0441\u044c\u043a\u0456)","pl":"Wyspy Dziewicze (Brytyjskie)"},"latitude":"18.43138300","longitude":"-64.62305000","emoji":"\ud83c\uddfb\ud83c\uddec","emojiU":"U+1F1FB U+1F1EC"}