{"id":175,"name":"Pitcairn Island","iso3":"PCN","iso2":"PN","numeric_code":"612","phone_code":"870","capital":"Adamstown","currency":"NZD","currency_name":"New Zealand dollar","currency_symbol":"$","tld":".pn","native":"Pitcairn Islands","region":"Oceania","region_id":"5","subregion":"Polynesia","subregion_id":"22","nationality":"Pitcairn Island","timezones":[{"zoneName":"Pacific/Pitcairn","gmtOffset":-28800,"gmtOffsetName":"UTC-08:00","abbreviation":"PST","tzName":"Pacific Standard Time (North America"}],"translations":{"kr":"\ud54f\ucf00\uc5b8 \uc81c\ub3c4","pt-BR":"Ilhas Pitcairn","pt":"Ilhas Pic\u00e1rnia","nl":"Pitcairneilanden","hr":"Pitcairnovo oto\u010dje","fa":"\u067e\u06cc\u062a\u06a9\u0631\u0646","de":"Pitcairn","es":"Islas Pitcairn","fr":"\u00celes Pitcairn","ja":"\u30d4\u30c8\u30b1\u30a2\u30f3","it":"Isole Pitcairn","cn":"\u76ae\u7279\u51ef\u6069\u7fa4\u5c9b","tr":"Pitcairn Adalari","ru":"\u041e\u0441\u0442\u0440\u043e\u0432 \u041f\u0438\u0442\u043a\u044d\u0440\u043d","uk":"\u041e\u0441\u0442\u0440\u0456\u0432 \u041f\u0456\u0442\u043a\u0435\u0440\u043d","pl":"Wyspa Pitcairn"},"latitude":"-25.06666666","longitude":"-130.10000000","emoji":"\ud83c\uddf5\ud83c\uddf3","emojiU":"U+1F1F5 U+1F1F3"}