{"id":46,"name":"Christmas Island","iso3":"CXR","iso2":"CX","numeric_code":"162","phone_code":"61","capital":"Flying Fish Cove","currency":"AUD","currency_name":"Australian dollar","currency_symbol":"$","tld":".cx","native":"Christmas Island","region":"Oceania","region_id":"5","subregion":"Australia and New Zealand","subregion_id":"19","nationality":"Christmas Island","timezones":[{"zoneName":"Indian/Christmas","gmtOffset":25200,"gmtOffsetName":"UTC+07:00","abbreviation":"CXT","tzName":"Christmas Island Time"}],"translations":{"kr":"\ud06c\ub9ac\uc2a4\ub9c8\uc2a4 \uc12c","pt-BR":"Ilha Christmas","pt":"Ilha do Natal","nl":"Christmaseiland","hr":"Bo\u017ei\u0107ni otok","fa":"\u062c\u0632\u06cc\u0631\u0647 \u06a9\u0631\u06cc\u0633\u0645\u0633","de":"Weihnachtsinsel","es":"Isla de Navidad","fr":"\u00cele Christmas","ja":"\u30af\u30ea\u30b9\u30de\u30b9\u5cf6","it":"Isola di Natale","cn":"\u5723\u8bde\u5c9b","tr":"Christmas Adasi"},"latitude":"-10.50000000","longitude":"105.66666666","emoji":"\ud83c\udde8\ud83c\uddfd","emojiU":"U+1F1E8 U+1F1FD"}