{"id":46,"name":"Christmas Island","iso3":"CXR","iso2":"CX","numeric_code":"162","phonecode":"61","capital":"Flying Fish Cove","currency":"AUD","currency_name":"Australian dollar","currency_symbol":"$","tld":".cx","native":"Christmas Island","region":"Oceania","region_id":5,"subregion":"Australia and New Zealand","subregion_id":19,"nationality":"Christmas Island","timezones":[{"zoneName":"Indian/Christmas","gmtOffset":25200,"gmtOffsetName":"UTC+07:00","abbreviation":"CXT","tzName":"Christmas Island Time"}],"translations":{"ko":"\ud06c\ub9ac\uc2a4\ub9c8\uc2a4 \uc12c","pt-BR":"Ilha Christmas","pt":"Ilha do Natal","nl":"Christmaseiland","hr":"Bo\u017ei\u0107ni otok","fa":"\u062c\u0632\u06cc\u0631\u0647 \u06a9\u0631\u06cc\u0633\u0645\u0633","de":"Weihnachtsinsel","es":"Isla de Navidad","fr":"\u00cele Christmas","ja":"\u30af\u30ea\u30b9\u30de\u30b9\u5cf6","it":"Isola di Natale","zh-CN":"\u5723\u8bde\u5c9b","tr":"Christmas Adasi","ru":"\u041e\u0441\u0442\u0440\u043e\u0432 \u0420\u043e\u0436\u0434\u0435\u0441\u0442\u0432\u0430","uk":"\u041e\u0441\u0442\u0440\u0456\u0432 \u0420\u0456\u0437\u0434\u0432\u0430","pl":"Wyspa Bo\u017cego Narodzenia"},"latitude":"-10.50000000","longitude":"105.66666666","emoji":"\ud83c\udde8\ud83c\uddfd","emojiU":"U+1F1E8 U+1F1FD"}