{"id":6,"name":"Andorra","iso3":"AND","iso2":"AD","numeric_code":"020","phonecode":"376","capital":"Andorra la Vella","currency":"EUR","currency_name":"Euro","currency_symbol":"\u20ac","tld":".ad","native":"Andorra","region":"Europe","region_id":4,"subregion":"Southern Europe","subregion_id":16,"nationality":"Andorran","timezones":[{"zoneName":"Europe/Andorra","gmtOffset":3600,"gmtOffsetName":"UTC+01:00","abbreviation":"CET","tzName":"Central European Time"}],"translations":{"ko":"\uc548\ub3c4\ub77c","pt-BR":"Andorra","pt":"Andorra","nl":"Andorra","hr":"Andora","fa":"\u0622\u0646\u062f\u0648\u0631\u0627","de":"Andorra","es":"Andorra","fr":"Andorre","ja":"\u30a2\u30f3\u30c9\u30e9","it":"Andorra","zh-CN":"\u5b89\u9053\u5c14","tr":"Andorra","ru":"\u0410\u043d\u0434\u043e\u0440\u0440\u0430","uk":"\u0410\u043d\u0434\u043e\u0440\u0440\u0430","pl":"Andora"},"latitude":"42.50000000","longitude":"1.50000000","emoji":"\ud83c\udde6\ud83c\udde9","emojiU":"U+1F1E6 U+1F1E9","states":{"andorralavella":{"id":488,"name":"Andorra la Vella","state_code":"07","latitude":"42.50631740","longitude":"1.52183550","type":"parish","cities":{"andorralavella":{"id":1,"name":"Andorra la Vella","latitude":"42.50779000","longitude":"1.52109000"}}},"canillo":{"id":489,"name":"Canillo","state_code":"02","latitude":"42.59782490","longitude":"1.65663770","type":"parish","cities":{"canillo":{"id":3,"name":"Canillo","latitude":"42.56760000","longitude":"1.59756000"},"eltarter":{"id":4,"name":"El Tarter","latitude":"42.57952000","longitude":"1.65362000"}}},"encamp":{"id":487,"name":"Encamp","state_code":"03","latitude":"42.53597640","longitude":"1.58367730","type":"parish","cities":{"encamp":{"id":5,"name":"Encamp","latitude":"42.53474000","longitude":"1.58014000"},"pasdelacasa":{"id":7,"name":"Pas de la Casa","latitude":"42.54277000","longitude":"1.73361000"}}},"escaldes-engordany":{"id":492,"name":"Escaldes-Engordany","state_code":"08","latitude":"42.49093790","longitude":"1.58869660","type":"parish","cities":{"lesescaldes":{"id":10,"name":"les Escaldes","latitude":"42.50729000","longitude":"1.53414000"}}},"lamassana":{"id":493,"name":"La Massana","state_code":"04","latitude":"42.54562500","longitude":"1.51473920","type":"parish","cities":{"arinsal":{"id":2,"name":"Arinsal","latitude":"42.57205000","longitude":"1.48453000"},"lamassana":{"id":9,"name":"la Massana","latitude":"42.54499000","longitude":"1.51483000"}}},"ordino":{"id":491,"name":"Ordino","state_code":"05","latitude":"42.59944330","longitude":"1.54023270","type":"parish","cities":{"ordino":{"id":6,"name":"Ordino","latitude":"42.55623000","longitude":"1.53319000"}}},"santjuli\u00e0del\u00f2ria":{"id":490,"name":"Sant Juli\u00e0 de L\u00f2ria","state_code":"06","latitude":"42.45296310","longitude":"1.49182350","type":"parish","cities":{"santjuli\u00e0del\u00f2ria":{"id":8,"name":"Sant Juli\u00e0 de L\u00f2ria","latitude":"42.46372000","longitude":"1.49129000"}}}}}