{"id":54,"name":"Cote D\u0027Ivoire (Ivory Coast)","iso3":"CIV","iso2":"CI","numeric_code":"384","phonecode":"225","capital":"Yamoussoukro","currency":"XOF","currency_name":"West African CFA franc","currency_symbol":"CFA","tld":".ci","native":null,"region":"Africa","region_id":1,"subregion":"Western Africa","subregion_id":3,"nationality":"Ivorian","timezones":[{"zoneName":"Africa/Abidjan","gmtOffset":0,"gmtOffsetName":"UTC\u00b100","abbreviation":"GMT","tzName":"Greenwich Mean Time"}],"translations":{"ko":"\ucf54\ud2b8\ub514\ubd80\uc544\ub974","pt-BR":"Costa do Marfim","pt":"Costa do Marfim","nl":"Ivoorkust","hr":"Obala Bjelokosti","fa":"\u0633\u0627\u062d\u0644 \u0639\u0627\u062c","de":"Elfenbeink\u00fcste","es":"Costa de Marfil","fr":"C\u00f4te d\u0027Ivoire","ja":"\u30b3\u30fc\u30c8\u30b8\u30dc\u30ef\u30fc\u30eb","it":"Costa D\u0027Avorio","zh-CN":"\u79d1\u7279\u8fea\u74e6","tr":"Kotdivuar","ru":"\u041a\u043e\u0442-\u0434\u0027\u0418\u0432\u0443\u0430\u0440 (\u0411\u0435\u0440\u0435\u0433 \u0421\u043b\u043e\u043d\u043e\u0432\u043e\u0439 \u041a\u043e\u0441\u0442\u0438)","uk":"\u041a\u043e\u0442-\u0434\u0027\u0406\u0432\u0443\u0430\u0440 (\u0411\u0435\u0440\u0435\u0433 \u0421\u043b\u043e\u043d\u043e\u0432\u043e\u0457 \u041a\u0456\u0441\u0442\u043a\u0438)","pl":"Cote D\u0027Ivoire (Wybrze\u017ce Ko\u015bci S\u0142oniowej)"},"latitude":"8.00000000","longitude":"-5.00000000","emoji":"\ud83c\udde8\ud83c\uddee","emojiU":"U+1F1E8 U+1F1EE","states":{"abidjan":{"id":2634,"name":"Abidjan","state_code":"AB","latitude":"5.35995170","longitude":"-4.00825630","type":"autonomous district","cities":{"abidjan":{"id":18860,"name":"Abidjan","latitude":"5.30966000","longitude":"-4.01266000"},"abobo":{"id":18861,"name":"Abobo","latitude":"5.41613000","longitude":"-4.01590000"},"anyama":{"id":18870,"name":"Anyama","latitude":"5.49462000","longitude":"-4.05183000"},"bingerville":{"id":18876,"name":"Bingerville","latitude":"5.35581000","longitude":"-3.88537000"}}},"agn\u00e9by":{"id":2626,"name":"Agn\u00e9by","state_code":"16","latitude":"5.32245030","longitude":"-4.34495290","type":"region"},"bafing":{"id":2636,"name":"Bafing","state_code":"17","latitude":"8.32520470","longitude":"-7.52472430","type":"region"},"bas-sassandra":{"id":2635,"name":"Bas-Sassandra","state_code":"09","latitude":"5.35679160","longitude":"-6.74939930","type":"region"},"como\u00e9":{"id":2654,"name":"Como\u00e9","state_code":"CM","latitude":"5.55279300","longitude":"-3.25836260","type":"district","cities":{"abengourou":{"id":18859,"name":"Abengourou","latitude":"6.72972000","longitude":"-3.49639000"},"aboisso":{"id":18862,"name":"Aboisso","latitude":"5.46779000","longitude":"-3.20711000"},"adiak\u00e9":{"id":18863,"name":"Adiak\u00e9","latitude":"5.28634000","longitude":"-3.30403000"},"agnibil\u00e9krou":{"id":18867,"name":"Agnibil\u00e9krou","latitude":"7.13113000","longitude":"-3.20415000"},"ayam\u00e9":{"id":18872,"name":"Ayam\u00e9","latitude":"5.60520000","longitude":"-3.15709000"},"bonoua":{"id":18880,"name":"Bonoua","latitude":"5.27247000","longitude":"-3.59625000"},"grand-bassam":{"id":18903,"name":"Grand-Bassam","latitude":"5.21180000","longitude":"-3.73884000"},"ind\u00e9ni\u00e9-djuablin":{"id":18913,"name":"Ind\u00e9ni\u00e9-Djuablin","latitude":"6.74434000","longitude":"-3.49400000"},"sud-como\u00e9":{"id":18931,"name":"Sud-Como\u00e9","latitude":"5.49961000","longitude":"-3.24080000"}}},"dengu\u00e9l\u00e9":{"id":2642,"name":"Dengu\u00e9l\u00e9","state_code":"10","latitude":"9.46623720","longitude":"-7.43813550","type":"region"},"dix-huitmontagnes":{"id":2645,"name":"Dix-Huit Montagnes","state_code":"06","latitude":"7.37623730","longitude":"-7.43813550","type":"region","cities":{"bangolo":{"id":18874,"name":"Bangolo","latitude":"7.01232000","longitude":"-7.48639000"},"biankouma":{"id":18875,"name":"Biankouma","latitude":"7.73909000","longitude":"-7.61377000"},"cavally":{"id":18889,"name":"Cavally","latitude":"6.56343000","longitude":"-7.92526000"},"danan\u00e9":{"id":18893,"name":"Danan\u00e9","latitude":"7.25957000","longitude":"-8.15498000"},"duekou\u00e9":{"id":18897,"name":"Duekou\u00e9","latitude":"6.74202000","longitude":"-7.34918000"},"gu\u00e9mon":{"id":18908,"name":"Gu\u00e9mon","latitude":"7.09300000","longitude":"-7.17785000"},"guiglo":{"id":18907,"name":"Guiglo","latitude":"6.54368000","longitude":"-7.49350000"},"man":{"id":18919,"name":"Man","latitude":"7.41251000","longitude":"-7.55383000"},"tonkpi":{"id":18936,"name":"Tonkpi","latitude":"7.56785000","longitude":"-7.60941000"},"toul\u00e9pleuguer\u00e9":{"id":18938,"name":"Toul\u00e9pleu Guer\u00e9","latitude":"6.57395000","longitude":"-8.42592000"}}},"fromager":{"id":2633,"name":"Fromager","state_code":"18","latitude":"45.54502130","longitude":"-73.60462230","type":"region"},"g\u00f4h-djiboua":{"id":2651,"name":"G\u00f4h-Djiboua","state_code":"GD","latitude":"5.87113930","longitude":"-5.56172790","type":"district","cities":{"divo":{"id":18896,"name":"Divo","latitude":"5.83739000","longitude":"-5.35723000"},"gagnoa":{"id":18899,"name":"Gagnoa","latitude":"6.13193000","longitude":"-5.95060000"},"g\u00f4h":{"id":18909,"name":"G\u00f4h","latitude":"6.14459000","longitude":"-5.92644000"},"guib\u00e9roua":{"id":18906,"name":"Guib\u00e9roua","latitude":"6.23869000","longitude":"-6.17147000"},"lakota":{"id":18917,"name":"Lakota","latitude":"5.84752000","longitude":"-5.68200000"},"l\u00f4h-djiboua":{"id":18918,"name":"L\u00f4h-Djiboua","latitude":"5.82483000","longitude":"-5.47668000"},"oum\u00e9":{"id":18926,"name":"Oum\u00e9","latitude":"6.38309000","longitude":"-5.41759000"}}},"haut-sassandra":{"id":2638,"name":"Haut-Sassandra","state_code":"02","latitude":"6.87578480","longitude":"-6.57833870","type":"region"},"lacs":{"id":2632,"name":"Lacs","state_code":"LC","latitude":"48.19801690","longitude":"-80.45644120","type":"district"},"lagunes":{"id":2627,"name":"Lagunes","state_code":"LG","latitude":"5.88273340","longitude":"-4.23333550","type":"district"},"marahou\u00e9":{"id":2631,"name":"Marahou\u00e9","state_code":"12","latitude":"6.88462070","longitude":"-5.89871390","type":"region"},"montagnes":{"id":2629,"name":"Montagnes","state_code":"MG","latitude":"7.37623730","longitude":"-7.43813550","type":"district"},"moyen-cavally":{"id":2646,"name":"Moyen-Cavally","state_code":"19","latitude":"6.52087930","longitude":"-7.61142170","type":"region"},"moyen-como\u00e9":{"id":2630,"name":"Moyen-Como\u00e9","state_code":"05","latitude":"6.65149170","longitude":"-3.50034540","type":"region"},"n\u0027zi-como\u00e9":{"id":2655,"name":"N\u0027zi-Como\u00e9","state_code":"11","latitude":"7.24567490","longitude":"-4.23333550","type":"region"},"sassandra-marahou\u00e9":{"id":2648,"name":"Sassandra-Marahou\u00e9","state_code":"SM","latitude":"6.88033480","longitude":"-6.23759470","type":"district","cities":{"bouafl\u00e9":{"id":18882,"name":"Bouafl\u00e9","latitude":"6.99041000","longitude":"-5.74420000"},"daloa":{"id":18892,"name":"Daloa","latitude":"6.87735000","longitude":"-6.45022000"},"haut-sassandra":{"id":18911,"name":"Haut-Sassandra","latitude":"6.66961000","longitude":"-6.50116000"},"issia":{"id":18914,"name":"Issia","latitude":"6.49224000","longitude":"-6.58558000"},"marahou\u00e9":{"id":18921,"name":"Marahou\u00e9","latitude":"7.03252000","longitude":"-5.80215000"},"vavoua":{"id":18940,"name":"Vavoua","latitude":"7.38194000","longitude":"-6.47778000"},"zu\u00e9noula":{"id":18943,"name":"Zu\u00e9noula","latitude":"7.43027000","longitude":"-6.05054000"}}},"savanes":{"id":2625,"name":"Savanes","state_code":"03","latitude":"9.63735270","longitude":"-6.70071860","type":"region"},"sud-bandama":{"id":2628,"name":"Sud-Bandama","state_code":"15","latitude":"5.53570830","longitude":"-5.56172790","type":"region"},"sud-como\u00e9":{"id":2652,"name":"Sud-Como\u00e9","state_code":"13","latitude":"5.55279300","longitude":"-3.25836260","type":"region"},"vall\u00e9edubandama":{"id":2637,"name":"Vall\u00e9e du Bandama","state_code":"VB","latitude":"8.27897800","longitude":"-4.89356270","type":"district"},"woroba":{"id":2650,"name":"Woroba","state_code":"WR","latitude":"8.24913720","longitude":"-6.92091350","type":"district","cities":{"bafing":{"id":18873,"name":"Bafing","latitude":"8.40611000","longitude":"-7.58048000"},"b\u00e9r\u00e9":{"id":18888,"name":"B\u00e9r\u00e9","latitude":"8.18952000","longitude":"-6.17157000"},"mankono":{"id":18920,"name":"Mankono","latitude":"8.05861000","longitude":"-6.18972000"},"s\u00e9gu\u00e9la":{"id":18932,"name":"S\u00e9gu\u00e9la","latitude":"7.96111000","longitude":"-6.67306000"},"touba":{"id":18937,"name":"Touba","latitude":"8.28333000","longitude":"-7.68333000"},"worodougou":{"id":18941,"name":"Worodougou","latitude":"8.16482000","longitude":"-6.66595000"}}},"worodougou":{"id":2649,"name":"Worodougou","state_code":"14","latitude":"8.25489620","longitude":"-6.57833870","type":"region"},"yamoussoukro":{"id":2653,"name":"Yamoussoukro","state_code":"YM","latitude":"6.82762280","longitude":"-5.28934330","type":"district"},"zanzan":{"id":2641,"name":"Zanzan","state_code":"ZZ","latitude":"8.82079040","longitude":"-3.41955270","type":"district","cities":{"bondoukou":{"id":18878,"name":"Bondoukou","latitude":"8.04020000","longitude":"-2.80003000"},"bouna":{"id":18884,"name":"Bouna","latitude":"9.26927000","longitude":"-2.99510000"},"bounkani":{"id":18885,"name":"Bounkani","latitude":"9.47841000","longitude":"-3.31238000"},"gontougo":{"id":18902,"name":"Gontougo","latitude":"7.87132000","longitude":"-3.07068000"},"sinfra":{"id":18930,"name":"Sinfra","latitude":"6.62103000","longitude":"-5.91144000"},"tanda":{"id":18934,"name":"Tanda","latitude":"7.80335000","longitude":"-3.16832000"}}}}}