{"id":54,"name":"Cote D\u0027Ivoire (Ivory Coast)","iso3":"CIV","iso2":"CI","numeric_code":"384","phone_code":"225","capital":"Yamoussoukro","currency":"XOF","currency_name":"West African CFA franc","currency_symbol":"CFA","tld":".ci","native":null,"region":"Africa","region_id":"1","subregion":"Western Africa","subregion_id":"3","nationality":"Ivorian","timezones":[{"zoneName":"Africa/Abidjan","gmtOffset":0,"gmtOffsetName":"UTC\u00b100","abbreviation":"GMT","tzName":"Greenwich Mean Time"}],"translations":{"kr":"\ucf54\ud2b8\ub514\ubd80\uc544\ub974","pt-BR":"Costa do Marfim","pt":"Costa do Marfim","nl":"Ivoorkust","hr":"Obala Bjelokosti","fa":"\u0633\u0627\u062d\u0644 \u0639\u0627\u062c","de":"Elfenbeink\u00fcste","es":"Costa de Marfil","fr":"C\u00f4te d\u0027Ivoire","ja":"\u30b3\u30fc\u30c8\u30b8\u30dc\u30ef\u30fc\u30eb","it":"Costa D\u0027Avorio","cn":"\u79d1\u7279\u8fea\u74e6","tr":"Kotdivuar"},"latitude":"8.00000000","longitude":"-5.00000000","emoji":"\ud83c\udde8\ud83c\uddee","emojiU":"U+1F1E8 U+1F1EE","states":{"abidjan":{"id":2634,"name":"Abidjan","state_code":"AB","latitude":"5.35995170","longitude":"-4.00825630","type":null,"cities":{"abidjan":{"id":18860,"name":"Abidjan","latitude":"5.30966000","longitude":"-4.01266000"},"abobo":{"id":18861,"name":"Abobo","latitude":"5.41613000","longitude":"-4.01590000"},"anyama":{"id":18870,"name":"Anyama","latitude":"5.49462000","longitude":"-4.05183000"},"bingerville":{"id":18876,"name":"Bingerville","latitude":"5.35581000","longitude":"-3.88537000"}}},"agn\u00e9by":{"id":2626,"name":"Agn\u00e9by","state_code":"16","latitude":"5.32245030","longitude":"-4.34495290","type":null},"bafingregion":{"id":2636,"name":"Bafing Region","state_code":"17","latitude":"8.32520470","longitude":"-7.52472430","type":null},"bas-sassandradistrict":{"id":2643,"name":"Bas-Sassandra District","state_code":"BS","latitude":"5.27983560","longitude":"-6.15269850","type":null,"cities":{"gb\u00f4kl\u00e9":{"id":18901,"name":"Gb\u00f4kl\u00e9","latitude":"4.95712000","longitude":"-6.09372000"},"nawa":{"id":18924,"name":"Nawa","latitude":"5.80112000","longitude":"-6.60313000"},"san-p\u00e9dro":{"id":18928,"name":"San-P\u00e9dro","latitude":"4.76768000","longitude":"-6.65033000"},"sassandra":{"id":18929,"name":"Sassandra","latitude":"4.95384000","longitude":"-6.08531000"},"tabou":{"id":18933,"name":"Tabou","latitude":"4.42295000","longitude":"-7.35280000"}}},"bas-sassandraregion":{"id":2635,"name":"Bas-Sassandra Region","state_code":"09","latitude":"5.35679160","longitude":"-6.74939930","type":null},"como\u00e9district":{"id":2654,"name":"Como\u00e9 District","state_code":"CM","latitude":"5.55279300","longitude":"-3.25836260","type":null,"cities":{"abengourou":{"id":18859,"name":"Abengourou","latitude":"6.72972000","longitude":"-3.49639000"},"aboisso":{"id":18862,"name":"Aboisso","latitude":"5.46779000","longitude":"-3.20711000"},"adiak\u00e9":{"id":18863,"name":"Adiak\u00e9","latitude":"5.28634000","longitude":"-3.30403000"},"agnibil\u00e9krou":{"id":18867,"name":"Agnibil\u00e9krou","latitude":"7.13113000","longitude":"-3.20415000"},"ayam\u00e9":{"id":18872,"name":"Ayam\u00e9","latitude":"5.60520000","longitude":"-3.15709000"},"bonoua":{"id":18880,"name":"Bonoua","latitude":"5.27247000","longitude":"-3.59625000"},"grand-bassam":{"id":18903,"name":"Grand-Bassam","latitude":"5.21180000","longitude":"-3.73884000"},"ind\u00e9ni\u00e9-djuablin":{"id":18913,"name":"Ind\u00e9ni\u00e9-Djuablin","latitude":"6.74434000","longitude":"-3.49400000"},"sud-como\u00e9":{"id":18931,"name":"Sud-Como\u00e9","latitude":"5.49961000","longitude":"-3.24080000"}}},"dengu\u00e9l\u00e9district":{"id":2644,"name":"Dengu\u00e9l\u00e9 District","state_code":"DN","latitude":"48.07077630","longitude":"-68.56093410","type":null,"cities":{"folon":{"id":18898,"name":"Folon","latitude":"9.81241000","longitude":"-7.51894000"},"kabadougou":{"id":18915,"name":"Kabadougou","latitude":"9.60571000","longitude":"-7.43774000"},"odienn\u00e9":{"id":18925,"name":"Odienn\u00e9","latitude":"9.50511000","longitude":"-7.56433000"}}},"dengu\u00e9l\u00e9region":{"id":2642,"name":"Dengu\u00e9l\u00e9 Region","state_code":"10","latitude":"9.46623720","longitude":"-7.43813550","type":null},"dix-huitmontagnes":{"id":2645,"name":"Dix-Huit Montagnes","state_code":"06","latitude":"7.37623730","longitude":"-7.43813550","type":null,"cities":{"bangolo":{"id":18874,"name":"Bangolo","latitude":"7.01232000","longitude":"-7.48639000"},"biankouma":{"id":18875,"name":"Biankouma","latitude":"7.73909000","longitude":"-7.61377000"},"cavally":{"id":18889,"name":"Cavally","latitude":"6.56343000","longitude":"-7.92526000"},"danan\u00e9":{"id":18893,"name":"Danan\u00e9","latitude":"7.25957000","longitude":"-8.15498000"},"duekou\u00e9":{"id":18897,"name":"Duekou\u00e9","latitude":"6.74202000","longitude":"-7.34918000"},"gu\u00e9mon":{"id":18908,"name":"Gu\u00e9mon","latitude":"7.09300000","longitude":"-7.17785000"},"guiglo":{"id":18907,"name":"Guiglo","latitude":"6.54368000","longitude":"-7.49350000"},"man":{"id":18919,"name":"Man","latitude":"7.41251000","longitude":"-7.55383000"},"tonkpi":{"id":18936,"name":"Tonkpi","latitude":"7.56785000","longitude":"-7.60941000"},"toul\u00e9pleuguer\u00e9":{"id":18938,"name":"Toul\u00e9pleu Guer\u00e9","latitude":"6.57395000","longitude":"-8.42592000"}}},"fromager":{"id":2633,"name":"Fromager","state_code":"18","latitude":"45.54502130","longitude":"-73.60462230","type":null},"g\u00f4h-djibouadistrict":{"id":2651,"name":"G\u00f4h-Djiboua District","state_code":"GD","latitude":"5.87113930","longitude":"-5.56172790","type":null,"cities":{"divo":{"id":18896,"name":"Divo","latitude":"5.83739000","longitude":"-5.35723000"},"gagnoa":{"id":18899,"name":"Gagnoa","latitude":"6.13193000","longitude":"-5.95060000"},"g\u00f4h":{"id":18909,"name":"G\u00f4h","latitude":"6.14459000","longitude":"-5.92644000"},"guib\u00e9roua":{"id":18906,"name":"Guib\u00e9roua","latitude":"6.23869000","longitude":"-6.17147000"},"lakota":{"id":18917,"name":"Lakota","latitude":"5.84752000","longitude":"-5.68200000"},"l\u00f4h-djiboua":{"id":18918,"name":"L\u00f4h-Djiboua","latitude":"5.82483000","longitude":"-5.47668000"},"oum\u00e9":{"id":18926,"name":"Oum\u00e9","latitude":"6.38309000","longitude":"-5.41759000"}}},"haut-sassandra":{"id":2638,"name":"Haut-Sassandra","state_code":"02","latitude":"6.87578480","longitude":"-6.57833870","type":null},"lacsdistrict":{"id":2632,"name":"Lacs District","state_code":"LC","latitude":"48.19801690","longitude":"-80.45644120","type":null},"lacsregion":{"id":2640,"name":"Lacs Region","state_code":"07","latitude":"47.73958660","longitude":"-70.41866520","type":null,"cities":{"arrah":{"id":18871,"name":"Arrah","latitude":"6.67342000","longitude":"-3.96938000"},"b\u00e9lier":{"id":18886,"name":"B\u00e9lier","latitude":"7.02582000","longitude":"-5.06744000"},"bocanda":{"id":18877,"name":"Bocanda","latitude":"7.06264000","longitude":"-4.49948000"},"bongouanou":{"id":18879,"name":"Bongouanou","latitude":"6.65175000","longitude":"-4.20406000"},"daoukro":{"id":18894,"name":"Daoukro","latitude":"7.05910000","longitude":"-3.96310000"},"dimbokro":{"id":18895,"name":"Dimbokro","latitude":"6.64678000","longitude":"-4.70519000"},"iffou":{"id":18912,"name":"Iffou","latitude":"7.11509000","longitude":"-3.95027000"},"moronou":{"id":18922,"name":"Moronou","latitude":"6.66830000","longitude":"-4.13155000"},"n\u0027zi":{"id":18923,"name":"N\u0027Zi","latitude":"6.82803000","longitude":"-4.58130000"},"toumodi":{"id":18939,"name":"Toumodi","latitude":"6.55799000","longitude":"-5.01769000"},"yamoussoukro":{"id":18942,"name":"Yamoussoukro","latitude":"6.82055000","longitude":"-5.27674000"}}},"lagunesdistrict":{"id":2627,"name":"Lagunes District","state_code":"LG","latitude":"5.88273340","longitude":"-4.23333550","type":null},"lagunesregion":{"id":2639,"name":"Lagunes region","state_code":"01","latitude":"5.88273340","longitude":"-4.23333550","type":null,"cities":{"adzop\u00e9":{"id":18864,"name":"Adzop\u00e9","latitude":"6.10694000","longitude":"-3.86194000"},"affery":{"id":18865,"name":"Affery","latitude":"6.32035000","longitude":"-3.95235000"},"agboville":{"id":18866,"name":"Agboville","latitude":"5.92801000","longitude":"-4.21319000"},"agn\u00e9by-tiassa":{"id":18868,"name":"Agn\u00e9by-Tiassa","latitude":"5.79488000","longitude":"-4.37187000"},"akoup\u00e9":{"id":18869,"name":"Akoup\u00e9","latitude":"6.38423000","longitude":"-3.88759000"},"dabou":{"id":18891,"name":"Dabou","latitude":"5.32556000","longitude":"-4.37685000"},"grand-lahou":{"id":18904,"name":"Grand-Lahou","latitude":"5.25068000","longitude":"-5.00333000"},"grands-ponts":{"id":18905,"name":"Grands-Ponts","latitude":"5.30487000","longitude":"-4.39247000"},"tiassal\u00e9":{"id":18935,"name":"Tiassal\u00e9","latitude":"5.89839000","longitude":"-4.82293000"}}},"marahou\u00e9region":{"id":2631,"name":"Marahou\u00e9 Region","state_code":"12","latitude":"6.88462070","longitude":"-5.89871390","type":null},"montagnesdistrict":{"id":2629,"name":"Montagnes District","state_code":"MG","latitude":"7.37623730","longitude":"-7.43813550","type":null},"moyen-cavally":{"id":2646,"name":"Moyen-Cavally","state_code":"19","latitude":"6.52087930","longitude":"-7.61142170","type":null},"moyen-como\u00e9":{"id":2630,"name":"Moyen-Como\u00e9","state_code":"05","latitude":"6.65149170","longitude":"-3.50034540","type":null},"n\u0027zi-como\u00e9":{"id":2655,"name":"N\u0027zi-Como\u00e9","state_code":"11","latitude":"7.24567490","longitude":"-4.23333550","type":null},"sassandra-marahou\u00e9district":{"id":2648,"name":"Sassandra-Marahou\u00e9 District","state_code":"SM","latitude":"6.88033480","longitude":"-6.23759470","type":null,"cities":{"bouafl\u00e9":{"id":18882,"name":"Bouafl\u00e9","latitude":"6.99041000","longitude":"-5.74420000"},"daloa":{"id":18892,"name":"Daloa","latitude":"6.87735000","longitude":"-6.45022000"},"haut-sassandra":{"id":18911,"name":"Haut-Sassandra","latitude":"6.66961000","longitude":"-6.50116000"},"issia":{"id":18914,"name":"Issia","latitude":"6.49224000","longitude":"-6.58558000"},"marahou\u00e9":{"id":18921,"name":"Marahou\u00e9","latitude":"7.03252000","longitude":"-5.80215000"},"vavoua":{"id":18940,"name":"Vavoua","latitude":"7.38194000","longitude":"-6.47778000"},"zu\u00e9noula":{"id":18943,"name":"Zu\u00e9noula","latitude":"7.43027000","longitude":"-6.05054000"}}},"savanesregion":{"id":2625,"name":"Savanes Region","state_code":"03","latitude":null,"longitude":null,"type":null},"sud-bandama":{"id":2628,"name":"Sud-Bandama","state_code":"15","latitude":"5.53570830","longitude":"-5.56172790","type":null},"sud-como\u00e9":{"id":2652,"name":"Sud-Como\u00e9","state_code":"13","latitude":"5.55279300","longitude":"-3.25836260","type":null},"vall\u00e9edubandamadistrict":{"id":2637,"name":"Vall\u00e9e du Bandama District","state_code":"VB","latitude":"8.27897800","longitude":"-4.89356270","type":null},"vall\u00e9edubandamaregion":{"id":2647,"name":"Vall\u00e9e du Bandama Region","state_code":"04","latitude":"8.27897800","longitude":"-4.89356270","type":null,"cities":{"b\u00e9oumi":{"id":18887,"name":"B\u00e9oumi","latitude":"7.67395000","longitude":"-5.58085000"},"botro":{"id":18881,"name":"Botro","latitude":"7.85249000","longitude":"-5.31063000"},"bouak\u00e9":{"id":18883,"name":"Bouak\u00e9","latitude":"7.69385000","longitude":"-5.03031000"},"dabakala":{"id":18890,"name":"Dabakala","latitude":"8.36321000","longitude":"-4.42863000"},"gb\u00eak\u00ea":{"id":18900,"name":"Gb\u00eak\u00ea","latitude":"7.70271000","longitude":"-5.28511000"},"hambol":{"id":18910,"name":"Hambol","latitude":"8.30368000","longitude":"-5.15396000"},"katiola":{"id":18916,"name":"Katiola","latitude":"8.13728000","longitude":"-5.10095000"},"sakassou":{"id":18927,"name":"Sakassou","latitude":"7.45462000","longitude":"-5.29263000"}}},"worobadistrict":{"id":2650,"name":"Woroba District","state_code":"WR","latitude":"8.24913720","longitude":"-6.92091350","type":null,"cities":{"bafing":{"id":18873,"name":"Bafing","latitude":"8.40611000","longitude":"-7.58048000"},"b\u00e9r\u00e9":{"id":18888,"name":"B\u00e9r\u00e9","latitude":"8.18952000","longitude":"-6.17157000"},"mankono":{"id":18920,"name":"Mankono","latitude":"8.05861000","longitude":"-6.18972000"},"s\u00e9gu\u00e9la":{"id":18932,"name":"S\u00e9gu\u00e9la","latitude":"7.96111000","longitude":"-6.67306000"},"touba":{"id":18937,"name":"Touba","latitude":"8.28333000","longitude":"-7.68333000"},"worodougou":{"id":18941,"name":"Worodougou","latitude":"8.16482000","longitude":"-6.66595000"}}},"worodougou":{"id":2649,"name":"Worodougou","state_code":"14","latitude":"8.25489620","longitude":"-6.57833870","type":null},"yamoussoukro":{"id":2653,"name":"Yamoussoukro","state_code":"YM","latitude":"6.82762280","longitude":"-5.28934330","type":null},"zanzanregion":{"id":2641,"name":"Zanzan Region","state_code":"ZZ","latitude":"8.82079040","longitude":"-3.41955270","type":null,"cities":{"bondoukou":{"id":18878,"name":"Bondoukou","latitude":"8.04020000","longitude":"-2.80003000"},"bouna":{"id":18884,"name":"Bouna","latitude":"9.26927000","longitude":"-2.99510000"},"bounkani":{"id":18885,"name":"Bounkani","latitude":"9.47841000","longitude":"-3.31238000"},"gontougo":{"id":18902,"name":"Gontougo","latitude":"7.87132000","longitude":"-3.07068000"},"sinfra":{"id":18930,"name":"Sinfra","latitude":"6.62103000","longitude":"-5.91144000"},"tanda":{"id":18934,"name":"Tanda","latitude":"7.80335000","longitude":"-3.16832000"}}}}}