{"id":218,"name":"Tanzania","iso3":"TZA","iso2":"TZ","numeric_code":"834","phonecode":"255","capital":"Dodoma","currency":"TZS","currency_name":"Tanzanian shilling","currency_symbol":"TSh","tld":".tz","native":"Tanzania","region":"Africa","region_id":1,"subregion":"Eastern Africa","subregion_id":4,"nationality":"Tanzanian","timezones":[{"zoneName":"Africa/Dar_es_Salaam","gmtOffset":10800,"gmtOffsetName":"UTC+03:00","abbreviation":"EAT","tzName":"East Africa Time"}],"translations":{"ko":"\ud0c4\uc790\ub2c8\uc544","pt-BR":"Tanz\u00e2nia","pt":"Tanz\u00e2nia","nl":"Tanzania","hr":"Tanzanija","fa":"\u062a\u0627\u0646\u0632\u0627\u0646\u06cc\u0627","de":"Tansania","es":"Tanzania","fr":"Tanzanie","ja":"\u30bf\u30f3\u30b6\u30cb\u30a2","it":"Tanzania","zh-CN":"\u5766\u6851\u5c3c\u4e9a","tr":"Tanzanya","ru":"\u0422\u0430\u043d\u0437\u0430\u043d\u0438\u044f","uk":"\u0422\u0430\u043d\u0437\u0430\u043d\u0456\u044f","pl":"Tanzania"},"latitude":"-6.00000000","longitude":"35.00000000","emoji":"\ud83c\uddf9\ud83c\uddff","emojiU":"U+1F1F9 U+1F1FF","states":{"arusha":{"id":1491,"name":"Arusha","state_code":"01","latitude":"-3.38692540","longitude":"36.68299270","type":"region","cities":{"arusha":{"id":109042,"name":"Arusha","latitude":"-3.36667000","longitude":"36.68333000"},"kingori":{"id":109117,"name":"Kingori","latitude":"-3.28333000","longitude":"36.98333000"},"kiratu":{"id":109121,"name":"Kiratu","latitude":"-3.33333000","longitude":"35.66667000"},"longido":{"id":109144,"name":"Longido","latitude":"-2.73319000","longitude":"36.69773000"},"mbuguni":{"id":109189,"name":"Mbuguni","latitude":"-3.56667000","longitude":"36.95000000"},"merelani":{"id":109192,"name":"Merelani","latitude":"-3.56182000","longitude":"36.97895000"},"meru":{"id":109193,"name":"Meru","latitude":"-3.30500000","longitude":"36.80100000"},"monduli":{"id":109207,"name":"Monduli","latitude":"-3.30000000","longitude":"36.45000000"},"mtowambu":{"id":109218,"name":"Mto wa Mbu","latitude":"-3.35000000","longitude":"35.85000000"},"namanga":{"id":109238,"name":"Namanga","latitude":"-2.55116000","longitude":"36.78377000"},"ngorongoro":{"id":109253,"name":"Ngorongoro","latitude":"-3.23973000","longitude":"35.48747000"},"nkoaranga":{"id":109257,"name":"Nkoaranga","latitude":"-3.33333000","longitude":"36.80000000"},"poli":{"id":109270,"name":"Poli","latitude":"-3.33333000","longitude":"36.80000000"},"usariver":{"id":109293,"name":"Usa River","latitude":"-3.36667000","longitude":"36.85000000"}}},"daressalaam":{"id":1490,"name":"Dar es Salaam","state_code":"02","latitude":"-6.79235400","longitude":"39.20832840","type":"region","cities":{"daressalaam":{"id":109063,"name":"Dar es Salaam","latitude":"-6.82349000","longitude":"39.26951000"},"ilala":{"id":153775,"name":"Ilala","latitude":"-6.84873800","longitude":"39.28471300"},"kigamboni":{"id":153776,"name":"Kigamboni","latitude":"-6.84945500","longitude":"39.31733300"},"kinondoni":{"id":153777,"name":"Kinondoni","latitude":"-6.78423100","longitude":"39.26567600"},"magomeni":{"id":109157,"name":"Magomeni","latitude":"-6.80000000","longitude":"39.25000000"},"temeke":{"id":153778,"name":"Temeke","latitude":"-6.90418400","longitude":"39.23528200"},"ubungo":{"id":153779,"name":"Ubungo","latitude":"-6.80600500","longitude":"39.24663600"}}},"dodoma":{"id":1466,"name":"Dodoma","state_code":"03","latitude":"-6.57382280","longitude":"36.26308460","type":"region","cities":{"dodoma":{"id":109065,"name":"Dodoma","latitude":"-6.17221000","longitude":"35.73947000"},"kibakwe":{"id":109101,"name":"Kibakwe","latitude":"-6.71667000","longitude":"36.36667000"},"kisasa":{"id":109125,"name":"Kisasa","latitude":"-6.17526000","longitude":"35.79266000"},"kondoa":{"id":109135,"name":"Kondoa","latitude":"-4.70931000","longitude":"35.86227000"},"kongwa":{"id":109136,"name":"Kongwa","latitude":"-6.20000000","longitude":"36.41667000"},"mpwapwa":{"id":109211,"name":"Mpwapwa","latitude":"-6.35000000","longitude":"36.48333000"},"msanga":{"id":109212,"name":"Msanga","latitude":"-6.05000000","longitude":"36.03333000"}}},"geita":{"id":1481,"name":"Geita","state_code":"27","latitude":"-2.82422570","longitude":"32.26538870","type":"region","cities":{"buseresere":{"id":109055,"name":"Buseresere","latitude":"-3.02361000","longitude":"31.87472000"},"chato":{"id":109061,"name":"Chato","latitude":"-2.63778000","longitude":"31.76694000"},"geita":{"id":109071,"name":"Geita","latitude":"-2.87250000","longitude":"32.23250000"},"kasamwa":{"id":109094,"name":"Kasamwa","latitude":"-2.85000000","longitude":"32.43333000"},"katoro":{"id":109098,"name":"Katoro","latitude":"-3.02028000","longitude":"31.89583000"},"masumbwe":{"id":109178,"name":"Masumbwe","latitude":"-3.63333000","longitude":"32.18333000"},"ushirombo":{"id":109296,"name":"Ushirombo","latitude":"-3.49194000","longitude":"31.96389000"},"uyovu":{"id":109301,"name":"Uyovu","latitude":"-3.28333000","longitude":"31.52583000"}}},"iringa":{"id":1489,"name":"Iringa","state_code":"04","latitude":"-7.78874420","longitude":"35.56578620","type":"region","cities":{"ilula":{"id":109081,"name":"Ilula","latitude":"-7.67660000","longitude":"36.03658000"},"iringa":{"id":109083,"name":"Iringa","latitude":"-7.76667000","longitude":"35.70000000"},"izazi":{"id":109087,"name":"Izazi","latitude":"-7.20000000","longitude":"35.73333000"},"mafinga":{"id":109154,"name":"Mafinga","latitude":"-7.25000000","longitude":"35.06667000"},"makungu":{"id":109166,"name":"Makungu","latitude":"-8.73333000","longitude":"35.28333000"},"malangali":{"id":109169,"name":"Malangali","latitude":"-8.56667000","longitude":"34.85000000"}}},"kagera":{"id":1465,"name":"Kagera","state_code":"05","latitude":"-1.30011150","longitude":"31.26263660","type":"region","cities":{"biharamulo":{"id":109048,"name":"Biharamulo","latitude":"-2.63194000","longitude":"31.30889000"},"bugarama":{"id":109049,"name":"Bugarama","latitude":"-2.87056000","longitude":"30.52806000"},"bugene":{"id":109050,"name":"Bugene","latitude":"-1.59111000","longitude":"31.14028000"},"bukoba":{"id":109052,"name":"Bukoba","latitude":"-1.33167000","longitude":"31.81222000"},"kabanga":{"id":109088,"name":"Kabanga","latitude":"-2.63861000","longitude":"30.46778000"},"kamachumu":{"id":109092,"name":"Kamachumu","latitude":"-1.61861000","longitude":"31.62000000"},"katerero":{"id":109096,"name":"Katerero","latitude":"-1.40000000","longitude":"31.73333000"},"katoro":{"id":109099,"name":"Katoro","latitude":"-1.39972000","longitude":"31.50028000"},"kyaka":{"id":109138,"name":"Kyaka","latitude":"-1.25222000","longitude":"31.42028000"},"ngara":{"id":109251,"name":"Ngara","latitude":"-2.51222000","longitude":"30.65583000"},"nshamba":{"id":109259,"name":"Nshamba","latitude":"-1.79833000","longitude":"31.55111000"},"nsunga":{"id":109260,"name":"Nsunga","latitude":"-1.14389000","longitude":"31.39472000"},"nyakahanga":{"id":109263,"name":"Nyakahanga","latitude":"-1.60333000","longitude":"31.14139000"},"rulenge":{"id":109273,"name":"Rulenge","latitude":"-2.71750000","longitude":"30.63250000"}}},"katavi":{"id":1482,"name":"Katavi","state_code":"28","latitude":"-6.36771250","longitude":"31.26263660","type":"region","cities":{"inyonga":{"id":109082,"name":"Inyonga","latitude":"-6.71667000","longitude":"32.06667000"},"karema":{"id":109093,"name":"Karema","latitude":"-6.82052000","longitude":"30.43887000"},"mpanda":{"id":109210,"name":"Mpanda","latitude":"-6.34379000","longitude":"31.06951000"},"usevia":{"id":109295,"name":"Usevia","latitude":"-7.10000000","longitude":"31.23333000"}}},"kigoma":{"id":1478,"name":"Kigoma","state_code":"08","latitude":"-4.88240920","longitude":"29.66150550","type":"region","cities":{"kakonko":{"id":109090,"name":"Kakonko","latitude":"-3.28278000","longitude":"30.96417000"},"kasulu":{"id":109095,"name":"Kasulu","latitude":"-4.57667000","longitude":"30.10250000"},"kibondo":{"id":109105,"name":"Kibondo","latitude":"-3.58639000","longitude":"30.72028000"},"kigoma":{"id":109108,"name":"Kigoma","latitude":"-4.87694000","longitude":"29.62667000"},"mabamba":{"id":109152,"name":"Mabamba","latitude":"-3.59833000","longitude":"30.50194000"},"mwandiga":{"id":109230,"name":"Mwandiga","latitude":"-4.83000000","longitude":"29.65806000"},"nguruka":{"id":109255,"name":"Nguruka","latitude":"-5.10917000","longitude":"31.04194000"},"uvinza":{"id":109299,"name":"Uvinza","latitude":"-5.10361000","longitude":"30.39111000"}}},"kilimanjaro":{"id":1467,"name":"Kilimanjaro","state_code":"09","latitude":"-4.13369270","longitude":"37.80876930","type":"region","cities":{"hedaru":{"id":109072,"name":"Hedaru","latitude":"-4.50000000","longitude":"37.90000000"},"machame":{"id":109164,"name":"Machame","latitude":"-3.20611000","longitude":"37.22638890"},"marangu":{"id":109233,"name":"Marangu","latitude":"-3.28333000","longitude":"37.51667000"},"moshi":{"id":109209,"name":"Moshi","latitude":"-3.35000000","longitude":"37.33333000"},"same":{"id":109274,"name":"Same","latitude":"-4.22199000","longitude":"37.88278000"}}},"lindi":{"id":1483,"name":"Lindi","state_code":"12","latitude":"-9.23433940","longitude":"38.31657250","type":"region","cities":{"lindi":{"id":109142,"name":"Lindi","latitude":"-9.99709000","longitude":"39.71649000"},"mbekenyera":{"id":109187,"name":"Mbekenyera","latitude":"-10.00000000","longitude":"38.98333000"},"mingoyo":{"id":109198,"name":"Mingoyo","latitude":"-10.10526000","longitude":"39.61859000"},"mtama":{"id":109214,"name":"Mtama","latitude":"-10.30000000","longitude":"39.36667000"},"nachingwea":{"id":109235,"name":"Nachingwea","latitude":"-10.37250000","longitude":"38.76251000"},"nyangao":{"id":109266,"name":"Nyangao","latitude":"-10.33333000","longitude":"39.28333000"},"ruangwa":{"id":109272,"name":"Ruangwa","latitude":"-10.06667000","longitude":"38.93333000"}}},"manyara":{"id":1484,"name":"Manyara","state_code":"26","latitude":"-4.31500580","longitude":"36.95410700","type":"region","cities":{"babati":{"id":109043,"name":"Babati","latitude":"-4.21667000","longitude":"35.75000000"},"bashanet":{"id":109046,"name":"Bashanet","latitude":"-4.23333000","longitude":"35.41667000"},"basotu":{"id":109047,"name":"Basotu","latitude":"-4.36667000","longitude":"35.08333000"},"dareda":{"id":109064,"name":"Dareda","latitude":"-4.21667000","longitude":"35.55000000"},"dongobesh":{"id":109066,"name":"Dongobesh","latitude":"-4.06667000","longitude":"35.38333000"},"endasak":{"id":109067,"name":"Endasak","latitude":"-4.41667000","longitude":"35.51667000"},"galappo":{"id":109068,"name":"Galappo","latitude":"-4.26667000","longitude":"35.85000000"},"katesh":{"id":109097,"name":"Katesh","latitude":"-4.52483000","longitude":"35.38490000"},"kibaya":{"id":109103,"name":"Kibaya","latitude":"-5.30000000","longitude":"36.56667000"},"kirya":{"id":109122,"name":"Kirya","latitude":"-3.91667000","longitude":"37.48333000"},"magugu":{"id":109158,"name":"Magugu","latitude":"-4.01667000","longitude":"35.76667000"},"mbulu":{"id":109190,"name":"Mbulu","latitude":"-3.85000000","longitude":"35.53333000"},"naberera":{"id":109234,"name":"Naberera","latitude":"-4.20000000","longitude":"36.93333000"},"nangwa":{"id":109243,"name":"Nangwa","latitude":"-4.46667000","longitude":"35.45000000"}}},"mara":{"id":1468,"name":"Mara","state_code":"13","latitude":"-1.77535380","longitude":"34.15319470","type":"region","cities":{"bukonyo":{"id":109053,"name":"Bukonyo","latitude":"-1.95000000","longitude":"32.93333000"},"butiama":{"id":109056,"name":"Butiama","latitude":"-1.76667000","longitude":"33.96667000"},"issenye":{"id":109085,"name":"Issenye","latitude":"-2.00000000","longitude":"34.33333000"},"kibara":{"id":109102,"name":"Kibara","latitude":"-2.15000000","longitude":"33.45000000"},"mugango":{"id":109221,"name":"Mugango","latitude":"-1.68333000","longitude":"33.70000000"},"mugumu":{"id":109222,"name":"Mugumu","latitude":"-1.85000000","longitude":"34.70000000"},"muriti":{"id":109225,"name":"Muriti","latitude":"-1.98333000","longitude":"32.91667000"},"musoma":{"id":109226,"name":"Musoma","latitude":"-1.50000000","longitude":"33.80000000"},"nakatunguru":{"id":109236,"name":"Nakatunguru","latitude":"-2.11667000","longitude":"33.06667000"},"nansio":{"id":109245,"name":"Nansio","latitude":"-2.13333000","longitude":"33.05000000"},"nyamuswa":{"id":109265,"name":"Nyamuswa","latitude":"-1.90000000","longitude":"34.01667000"},"sirari":{"id":109280,"name":"Sirari","latitude":"-1.25367000","longitude":"34.47596000"}}},"mbeya":{"id":4955,"name":"Mbeya","state_code":"14","latitude":"-8.28661120","longitude":"32.81325370","type":"region","cities":{"chimala":{"id":149030,"name":"Chimala","latitude":"-8.85637000","longitude":"34.02393000"},"hedaru":{"id":149031,"name":"Hedaru","latitude":"-4.50000000","longitude":"37.90000000"},"ibaba":{"id":149032,"name":"Ibaba","latitude":"-9.40000000","longitude":"33.35000000"},"ikama":{"id":149033,"name":"Ikama","latitude":"-9.26666667","longitude":"33.83333333"},"ikinga":{"id":149034,"name":"Ikinga","latitude":"-9.50000000","longitude":"33.55000000"},"ikolo":{"id":149035,"name":"Ikolo","latitude":"-9.65000000","longitude":"33.90000000"},"ikuti":{"id":149036,"name":"Ikuti","latitude":"-9.31666667","longitude":"33.53333333"},"ilembo":{"id":149037,"name":"Ilembo","latitude":"-9.25000000","longitude":"33.38333333"},"ipinda":{"id":149038,"name":"Ipinda","latitude":"-9.48333333","longitude":"33.90000000"},"kabula":{"id":149039,"name":"Kabula","latitude":"-9.26666667","longitude":"33.76666667"},"kahetanzania":{"id":149040,"name":"Kahe Tanzania","latitude":"-3.50000000","longitude":"37.43300000"},"kandete":{"id":149041,"name":"Kandete","latitude":"-9.15000000","longitude":"33.80000000"},"katumba":{"id":149042,"name":"Katumba","latitude":"-9.23333333","longitude":"33.61666667"},"kihurio":{"id":149043,"name":"Kihurio","latitude":"-4.46666667","longitude":"38.06666667"},"kisiwani":{"id":149044,"name":"Kisiwani","latitude":"-4.13333000","longitude":"37.95000000"},"kiwira":{"id":149045,"name":"Kiwira","latitude":"-9.16666667","longitude":"33.53333333"},"kwakoa":{"id":149046,"name":"Kwakoa","latitude":"-3.76666667","longitude":"37.71666667"},"lembeni":{"id":149047,"name":"Lembeni","latitude":"-3.78333333","longitude":"37.61666667"},"lupata":{"id":149048,"name":"Lupata","latitude":"-9.30000000","longitude":"33.85000000"},"lusungo":{"id":149049,"name":"Lusungo","latitude":"-9.50000000","longitude":"33.98333333"},"machame":{"id":149050,"name":"Machame","latitude":"-3.20611111","longitude":"37.22638889"},"makanya":{"id":149051,"name":"Makanya","latitude":"-4.36666667","longitude":"37.83333333"},"marangu":{"id":149052,"name":"Marangu","latitude":"-3.28333000","longitude":"37.51667000"},"masukulu":{"id":149053,"name":"Masukulu","latitude":"-9.40000000","longitude":"33.75000000"},"mbeya":{"id":149054,"name":"Mbeya","latitude":"-8.90000000","longitude":"33.45000000"},"mlowo":{"id":149055,"name":"Mlowo","latitude":"-9.00000000","longitude":"32.98333333"},"moshi":{"id":149056,"name":"Moshi","latitude":"-3.33488333","longitude":"37.34038056"},"mpuguso":{"id":149057,"name":"Mpuguso","latitude":"-9.31666667","longitude":"33.65000000"},"mwansanga":{"id":149058,"name":"Mwansanga","latitude":"-8.76666667","longitude":"33.53333333"},"mwaya":{"id":149059,"name":"Mwaya","latitude":"-9.55000000","longitude":"33.95000000"},"mwembe":{"id":149060,"name":"Mwembe","latitude":"-4.15000000","longitude":"37.85000000"},"same":{"id":149061,"name":"Same","latitude":"-4.06666667","longitude":"37.78333333"},"tukuyu":{"id":149062,"name":"Tukuyu","latitude":"-9.25833333","longitude":"33.64166667"},"tunduma":{"id":149063,"name":"Tunduma","latitude":"-9.30000000","longitude":"32.76670000"},"ugweno":{"id":149064,"name":"Ugweno","latitude":"-3.65000000","longitude":"37.65000000"},"ulanga":{"id":149065,"name":"Ulanga","latitude":"-8.34361000","longitude":"34.28970000"}}},"morogoro":{"id":1470,"name":"Morogoro","state_code":"16","latitude":"-8.81371730","longitude":"36.95410700","type":"region","cities":{"geiro":{"id":109070,"name":"Geiro","latitude":"-6.15000000","longitude":"36.86667000"},"ifakara":{"id":109073,"name":"Ifakara","latitude":"-8.13333000","longitude":"36.68333000"},"kidatu":{"id":109106,"name":"Kidatu","latitude":"-7.69916000","longitude":"36.95722000"},"kidodi":{"id":109107,"name":"Kidodi","latitude":"-7.60361000","longitude":"37.00438000"},"kilosa":{"id":109115,"name":"Kilosa","latitude":"-6.83333000","longitude":"36.98333000"},"kimamba":{"id":109116,"name":"Kimamba","latitude":"-6.78333000","longitude":"37.13333000"},"kisanga":{"id":109123,"name":"Kisanga","latitude":"-7.43622000","longitude":"37.70337000"},"lupiro":{"id":109149,"name":"Lupiro","latitude":"-8.38333000","longitude":"36.66667000"},"magole":{"id":109155,"name":"Magole","latitude":"-6.37697000","longitude":"37.37373000"},"mahenge":{"id":109160,"name":"Mahenge","latitude":"-8.68333000","longitude":"36.71667000"},"malinyi":{"id":109170,"name":"Malinyi","latitude":"-8.93333000","longitude":"36.13333000"},"mikumi":{"id":109197,"name":"Mikumi","latitude":"-7.40409000","longitude":"36.98309000"},"mlimba":{"id":109206,"name":"Mlimba","latitude":"-8.80000000","longitude":"35.81667000"},"morogoro":{"id":109208,"name":"Morogoro","latitude":"-6.82102000","longitude":"37.66122000"},"msowero":{"id":109213,"name":"Msowero","latitude":"-6.53333000","longitude":"37.20000000"},"mtimbira":{"id":109216,"name":"Mtimbira","latitude":"-8.78333000","longitude":"36.35000000"},"mvomerodistrict":{"id":109228,"name":"Mvomero District","latitude":"-6.30000000","longitude":"37.45000000"},"ngerengere":{"id":109252,"name":"Ngerengere","latitude":"-6.75000000","longitude":"38.11667000"}}},"mtwara":{"id":1476,"name":"Mtwara","state_code":"17","latitude":"-10.33984550","longitude":"40.16574660","type":"region","cities":{"chiungutwa":{"id":109062,"name":"Chiungutwa","latitude":"-10.88333000","longitude":"38.98333000"},"kitama":{"id":109129,"name":"Kitama","latitude":"-10.71667000","longitude":"39.73333000"},"kitangari":{"id":109130,"name":"Kitangari","latitude":"-10.65000000","longitude":"39.33333000"},"luchingu":{"id":109145,"name":"Luchingu","latitude":"-10.90000000","longitude":"39.33333000"},"lukuledi":{"id":109147,"name":"Lukuledi","latitude":"-10.56667000","longitude":"38.80000000"},"lulindi":{"id":109148,"name":"Lulindi","latitude":"-10.81667000","longitude":"39.13333000"},"madimba":{"id":109153,"name":"Madimba","latitude":"-10.40000000","longitude":"40.33333000"},"mahuta":{"id":109162,"name":"Mahuta","latitude":"-10.86667000","longitude":"39.45000000"},"masasi":{"id":109176,"name":"Masasi","latitude":"-10.71667000","longitude":"38.80000000"},"masuguru":{"id":109177,"name":"Masuguru","latitude":"-11.36667000","longitude":"38.41667000"},"mtwara":{"id":109220,"name":"Mtwara","latitude":"-10.26667000","longitude":"40.18333000"},"namalenga":{"id":109237,"name":"Namalenga","latitude":"-10.95000000","longitude":"39.10000000"},"namikupa":{"id":109240,"name":"Namikupa","latitude":"-10.83333000","longitude":"39.60000000"},"nanganga":{"id":109241,"name":"Nanganga","latitude":"-10.38333000","longitude":"39.15000000"},"nangomba":{"id":109242,"name":"Nangomba","latitude":"-10.90000000","longitude":"38.50000000"},"nanhyanga":{"id":109244,"name":"Nanhyanga","latitude":"-10.80000000","longitude":"39.55000000"},"nanyamba":{"id":109246,"name":"Nanyamba","latitude":"-10.68333000","longitude":"39.83333000"},"newalakisimani":{"id":109249,"name":"Newala Kisimani","latitude":"-10.95000000","longitude":"39.28333000"},"tandahimba":{"id":109288,"name":"Tandahimba","latitude":"-10.75000000","longitude":"39.63333000"}}},"mwanza":{"id":1479,"name":"Mwanza","state_code":"18","latitude":"-2.46711970","longitude":"32.89868120","type":"region","cities":{"ilemeladistrict":{"id":109079,"name":"Ilemela District","latitude":"-2.44783000","longitude":"33.03177000"},"kihangara":{"id":109110,"name":"Kihangara","latitude":"-2.58333000","longitude":"33.35000000"},"malya":{"id":109171,"name":"Malya","latitude":"-2.98333000","longitude":"33.51667000"},"misasi":{"id":109199,"name":"Misasi","latitude":"-3.00000000","longitude":"33.08333000"},"misungwi":{"id":109200,"name":"Misungwi","latitude":"-2.85000000","longitude":"33.08333000"},"mwanza":{"id":109232,"name":"Mwanza","latitude":"-2.51667000","longitude":"32.90000000"},"ngudu":{"id":109254,"name":"Ngudu","latitude":"-2.96667000","longitude":"33.33333000"},"nyanguge":{"id":109267,"name":"Nyanguge","latitude":"-2.55000000","longitude":"33.20000000"},"usagara":{"id":109294,"name":"Usagara","latitude":"-2.68333000","longitude":"33.00000000"}}},"njombe":{"id":1480,"name":"Njombe","state_code":"29","latitude":"-9.24226320","longitude":"35.12687810","type":"region","cities":{"ilembula":{"id":109078,"name":"Ilembula","latitude":"-8.90000000","longitude":"34.58333000"},"makumbako":{"id":109165,"name":"Makumbako","latitude":"-8.85000000","longitude":"34.83333000"},"manda":{"id":109172,"name":"Manda","latitude":"-10.46667000","longitude":"34.58333000"},"matamba":{"id":109181,"name":"Matamba","latitude":"-8.98333000","longitude":"33.96667000"},"mlangali":{"id":109205,"name":"Mlangali","latitude":"-9.78333000","longitude":"34.51667000"},"mtwango":{"id":109219,"name":"Mtwango","latitude":"-9.01667000","longitude":"34.80000000"},"njombe":{"id":109256,"name":"Njombe","latitude":"-9.34917000","longitude":"34.77167000"}}},"pembanorth":{"id":1488,"name":"Pemba North","state_code":"06","latitude":"-5.03193520","longitude":"39.77555710","type":"region","cities":{"konde":{"id":109134,"name":"Konde","latitude":"-4.95000000","longitude":"39.75000000"},"micheweni":{"id":109196,"name":"Micheweni","latitude":"-4.96667000","longitude":"39.83333000"},"wete":{"id":109303,"name":"Wete","latitude":"-5.05589000","longitude":"39.72938000"}}},"pembasouth":{"id":1472,"name":"Pemba South","state_code":"10","latitude":"-5.31469610","longitude":"39.75495110","type":"region","cities":{"chakechake":{"id":109057,"name":"Chake Chake","latitude":"-5.24586000","longitude":"39.76659000"},"mtambile":{"id":109215,"name":"Mtambile","latitude":"-5.38333000","longitude":"39.70000000"},"uwelini":{"id":109300,"name":"Uwelini","latitude":"-5.40000000","longitude":"39.68333000"}}},"pwani":{"id":1485,"name":"Pwani","state_code":"19","latitude":"-7.32377140","longitude":"38.82054540","type":"region","cities":{"bagamoyo":{"id":109044,"name":"Bagamoyo","latitude":"-6.44222000","longitude":"38.90422000"},"bungu":{"id":109054,"name":"Bungu","latitude":"-7.63369000","longitude":"39.05818000"},"chalinze":{"id":109059,"name":"Chalinze","latitude":"-6.63784000","longitude":"38.35396000"},"ikwiriri":{"id":109077,"name":"Ikwiriri","latitude":"-7.95618000","longitude":"38.97164000"},"kibaha":{"id":109100,"name":"Kibaha","latitude":"-6.76667000","longitude":"38.91667000"},"kibiti":{"id":109104,"name":"Kibiti","latitude":"-7.72178000","longitude":"38.93749000"},"kilindoni":{"id":109114,"name":"Kilindoni","latitude":"-7.91446000","longitude":"39.66204000"},"kisarawe":{"id":109124,"name":"Kisarawe","latitude":"-6.90000000","longitude":"39.06667000"},"lugoba":{"id":109146,"name":"Lugoba","latitude":"-6.45000000","longitude":"38.33333000"},"maneromango":{"id":109173,"name":"Maneromango","latitude":"-7.19880000","longitude":"38.78478000"},"mbumi":{"id":109191,"name":"Mbumi","latitude":"-7.90577000","longitude":"39.21047000"},"mkuranga":{"id":109202,"name":"Mkuranga","latitude":"-7.27000000","longitude":"39.20000000"},"mlandizi":{"id":109204,"name":"Mlandizi","latitude":"-6.70000000","longitude":"38.73333000"},"mvomero":{"id":109227,"name":"Mvomero","latitude":"-6.25000000","longitude":"38.66667000"},"utete":{"id":109298,"name":"Utete","latitude":"-7.98598000","longitude":"38.75795000"},"vikindu":{"id":109302,"name":"Vikindu","latitude":"-7.00667000","longitude":"39.29849000"}}},"rukwa":{"id":1477,"name":"Rukwa","state_code":"20","latitude":"-8.01094440","longitude":"31.44561790","type":"region","cities":{"chala":{"id":109058,"name":"Chala","latitude":"-7.58333000","longitude":"31.26667000"},"kirando":{"id":109120,"name":"Kirando","latitude":"-7.41667000","longitude":"30.60000000"},"laela":{"id":109139,"name":"Laela","latitude":"-8.56667000","longitude":"32.05000000"},"matai":{"id":109180,"name":"Matai","latitude":"-8.30000000","longitude":"31.51667000"},"namanyere":{"id":109239,"name":"Namanyere","latitude":"-7.51667000","longitude":"31.05000000"},"nkove":{"id":109258,"name":"Nkove","latitude":"-7.95000000","longitude":"30.85000000"},"sumbawanga":{"id":109286,"name":"Sumbawanga","latitude":"-7.96667000","longitude":"31.61667000"}}},"ruvuma":{"id":1486,"name":"Ruvuma","state_code":"21","latitude":"-10.68787170","longitude":"36.26308460","type":"region","cities":{"kigonsera":{"id":109109,"name":"Kigonsera","latitude":"-10.80000000","longitude":"35.05000000"},"liuli":{"id":109143,"name":"Liuli","latitude":"-11.08333000","longitude":"34.63333000"},"mahanje":{"id":109159,"name":"Mahanje","latitude":"-9.93333000","longitude":"35.33333000"},"maposeni":{"id":109174,"name":"Maposeni","latitude":"-10.58333000","longitude":"35.40000000"},"matiri":{"id":109182,"name":"Matiri","latitude":"-10.75000000","longitude":"34.90000000"},"mbambabay":{"id":109186,"name":"Mbamba Bay","latitude":"-11.28333000","longitude":"34.76667000"},"mbinga":{"id":109188,"name":"Mbinga","latitude":"-10.93333000","longitude":"35.01667000"},"songea":{"id":109283,"name":"Songea","latitude":"-10.68333000","longitude":"35.65000000"},"tingi":{"id":109291,"name":"Tingi","latitude":"-11.30000000","longitude":"35.03333000"}}},"shinyanga":{"id":1463,"name":"Shinyanga","state_code":"22","latitude":"-3.68099610","longitude":"33.42714030","type":"region","cities":{"isaka":{"id":109084,"name":"Isaka","latitude":"-3.90000000","longitude":"32.93333000"},"kahama":{"id":109089,"name":"Kahama","latitude":"-3.83333000","longitude":"32.60000000"},"kishapu":{"id":109127,"name":"Kishapu","latitude":"-3.61667000","longitude":"33.86667000"},"mhango":{"id":109195,"name":"Mhango","latitude":"-3.28333000","longitude":"32.85000000"},"mwadui":{"id":109229,"name":"Mwadui","latitude":"-3.55000000","longitude":"33.60000000"},"oldshinyanga":{"id":109268,"name":"Old Shinyanga","latitude":"-3.55000000","longitude":"33.40000000"},"shinyanga":{"id":109277,"name":"Shinyanga","latitude":"-3.66393000","longitude":"33.42118000"},"songwa":{"id":109284,"name":"Songwa","latitude":"-3.51667000","longitude":"33.51667000"},"tinde":{"id":109290,"name":"Tinde","latitude":"-3.88333000","longitude":"33.20000000"}}},"simiyu":{"id":1464,"name":"Simiyu","state_code":"30","latitude":"-2.83087380","longitude":"34.15319470","type":"region","cities":{"bariadi":{"id":109045,"name":"Bariadi","latitude":"-2.80000000","longitude":"33.98333000"},"kisesa":{"id":109126,"name":"Kisesa","latitude":"-3.08333000","longitude":"34.15000000"},"lalago":{"id":109140,"name":"Lalago","latitude":"-3.45000000","longitude":"33.95000000"},"malampaka":{"id":109168,"name":"Malampaka","latitude":"-3.13333000","longitude":"33.53333000"},"maswa":{"id":109179,"name":"Maswa","latitude":"-2.68333000","longitude":"33.98333000"},"matonga":{"id":109183,"name":"Matonga","latitude":"-2.38333000","longitude":"34.08333000"},"nyakabindi":{"id":109262,"name":"Nyakabindi","latitude":"-2.63333000","longitude":"33.98333000"},"nyalikungu":{"id":109264,"name":"Nyalikungu","latitude":"-3.18333000","longitude":"33.78333000"},"somanda":{"id":109282,"name":"Somanda","latitude":"-3.36667000","longitude":"33.95000000"}}},"singida":{"id":1474,"name":"Singida","state_code":"23","latitude":"-6.74533520","longitude":"34.15319470","type":"region","cities":{"igugunu":{"id":109074,"name":"Igugunu","latitude":"-4.56667000","longitude":"34.63333000"},"ikungi":{"id":109076,"name":"Ikungi","latitude":"-5.13333000","longitude":"34.76667000"},"ilongero":{"id":109080,"name":"Ilongero","latitude":"-4.66667000","longitude":"34.86667000"},"itigi":{"id":109086,"name":"Itigi","latitude":"-5.70000000","longitude":"34.48333000"},"kilimatinde":{"id":109113,"name":"Kilimatinde","latitude":"-5.85000000","longitude":"34.95000000"},"kintinku":{"id":109118,"name":"Kintinku","latitude":"-5.88333000","longitude":"35.23333000"},"kiomboi":{"id":109119,"name":"Kiomboi","latitude":"-4.26667000","longitude":"34.36667000"},"mgandu":{"id":109194,"name":"Mgandu","latitude":"-5.95000000","longitude":"34.13333000"},"mtinko":{"id":109217,"name":"Mtinko","latitude":"-4.55000000","longitude":"34.85000000"},"mungaa":{"id":109224,"name":"Mungaa","latitude":"-4.96667000","longitude":"34.88333000"},"ndago":{"id":109247,"name":"Ndago","latitude":"-4.60000000","longitude":"34.35000000"},"puma":{"id":109271,"name":"Puma","latitude":"-5.00000000","longitude":"34.73333000"},"sepuka":{"id":109275,"name":"Sepuka","latitude":"-4.75000000","longitude":"34.53333000"},"shelui":{"id":109276,"name":"Shelui","latitude":"-4.36667000","longitude":"34.20000000"},"singida":{"id":109279,"name":"Singida","latitude":"-4.81629000","longitude":"34.74358000"}}},"songwe":{"id":4956,"name":"Songwe","state_code":"31","latitude":"-8.27261200","longitude":"31.71131740","type":"region","cities":{"ileje":{"id":154662,"name":"Ileje","latitude":"-9.60000000","longitude":"33.48330000"},"mbozi":{"id":154661,"name":"Mbozi","latitude":"-9.08330000","longitude":"33.45000000"},"mkwajuni":{"id":154660,"name":"Mkwajuni","latitude":"-8.42380000","longitude":"33.02900000"},"mlowo":{"id":154659,"name":"Mlowo","latitude":"-9.00000000","longitude":"32.96670000"},"tunduma":{"id":154658,"name":"Tunduma","latitude":"-9.28810000","longitude":"32.77460000"},"vwawa":{"id":154657,"name":"Vwawa","latitude":"-9.11960000","longitude":"32.93120000"}}},"tabora":{"id":1469,"name":"Tabora","state_code":"24","latitude":"-5.03421380","longitude":"32.80844960","type":"region","cities":{"bukene":{"id":109051,"name":"Bukene","latitude":"-4.23333000","longitude":"32.88333000"},"igurubi":{"id":109075,"name":"Igurubi","latitude":"-4.00000000","longitude":"33.70000000"},"kaliua":{"id":109091,"name":"Kaliua","latitude":"-5.06056000","longitude":"31.79361000"},"mabama":{"id":109151,"name":"Mabama","latitude":"-5.13333000","longitude":"32.53333000"},"sikonge":{"id":109278,"name":"Sikonge","latitude":"-5.63333000","longitude":"32.76667000"},"tabora":{"id":109287,"name":"Tabora","latitude":"-5.01622000","longitude":"32.82663000"},"tumbi":{"id":109292,"name":"Tumbi","latitude":"-5.06667000","longitude":"32.73333000"},"usoke":{"id":109297,"name":"Usoke","latitude":"-5.16667000","longitude":"32.35000000"}}},"tanga":{"id":1487,"name":"Tanga","state_code":"25","latitude":"-5.30497890","longitude":"38.31657250","type":"region","cities":{"chanika":{"id":109060,"name":"Chanika","latitude":"-5.41667000","longitude":"38.01667000"},"lushoto":{"id":109150,"name":"Lushoto","latitude":"-4.78333000","longitude":"38.28333000"},"magomeni":{"id":109156,"name":"Magomeni","latitude":"-5.23333000","longitude":"38.11667000"},"majengo":{"id":109163,"name":"Majengo","latitude":"-5.15000000","longitude":"38.98333000"},"makuyuni":{"id":109167,"name":"Makuyuni","latitude":"-4.73333000","longitude":"38.10000000"},"maramba":{"id":109175,"name":"Maramba","latitude":"-5.05000000","longitude":"38.61667000"},"matui":{"id":109184,"name":"Matui","latitude":"-4.80000000","longitude":"38.25000000"},"mazinde":{"id":109185,"name":"Mazinde","latitude":"-4.80000000","longitude":"38.21667000"},"mlalo":{"id":109203,"name":"Mlalo","latitude":"-4.93333000","longitude":"38.93333000"},"muheza":{"id":109223,"name":"Muheza","latitude":"-5.16667000","longitude":"38.78333000"},"mwanga":{"id":109231,"name":"Mwanga","latitude":"-4.80000000","longitude":"38.20000000"},"pangani":{"id":109269,"name":"Pangani","latitude":"-5.42526000","longitude":"38.97473000"},"soni":{"id":109285,"name":"Soni","latitude":"-4.85000000","longitude":"38.36667000"},"tanga":{"id":109289,"name":"Tanga","latitude":"-5.06893000","longitude":"39.09875000"}}},"zanzibarnorth":{"id":1473,"name":"Zanzibar North","state_code":"07","latitude":"-5.93950930","longitude":"39.27910110","type":"region","cities":{"gamba":{"id":109069,"name":"Gamba","latitude":"-5.90000000","longitude":"39.30000000"},"kijini":{"id":109112,"name":"Kijini","latitude":"-5.85000000","longitude":"39.31667000"},"kiwengwa":{"id":109131,"name":"Kiwengwa","latitude":"-5.98957000","longitude":"39.37680000"},"mkokotoni":{"id":109201,"name":"Mkokotoni","latitude":"-5.87506000","longitude":"39.25523000"},"nungwi":{"id":109261,"name":"Nungwi","latitude":"-5.72651000","longitude":"39.29870000"}}},"zanzibarsouth":{"id":1471,"name":"Zanzibar South","state_code":"11","latitude":"-6.26428510","longitude":"39.44502810","type":"region","cities":{"koani":{"id":109132,"name":"Koani","latitude":"-6.13333000","longitude":"39.28333000"},"koanindogo":{"id":109133,"name":"Koani Ndogo","latitude":"-6.13333000","longitude":"39.28333000"},"mahonda":{"id":109161,"name":"Mahonda","latitude":"-6.45000000","longitude":"39.46667000"},"nganane":{"id":109250,"name":"Nganane","latitude":"-6.40000000","longitude":"39.55000000"},"sokoni":{"id":109281,"name":"Sokoni","latitude":"-6.43333000","longitude":"39.55000000"}}},"zanzibarwest":{"id":1475,"name":"Zanzibar West","state_code":"15","latitude":"-6.22981360","longitude":"39.25832930","type":"region","cities":{"zanzibar":{"id":109304,"name":"Zanzibar","latitude":"-6.16394000","longitude":"39.19793000"}}}}}