{"id":92,"name":"Guinea","iso3":"GIN","iso2":"GN","numeric_code":"324","phonecode":"224","capital":"Conakry","currency":"GNF","currency_name":"Guinean franc","currency_symbol":"FG","tld":".gn","native":"Guin\u00e9e","region":"Africa","region_id":1,"subregion":"Western Africa","subregion_id":3,"nationality":"Guinean","timezones":[{"zoneName":"Africa/Conakry","gmtOffset":0,"gmtOffsetName":"UTC\u00b100","abbreviation":"GMT","tzName":"Greenwich Mean Time"}],"translations":{"ko":"\uae30\ub2c8","pt-BR":"Guin\u00e9","pt":"Guin\u00e9","nl":"Guinee","hr":"Gvineja","fa":"\u06af\u06cc\u0646\u0647","de":"Guinea","es":"Guinea","fr":"Guin\u00e9e","ja":"\u30ae\u30cb\u30a2","it":"Guinea","zh-CN":"\u51e0\u5185\u4e9a","tr":"Gine","ru":"\u0413\u0432\u0438\u043d\u0435\u044f","uk":"\u0413\u0432\u0456\u043d\u0435\u044f","pl":"Gwinea"},"latitude":"11.00000000","longitude":"-10.00000000","emoji":"\ud83c\uddec\ud83c\uddf3","emojiU":"U+1F1EC U+1F1F3","states":{"beyla":{"id":2672,"name":"Beyla","state_code":"BE","latitude":"8.91981780","longitude":"-8.30884410","type":"prefecture"},"boffa":{"id":2699,"name":"Boffa","state_code":"BF","latitude":"10.18082540","longitude":"-14.03916150","type":"prefecture"},"bok\u00e9":{"id":2709,"name":"Bok\u00e9","state_code":"BK","latitude":"11.08473790","longitude":"-14.37919120","type":"prefecture"},"conakry":{"id":2686,"name":"Conakry","state_code":"C","latitude":"9.64118550","longitude":"-13.57840120","type":"governorate","cities":{"camayenne":{"id":52326,"name":"Camayenne","latitude":"9.53500000","longitude":"-13.68778000"},"conakry":{"id":52327,"name":"Conakry","latitude":"9.53795000","longitude":"-13.67729000"}}},"coyah":{"id":2705,"name":"Coyah","state_code":"CO","latitude":"9.77155350","longitude":"-13.31252990","type":"prefecture"},"dabola":{"id":2679,"name":"Dabola","state_code":"DB","latitude":"10.72978060","longitude":"-11.11078540","type":"prefecture"},"dalaba":{"id":2706,"name":"Dalaba","state_code":"DL","latitude":"10.68681760","longitude":"-12.24906970","type":"prefecture"},"dinguiraye":{"id":2688,"name":"Dinguiraye","state_code":"DI","latitude":"11.68442220","longitude":"-10.80000510","type":"prefecture"},"dubr\u00e9ka":{"id":2681,"name":"Dubr\u00e9ka","state_code":"DU","latitude":"9.79073480","longitude":"-13.51477350","type":"prefecture"},"faranah":{"id":2682,"name":"Faranah","state_code":"FA","latitude":"9.90573990","longitude":"-10.80000510","type":"prefecture"},"for\u00e9cariah":{"id":2683,"name":"For\u00e9cariah","state_code":"FO","latitude":"9.38861870","longitude":"-13.08179030","type":"prefecture"},"fria":{"id":2675,"name":"Fria","state_code":"FR","latitude":"10.36745430","longitude":"-13.58418710","type":"prefecture"},"gaoual":{"id":2685,"name":"Gaoual","state_code":"GA","latitude":"11.57628040","longitude":"-13.35872880","type":"prefecture"},"gu\u00e9ck\u00e9dou":{"id":2711,"name":"Gu\u00e9ck\u00e9dou","state_code":"GU","latitude":"8.56496880","longitude":"-10.13111630","type":"prefecture"},"kankan":{"id":2697,"name":"Kankan","state_code":"K","latitude":"10.12092300","longitude":"-9.54509740","type":"administrative region","cities":{"kankan":{"id":52336,"name":"Kankan","latitude":"10.38542000","longitude":"-9.30568000"},"kankanprefecture":{"id":52337,"name":"Kankan Prefecture","latitude":"10.27100000","longitude":"-9.17800000"},"k\u00e9rouan\u00e9":{"id":52345,"name":"K\u00e9rouan\u00e9","latitude":"9.26667000","longitude":"-9.01667000"},"kerouaneprefecture":{"id":52338,"name":"Kerouane Prefecture","latitude":"9.16667000","longitude":"-9.08333000"},"kouroussa":{"id":52344,"name":"Kouroussa","latitude":"10.66667000","longitude":"-9.91667000"},"mandiana":{"id":52356,"name":"Mandiana","latitude":"10.62577000","longitude":"-8.69413000"},"mandianaprefecture":{"id":52357,"name":"Mandiana Prefecture","latitude":"10.65800000","longitude":"-8.61500000"},"siguiri":{"id":52365,"name":"Siguiri","latitude":"11.42282000","longitude":"-9.16852000"},"siguiriprefecture":{"id":52366,"name":"Siguiri Prefecture","latitude":"11.66667000","longitude":"-9.50000000"},"tokonou":{"id":52368,"name":"Tokonou","latitude":"9.65000000","longitude":"-9.78333000"}}},"k\u00e9rouan\u00e9":{"id":2710,"name":"K\u00e9rouan\u00e9","state_code":"KE","latitude":"9.25366430","longitude":"-9.01289260","type":"prefecture"},"kindia":{"id":2693,"name":"Kindia","state_code":"KD","latitude":"10.10132920","longitude":"-12.71351210","type":"prefecture"},"kissidougou":{"id":2691,"name":"Kissidougou","state_code":"KS","latitude":"9.22520220","longitude":"-10.08072980","type":"prefecture"},"koubia":{"id":2692,"name":"Koubia","state_code":"KB","latitude":"11.58235400","longitude":"-11.89202370","type":"prefecture"},"koundara":{"id":2703,"name":"Koundara","state_code":"KN","latitude":"12.48940210","longitude":"-13.30675620","type":"prefecture"},"kouroussa":{"id":2695,"name":"Kouroussa","state_code":"KO","latitude":"10.64892290","longitude":"-9.88505860","type":"prefecture"},"lab\u00e9":{"id":2677,"name":"Lab\u00e9","state_code":"L","latitude":"11.32320420","longitude":"-12.28913140","type":"administrative region","cities":{"koubia":{"id":52341,"name":"Koubia","latitude":"11.58333000","longitude":"-11.83333000"},"lab\u00e9":{"id":52347,"name":"Lab\u00e9","latitude":"11.31823000","longitude":"-12.28332000"},"labeprefecture":{"id":52346,"name":"Labe Prefecture","latitude":"11.36600000","longitude":"-12.30000000"},"l\u00e9louma":{"id":52350,"name":"L\u00e9louma","latitude":"11.42383000","longitude":"-12.68183000"},"leloumaprefecture":{"id":52348,"name":"Lelouma Prefecture","latitude":"11.41667000","longitude":"-12.66667000"},"mali":{"id":52352,"name":"Mali","latitude":"12.07900000","longitude":"-12.29820000"},"maliprefecture":{"id":52353,"name":"Mali Prefecture","latitude":"12.08333000","longitude":"-12.08333000"},"tougu\u00e9":{"id":52371,"name":"Tougu\u00e9","latitude":"11.44503000","longitude":"-11.66422000"},"tougueprefecture":{"id":52370,"name":"Tougue Prefecture","latitude":"11.46667000","longitude":"-11.60000000"}}},"l\u00e9louma":{"id":2690,"name":"L\u00e9louma","state_code":"LE","latitude":"11.18333300","longitude":"-12.93333300","type":"prefecture"},"lola":{"id":2708,"name":"Lola","state_code":"LO","latitude":"7.96138180","longitude":"-8.39649380","type":"prefecture"},"macenta":{"id":2702,"name":"Macenta","state_code":"MC","latitude":"8.46157950","longitude":"-9.27855830","type":"prefecture"},"mali":{"id":2700,"name":"Mali","state_code":"ML","latitude":"11.98370900","longitude":"-12.25479190","type":"prefecture"},"mamou":{"id":2689,"name":"Mamou","state_code":"MM","latitude":"10.57360240","longitude":"-11.88917210","type":"prefecture"},"mandiana":{"id":2673,"name":"Mandiana","state_code":"MD","latitude":"10.61728270","longitude":"-8.69857160","type":"prefecture"},"nz\u00e9r\u00e9kor\u00e9":{"id":2678,"name":"Nz\u00e9r\u00e9kor\u00e9","state_code":"NZ","latitude":"7.74783590","longitude":"-8.82525020","type":"prefecture"},"pita":{"id":2694,"name":"Pita","state_code":"PI","latitude":"10.80620860","longitude":"-12.71351210","type":"prefecture"},"siguiri":{"id":2707,"name":"Siguiri","state_code":"SI","latitude":"11.41481130","longitude":"-9.17883040","type":"prefecture"},"t\u00e9lim\u00e9l\u00e9":{"id":2687,"name":"T\u00e9lim\u00e9l\u00e9","state_code":"TE","latitude":"10.90893640","longitude":"-13.02993310","type":"prefecture"},"tougu\u00e9":{"id":2696,"name":"Tougu\u00e9","state_code":"TO","latitude":"11.38415830","longitude":"-11.61577730","type":"prefecture"},"yomou":{"id":2674,"name":"Yomou","state_code":"YO","latitude":"7.56962790","longitude":"-9.25915710","type":"prefecture"}}}