{"id":92,"name":"Guinea","iso3":"GIN","iso2":"GN","numeric_code":"324","phone_code":"224","capital":"Conakry","currency":"GNF","currency_name":"Guinean franc","currency_symbol":"FG","tld":".gn","native":"Guin\u00e9e","region":"Africa","region_id":"1","subregion":"Western Africa","subregion_id":"3","nationality":"Guinean","timezones":[{"zoneName":"Africa/Conakry","gmtOffset":0,"gmtOffsetName":"UTC\u00b100","abbreviation":"GMT","tzName":"Greenwich Mean Time"}],"translations":{"kr":"\uae30\ub2c8","pt-BR":"Guin\u00e9","pt":"Guin\u00e9","nl":"Guinee","hr":"Gvineja","fa":"\u06af\u06cc\u0646\u0647","de":"Guinea","es":"Guinea","fr":"Guin\u00e9e","ja":"\u30ae\u30cb\u30a2","it":"Guinea","cn":"\u51e0\u5185\u4e9a","tr":"Gine","ru":"\u0413\u0432\u0438\u043d\u0435\u044f","uk":"\u0413\u0432\u0456\u043d\u0435\u044f","pl":"Gwinea"},"latitude":"11.00000000","longitude":"-10.00000000","emoji":"\ud83c\uddec\ud83c\uddf3","emojiU":"U+1F1EC U+1F1F3","states":{"beylaprefecture":{"id":2672,"name":"Beyla Prefecture","state_code":"BE","latitude":"8.91981780","longitude":"-8.30884410","type":null},"boffaprefecture":{"id":2699,"name":"Boffa Prefecture","state_code":"BF","latitude":"10.18082540","longitude":"-14.03916150","type":null},"bok\u00e9prefecture":{"id":2709,"name":"Bok\u00e9 Prefecture","state_code":"BK","latitude":"11.08473790","longitude":"-14.37919120","type":null},"bok\u00e9region":{"id":2676,"name":"Bok\u00e9 Region","state_code":"B","latitude":"11.18646720","longitude":"-14.10013260","type":null,"cities":{"boffa":{"id":52323,"name":"Boffa","latitude":"10.33333000","longitude":"-14.16667000"},"bok\u00e9":{"id":52325,"name":"Bok\u00e9","latitude":"10.93217000","longitude":"-14.29055000"},"bokeprefecture":{"id":52324,"name":"Boke Prefecture","latitude":"11.08333000","longitude":"-14.41667000"},"fria":{"id":52332,"name":"Fria","latitude":"10.41667000","longitude":"-13.58333000"},"gaoual":{"id":52333,"name":"Gaoual","latitude":"11.75000000","longitude":"-13.20000000"},"gaoualprefecture":{"id":52334,"name":"Gaoual Prefecture","latitude":"11.75000000","longitude":"-13.20000000"},"kimbo":{"id":52339,"name":"Kimbo","latitude":"10.40000000","longitude":"-13.55000000"},"koundara":{"id":52342,"name":"Koundara","latitude":"12.48333000","longitude":"-13.30000000"},"koundaraprefecture":{"id":52343,"name":"Koundara Prefecture","latitude":"12.41667000","longitude":"-13.16667000"},"sangu\u00e9ya":{"id":52364,"name":"Sangu\u00e9ya","latitude":"10.70000000","longitude":"-14.36667000"},"youkounkoun":{"id":52374,"name":"Youkounkoun","latitude":"12.53110000","longitude":"-13.12240000"}}},"conakry":{"id":2686,"name":"Conakry","state_code":"C","latitude":"9.64118550","longitude":"-13.57840120","type":null,"cities":{"camayenne":{"id":52326,"name":"Camayenne","latitude":"9.53500000","longitude":"-13.68778000"},"conakry":{"id":52327,"name":"Conakry","latitude":"9.53795000","longitude":"-13.67729000"}}},"coyahprefecture":{"id":2705,"name":"Coyah Prefecture","state_code":"CO","latitude":"9.77155350","longitude":"-13.31252990","type":null},"dabolaprefecture":{"id":2679,"name":"Dabola Prefecture","state_code":"DB","latitude":"10.72978060","longitude":"-11.11078540","type":null},"dalabaprefecture":{"id":2706,"name":"Dalaba Prefecture","state_code":"DL","latitude":"10.68681760","longitude":"-12.24906970","type":null},"dinguirayeprefecture":{"id":2688,"name":"Dinguiraye Prefecture","state_code":"DI","latitude":"11.68442220","longitude":"-10.80000510","type":null},"dubr\u00e9kaprefecture":{"id":2681,"name":"Dubr\u00e9ka Prefecture","state_code":"DU","latitude":"9.79073480","longitude":"-13.51477350","type":null},"faranahprefecture":{"id":2682,"name":"Faranah Prefecture","state_code":"FA","latitude":"9.90573990","longitude":"-10.80000510","type":null},"for\u00e9cariahprefecture":{"id":2683,"name":"For\u00e9cariah Prefecture","state_code":"FO","latitude":"9.38861870","longitude":"-13.08179030","type":null},"friaprefecture":{"id":2675,"name":"Fria Prefecture","state_code":"FR","latitude":"10.36745430","longitude":"-13.58418710","type":null},"gaoualprefecture":{"id":2685,"name":"Gaoual Prefecture","state_code":"GA","latitude":"11.57628040","longitude":"-13.35872880","type":null},"gu\u00e9ck\u00e9douprefecture":{"id":2711,"name":"Gu\u00e9ck\u00e9dou Prefecture","state_code":"GU","latitude":"8.56496880","longitude":"-10.13111630","type":null},"kankanprefecture":{"id":2704,"name":"Kankan Prefecture","state_code":"KA","latitude":"10.30344650","longitude":"-9.36730840","type":null},"kankanregion":{"id":2697,"name":"Kankan Region","state_code":"K","latitude":"10.12092300","longitude":"-9.54509740","type":null,"cities":{"kankan":{"id":52336,"name":"Kankan","latitude":"10.38542000","longitude":"-9.30568000"},"kankanprefecture":{"id":52337,"name":"Kankan Prefecture","latitude":"10.27100000","longitude":"-9.17800000"},"k\u00e9rouan\u00e9":{"id":52345,"name":"K\u00e9rouan\u00e9","latitude":"9.26667000","longitude":"-9.01667000"},"kerouaneprefecture":{"id":52338,"name":"Kerouane Prefecture","latitude":"9.16667000","longitude":"-9.08333000"},"kouroussa":{"id":52344,"name":"Kouroussa","latitude":"10.66667000","longitude":"-9.91667000"},"mandiana":{"id":52356,"name":"Mandiana","latitude":"10.62577000","longitude":"-8.69413000"},"mandianaprefecture":{"id":52357,"name":"Mandiana Prefecture","latitude":"10.65800000","longitude":"-8.61500000"},"siguiri":{"id":52365,"name":"Siguiri","latitude":"11.42282000","longitude":"-9.16852000"},"siguiriprefecture":{"id":52366,"name":"Siguiri Prefecture","latitude":"11.66667000","longitude":"-9.50000000"},"tokonou":{"id":52368,"name":"Tokonou","latitude":"9.65000000","longitude":"-9.78333000"}}},"k\u00e9rouan\u00e9prefecture":{"id":2710,"name":"K\u00e9rouan\u00e9 Prefecture","state_code":"KE","latitude":"9.25366430","longitude":"-9.01289260","type":null},"kindiaprefecture":{"id":2693,"name":"Kindia Prefecture","state_code":"KD","latitude":"10.10132920","longitude":"-12.71351210","type":null},"kindiaregion":{"id":2701,"name":"Kindia Region","state_code":"D","latitude":"10.17816940","longitude":"-12.98961500","type":null,"cities":{"coyah":{"id":52328,"name":"Coyah","latitude":"9.75000000","longitude":"-13.41667000"},"dubr\u00e9ka":{"id":52330,"name":"Dubr\u00e9ka","latitude":"9.79111000","longitude":"-13.52333000"},"for\u00e9cariah":{"id":52331,"name":"For\u00e9cariah","latitude":"9.43056000","longitude":"-13.08806000"},"kindia":{"id":52340,"name":"Kindia","latitude":"10.08333000","longitude":"-12.80000000"},"pr\u00e9fecturededubr\u00e9ka":{"id":52361,"name":"Pr\u00e9fecture de Dubr\u00e9ka","latitude":"10.25000000","longitude":"-13.41667000"},"pr\u00e9fecturedefor\u00e9cariah":{"id":52362,"name":"Pr\u00e9fecture de For\u00e9cariah","latitude":"9.43333000","longitude":"-13.10000000"},"t\u00e9lim\u00e9l\u00e9":{"id":52372,"name":"T\u00e9lim\u00e9l\u00e9","latitude":"10.90000000","longitude":"-13.03333000"},"telimeleprefecture":{"id":52367,"name":"Telimele Prefecture","latitude":"10.91667000","longitude":"-13.33333000"},"tondon":{"id":52369,"name":"Tondon","latitude":"10.36667000","longitude":"-13.35000000"}}},"kissidougouprefecture":{"id":2691,"name":"Kissidougou Prefecture","state_code":"KS","latitude":"9.22520220","longitude":"-10.08072980","type":null},"koubiaprefecture":{"id":2692,"name":"Koubia Prefecture","state_code":"KB","latitude":"11.58235400","longitude":"-11.89202370","type":null},"koundaraprefecture":{"id":2703,"name":"Koundara Prefecture","state_code":"KN","latitude":"12.48940210","longitude":"-13.30675620","type":null},"kouroussaprefecture":{"id":2695,"name":"Kouroussa Prefecture","state_code":"KO","latitude":"10.64892290","longitude":"-9.88505860","type":null},"lab\u00e9prefecture":{"id":2680,"name":"Lab\u00e9 Prefecture","state_code":"LA","latitude":"11.35419390","longitude":"-12.34638750","type":null},"lab\u00e9region":{"id":2677,"name":"Lab\u00e9 Region","state_code":"L","latitude":"11.32320420","longitude":"-12.28913140","type":null,"cities":{"koubia":{"id":52341,"name":"Koubia","latitude":"11.58333000","longitude":"-11.83333000"},"lab\u00e9":{"id":52347,"name":"Lab\u00e9","latitude":"11.31823000","longitude":"-12.28332000"},"labeprefecture":{"id":52346,"name":"Labe Prefecture","latitude":"11.36600000","longitude":"-12.30000000"},"l\u00e9louma":{"id":52350,"name":"L\u00e9louma","latitude":"11.42383000","longitude":"-12.68183000"},"leloumaprefecture":{"id":52348,"name":"Lelouma Prefecture","latitude":"11.41667000","longitude":"-12.66667000"},"mali":{"id":52352,"name":"Mali","latitude":"12.07900000","longitude":"-12.29820000"},"maliprefecture":{"id":52353,"name":"Mali Prefecture","latitude":"12.08333000","longitude":"-12.08333000"},"tougu\u00e9":{"id":52371,"name":"Tougu\u00e9","latitude":"11.44503000","longitude":"-11.66422000"},"tougueprefecture":{"id":52370,"name":"Tougue Prefecture","latitude":"11.46667000","longitude":"-11.60000000"}}},"l\u00e9loumaprefecture":{"id":2690,"name":"L\u00e9louma Prefecture","state_code":"LE","latitude":"11.18333300","longitude":"-12.93333300","type":null},"lolaprefecture":{"id":2708,"name":"Lola Prefecture","state_code":"LO","latitude":"7.96138180","longitude":"-8.39649380","type":null},"macentaprefecture":{"id":2702,"name":"Macenta Prefecture","state_code":"MC","latitude":"8.46157950","longitude":"-9.27855830","type":null},"maliprefecture":{"id":2700,"name":"Mali Prefecture","state_code":"ML","latitude":"11.98370900","longitude":"-12.25479190","type":null},"mamouprefecture":{"id":2689,"name":"Mamou Prefecture","state_code":"MM","latitude":"10.57360240","longitude":"-11.88917210","type":null},"mamouregion":{"id":2698,"name":"Mamou Region","state_code":"M","latitude":"10.57360240","longitude":"-11.88917210","type":null,"cities":{"dalaba":{"id":52329,"name":"Dalaba","latitude":"10.75000000","longitude":"-12.30000000"},"mamou":{"id":52354,"name":"Mamou","latitude":"10.37546000","longitude":"-12.09148000"},"mamouprefecture":{"id":52355,"name":"Mamou Prefecture","latitude":"10.45900000","longitude":"-11.81500000"},"pita":{"id":52360,"name":"Pita","latitude":"10.83333000","longitude":"-12.58333000"}}},"mandianaprefecture":{"id":2673,"name":"Mandiana Prefecture","state_code":"MD","latitude":"10.61728270","longitude":"-8.69857160","type":null},"nz\u00e9r\u00e9kor\u00e9prefecture":{"id":2678,"name":"Nz\u00e9r\u00e9kor\u00e9 Prefecture","state_code":"NZ","latitude":"7.74783590","longitude":"-8.82525020","type":null},"nz\u00e9r\u00e9kor\u00e9region":{"id":2684,"name":"Nz\u00e9r\u00e9kor\u00e9 Region","state_code":"N","latitude":"8.03858700","longitude":"-8.83627550","type":null,"cities":{"beyla":{"id":52321,"name":"Beyla","latitude":"8.69011000","longitude":"-8.64869000"},"beylaprefecture":{"id":52322,"name":"Beyla Prefecture","latitude":"8.91667000","longitude":"-8.41667000"},"gueckedou":{"id":52335,"name":"Gueckedou","latitude":"8.56744000","longitude":"-10.13360000"},"lola":{"id":52349,"name":"Lola","latitude":"7.83333000","longitude":"-8.33333000"},"macenta":{"id":52351,"name":"Macenta","latitude":"8.50000000","longitude":"-9.41667000"},"nz\u00e9r\u00e9kor\u00e9":{"id":52359,"name":"Nz\u00e9r\u00e9kor\u00e9","latitude":"7.75624000","longitude":"-8.81790000"},"nzerekoreprefecture":{"id":52358,"name":"Nzerekore Prefecture","latitude":"7.94500000","longitude":"-8.78300000"},"pr\u00e9fecturedegu\u00e9k\u00e9dou":{"id":52363,"name":"Pr\u00e9fecture de Gu\u00e9k\u00e9dou","latitude":"8.66667000","longitude":"-10.25000000"},"yomou":{"id":52373,"name":"Yomou","latitude":"7.50000000","longitude":"-9.16667000"}}},"pitaprefecture":{"id":2694,"name":"Pita Prefecture","state_code":"PI","latitude":"10.80620860","longitude":"-12.71351210","type":null},"siguiriprefecture":{"id":2707,"name":"Siguiri Prefecture","state_code":"SI","latitude":"11.41481130","longitude":"-9.17883040","type":null},"t\u00e9lim\u00e9l\u00e9prefecture":{"id":2687,"name":"T\u00e9lim\u00e9l\u00e9 Prefecture","state_code":"TE","latitude":"10.90893640","longitude":"-13.02993310","type":null},"tougu\u00e9prefecture":{"id":2696,"name":"Tougu\u00e9 Prefecture","state_code":"TO","latitude":"11.38415830","longitude":"-11.61577730","type":null},"yomouprefecture":{"id":2674,"name":"Yomou Prefecture","state_code":"YO","latitude":"7.56962790","longitude":"-9.25915710","type":null}}}