{"id":149,"name":"Morocco","iso3":"MAR","iso2":"MA","numeric_code":"504","phone_code":"212","capital":"Rabat","currency":"MAD","currency_name":"Moroccan dirham","currency_symbol":"DH","tld":".ma","native":"\u0627\u0644\u0645\u063a\u0631\u0628","region":"Africa","region_id":1,"subregion":"Northern Africa","subregion_id":1,"nationality":"Moroccan","timezones":[{"zoneName":"Africa/Casablanca","gmtOffset":3600,"gmtOffsetName":"UTC+01:00","abbreviation":"WEST","tzName":"Western European Summer Time"}],"translations":{"ko":"\ubaa8\ub85c\ucf54","pt-BR":"Marrocos","pt":"Marrocos","nl":"Marokko","hr":"Maroko","fa":"\u0645\u0631\u0627\u06a9\u0634","de":"Marokko","es":"Marruecos","fr":"Maroc","ja":"\u30e2\u30ed\u30c3\u30b3","it":"Marocco","zh-CN":"\u6469\u6d1b\u54e5","tr":"Fas","ru":"\u041c\u0430\u0440\u043e\u043a\u043a\u043e","uk":"\u041c\u0430\u0440\u043e\u043a\u043a\u043e","pl":"Maroko"},"latitude":"32.00000000","longitude":"-5.00000000","emoji":"\ud83c\uddf2\ud83c\udde6","emojiU":"U+1F1F2 U+1F1E6","states":{"agadir-ida-ou-tanane":{"id":4928,"name":"Agadir-Ida-Ou-Tanane","state_code":"AGD","latitude":"30.64620910","longitude":"-9.83390610","type":"prefecture"},"alhaouz":{"id":3320,"name":"Al Haouz","state_code":"HAO","latitude":"31.29567290","longitude":"-7.87216000","type":"province"},"alhoce\u00efma":{"id":3267,"name":"Al Hoce\u00efma","state_code":"HOC","latitude":"35.24455890","longitude":"-3.93174680","type":"province"},"aousserd(eh)":{"id":3266,"name":"Aousserd (EH)","state_code":"AOU","latitude":"22.55215380","longitude":"-14.32973530","type":"province"},"assa-zag(eh-partial)":{"id":3297,"name":"Assa-Zag (EH-partial)","state_code":"ASZ","latitude":"28.14023950","longitude":"-9.72326730","type":"province","cities":{"agadir":{"id":67046,"name":"Agadir","latitude":"30.42018000","longitude":"-9.59815000"},"agadirmelloul":{"id":67047,"name":"Agadir Melloul","latitude":"30.22492000","longitude":"-7.79601000"},"agadir-ida-ou-tnan":{"id":67048,"name":"Agadir-Ida-ou-Tnan","latitude":"30.58333000","longitude":"-9.50000000"},"aoulouz":{"id":67062,"name":"Aoulouz","latitude":"30.67307000","longitude":"-8.18087000"},"aourir":{"id":67063,"name":"Aourir","latitude":"30.49238000","longitude":"-9.63550000"},"arazane":{"id":67065,"name":"Arazane","latitude":"30.50346000","longitude":"-8.60637000"},"argana":{"id":67068,"name":"Argana","latitude":"30.78250000","longitude":"-9.11968000"},"bigoudine":{"id":67084,"name":"Bigoudine","latitude":"30.72376000","longitude":"-9.21097000"},"chtouka-ait-baha":{"id":67102,"name":"Chtouka-Ait-Baha","latitude":"30.02948000","longitude":"-9.30909000"},"inezgane":{"id":67136,"name":"Inezgane","latitude":"30.35535000","longitude":"-9.53639000"},"inezgane-aitmelloul":{"id":67137,"name":"Inezgane-Ait Melloul","latitude":"30.10000000","longitude":"-9.03333000"},"ouijjane":{"id":67185,"name":"Ouijjane","latitude":"29.62777000","longitude":"-9.53959000"},"ouladte\u00efma":{"id":67190,"name":"Oulad Te\u00efma","latitude":"30.39467000","longitude":"-9.20897000"},"reggada":{"id":67194,"name":"Reggada","latitude":"29.58016000","longitude":"-9.70086000"},"sidiifni":{"id":67208,"name":"Sidi Ifni","latitude":"29.37975000","longitude":"-10.17299000"},"tadrart":{"id":67223,"name":"Tadrart","latitude":"30.77477000","longitude":"-9.45951000"},"tafraout":{"id":67224,"name":"Tafraout","latitude":"29.72449000","longitude":"-8.97470000"},"taghazout":{"id":67225,"name":"Taghazout","latitude":"30.54259000","longitude":"-9.71115000"},"taliouine":{"id":67227,"name":"Taliouine","latitude":"30.52917000","longitude":"-7.91262000"},"tamri":{"id":67231,"name":"Tamri","latitude":"30.69602000","longitude":"-9.82972000"},"tanalt":{"id":67233,"name":"Tanalt","latitude":"29.77548000","longitude":"-9.16796000"},"taroudannt":{"id":67241,"name":"Taroudannt","latitude":"30.50000000","longitude":"-8.41667000"},"taroudant":{"id":67242,"name":"Taroudant","latitude":"30.47028000","longitude":"-8.87695000"},"tarsouat":{"id":67243,"name":"Tarsouat","latitude":"29.58153000","longitude":"-9.02664000"},"tata":{"id":67244,"name":"Tata","latitude":"29.66667000","longitude":"-7.83333000"},"tiznit":{"id":67259,"name":"Tiznit","latitude":"29.58333000","longitude":"-9.50000000"}}},"azilal":{"id":3321,"name":"Azilal","state_code":"AZI","latitude":"32.00426200","longitude":"-6.57833870","type":"province"},"b\u00e9nimellal":{"id":3272,"name":"B\u00e9ni Mellal","state_code":"BEM","latitude":"32.34244300","longitude":"-6.37579900","type":"province"},"b\u00e9nimellal-kh\u00e9nifra":{"id":3278,"name":"B\u00e9ni Mellal-Kh\u00e9nifra","state_code":"05","latitude":"32.57191840","longitude":"-6.06791940","type":"region"},"benslimane":{"id":3304,"name":"Benslimane","state_code":"BES","latitude":"33.61896980","longitude":"-7.13055360","type":"province"},"berkane":{"id":3285,"name":"Berkane","state_code":"BER","latitude":"34.88408760","longitude":"-2.34188700","type":"province"},"berrechid":{"id":4929,"name":"Berrechid","state_code":"BRR","latitude":"33.26025230","longitude":"-7.59848370","type":"province"},"boujdour(eh)":{"id":3275,"name":"Boujdour (EH)","state_code":"BOD","latitude":"26.12524930","longitude":"-14.48473470","type":"province"},"boulemane":{"id":3270,"name":"Boulemane","state_code":"BOM","latitude":"33.36251590","longitude":"-4.73033970","type":"province"},"casablanca":{"id":4930,"name":"Casablanca","state_code":"CAS","latitude":"33.57226780","longitude":"-7.65703260","type":"prefecture"},"casablanca-settat":{"id":3303,"name":"Casablanca-Settat","state_code":"06","latitude":"33.21608720","longitude":"-7.43813550","type":"region","cities":{"azemmour":{"id":67071,"name":"Azemmour","latitude":"33.28952000","longitude":"-8.34250000"},"benslimane":{"id":67079,"name":"Benslimane","latitude":"33.50000000","longitude":"-7.16667000"},"berrechid":{"id":67081,"name":"Berrechid","latitude":"33.26553000","longitude":"-7.58754000"},"berrechidprovince":{"id":67082,"name":"Berrechid Province","latitude":"33.26582000","longitude":"-7.58142000"},"boulaouane":{"id":67091,"name":"Boulaouane","latitude":"32.85995000","longitude":"-8.05555000"},"bouskoura":{"id":67093,"name":"Bouskoura","latitude":"33.44976000","longitude":"-7.65239000"},"bouznika":{"id":67094,"name":"Bouznika","latitude":"33.78942000","longitude":"-7.15968000"},"casablanca":{"id":67098,"name":"Casablanca","latitude":"33.58840000","longitude":"-7.55785000"},"eljadid":{"id":67110,"name":"El Jadid","latitude":"33.25682000","longitude":"-8.50882000"},"el-jadida":{"id":67113,"name":"El-Jadida","latitude":"32.90000000","longitude":"-8.50000000"},"mediouna":{"id":67162,"name":"Mediouna","latitude":"33.52012000","longitude":"-7.50350000"},"mohammedia":{"id":67170,"name":"Mohammedia","latitude":"33.68607000","longitude":"-7.38298000"},"nouaceur":{"id":67174,"name":"Nouaceur","latitude":"33.45839000","longitude":"-7.64726000"},"oualidia":{"id":67175,"name":"Oualidia","latitude":"32.73372000","longitude":"-9.03059000"},"ouladfrej":{"id":67188,"name":"Oulad Frej","latitude":"32.95956000","longitude":"-8.22740000"},"settat":{"id":67203,"name":"Settat","latitude":"33.00103000","longitude":"-7.61662000"},"settatprovince":{"id":67204,"name":"Settat Province","latitude":"33.08333000","longitude":"-7.41667000"},"sidibennour":{"id":67206,"name":"Sidi Bennour","latitude":"32.64896000","longitude":"-8.42686000"},"sidismai\u2019il":{"id":67215,"name":"Sidi Smai\u2019il","latitude":"32.82461000","longitude":"-8.51122000"},"titmellil":{"id":67258,"name":"Tit Mellil","latitude":"33.55808000","longitude":"-7.48647000"},"zawyatannwa\u00e7er":{"id":67265,"name":"Zawyat an Nwa\u00e7er","latitude":"33.37981000","longitude":"-7.61932000"}}},"chefchaouen":{"id":3310,"name":"Chefchaouen","state_code":"CHE","latitude":"35.01817200","longitude":"-5.14320680","type":"province"},"chichaoua":{"id":3274,"name":"Chichaoua","state_code":"CHI","latitude":"31.53835810","longitude":"-8.76463880","type":"province"},"chtouka-aitbaha":{"id":3302,"name":"Chtouka-Ait Baha","state_code":"CHT","latitude":"30.10724220","longitude":"-9.27855830","type":"province"},"dakhla-oueded-dahab(eh)":{"id":3306,"name":"Dakhla-Oued Ed-Dahab (EH)","state_code":"12","latitude":"22.73378920","longitude":"-14.28611160","type":"region"},"dr\u00e2a-tafilalet":{"id":3290,"name":"Dr\u00e2a-Tafilalet","state_code":"08","latitude":"31.14995380","longitude":"-5.39395510","type":"region","cities":{"agdz":{"id":67049,"name":"Agdz","latitude":"30.69356000","longitude":"-6.44628000"},"alnif":{"id":67060,"name":"Alnif","latitude":"31.11411000","longitude":"-5.17154000"},"aoufous":{"id":67061,"name":"Aoufous","latitude":"31.68000000","longitude":"-4.17000000"},"arfoud":{"id":67067,"name":"Arfoud","latitude":"31.43530000","longitude":"-4.23258000"},"errachidia":{"id":67114,"name":"Errachidia","latitude":"31.75000000","longitude":"-4.50000000"},"imilchil":{"id":67133,"name":"Imilchil","latitude":"32.15309000","longitude":"-5.62453000"},"jebeltiskaouine":{"id":67140,"name":"Jebel Tiskaouine","latitude":"31.02722000","longitude":"-5.11643000"},"jorf":{"id":67142,"name":"Jorf","latitude":"31.49442000","longitude":"-4.40598000"},"kelaatmgouna":{"id":67145,"name":"Kelaat Mgouna","latitude":"31.24573000","longitude":"-6.13260000"},"mhamid":{"id":67165,"name":"Mhamid","latitude":"29.82000000","longitude":"-5.72000000"},"midelt":{"id":67168,"name":"Midelt","latitude":"32.68055000","longitude":"-4.73691000"},"ouarzazat":{"id":67177,"name":"Ouarzazat","latitude":"30.91894000","longitude":"-6.89341000"},"ouarzazate":{"id":67178,"name":"Ouarzazate","latitude":"30.94130000","longitude":"-6.90285000"},"re\u00e7ani":{"id":67196,"name":"Re\u00e7ani","latitude":"31.28318000","longitude":"-4.26565000"},"taznakht":{"id":67246,"name":"Taznakht","latitude":"30.57836000","longitude":"-7.20341000"},"telouet":{"id":67247,"name":"Telouet","latitude":"31.28925000","longitude":"-7.23789000"},"tinghir":{"id":67255,"name":"Tinghir","latitude":"31.51472000","longitude":"-5.53278000"},"tinghirprovince":{"id":67256,"name":"Tinghir Province","latitude":"31.51965000","longitude":"-5.52999000"},"zagora":{"id":67264,"name":"Zagora","latitude":"30.34839000","longitude":"-5.83649000"}}},"driouch":{"id":4931,"name":"Driouch","state_code":"DRI","latitude":"34.97603200","longitude":"-3.39644930","type":"province"},"elhajeb":{"id":3291,"name":"El Hajeb","state_code":"HAJ","latitude":"33.68573500","longitude":"-5.36778440","type":"province"},"eljadida":{"id":3280,"name":"El Jadida","state_code":"JDI","latitude":"33.23163260","longitude":"-8.50071160","type":"province"},"elkel\u00e2adessraghna":{"id":3309,"name":"El Kel\u00e2a des Sraghna","state_code":"KES","latitude":"32.05227670","longitude":"-7.35165580","type":"province"},"errachidia":{"id":3299,"name":"Errachidia","state_code":"ERR","latitude":"31.90512750","longitude":"-4.72775280","type":"province"},"es-semara(eh-partial)":{"id":3292,"name":"Es-Semara (EH-partial)","state_code":"ESM","latitude":"26.74185600","longitude":"-11.67836710","type":"province"},"essaouira":{"id":3316,"name":"Essaouira","state_code":"ESI","latitude":"31.50849260","longitude":"-9.75950410","type":"province"},"fahs-anjra":{"id":3300,"name":"Fahs-Anjra","state_code":"FAH","latitude":"35.76019920","longitude":"-5.66683060","type":"province"},"f\u00e8s":{"id":4932,"name":"F\u00e8s","state_code":"FES","latitude":"34.02395790","longitude":"-5.03675990","type":"prefecture"},"f\u00e8s-mekn\u00e8s":{"id":3313,"name":"F\u00e8s-Mekn\u00e8s","state_code":"03","latitude":"34.06252900","longitude":"-4.72775280","type":"region","cities":{"a\u00efnleuh":{"id":67076,"name":"A\u00efn Leuh","latitude":"33.28984000","longitude":"-5.33863000"},"aknoul":{"id":67053,"name":"Aknoul","latitude":"34.65371000","longitude":"-3.86754000"},"almismarmoucha":{"id":67059,"name":"Almis Marmoucha","latitude":"33.32000000","longitude":"-4.18000000"},"azrou":{"id":67074,"name":"Azrou","latitude":"33.43443000","longitude":"-5.22126000"},"bhalil":{"id":67083,"name":"Bhalil","latitude":"33.85194000","longitude":"-4.87228000"},"bouarouss":{"id":67088,"name":"Bouarouss","latitude":"34.36000000","longitude":"-4.81000000"},"boulemane":{"id":67092,"name":"Boulemane","latitude":"33.16667000","longitude":"-4.00000000"},"elhajeb":{"id":67109,"name":"El Hajeb","latitude":"33.68786000","longitude":"-5.37100000"},"el-hajeb":{"id":67112,"name":"El-Hajeb","latitude":"33.72883000","longitude":"-5.46119000"},"fes":{"id":67118,"name":"Fes","latitude":"34.04000000","longitude":"-4.87000000"},"f\u00e8salbali":{"id":67123,"name":"F\u00e8s al Bali","latitude":"34.07010000","longitude":"-4.95473000"},"galaz":{"id":67124,"name":"Galaz","latitude":"34.54424000","longitude":"-4.80355000"},"ghouazi":{"id":67125,"name":"Ghouazi","latitude":"34.47737000","longitude":"-5.30235000"},"guercif":{"id":67128,"name":"Guercif","latitude":"34.22568000","longitude":"-3.35361000"},"ifrane":{"id":67132,"name":"Ifrane","latitude":"33.33333000","longitude":"-5.25000000"},"meknes":{"id":67163,"name":"Meknes","latitude":"33.97761000","longitude":"-5.52496000"},"missour":{"id":67169,"name":"Missour","latitude":"33.04893000","longitude":"-3.98947000"},"moulaybouchta":{"id":67171,"name":"Moulay Bouchta","latitude":"34.48922000","longitude":"-5.13023000"},"moulay-yacoub":{"id":67172,"name":"Moulay-Yacoub","latitude":"34.14558000","longitude":"-5.10259000"},"ouedamlil":{"id":67179,"name":"Oued Amlil","latitude":"34.20000000","longitude":"-4.28000000"},"ouladtayeb":{"id":67189,"name":"Oulad Tayeb","latitude":"33.94633000","longitude":"-4.99509000"},"ourtzagh":{"id":67192,"name":"Ourtzagh","latitude":"34.53477000","longitude":"-4.96878000"},"sefrou":{"id":67200,"name":"Sefrou","latitude":"33.79979000","longitude":"-4.68000000"},"tahla":{"id":67226,"name":"Tahla","latitude":"34.04965000","longitude":"-4.42162000"},"talzemt":{"id":67228,"name":"Talzemt","latitude":"33.59000000","longitude":"-4.19000000"},"taounate":{"id":67237,"name":"Taounate","latitude":"34.50000000","longitude":"-4.83333000"},"taza":{"id":67245,"name":"Taza","latitude":"34.25000000","longitude":"-3.75000000"},"tmourghout":{"id":67261,"name":"Tmourghout","latitude":"33.90650000","longitude":"-4.02696000"}}},"figuig":{"id":3301,"name":"Figuig","state_code":"FIG","latitude":"32.10926130","longitude":"-1.22980600","type":"province"},"fquihbensalah":{"id":4933,"name":"Fquih Ben Salah","state_code":"FQH","latitude":"32.50016800","longitude":"-6.71007170","type":"province"},"guelmim":{"id":3265,"name":"Guelmim","state_code":"GUE","latitude":"28.98836590","longitude":"-10.05274980","type":"province"},"guelmim-ouednoun(eh-partial)":{"id":3305,"name":"Guelmim-Oued Noun (EH-partial)","state_code":"10","latitude":"28.48442810","longitude":"-10.08072980","type":"region","cities":{"assa-zag":{"id":67070,"name":"Assa-Zag","latitude":"28.16667000","longitude":"-9.41667000"},"guelmim":{"id":67126,"name":"Guelmim","latitude":"28.75000000","longitude":"-10.00000000"},"sidiifni":{"id":67209,"name":"Sidi Ifni","latitude":"29.37719000","longitude":"-10.17111000"},"tan-tan":{"id":67232,"name":"Tan-Tan","latitude":"28.08333000","longitude":"-11.08333000"}}},"guercif":{"id":4934,"name":"Guercif","state_code":"GUF","latitude":"34.23450360","longitude":"-3.38130050","type":"province"},"ifrane":{"id":3325,"name":"Ifrane","state_code":"IFR","latitude":"33.52280620","longitude":"-5.11095520","type":"province"},"inezgane-aitmelloul":{"id":3294,"name":"Inezgane-Ait Melloul","state_code":"INE","latitude":"30.35090980","longitude":"-9.38951100","type":"prefecture"},"jerada":{"id":3307,"name":"Jerada","state_code":"JRA","latitude":"34.30617910","longitude":"-2.17941360","type":"province"},"k\u00e9nitra":{"id":3308,"name":"K\u00e9nitra","state_code":"KEN","latitude":"34.25405030","longitude":"-6.58901660","type":"province","cities":{"arbaoua":{"id":67066,"name":"Arbaoua","latitude":"34.90239000","longitude":"-5.94871000"},"hadkourt":{"id":67130,"name":"Had Kourt","latitude":"34.61588000","longitude":"-5.74040000"},"kenitra":{"id":67146,"name":"Kenitra","latitude":"34.26101000","longitude":"-6.58020000"},"kenitraprovince":{"id":67147,"name":"Kenitra Province","latitude":"34.58333000","longitude":"-6.33333000"},"khemisset":{"id":67149,"name":"Khemisset","latitude":"33.66667000","longitude":"-6.25000000"},"mechraabelksiri":{"id":67161,"name":"Mechraa Bel Ksiri","latitude":"34.57373000","longitude":"-5.95585000"},"oulmes":{"id":67191,"name":"Oulmes","latitude":"33.42585000","longitude":"-6.00137000"},"rabat":{"id":67193,"name":"Rabat","latitude":"34.01325000","longitude":"-6.83255000"},"sale":{"id":67199,"name":"Sale","latitude":"34.05310000","longitude":"-6.79846000"},"sidibousber":{"id":67207,"name":"Sidi Bousber","latitude":"34.56283000","longitude":"-5.36208000"},"sidiqacem":{"id":67211,"name":"Sidi Qacem","latitude":"34.22149000","longitude":"-5.70775000"},"sidiredouane":{"id":67213,"name":"Sidi Redouane","latitude":"34.68692000","longitude":"-5.44538000"},"sidislimane":{"id":67214,"name":"Sidi Slimane","latitude":"34.26479000","longitude":"-5.92598000"},"sidiyahiaelgharb":{"id":67216,"name":"Sidi Yahia El Gharb","latitude":"34.30494000","longitude":"-6.30404000"},"sidi-kacem":{"id":67217,"name":"Sidi-Kacem","latitude":"34.58333000","longitude":"-5.75000000"},"skhirate":{"id":67218,"name":"Skhirate","latitude":"33.85270000","longitude":"-7.03171000"},"skhirate-temara":{"id":67219,"name":"Skhirate-Temara","latitude":"33.77000000","longitude":"-6.87000000"},"souqlarb\u2019aalgharb":{"id":67222,"name":"Souq Larb\u2019a al Gharb","latitude":"34.68664000","longitude":"-6.00272000"},"temara":{"id":67248,"name":"Temara","latitude":"33.92866000","longitude":"-6.90656000"},"teroual":{"id":67249,"name":"Teroual","latitude":"34.67452000","longitude":"-5.27331000"},"tiflet":{"id":67252,"name":"Tiflet","latitude":"33.89469000","longitude":"-6.30649000"}}},"kh\u00e9misset":{"id":3276,"name":"Kh\u00e9misset","state_code":"KHE","latitude":"33.81537040","longitude":"-6.05733020","type":"province"},"kh\u00e9nifra":{"id":3317,"name":"Kh\u00e9nifra","state_code":"KHN","latitude":"32.93404710","longitude":"-5.66157100","type":"province","cities":{"aguelmous":{"id":67050,"name":"Aguelmous","latitude":"33.16139000","longitude":"-5.84626000"},"alfqihben\u00c7alah":{"id":67055,"name":"Al Fqih Ben \u00c7alah","latitude":"32.50213000","longitude":"-6.68771000"},"azilal":{"id":67072,"name":"Azilal","latitude":"31.96156000","longitude":"-6.57109000"},"azilalprovince":{"id":67073,"name":"Azilal Province","latitude":"31.91667000","longitude":"-6.50000000"},"benimellal":{"id":67077,"name":"Beni Mellal","latitude":"32.33725000","longitude":"-6.34983000"},"beni-mellal":{"id":67078,"name":"Beni-Mellal","latitude":"32.50000000","longitude":"-6.33333000"},"boujniba":{"id":67090,"name":"Boujniba","latitude":"32.90046000","longitude":"-6.77464000"},"bzou":{"id":67096,"name":"Bzou","latitude":"32.09171000","longitude":"-7.04786000"},"darouldzidouh":{"id":67103,"name":"Dar Ould Zidouh","latitude":"32.31247000","longitude":"-6.90494000"},"demnate":{"id":67105,"name":"Demnate","latitude":"31.73443000","longitude":"-7.00505000"},"elksiba":{"id":67111,"name":"El Ksiba","latitude":"32.57286000","longitude":"-6.01947000"},"fquihbensalahprovince":{"id":67121,"name":"Fquih Ben Salah Province","latitude":"32.50108000","longitude":"-6.68415000"},"ifrane":{"id":67131,"name":"Ifrane","latitude":"31.70217000","longitude":"-6.34940000"},"isseksi":{"id":67138,"name":"Isseksi","latitude":"32.22981000","longitude":"-6.27661000"},"itzer":{"id":67139,"name":"Itzer","latitude":"32.87830000","longitude":"-5.05150000"},"kasbatadla":{"id":67143,"name":"Kasba Tadla","latitude":"32.59770000","longitude":"-6.26844000"},"kerrouchen":{"id":67148,"name":"Kerrouchen","latitude":"32.79639000","longitude":"-5.31880000"},"khenifra":{"id":67150,"name":"Khenifra","latitude":"32.93333000","longitude":"-5.66667000"},"khouribga":{"id":67151,"name":"Khouribga","latitude":"32.88108000","longitude":"-6.90630000"},"khouribgaprovince":{"id":67152,"name":"Khouribga Province","latitude":"32.93333000","longitude":"-6.60000000"},"midelt":{"id":67167,"name":"Midelt","latitude":"32.68520000","longitude":"-4.74512000"},"ouaoula":{"id":67176,"name":"Ouaoula","latitude":"31.87000000","longitude":"-6.75000000"},"ouedzem":{"id":67181,"name":"Oued Zem","latitude":"32.86270000","longitude":"-6.57359000"},"sidijaber":{"id":67210,"name":"Sidi Jaber","latitude":"32.38952000","longitude":"-6.42095000"},"timoulilt":{"id":67254,"name":"Timoulilt","latitude":"32.20368000","longitude":"-6.46660000"},"zawyatechche\u00efkh":{"id":67266,"name":"Zawyat ech Che\u00efkh","latitude":"32.64445000","longitude":"-5.91826000"}}},"khouribga":{"id":3326,"name":"Khouribga","state_code":"KHO","latitude":"32.88602300","longitude":"-6.92086550","type":"province"},"l\u0027oriental":{"id":3271,"name":"L\u0027Oriental","state_code":"02","latitude":"37.06968300","longitude":"-94.51227700","type":"region","cities":{"ahfir":{"id":67051,"name":"Ahfir","latitude":"34.95368000","longitude":"-2.10027000"},"a\u00efnbenimathar":{"id":67075,"name":"A\u00efn Beni Mathar","latitude":"34.00970000","longitude":"-2.03238000"},"alaaroui":{"id":67054,"name":"Al Aaroui","latitude":"35.01090000","longitude":"-3.00938000"},"berkane":{"id":67080,"name":"Berkane","latitude":"34.61000000","longitude":"-2.57000000"},"bouarfa":{"id":67087,"name":"Bouarfa","latitude":"32.53379000","longitude":"-1.96209000"},"debdou":{"id":67104,"name":"Debdou","latitude":"33.98228000","longitude":"-3.04263000"},"driouchprovince":{"id":67107,"name":"Driouch Province","latitude":"34.97670000","longitude":"-3.38842000"},"ela\u00efoun":{"id":67108,"name":"El A\u00efoun","latitude":"34.58319000","longitude":"-2.50612000"},"figuig":{"id":67119,"name":"Figuig","latitude":"32.83333000","longitude":"-2.25000000"},"guercifprovince":{"id":67129,"name":"Guercif Province","latitude":"34.25041000","longitude":"-3.32542000"},"jerada":{"id":67141,"name":"Jerada","latitude":"34.23662000","longitude":"-2.04284000"},"madagh":{"id":67157,"name":"Madagh","latitude":"35.01032000","longitude":"-2.33701000"},"midar":{"id":67166,"name":"Midar","latitude":"34.94025000","longitude":"-3.53311000"},"nador":{"id":67173,"name":"Nador","latitude":"35.00000000","longitude":"-3.00000000"},"oujda-angad":{"id":67186,"name":"Oujda-Angad","latitude":"34.23600000","longitude":"-2.29400000"},"saidia":{"id":67198,"name":"Saidia","latitude":"35.08195000","longitude":"-2.22897000"},"selouane":{"id":67201,"name":"Selouane","latitude":"35.07313000","longitude":"-2.94230000"},"taourirt":{"id":67238,"name":"Taourirt","latitude":"34.40731000","longitude":"-2.89732000"},"tiztoutine":{"id":67260,"name":"Tiztoutine","latitude":"34.97159000","longitude":"-3.15273000"},"za\u00efo":{"id":67267,"name":"Za\u00efo","latitude":"34.94282000","longitude":"-2.73290000"}}},"la\u00e2youne(eh)":{"id":3293,"name":"La\u00e2youne (EH)","state_code":"LAA","latitude":"27.15003840","longitude":"-13.19907580","type":"province"},"la\u00e2youne-sakiaelhamra(eh-partial)":{"id":3298,"name":"La\u00e2youne-Sakia El Hamra (EH-partial)","state_code":"11","latitude":"27.86831940","longitude":"-11.98046130","type":"region","cities":{"akhfennir":{"id":67052,"name":"Akhfennir","latitude":"28.09455000","longitude":"-12.05157000"},"boujdour":{"id":67089,"name":"Boujdour","latitude":"25.66172000","longitude":"-13.68419000"},"es-semara":{"id":67115,"name":"Es-Semara","latitude":"27.75000000","longitude":"-11.00000000"},"gueltatzemmour":{"id":67127,"name":"Gueltat Zemmour","latitude":"25.14276000","longitude":"-12.37168000"},"laayoune":{"id":67154,"name":"Laayoune","latitude":"27.83333000","longitude":"-12.33333000"},"smara":{"id":67220,"name":"Smara","latitude":"26.73841000","longitude":"-11.67194000"},"tarfaya":{"id":67239,"name":"Tarfaya","latitude":"27.93901000","longitude":"-12.92082000"}}},"larache":{"id":3268,"name":"Larache","state_code":"LAR","latitude":"35.17442710","longitude":"-6.14739640","type":"province"},"m\u2019diq-fnideq":{"id":4936,"name":"M\u2019diq-Fnideq","state_code":"MDF","latitude":"35.77330190","longitude":"-5.51433000","type":"prefecture"},"marrakech":{"id":4935,"name":"Marrakech","state_code":"MAR","latitude":"31.63460230","longitude":"-8.07789320","type":"prefecture"},"marrakesh-safi":{"id":3288,"name":"Marrakesh-Safi","state_code":"07","latitude":"31.73308330","longitude":"-8.13385580","type":"region"},"m\u00e9diouna":{"id":3284,"name":"M\u00e9diouna","state_code":"MED","latitude":"33.45409390","longitude":"-7.51660200","type":"province"},"mekn\u00e8s":{"id":4937,"name":"Mekn\u00e8s","state_code":"MEK","latitude":"33.88100000","longitude":"-5.57303970","type":"prefecture"},"midelt":{"id":4938,"name":"Midelt","state_code":"MID","latitude":"32.68550790","longitude":"-4.75017090","type":"province"},"mohammadia":{"id":4939,"name":"Mohammadia","state_code":"MOH","latitude":"33.68737490","longitude":"-7.42391420","type":"prefecture"},"moulayyacoub":{"id":3315,"name":"Moulay Yacoub","state_code":"MOU","latitude":"34.08744790","longitude":"-5.17840190","type":"province"},"nador":{"id":3281,"name":"Nador","state_code":"NAD","latitude":"34.91719260","longitude":"-2.85771050","type":"province"},"nouaceur":{"id":3287,"name":"Nouaceur","state_code":"NOU","latitude":"33.36703930","longitude":"-7.57325370","type":"province"},"ouarzazate":{"id":3269,"name":"Ouarzazate","state_code":"OUA","latitude":"30.93354360","longitude":"-6.93701600","type":"province"},"oueded-dahab(eh)":{"id":3319,"name":"Oued Ed-Dahab (EH)","state_code":"OUD","latitude":"22.73378920","longitude":"-14.28611160","type":"province","cities":{"aousserd":{"id":67064,"name":"Aousserd","latitude":"21.91977000","longitude":"-15.02068000"},"imlili":{"id":67134,"name":"Imlili","latitude":"22.65580000","longitude":"-15.60719000"},"oued-ed-dahab":{"id":67182,"name":"Oued-Ed-Dahab","latitude":"23.64201000","longitude":"-14.44934000"}}},"ouezzane":{"id":4941,"name":"Ouezzane","state_code":"OUZ","latitude":"34.80634500","longitude":"-5.59145050","type":"province"},"oujda-angad":{"id":4940,"name":"Oujda-Angad","state_code":"OUJ","latitude":"34.68375040","longitude":"-2.29932390","type":"prefecture"},"rabat":{"id":4942,"name":"Rabat","state_code":"RAB","latitude":"33.96919900","longitude":"-6.92730290","type":"prefecture"},"rabat-sal\u00e9-k\u00e9nitra":{"id":4927,"name":"Rabat-Sal\u00e9-K\u00e9nitra","state_code":"04","latitude":"34.07686400","longitude":"-7.34544760","type":"region"},"rehamna":{"id":4943,"name":"Rehamna","state_code":"REH","latitude":"32.20329050","longitude":"-8.56896710","type":"province"},"safi":{"id":3311,"name":"Safi","state_code":"SAF","latitude":"32.29898720","longitude":"-9.10134980","type":"province","cities":{"abadou":{"id":67044,"name":"Abadou","latitude":"31.57917000","longitude":"-7.31308000"},"adassil":{"id":67045,"name":"Adassil","latitude":"31.10783000","longitude":"-8.49083000"},"al-haouz":{"id":67057,"name":"Al-Haouz","latitude":"31.34083000","longitude":"-7.91076000"},"bouabout":{"id":67086,"name":"Bouabout","latitude":"31.26554000","longitude":"-9.17865000"},"chichaoua":{"id":67101,"name":"Chichaoua","latitude":"31.26365000","longitude":"-8.84411000"},"essaouira":{"id":67116,"name":"Essaouira","latitude":"31.50675000","longitude":"-9.75655000"},"kelaa-des-sraghna":{"id":67144,"name":"Kelaa-Des-Sraghna","latitude":"32.16667000","longitude":"-7.75000000"},"marrakech":{"id":67158,"name":"Marrakech","latitude":"31.63623000","longitude":"-8.01041000"},"marrakesh":{"id":67159,"name":"Marrakesh","latitude":"31.63416000","longitude":"-7.99994000"},"ouka\u00efmedene":{"id":67187,"name":"Ouka\u00efmedene","latitude":"31.20603000","longitude":"-7.86089000"},"rehamna":{"id":67195,"name":"Rehamna","latitude":"32.24581000","longitude":"-7.93144000"},"safi":{"id":67197,"name":"Safi","latitude":"32.16667000","longitude":"-8.83333000"},"settifatma":{"id":67205,"name":"Setti Fatma","latitude":"31.22508000","longitude":"-7.67751000"},"sidirahhal":{"id":67212,"name":"Sidi Rahhal","latitude":"31.65031000","longitude":"-7.47288000"},"smimou":{"id":67221,"name":"Smimou","latitude":"31.21014000","longitude":"-9.70863000"},"tamanar":{"id":67229,"name":"Tamanar","latitude":"31.00087000","longitude":"-9.67802000"},"taouloukoult":{"id":67236,"name":"Taouloukoult","latitude":"31.22218000","longitude":"-9.07943000"},"tidilimesfioua":{"id":67251,"name":"Tidili Mesfioua","latitude":"31.46586000","longitude":"-7.61199000"},"timezgadiouine":{"id":67253,"name":"Timezgadiouine","latitude":"30.88366000","longitude":"-9.04548000"},"youssoufia":{"id":67263,"name":"Youssoufia","latitude":"32.24634000","longitude":"-8.52941000"},"zerkten":{"id":67268,"name":"Zerkten","latitude":"31.44470000","longitude":"-7.39224000"}}},"sal\u00e9":{"id":4944,"name":"Sal\u00e9","state_code":"SAL","latitude":"34.03775700","longitude":"-6.84270730","type":"prefecture"},"sefrou":{"id":3289,"name":"Sefrou","state_code":"SEF","latitude":"33.83052440","longitude":"-4.83531540","type":"province"},"settat":{"id":3282,"name":"Settat","state_code":"SET","latitude":"32.99242420","longitude":"-7.62226650","type":"province"},"sidibennour":{"id":4945,"name":"Sidi Bennour","state_code":"SIB","latitude":"32.64926020","longitude":"-8.44714530","type":"province"},"sidiifni":{"id":4946,"name":"Sidi Ifni","state_code":"SIF","latitude":"29.36657970","longitude":"-10.21084850","type":"province"},"sidikacem":{"id":3279,"name":"Sidi Kacem","state_code":"SIK","latitude":"34.22601720","longitude":"-5.71291640","type":"province"},"sidislimane":{"id":4952,"name":"Sidi Slimane","state_code":"SIL","latitude":"34.27378280","longitude":"-5.98059720","type":"province"},"skhirate-t\u00e9mara":{"id":4947,"name":"Skhirate-T\u00e9mara","state_code":"SKH","latitude":"33.76224250","longitude":"-7.04190520","type":"prefecture"},"souss-massa":{"id":3295,"name":"Souss-Massa","state_code":"09","latitude":"30.27506110","longitude":"-8.13385580","type":"region"},"tan-tan(eh-partial)":{"id":3286,"name":"Tan-Tan (EH-partial)","state_code":"TNT","latitude":"28.03012000","longitude":"-11.16173560","type":"province"},"tanger-assilah":{"id":4950,"name":"Tanger-Assilah","state_code":"TNG","latitude":"35.76325390","longitude":"-5.90450980","type":"prefecture"},"tanger-t\u00e9touan-alhoce\u00efma":{"id":3324,"name":"Tanger-T\u00e9touan-Al Hoce\u00efma","state_code":"01","latitude":"35.26295580","longitude":"-5.56172790","type":"region","cities":{"alhoce\u00efma":{"id":67056,"name":"Al Hoce\u00efma","latitude":"35.25165000","longitude":"-3.93723000"},"al-hoceima":{"id":67058,"name":"Al-Hoceima","latitude":"35.00000000","longitude":"-4.25000000"},"asilah":{"id":67069,"name":"Asilah","latitude":"35.46522000","longitude":"-6.03415000"},"bnibouayach":{"id":67085,"name":"Bni Bouayach","latitude":"35.10506000","longitude":"-3.84028000"},"brikcha":{"id":67095,"name":"Brikcha","latitude":"34.96732000","longitude":"-5.57295000"},"capnegroii":{"id":67097,"name":"Cap Negro II","latitude":"35.65970000","longitude":"-5.28525000"},"chefchaouenprovince":{"id":67099,"name":"Chefchaouen Province","latitude":"35.00000000","longitude":"-5.08333000"},"chefchaouene":{"id":67100,"name":"Chefchaouene","latitude":"35.16878000","longitude":"-5.26360000"},"derdara":{"id":67106,"name":"Derdara","latitude":"35.11041000","longitude":"-5.29015000"},"fahs-anjra":{"id":67117,"name":"Fahs-Anjra","latitude":"35.74000000","longitude":"-5.68000000"},"fnidek":{"id":67120,"name":"Fnidek","latitude":"35.84906000","longitude":"-5.35747000"},"imzouren":{"id":67135,"name":"Imzouren","latitude":"35.14637000","longitude":"-3.85063000"},"ksarelkebir":{"id":67153,"name":"Ksar El Kebir","latitude":"35.00044000","longitude":"-5.90378000"},"larache":{"id":67155,"name":"Larache","latitude":"35.16667000","longitude":"-5.83333000"},"m\u0027diq-fnideq":{"id":67156,"name":"M\u0027Diq-Fnideq","latitude":"35.85743000","longitude":"-5.35858000"},"martil":{"id":67160,"name":"Martil","latitude":"35.61662000","longitude":"-5.27522000"},"ouedlaou":{"id":67180,"name":"Oued Laou","latitude":"35.44840000","longitude":"-5.09627000"},"ouezzane":{"id":67183,"name":"Ouezzane","latitude":"34.79584000","longitude":"-5.57849000"},"ouezzaneprovince":{"id":67184,"name":"Ouezzane Province","latitude":"34.79759000","longitude":"-5.58603000"},"senada":{"id":67202,"name":"Senada","latitude":"35.07452000","longitude":"-4.21583000"},"tamorot":{"id":67230,"name":"Tamorot","latitude":"34.93632000","longitude":"-4.77940000"},"tanger-assilah":{"id":67234,"name":"Tanger-Assilah","latitude":"35.59000000","longitude":"-5.90000000"},"tangier":{"id":67235,"name":"Tangier","latitude":"35.76727000","longitude":"-5.79975000"},"targuist":{"id":67240,"name":"Targuist","latitude":"34.93769000","longitude":"-4.31856000"},"tetouan":{"id":67250,"name":"Tetouan","latitude":"35.58333000","longitude":"-5.50000000"},"tirhanim\u00eene":{"id":67257,"name":"Tirhanim\u00eene","latitude":"35.23619000","longitude":"-3.95453000"},"zinat":{"id":67269,"name":"Zinat","latitude":"35.43000000","longitude":"-5.40000000"},"zoumi":{"id":67270,"name":"Zoumi","latitude":"34.80321000","longitude":"-5.34458000"}}},"taounate":{"id":3323,"name":"Taounate","state_code":"TAO","latitude":"34.53691700","longitude":"-4.63986930","type":"province"},"taourirt":{"id":3322,"name":"Taourirt","state_code":"TAI","latitude":"34.21259800","longitude":"-2.69838680","type":"province"},"tarfaya(eh-partial)":{"id":4948,"name":"Tarfaya (EH-partial)","state_code":"TAF","latitude":"27.93777010","longitude":"-12.92940630","type":"province"},"taroudannt":{"id":3314,"name":"Taroudannt","state_code":"TAR","latitude":"30.47271260","longitude":"-8.87487650","type":"province"},"tata":{"id":3312,"name":"Tata","state_code":"TAT","latitude":"29.75087700","longitude":"-7.97563430","type":"province"},"taza":{"id":3296,"name":"Taza","state_code":"TAZ","latitude":"34.27889530","longitude":"-3.58126920","type":"province"},"t\u00e9touan":{"id":3318,"name":"T\u00e9touan","state_code":"TET","latitude":"35.58889950","longitude":"-5.36255160","type":"province"},"tinghir":{"id":4949,"name":"Tinghir","state_code":"TIN","latitude":"31.48507940","longitude":"-6.20192980","type":"province"},"tiznit":{"id":3277,"name":"Tiznit","state_code":"TIZ","latitude":"29.69339200","longitude":"-9.73215700","type":"province"},"youssoufia":{"id":4951,"name":"Youssoufia","state_code":"YUS","latitude":"32.02006790","longitude":"-8.86926480","type":"province"},"zagora":{"id":3283,"name":"Zagora","state_code":"ZAG","latitude":"30.57860930","longitude":"-5.89871390","type":"province"}}}