{"id":249,"name":"Cura\u00e7ao","iso3":"CUW","iso2":"CW","numeric_code":"531","phone_code":"599","capital":"Willemstad","currency":"ANG","currency_name":"Netherlands Antillean guilder","currency_symbol":"\u0192","tld":".cw","native":"Cura\u00e7ao","region":"Americas","region_id":"2","subregion":"Caribbean","subregion_id":"7","nationality":"Curacaoan","timezones":[{"zoneName":"America/Curacao","gmtOffset":-14400,"gmtOffsetName":"UTC-04:00","abbreviation":"AST","tzName":"Atlantic Standard Time"}],"translations":{"kr":"\ud034\ub77c\uc18c","pt-BR":"Cura\u00e7ao","pt":"Cura\u00e7ao","nl":"Cura\u00e7ao","fa":"\u06a9\u0648\u0631\u0627\u0633\u0627\u0626\u0648","de":"Cura\u00e7ao","fr":"Cura\u00e7ao","it":"Cura\u00e7ao","cn":"\u5e93\u62c9\u7d22","tr":"Cura\u00e7ao"},"latitude":"12.11666700","longitude":"-68.93333300","emoji":"\ud83c\udde8\ud83c\uddfc","emojiU":"U+1F1E8 U+1F1FC"}