{"id":38,"name":"Cameroon","iso3":"CMR","iso2":"CM","numeric_code":"120","phone_code":"237","capital":"Yaounde","currency":"XAF","currency_name":"Central African CFA franc","currency_symbol":"FCFA","tld":".cm","native":"Cameroon","region":"Africa","region_id":"1","subregion":"Middle Africa","subregion_id":"2","nationality":"Cameroonian","timezones":[{"zoneName":"Africa/Douala","gmtOffset":3600,"gmtOffsetName":"UTC+01:00","abbreviation":"WAT","tzName":"West Africa Time"}],"translations":{"kr":"\uce74\uba54\ub8ec","pt-BR":"Camar\u00f5es","pt":"Camar\u00f5es","nl":"Kameroen","hr":"Kamerun","fa":"\u06a9\u0627\u0645\u0631\u0648\u0646","de":"Kamerun","es":"Camer\u00fan","fr":"Cameroun","ja":"\u30ab\u30e1\u30eb\u30fc\u30f3","it":"Camerun","cn":"\u5580\u9ea6\u9686","tr":"Kamerun"},"latitude":"6.00000000","longitude":"12.00000000","emoji":"\ud83c\udde8\ud83c\uddf2","emojiU":"U+1F1E8 U+1F1F2","states":{"adamawa":{"id":2663,"name":"Adamawa","state_code":"AD","latitude":"9.32647510","longitude":"12.39838530","type":null,"cities":{"bankim":{"id":19148,"name":"Bankim","latitude":"6.08303000","longitude":"11.49050000"},"banyo":{"id":19150,"name":"Banyo","latitude":"6.75000000","longitude":"11.81667000"},"b\u00e9lel":{"id":19162,"name":"B\u00e9lel","latitude":"7.05000000","longitude":"14.43333000"},"djohong":{"id":19168,"name":"Djohong","latitude":"6.83333000","longitude":"14.70000000"},"kontcha":{"id":19187,"name":"Kontcha","latitude":"7.96667000","longitude":"12.23333000"},"mayo-banyo":{"id":19203,"name":"Mayo-Banyo","latitude":"6.58138000","longitude":"11.73522000"},"me\u00efganga":{"id":19218,"name":"Me\u00efganga","latitude":"6.51667000","longitude":"14.30000000"},"ngaound\u00e9r\u00e9":{"id":19236,"name":"Ngaound\u00e9r\u00e9","latitude":"7.32765000","longitude":"13.58472000"},"somi\u00e9":{"id":19256,"name":"Somi\u00e9","latitude":"6.45843000","longitude":"11.43299000"},"tibati":{"id":19258,"name":"Tibati","latitude":"6.46504000","longitude":"12.62843000"},"tign\u00e8re":{"id":19259,"name":"Tign\u00e8re","latitude":"7.36667000","longitude":"12.65000000"},"vina":{"id":19262,"name":"Vina","latitude":"7.16365000","longitude":"13.72711000"}}},"centre":{"id":2660,"name":"Centre","state_code":"CE","latitude":null,"longitude":null,"type":null,"cities":{"akono":{"id":19134,"name":"Akono","latitude":"3.50000000","longitude":"11.33333000"},"akonolinga":{"id":19135,"name":"Akonolinga","latitude":"3.76667000","longitude":"12.25000000"},"bafia":{"id":19139,"name":"Bafia","latitude":"4.75000000","longitude":"11.23333000"},"es\u00e9ka":{"id":19174,"name":"Es\u00e9ka","latitude":"3.65000000","longitude":"10.76667000"},"ess\u00e9":{"id":19173,"name":"Ess\u00e9","latitude":"4.10000000","longitude":"11.90000000"},"\u00c9vodoula":{"id":19270,"name":"\u00c9vodoula","latitude":"4.08333000","longitude":"11.20000000"},"mbalmayo":{"id":19208,"name":"Mbalmayo","latitude":"3.51667000","longitude":"11.50000000"},"mbam-et-inoubou":{"id":19209,"name":"Mbam-Et-Inoubou","latitude":"4.73754000","longitude":"10.96972000"},"mbandjok":{"id":19210,"name":"Mbandjok","latitude":"4.45000000","longitude":"11.90000000"},"mbankomo":{"id":19213,"name":"Mbankomo","latitude":"3.78333000","longitude":"11.38333000"},"mefou-et-akono":{"id":19216,"name":"Mefou-et-Akono","latitude":"3.58706000","longitude":"11.36089000"},"mfoundi":{"id":19219,"name":"Mfoundi","latitude":"3.86670000","longitude":"11.51670000"},"minta":{"id":19221,"name":"Minta","latitude":"4.58333000","longitude":"12.80000000"},"nangaeboko":{"id":19231,"name":"Nanga Eboko","latitude":"4.68333000","longitude":"12.36667000"},"ndikinim\u00e9ki":{"id":19233,"name":"Ndikinim\u00e9ki","latitude":"4.76667000","longitude":"10.83333000"},"ngomedzap":{"id":19237,"name":"Ngomedzap","latitude":"3.25000000","longitude":"11.20000000"},"ngoro":{"id":19238,"name":"Ngoro","latitude":"4.95000000","longitude":"11.38333000"},"nkoteng":{"id":19243,"name":"Nkoteng","latitude":"4.51667000","longitude":"12.03333000"},"ntui":{"id":19245,"name":"Ntui","latitude":"4.45000000","longitude":"11.63333000"},"obala":{"id":19246,"name":"Obala","latitude":"4.16667000","longitude":"11.53333000"},"okoa":{"id":19247,"name":"Okoa","latitude":"3.98333000","longitude":"11.60000000"},"okola":{"id":19248,"name":"Okola","latitude":"4.01667000","longitude":"11.38333000"},"omb\u00e9sa":{"id":19249,"name":"Omb\u00e9sa","latitude":"4.60000000","longitude":"11.25000000"},"saa":{"id":19254,"name":"Saa","latitude":"4.36667000","longitude":"11.45000000"},"yaound\u00e9":{"id":19266,"name":"Yaound\u00e9","latitude":"3.86667000","longitude":"11.51667000"},"yoko":{"id":19268,"name":"Yoko","latitude":"5.53333000","longitude":"12.31667000"}}},"east":{"id":2661,"name":"East","state_code":"ES","latitude":"39.01853360","longitude":"-94.27924110","type":null,"cities":{"abongmbang":{"id":19132,"name":"Abong Mbang","latitude":"3.98333000","longitude":"13.18333000"},"batouri":{"id":19152,"name":"Batouri","latitude":"4.43333000","longitude":"14.36667000"},"b\u00e9labo":{"id":19161,"name":"B\u00e9labo","latitude":"4.93333000","longitude":"13.30000000"},"bertoua":{"id":19156,"name":"Bertoua","latitude":"4.57728000","longitude":"13.68459000"},"b\u00e9tar\u00e9oya":{"id":19163,"name":"B\u00e9tar\u00e9 Oya","latitude":"5.60000000","longitude":"14.08333000"},"dimako":{"id":19166,"name":"Dimako","latitude":"4.38333000","longitude":"13.56667000"},"doum\u00e9":{"id":19170,"name":"Doum\u00e9","latitude":"4.23333000","longitude":"13.45000000"},"garouaboula\u00ef":{"id":19182,"name":"Garoua Boula\u00ef","latitude":"5.88333000","longitude":"14.55000000"},"mbang":{"id":19211,"name":"Mbang","latitude":"4.58333000","longitude":"13.33333000"},"ndelele":{"id":19232,"name":"Ndelele","latitude":"4.04065000","longitude":"14.92501000"},"yokadouma":{"id":19267,"name":"Yokadouma","latitude":"3.51667000","longitude":"15.05000000"}}},"farnorth":{"id":2656,"name":"Far North","state_code":"EN","latitude":"66.76134510","longitude":"124.12375300","type":null,"cities":{"bogo":{"id":19157,"name":"Bogo","latitude":"10.73360000","longitude":"14.60928000"},"ka\u00e9l\u00e9":{"id":19186,"name":"Ka\u00e9l\u00e9","latitude":"10.10917000","longitude":"14.45083000"},"kouss\u00e9ri":{"id":19189,"name":"Kouss\u00e9ri","latitude":"12.07689000","longitude":"15.03063000"},"koza":{"id":19190,"name":"Koza","latitude":"10.86846000","longitude":"13.88205000"},"makary":{"id":19199,"name":"Makary","latitude":"12.57535000","longitude":"14.45483000"},"maroua":{"id":19202,"name":"Maroua","latitude":"10.59095000","longitude":"14.31593000"},"mayo-sava":{"id":19206,"name":"Mayo-Sava","latitude":"11.10682000","longitude":"14.20560000"},"mayo-tsanaga":{"id":19207,"name":"Mayo-Tsanaga","latitude":"10.58221000","longitude":"13.79351000"},"mindif":{"id":19220,"name":"Mindif","latitude":"10.39757000","longitude":"14.43626000"},"mokolo":{"id":19223,"name":"Mokolo","latitude":"10.74244000","longitude":"13.80227000"},"mora":{"id":19224,"name":"Mora","latitude":"11.04611000","longitude":"14.14011000"},"yagoua":{"id":19265,"name":"Yagoua","latitude":"10.34107000","longitude":"15.23288000"}}},"littoral":{"id":2662,"name":"Littoral","state_code":"LT","latitude":"48.46227570","longitude":"-68.51780710","type":null,"cities":{"bonab\u00e9ri":{"id":19158,"name":"Bonab\u00e9ri","latitude":"4.07142000","longitude":"9.68177000"},"diang":{"id":19164,"name":"Diang","latitude":"4.25000000","longitude":"10.01667000"},"dibombari":{"id":19165,"name":"Dibombari","latitude":"4.17870000","longitude":"9.65610000"},"dizangu\u00e9":{"id":19167,"name":"Dizangu\u00e9","latitude":"3.76667000","longitude":"9.98333000"},"douala":{"id":19169,"name":"Douala","latitude":"4.04827000","longitude":"9.70428000"},"ed\u00e9a":{"id":19172,"name":"Ed\u00e9a","latitude":"3.80000000","longitude":"10.13333000"},"loum":{"id":19198,"name":"Loum","latitude":"4.71820000","longitude":"9.73510000"},"manjo":{"id":19201,"name":"Manjo","latitude":"4.84280000","longitude":"9.82170000"},"mbanga":{"id":19212,"name":"Mbanga","latitude":"4.50160000","longitude":"9.56710000"},"melong":{"id":19217,"name":"Melong","latitude":"5.12181000","longitude":"9.96143000"},"mouanko":{"id":19225,"name":"Mouanko","latitude":"3.63972000","longitude":"9.77694000"},"ndom":{"id":19234,"name":"Ndom","latitude":"4.49780000","longitude":"9.56280000"},"ngamb\u00e9":{"id":19235,"name":"Ngamb\u00e9","latitude":"4.23343000","longitude":"10.61532000"},"nkongsamba":{"id":19242,"name":"Nkongsamba","latitude":"4.95470000","longitude":"9.94040000"},"penja":{"id":19250,"name":"Penja","latitude":"4.63911000","longitude":"9.67987000"},"yabassi":{"id":19264,"name":"Yabassi","latitude":"4.45697000","longitude":"9.96822000"}}},"north":{"id":2665,"name":"North","state_code":"NO","latitude":"37.09024000","longitude":"-95.71289100","type":null,"cities":{"farodepartment":{"id":19176,"name":"Faro Department","latitude":"8.25014000","longitude":"12.87829000"},"garoua":{"id":19181,"name":"Garoua","latitude":"9.30143000","longitude":"13.39771000"},"guider":{"id":19183,"name":"Guider","latitude":"9.93330000","longitude":"13.94671000"},"lagdo":{"id":19194,"name":"Lagdo","latitude":"9.05828000","longitude":"13.66605000"},"mayo-louti":{"id":19204,"name":"Mayo-Louti","latitude":"9.96577000","longitude":"13.72738000"},"mayo-rey":{"id":19205,"name":"Mayo-Rey","latitude":"8.12630000","longitude":"14.61456000"},"pitoa":{"id":19251,"name":"Pitoa","latitude":"9.38390000","longitude":"13.50231000"},"poli":{"id":19252,"name":"Poli","latitude":"8.47560000","longitude":"13.24097000"},"reybouba":{"id":19253,"name":"Rey Bouba","latitude":"8.67240000","longitude":"14.17860000"},"tchollir\u00e9":{"id":19257,"name":"Tchollir\u00e9","latitude":"8.40220000","longitude":"14.16980000"}}},"northwest":{"id":2657,"name":"Northwest","state_code":"NW","latitude":"36.37118570","longitude":"-94.19346060","type":null,"cities":{"babanki":{"id":19137,"name":"Babanki","latitude":"6.11667000","longitude":"10.25000000"},"bali":{"id":19141,"name":"Bali","latitude":"5.88737000","longitude":"10.01176000"},"bamenda":{"id":19142,"name":"Bamenda","latitude":"5.95970000","longitude":"10.14597000"},"batibo":{"id":19151,"name":"Batibo","latitude":"5.83580000","longitude":"9.85530000"},"belo":{"id":19155,"name":"Belo","latitude":"6.13333000","longitude":"10.25000000"},"boyo":{"id":19159,"name":"Boyo","latitude":"6.36365000","longitude":"10.35540000"},"fundong":{"id":19180,"name":"Fundong","latitude":"6.25000000","longitude":"10.26667000"},"jakiri":{"id":19185,"name":"Jakiri","latitude":"6.10000000","longitude":"10.65000000"},"kumbo":{"id":19193,"name":"Kumbo","latitude":"6.20000000","longitude":"10.66667000"},"mbengwi":{"id":19214,"name":"Mbengwi","latitude":"6.01667000","longitude":"10.00000000"},"mme-bafumen":{"id":19222,"name":"Mme-Bafumen","latitude":"6.33333000","longitude":"10.23333000"},"njinikom":{"id":19241,"name":"Njinikom","latitude":"6.23333000","longitude":"10.28333000"},"wum":{"id":19263,"name":"Wum","latitude":"6.38333000","longitude":"10.06667000"}}},"south":{"id":2659,"name":"South","state_code":"SU","latitude":"37.63159500","longitude":"-97.34584090","type":null,"cities":{"akomii":{"id":19133,"name":"Akom II","latitude":"2.78333000","longitude":"10.56667000"},"ambam":{"id":19136,"name":"Ambam","latitude":"2.38333000","longitude":"11.28333000"},"\u00c9bolowa":{"id":19269,"name":"\u00c9bolowa","latitude":"2.90000000","longitude":"11.15000000"},"kribi":{"id":19191,"name":"Kribi","latitude":"2.93725000","longitude":"9.90765000"},"lolodorf":{"id":19197,"name":"Lolodorf","latitude":"3.23333000","longitude":"10.73333000"},"mvangu\u00e9":{"id":19229,"name":"Mvangu\u00e9","latitude":"2.96667000","longitude":"11.51667000"},"mvila":{"id":19230,"name":"Mvila","latitude":"2.79796000","longitude":"11.39434000"},"sangm\u00e9lima":{"id":19255,"name":"Sangm\u00e9lima","latitude":"2.93333000","longitude":"11.98333000"}}},"southwest":{"id":2658,"name":"Southwest","state_code":"SW","latitude":"36.19088130","longitude":"-95.88974480","type":null,"cities":{"bamusso":{"id":19144,"name":"Bamusso","latitude":"4.45910000","longitude":"8.90270000"},"bekondo":{"id":19154,"name":"Bekondo","latitude":"4.68190000","longitude":"9.32140000"},"buea":{"id":19160,"name":"Buea","latitude":"4.15342000","longitude":"9.24231000"},"fakodivision":{"id":19175,"name":"Fako Division","latitude":"4.16667000","longitude":"9.16667000"},"fontem":{"id":19177,"name":"Fontem","latitude":"5.46850000","longitude":"9.88180000"},"kumba":{"id":19192,"name":"Kumba","latitude":"4.63630000","longitude":"9.44690000"},"lebialem":{"id":19195,"name":"Lebialem","latitude":"5.56043000","longitude":"9.92316000"},"limbe":{"id":19196,"name":"Limbe","latitude":"4.02356000","longitude":"9.20607000"},"mamfe":{"id":19200,"name":"Mamfe","latitude":"5.75132000","longitude":"9.31370000"},"mundemba":{"id":19226,"name":"Mundemba","latitude":"4.94790000","longitude":"8.87240000"},"mutengene":{"id":19227,"name":"Mutengene","latitude":"4.09130000","longitude":"9.31440000"},"muyuka":{"id":19228,"name":"Muyuka","latitude":"4.28980000","longitude":"9.41030000"},"nguti":{"id":19240,"name":"Nguti","latitude":"5.32990000","longitude":"9.41850000"},"tiko":{"id":19260,"name":"Tiko","latitude":"4.07500000","longitude":"9.36005000"}}},"west":{"id":2664,"name":"West","state_code":"OU","latitude":"37.03649890","longitude":"-95.67059870","type":null,"cities":{"bafang":{"id":19138,"name":"Bafang","latitude":"5.15705000","longitude":"10.17710000"},"bafoussam":{"id":19140,"name":"Bafoussam","latitude":"5.47775000","longitude":"10.41759000"},"bamendjou":{"id":19143,"name":"Bamendjou","latitude":"5.38988000","longitude":"10.33014000"},"bana":{"id":19145,"name":"Bana","latitude":"5.14655000","longitude":"10.27545000"},"bandjoun":{"id":19146,"name":"Bandjoun","latitude":"5.37568000","longitude":"10.41326000"},"bangangt\u00e9":{"id":19147,"name":"Bangangt\u00e9","latitude":"5.14079000","longitude":"10.52535000"},"bansoa":{"id":19149,"name":"Bansoa","latitude":"5.44836000","longitude":"10.31355000"},"bazou":{"id":19153,"name":"Bazou","latitude":"5.06001000","longitude":"10.46751000"},"dschang":{"id":19171,"name":"Dschang","latitude":"5.44397000","longitude":"10.05332000"},"foumban":{"id":19178,"name":"Foumban","latitude":"5.72662000","longitude":"10.89865000"},"foumbot":{"id":19179,"name":"Foumbot","latitude":"5.50803000","longitude":"10.63250000"},"hauts-plateaux":{"id":19184,"name":"Hauts-Plateaux","latitude":"5.29632000","longitude":"10.34314000"},"koung-khi":{"id":19188,"name":"Koung-Khi","latitude":"5.33848000","longitude":"10.47453000"},"mbouda":{"id":19215,"name":"Mbouda","latitude":"5.62611000","longitude":"10.25421000"},"ngou":{"id":19239,"name":"Ngou","latitude":"5.19685000","longitude":"10.38595000"},"noun":{"id":19244,"name":"Noun","latitude":"5.64123000","longitude":"10.91840000"},"tonga":{"id":19261,"name":"Tonga","latitude":"4.96667000","longitude":"10.70000000"}}}}}