{"id":151,"name":"Myanmar","iso3":"MMR","iso2":"MM","numeric_code":"104","phonecode":"95","capital":"Nay Pyi Taw","currency":"MMK","currency_name":"Burmese kyat","currency_symbol":"K","tld":".mm","native":"\u1019\u103c\u1014\u103a\u1019\u102c","region":"Asia","region_id":3,"subregion":"South-Eastern Asia","subregion_id":13,"nationality":"Burmese","timezones":[{"zoneName":"Asia/Yangon","gmtOffset":23400,"gmtOffsetName":"UTC+06:30","abbreviation":"MMT","tzName":"Myanmar Standard Time"}],"translations":{"ko":"\ubbf8\uc580\ub9c8","pt-BR":"Myanmar","pt":"Myanmar","nl":"Myanmar","hr":"Mijanmar","fa":"\u0645\u06cc\u0627\u0646\u0645\u0627\u0631","de":"Myanmar","es":"Myanmar","fr":"Myanmar","ja":"\u30df\u30e3\u30f3\u30de\u30fc","it":"Birmania","zh-CN":"\u7f05\u7538","tr":"Myanmar","ru":"\u041c\u044c\u044f\u043d\u043c\u0430","uk":"\u041c\u0027\u044f\u043d\u043c\u0430","pl":"Birma"},"latitude":"22.00000000","longitude":"98.00000000","emoji":"\ud83c\uddf2\ud83c\uddf2","emojiU":"U+1F1F2 U+1F1F2","states":{"ayeyarwady":{"id":2142,"name":"Ayeyarwady","state_code":"07","latitude":"17.03421250","longitude":"95.22666750","type":"region","cities":{"bogale":{"id":67633,"name":"Bogale","latitude":"16.29415000","longitude":"95.39742000"},"hinthada":{"id":67639,"name":"Hinthada","latitude":"17.64944000","longitude":"95.45705000"},"kyaiklat":{"id":67646,"name":"Kyaiklat","latitude":"16.44502000","longitude":"95.72373000"},"maubin":{"id":67656,"name":"Maubin","latitude":"16.73148000","longitude":"95.65441000"},"mawlamyinegyunn":{"id":67659,"name":"Mawlamyinegyunn","latitude":"16.37720000","longitude":"95.26488000"},"myanaung":{"id":67666,"name":"Myanaung","latitude":"18.28651000","longitude":"95.32014000"},"nyaungdon":{"id":67673,"name":"Nyaungdon","latitude":"17.04459000","longitude":"95.63957000"},"pathein":{"id":67677,"name":"Pathein","latitude":"16.77919000","longitude":"94.73212000"},"pyapon":{"id":67680,"name":"Pyapon","latitude":"16.28543000","longitude":"95.67882000"},"wakema":{"id":67701,"name":"Wakema","latitude":"16.60333000","longitude":"95.18278000"}}},"bago":{"id":2141,"name":"Bago","state_code":"02","latitude":"17.32207110","longitude":"96.46632860","type":"region","cities":{"bago":{"id":67631,"name":"Bago","latitude":"17.33521000","longitude":"96.48135000"},"letpandan":{"id":67651,"name":"Letpandan","latitude":"17.78664000","longitude":"95.75076000"},"nyaunglebin":{"id":67674,"name":"Nyaunglebin","latitude":"17.95363000","longitude":"96.72247000"},"paungde":{"id":67678,"name":"Paungde","latitude":"18.49167000","longitude":"95.50591000"},"pyay":{"id":67681,"name":"Pyay","latitude":"18.82464000","longitude":"95.22216000"},"pyu":{"id":67684,"name":"Pyu","latitude":"18.48130000","longitude":"96.43742000"},"taungoo":{"id":67694,"name":"Taungoo","latitude":"18.94291000","longitude":"96.43408000"},"thanatpin":{"id":67695,"name":"Thanatpin","latitude":"17.29136000","longitude":"96.57523000"},"tharyarwady":{"id":67696,"name":"Tharyarwady","latitude":"17.65399000","longitude":"95.78813000"}}},"chin":{"id":2137,"name":"Chin","state_code":"14","latitude":"22.00869780","longitude":"93.58126920","type":"state","cities":{"falam":{"id":67637,"name":"Falam","latitude":"22.91335000","longitude":"93.67779000"},"hakha":{"id":67638,"name":"Hakha","latitude":"22.64452000","longitude":"93.61076000"}}},"kachin":{"id":2143,"name":"Kachin","state_code":"11","latitude":"25.85090400","longitude":"97.43813550","type":"state","cities":{"bhamo":{"id":67632,"name":"Bhamo","latitude":"24.25256000","longitude":"97.23357000"},"myitkyina":{"id":67671,"name":"Myitkyina","latitude":"25.38327000","longitude":"97.39637000"}}},"kayah":{"id":2144,"name":"Kayah","state_code":"12","latitude":"19.23420610","longitude":"97.26528580","type":"state","cities":{"loikaw":{"id":67652,"name":"Loikaw","latitude":"19.67798000","longitude":"97.20975000"}}},"kayin":{"id":2133,"name":"Kayin","state_code":"13","latitude":"16.94593460","longitude":"97.95928630","type":"state","cities":{"dellok":{"id":67636,"name":"Dellok","latitude":"16.04072000","longitude":"97.91773000"},"hpa-an":{"id":67640,"name":"Hpa-An","latitude":"16.88953000","longitude":"97.63482000"},"klonhtoug":{"id":67644,"name":"Klonhtoug","latitude":"15.95411000","longitude":"98.43250000"},"kyainseikgyitownship":{"id":67648,"name":"Kyain Seikgyi Township","latitude":"15.82288000","longitude":"98.25257000"},"mikenaungea":{"id":67661,"name":"Mikenaungea","latitude":"15.95846000","longitude":"98.42721000"},"myawadi":{"id":67667,"name":"Myawadi","latitude":"16.68911000","longitude":"98.50893000"},"pulei":{"id":67679,"name":"Pulei","latitude":"16.06243000","longitude":"97.88280000"},"tagondaing":{"id":67690,"name":"Tagondaing","latitude":"16.06750000","longitude":"97.90694000"},"tamoowoug":{"id":67691,"name":"Tamoowoug","latitude":"16.03447000","longitude":"97.91458000"}}},"magway":{"id":2136,"name":"Magway","state_code":"03","latitude":"19.88713860","longitude":"94.72775280","type":"region","cities":{"chauk":{"id":67634,"name":"Chauk","latitude":"20.89921000","longitude":"94.81784000"},"magway":{"id":67653,"name":"Magway","latitude":"20.14956000","longitude":"94.93246000"},"minbu":{"id":67662,"name":"Minbu","latitude":"20.18059000","longitude":"94.87595000"},"myaydo":{"id":67668,"name":"Myaydo","latitude":"19.36838000","longitude":"95.21512000"},"pakokku":{"id":67676,"name":"Pakokku","latitude":"21.33489000","longitude":"95.08438000"},"taungdwingyi":{"id":67692,"name":"Taungdwingyi","latitude":"20.00650000","longitude":"95.54531000"},"thayetmyo":{"id":67698,"name":"Thayetmyo","latitude":"19.32076000","longitude":"95.18272000"},"yenangyaung":{"id":67704,"name":"Yenangyaung","latitude":"20.46504000","longitude":"94.87120000"}}},"mandalay":{"id":2134,"name":"Mandalay","state_code":"04","latitude":"21.56190580","longitude":"95.89871390","type":"region","cities":{"kyaukse":{"id":67649,"name":"Kyaukse","latitude":"21.60560000","longitude":"96.13508000"},"mandalay":{"id":67654,"name":"Mandalay","latitude":"21.97473000","longitude":"96.08359000"},"meiktila":{"id":67660,"name":"Meiktila","latitude":"20.87776000","longitude":"95.85844000"},"mogok":{"id":67663,"name":"Mogok","latitude":"22.91766000","longitude":"96.50982000"},"myingyan":{"id":67670,"name":"Myingyan","latitude":"21.46002000","longitude":"95.38840000"},"nyaungshwe":{"id":67675,"name":"Nyaungshwe","latitude":"20.66084000","longitude":"96.93405000"},"pyinoolwin":{"id":67682,"name":"Pyin Oo Lwin","latitude":"22.03501000","longitude":"96.45683000"},"yamethin":{"id":67702,"name":"Yamethin","latitude":"20.43189000","longitude":"96.13875000"}}},"monstate":{"id":2147,"name":"Mon State","state_code":"15","latitude":"16.30031330","longitude":"97.69822720","type":"state","cities":{"kyaikkami":{"id":67645,"name":"Kyaikkami","latitude":"16.07686000","longitude":"97.56388000"},"kyaikto":{"id":67647,"name":"Kyaikto","latitude":"17.30858000","longitude":"97.01124000"},"martaban":{"id":67655,"name":"Martaban","latitude":"16.52834000","longitude":"97.61570000"},"mawlamyine":{"id":67658,"name":"Mawlamyine","latitude":"16.49051000","longitude":"97.62825000"},"mudon":{"id":67665,"name":"Mudon","latitude":"16.25624000","longitude":"97.72460000"},"thaton":{"id":67697,"name":"Thaton","latitude":"16.91867000","longitude":"97.37001000"}}},"naypyidaw":{"id":2146,"name":"Naypyidaw","state_code":"18","latitude":"19.93862450","longitude":"96.15269850","type":"union territory","cities":{"naypyitaw":{"id":67672,"name":"Nay Pyi Taw","latitude":"19.74500000","longitude":"96.12972000"},"pyinmana":{"id":67683,"name":"Pyinmana","latitude":"19.73810000","longitude":"96.20742000"}}},"rakhine":{"id":2138,"name":"Rakhine","state_code":"16","latitude":"20.10408180","longitude":"93.58126920","type":"state","cities":{"sittwe":{"id":67687,"name":"Sittwe","latitude":"20.14624000","longitude":"92.89835000"}}},"sagaing":{"id":2145,"name":"Sagaing","state_code":"01","latitude":"24.42838100","longitude":"95.39395510","type":"region","cities":{"mawlaik":{"id":67657,"name":"Mawlaik","latitude":"23.64254000","longitude":"94.40478000"},"monywa":{"id":67664,"name":"Monywa","latitude":"22.10856000","longitude":"95.13583000"},"sagaing":{"id":67685,"name":"Sagaing","latitude":"21.87870000","longitude":"95.97965000"},"shwebo":{"id":67686,"name":"Shwebo","latitude":"22.56925000","longitude":"95.69818000"}}},"shan":{"id":2139,"name":"Shan","state_code":"17","latitude":"22.03619850","longitude":"98.13385580","type":"state","cities":{"lashio":{"id":67650,"name":"Lashio","latitude":"22.93590000","longitude":"97.74980000"},"tachilek":{"id":67689,"name":"Tachilek","latitude":"20.44750000","longitude":"99.88083000"},"taunggyi":{"id":67693,"name":"Taunggyi","latitude":"20.78919000","longitude":"97.03776000"}}},"tanintharyi":{"id":2140,"name":"Tanintharyi","state_code":"05","latitude":"12.47068760","longitude":"99.01289260","type":"region","cities":{"dawei":{"id":67635,"name":"Dawei","latitude":"14.08230000","longitude":"98.19151000"},"kawthoung":{"id":67642,"name":"Kawthoung","latitude":"9.98238000","longitude":"98.55034000"},"myeik":{"id":67669,"name":"Myeik","latitude":"12.43954000","longitude":"98.60028000"}}},"yangon":{"id":2135,"name":"Yangon","state_code":"06","latitude":"16.91434880","longitude":"96.15269850","type":"region","cities":{"kanbe":{"id":67641,"name":"Kanbe","latitude":"16.70728000","longitude":"96.00168000"},"kayan":{"id":67643,"name":"Kayan","latitude":"16.90802000","longitude":"96.56037000"},"syriam":{"id":67688,"name":"Syriam","latitude":"16.76887000","longitude":"96.24503000"},"thongwa":{"id":67699,"name":"Thongwa","latitude":"16.75998000","longitude":"96.52498000"},"twante":{"id":67700,"name":"Twante","latitude":"16.71047000","longitude":"95.92866000"},"yangon":{"id":67703,"name":"Yangon","latitude":"16.80528000","longitude":"96.15611000"}}}}}