{"id":244,"name":"Western Sahara","iso3":"ESH","iso2":"EH","numeric_code":"732","phone_code":"212","capital":"El-Aaiun","currency":"MAD","currency_name":"Moroccan Dirham","currency_symbol":"MAD","tld":".eh","native":"\u0627\u0644\u0635\u062d\u0631\u0627\u0621 \u0627\u0644\u063a\u0631\u0628\u064a\u0629","region":"Africa","region_id":"1","subregion":"Northern Africa","subregion_id":"1","nationality":"Sahrawi, Sahrawian, Sahraouian","timezones":[{"zoneName":"Africa/El_Aaiun","gmtOffset":3600,"gmtOffsetName":"UTC+01:00","abbreviation":"WEST","tzName":"Western European Summer Time"}],"translations":{"kr":"\uc11c\uc0ac\ud558\ub77c","pt-BR":"Saara Ocidental","pt":"Saara Ocidental","nl":"Westelijke Sahara","hr":"Zapadna Sahara","fa":"\u062c\u0645\u0647\u0648\u0631\u06cc \u062f\u0645\u0648\u06a9\u0631\u0627\u062a\u06cc\u06a9 \u0639\u0631\u0628\u06cc \u0635\u062d\u0631\u0627","de":"Westsahara","es":"Sahara Occidental","fr":"Sahara Occidental","ja":"\u897f\u30b5\u30cf\u30e9","it":"Sahara Occidentale","cn":"\u897f\u6492\u54c8\u62c9","tr":"Bati Sahra","ru":"\u0417\u0430\u043f\u0430\u0434\u043d\u0430\u044f \u0421\u0430\u0445\u0430\u0440\u0430","uk":"\u0417\u0430\u0445\u0456\u0434\u043d\u0430 \u0421\u0430\u0445\u0430\u0440\u0430","pl":"Sahara Zachodnia"},"latitude":"24.50000000","longitude":"-13.00000000","emoji":"\ud83c\uddea\ud83c\udded","emojiU":"U+1F1EA U+1F1ED"}