{"id":154,"name":"Nepal","iso3":"NPL","iso2":"NP","numeric_code":"524","phone_code":"977","capital":"Kathmandu","currency":"NPR","currency_name":"Nepalese rupee","currency_symbol":"\u20a8","tld":".np","native":"\u0928\u092a\u0932","region":"Asia","region_id":"3","subregion":"Southern Asia","subregion_id":"14","nationality":"Nepali, Nepalese","timezones":[{"zoneName":"Asia/Kathmandu","gmtOffset":20700,"gmtOffsetName":"UTC+05:45","abbreviation":"NPT","tzName":"Nepal Time"}],"translations":{"kr":"\ub124\ud314","pt-BR":"Nepal","pt":"Nepal","nl":"Nepal","hr":"Nepal","fa":"\u0646\u067e\u0627\u0644","de":"N\u00e9pal","es":"Nepal","fr":"N\u00e9pal","ja":"\u30cd\u30d1\u30fc\u30eb","it":"Nepal","cn":"\u5c3c\u6cca\u5c14","tr":"Nepal"},"latitude":"28.00000000","longitude":"84.00000000","emoji":"\ud83c\uddf3\ud83c\uddf5","emojiU":"U+1F1F3 U+1F1F5","states":{"bagmatizone":{"id":2082,"name":"Bagmati Zone","state_code":"BA","latitude":"28.03675770","longitude":"85.43755740","type":null},"bherizone":{"id":2071,"name":"Bheri Zone","state_code":"BH","latitude":"28.51745600","longitude":"81.77870210","type":null},"centralregion":{"id":2073,"name":"Central Region","state_code":"1","latitude":null,"longitude":null,"type":null,"cities":{"banep\u0101":{"id":79705,"name":"Banep\u0101","latitude":"27.63245000","longitude":"85.52192000"},"bharatpur":{"id":79707,"name":"Bharatpur","latitude":"27.67680000","longitude":"84.43589000"},"birga\u00f1j":{"id":79713,"name":"Birga\u00f1j","latitude":"27.01709000","longitude":"84.88080000"},"dhulikhel":{"id":79722,"name":"Dhulikhel","latitude":"27.62210000","longitude":"85.54281000"},"gaur":{"id":79726,"name":"Gaur","latitude":"26.76448000","longitude":"85.27841000"},"haribdrtamanghouse":{"id":79728,"name":"Hari Bdr Tamang House","latitude":"27.62890000","longitude":"85.45893000"},"hetauda":{"id":79729,"name":"Hetauda","latitude":"27.42839000","longitude":"85.03219000"},"jaleshwar":{"id":79732,"name":"Jaleshwar","latitude":"26.64921000","longitude":"85.80017000"},"janakpur":{"id":79733,"name":"Janakpur","latitude":"26.72882000","longitude":"85.92628000"},"kankrabaridovan":{"id":79759,"name":"kankrabari Dovan","latitude":"27.62881000","longitude":"85.45934000"},"kathmandu":{"id":79735,"name":"Kathmandu","latitude":"27.70169000","longitude":"85.32060000"},"kirtipur":{"id":79737,"name":"Kirtipur","latitude":"27.67872000","longitude":"85.27750000"},"madhyapurthimi":{"id":79740,"name":"Madhyapur Thimi","latitude":"27.68056000","longitude":"85.38750000"},"mala\u1e45gaw\u0101":{"id":79742,"name":"Mala\u1e45gaw\u0101","latitude":"26.85658000","longitude":"85.55940000"},"nagarkot":{"id":79743,"name":"Nagarkot","latitude":"27.71522000","longitude":"85.52075000"},"panauti":{"id":79746,"name":"Panauti","latitude":"27.58466000","longitude":"85.52122000"},"p\u0101tan":{"id":79749,"name":"P\u0101tan","latitude":"27.67658000","longitude":"85.31417000"},"r\u0101mechh\u0101p":{"id":79751,"name":"R\u0101mechh\u0101p","latitude":"27.32560000","longitude":"86.08768000"}}},"dhaulagirizone":{"id":2080,"name":"Dhaulagiri Zone","state_code":"DH","latitude":"28.61117600","longitude":"83.50702030","type":null},"easterndevelopmentregion":{"id":2069,"name":"Eastern Development Region","state_code":"4","latitude":"27.33090720","longitude":"87.06242610","type":null,"cities":{"bhadrapur":{"id":79706,"name":"Bhadrapur","latitude":"26.54404000","longitude":"88.09436000"},"bhojpur":{"id":79709,"name":"Bhojpur","latitude":"27.17150000","longitude":"87.04607000"},"biratnagar":{"id":79711,"name":"Biratnagar","latitude":"26.45505000","longitude":"87.27007000"},"dhankut\u0101":{"id":79720,"name":"Dhankut\u0101","latitude":"26.98333000","longitude":"87.33333000"},"dhar\u0101n":{"id":79721,"name":"Dhar\u0101n","latitude":"26.81436000","longitude":"87.27972000"},"il\u0101m":{"id":79730,"name":"Il\u0101m","latitude":"26.90943000","longitude":"87.92824000"},"inaruwa":{"id":79731,"name":"Inaruwa","latitude":"26.60675000","longitude":"87.14780000"},"khanbari":{"id":79736,"name":"Khanbari","latitude":"27.37604000","longitude":"87.20767000"},"lah\u0101n":{"id":79738,"name":"Lah\u0101n","latitude":"26.72022000","longitude":"86.48258000"},"lobujya":{"id":79739,"name":"Lobujya","latitude":"27.95000000","longitude":"86.81667000"},"namchebazar":{"id":79744,"name":"Namche Bazar","latitude":"27.80528000","longitude":"86.71058000"},"r\u0101jbir\u0101j":{"id":79750,"name":"R\u0101jbir\u0101j","latitude":"26.53968000","longitude":"86.74796000"},"siraha":{"id":79753,"name":"Siraha","latitude":"26.65422000","longitude":"86.20795000"},"titahari":{"id":79754,"name":"Titahari","latitude":"26.66371000","longitude":"87.27403000"},"triyuga":{"id":79755,"name":"Triyuga","latitude":"26.79190000","longitude":"86.69900000"}}},"far-westerndevelopmentregion":{"id":2068,"name":"Far-Western Development Region","state_code":"5","latitude":"29.29878710","longitude":"80.98710740","type":null,"cities":{"dadeldhur\u0101":{"id":79717,"name":"Dadeldhur\u0101","latitude":"29.29842000","longitude":"80.58059000"},"dhanga\u1e0dhi\u0307\u0304":{"id":79719,"name":"Dhanga\u1e0dhi\u0307\u0304","latitude":"28.70137000","longitude":"80.58975000"},"dipayal":{"id":79724,"name":"Dipayal","latitude":"29.26083000","longitude":"80.94000000"},"mahendranagar":{"id":79741,"name":"Mahendranagar","latitude":"28.96399000","longitude":"80.17715000"},"\u1e6cik\u0101pur":{"id":79760,"name":"\u1e6cik\u0101pur","latitude":"28.52823000","longitude":"81.11798000"}}},"gandakizone":{"id":2081,"name":"Gandaki Zone","state_code":"GA","latitude":"28.37320370","longitude":"84.43827210","type":null},"janakpurzone":{"id":2076,"name":"Janakpur Zone","state_code":"JA","latitude":"27.21108990","longitude":"86.01215730","type":null},"karnalizone":{"id":2079,"name":"Karnali Zone","state_code":"KA","latitude":"29.38625550","longitude":"82.38857830","type":null},"kosizone":{"id":2072,"name":"Kosi Zone","state_code":"KO","latitude":"27.05365240","longitude":"87.30161320","type":null},"lumbinizone":{"id":2074,"name":"Lumbini Zone","state_code":"LU","latitude":"27.45000000","longitude":"83.25000000","type":null},"mahakalizone":{"id":2083,"name":"Mahakali Zone","state_code":"MA","latitude":"29.36010790","longitude":"80.54384500","type":null},"mechizone":{"id":2070,"name":"Mechi Zone","state_code":"ME","latitude":"26.87600070","longitude":"87.93348030","type":null},"mid-westernregion":{"id":2066,"name":"Mid-Western Region","state_code":"2","latitude":"38.41118410","longitude":"-90.38320980","type":null,"cities":{"bhojpur":{"id":79710,"name":"Bhojpur","latitude":"27.93565000","longitude":"81.77555000"},"birendranagar":{"id":79712,"name":"Birendranagar","latitude":"28.60194000","longitude":"81.63389000"},"dailekh":{"id":79718,"name":"Dailekh","latitude":"28.84434000","longitude":"81.71011000"},"gulariy\u0101":{"id":79727,"name":"Gulariy\u0101","latitude":"28.20580000","longitude":"81.34532000"},"jumla":{"id":79734,"name":"Jumla","latitude":"29.27472000","longitude":"82.18383000"},"nepalgunj":{"id":79745,"name":"Nepalgunj","latitude":"28.05000000","longitude":"81.61667000"},"tuls\u012bpur":{"id":79756,"name":"Tuls\u012bpur","latitude":"28.13099000","longitude":"82.29726000"}}},"narayanizone":{"id":2075,"name":"Narayani Zone","state_code":"NA","latitude":"27.36117660","longitude":"84.85679320","type":null},"raptizone":{"id":2077,"name":"Rapti Zone","state_code":"RA","latitude":"28.27434700","longitude":"82.38857830","type":null},"sagarmathazone":{"id":2084,"name":"Sagarmatha Zone","state_code":"SA","latitude":"27.32382630","longitude":"86.74163740","type":null},"setizone":{"id":2078,"name":"Seti Zone","state_code":"SE","latitude":"29.69054270","longitude":"81.33994140","type":null},"westernregion":{"id":2067,"name":"Western Region","state_code":"3","latitude":null,"longitude":null,"type":null,"cities":{"b\u0101glung":{"id":79715,"name":"B\u0101glung","latitude":"28.27189000","longitude":"83.58975000"},"bhattaraidanda":{"id":79708,"name":"Bhattarai Danda","latitude":"27.88333000","longitude":"83.93333000"},"butw\u0101l":{"id":79714,"name":"Butw\u0101l","latitude":"27.70055000","longitude":"83.44836000"},"chitre":{"id":79716,"name":"Chitre","latitude":"28.42673000","longitude":"83.69076000"},"d\u0101rchul\u0101":{"id":79725,"name":"D\u0101rchul\u0101","latitude":"29.83000000","longitude":"80.55000000"},"dihi":{"id":79723,"name":"Dihi","latitude":"27.87552000","longitude":"83.92759000"},"pokhara":{"id":79748,"name":"Pokhara","latitude":"28.26689000","longitude":"83.96851000"},"siddharthanagar":{"id":79752,"name":"Siddharthanagar","latitude":"27.50000000","longitude":"83.45000000"},"t\u0101nsen":{"id":79757,"name":"T\u0101nsen","latitude":"27.86731000","longitude":"83.54670000"},"w\u0101li\u1e45":{"id":79758,"name":"W\u0101li\u1e45","latitude":"27.98370000","longitude":"83.75925000"}}}}}