{"id":201,"name":"Slovenia","iso3":"SVN","iso2":"SI","numeric_code":"705","phone_code":"386","capital":"Ljubljana","currency":"EUR","currency_name":"Euro","currency_symbol":"\u20ac","tld":".si","native":"Slovenija","region":"Europe","region_id":"4","subregion":"Southern Europe","subregion_id":"16","nationality":"Slovenian, Slovene","timezones":[{"zoneName":"Europe/Ljubljana","gmtOffset":3600,"gmtOffsetName":"UTC+01:00","abbreviation":"CET","tzName":"Central European Time"}],"translations":{"kr":"\uc2ac\ub85c\ubca0\ub2c8\uc544","pt-BR":"Eslov\u00eania","pt":"Eslov\u00e9nia","nl":"Sloveni\u00eb","hr":"Slovenija","fa":"\u0627\u0633\u0644\u0648\u0648\u0646\u06cc","de":"Slowenien","es":"Eslovenia","fr":"Slov\u00e9nie","ja":"\u30b9\u30ed\u30d9\u30cb\u30a2","it":"Slovenia","cn":"\u65af\u6d1b\u6587\u5c3c\u4e9a","tr":"Slovenya"},"latitude":"46.11666666","longitude":"14.81666666","emoji":"\ud83c\uddf8\ud83c\uddee","emojiU":"U+1F1F8 U+1F1EE","states":{"ajdov\u0161\u010dinamunicipality":{"id":4183,"name":"Ajdov\u0161\u010dina Municipality","state_code":"001","latitude":"45.88707760","longitude":"13.90428180","type":null,"cities":{"ajdov\u0161\u010dina":{"id":104059,"name":"Ajdov\u0161\u010dina","latitude":"45.88601000","longitude":"13.90946000"},"cirkulane":{"id":104084,"name":"Cirkulane","latitude":"46.34408000","longitude":"15.99472000"},"lokavec":{"id":104174,"name":"Lokavec","latitude":"45.90167000","longitude":"13.87972000"}}},"ankaranmunicipality":{"id":4326,"name":"Ankaran Municipality","state_code":"213","latitude":"45.57845100","longitude":"13.73691740","type":null,"cities":{"ankaran":{"id":104060,"name":"Ankaran","latitude":"45.57861000","longitude":"13.73611000"}}},"beltincimunicipality":{"id":4301,"name":"Beltinci Municipality","state_code":"002","latitude":"46.60791530","longitude":"16.23651270","type":null,"cities":{"beltinci":{"id":104063,"name":"Beltinci","latitude":"46.60528000","longitude":"16.24056000"},"gan\u010dani":{"id":104104,"name":"Gan\u010dani","latitude":"46.63250000","longitude":"16.25111000"},"lipovci":{"id":104166,"name":"Lipovci","latitude":"46.62833000","longitude":"16.22806000"},"zgornjegorje":{"id":104331,"name":"Zgornje Gorje","latitude":"46.37962000","longitude":"14.06937000"}}},"benediktmunicipality":{"id":4166,"name":"Benedikt Municipality","state_code":"148","latitude":"46.61558410","longitude":"15.89572810","type":null,"cities":{"benedikt":{"id":104064,"name":"Benedikt","latitude":"46.60861000","longitude":"15.88833000"}}},"bistricaobsotlimunicipality":{"id":4179,"name":"Bistrica ob Sotli Municipality","state_code":"149","latitude":"46.05655790","longitude":"15.66259470","type":null,"cities":{"bistricaobsotli":{"id":104067,"name":"Bistrica ob Sotli","latitude":"46.05889000","longitude":"15.66417000"}}},"bledmunicipality":{"id":4202,"name":"Bled Municipality","state_code":"003","latitude":"46.36832660","longitude":"14.11457980","type":null,"cities":{"bled":{"id":104069,"name":"Bled","latitude":"46.36917000","longitude":"14.11361000"},"kostanjevicanakrki":{"id":104144,"name":"Kostanjevica na Krki","latitude":"45.84611000","longitude":"15.42222000"},"zasip":{"id":104326,"name":"Zasip","latitude":"46.39284000","longitude":"14.10869000"}}},"blokemunicipality":{"id":4278,"name":"Bloke Municipality","state_code":"150","latitude":"45.77281410","longitude":"14.50634590","type":null,"cities":{"novavas":{"id":104207,"name":"Nova Vas","latitude":"45.77167000","longitude":"14.50583000"}}},"bohinjmunicipality":{"id":4282,"name":"Bohinj Municipality","state_code":"004","latitude":"46.30056520","longitude":"13.94271950","type":null,"cities":{"bohinjskabistrica":{"id":104070,"name":"Bohinjska Bistrica","latitude":"46.27216000","longitude":"13.95350000"},"dragomer":{"id":104100,"name":"Dragomer","latitude":"46.01667000","longitude":"14.38333000"},"logpribrezovici":{"id":104172,"name":"Log pri Brezovici","latitude":"46.01667000","longitude":"14.36667000"}}},"borovnicamunicipality":{"id":4200,"name":"Borovnica Municipality","state_code":"005","latitude":"45.90445250","longitude":"14.38241890","type":null,"cities":{"borovnica":{"id":104071,"name":"Borovnica","latitude":"45.91583000","longitude":"14.36306000"},"makole":{"id":104180,"name":"Makole","latitude":"46.31722000","longitude":"15.66722000"}}},"bovecmunicipality":{"id":4181,"name":"Bovec Municipality","state_code":"006","latitude":"46.33804950","longitude":"13.55241740","type":null,"cities":{"bovec":{"id":104072,"name":"Bovec","latitude":"46.33808000","longitude":"13.55245000"},"mirna":{"id":104190,"name":"Mirna","latitude":"45.95528000","longitude":"15.06194000"}}},"braslov\u010demunicipality":{"id":4141,"name":"Braslov\u010de Municipality","state_code":"151","latitude":"46.28361920","longitude":"15.04183200","type":null,"cities":{"braslov\u010de":{"id":104073,"name":"Braslov\u010de","latitude":"46.28972000","longitude":"15.03889000"}}},"brdamunicipality":{"id":4240,"name":"Brda Municipality","state_code":"007","latitude":"45.99756520","longitude":"13.52704740","type":null,"cities":{"dobrovo":{"id":104094,"name":"Dobrovo","latitude":"45.99639000","longitude":"13.52639000"},"mokronog":{"id":104195,"name":"Mokronog","latitude":"45.93417000","longitude":"15.14083000"}}},"bre\u017eicemunicipality":{"id":4215,"name":"Bre\u017eice Municipality","state_code":"009","latitude":"45.90410960","longitude":"15.59436390","type":null,"cities":{"bre\u017eice":{"id":104076,"name":"Bre\u017eice","latitude":"45.90333000","longitude":"15.59111000"},"polj\u010dane":{"id":104227,"name":"Polj\u010dane","latitude":"46.31194000","longitude":"15.57917000"}}},"brezovicamunicipality":{"id":4165,"name":"Brezovica Municipality","state_code":"008","latitude":"45.95593510","longitude":"14.43499520","type":null,"cities":{"brezovicapriljubljani":{"id":104075,"name":"Brezovica pri Ljubljani","latitude":"46.03333000","longitude":"14.40000000"},"notranjegorice":{"id":104205,"name":"Notranje Gorice","latitude":"45.98750000","longitude":"14.39889000"},"op\u0161tinaljubljana-vi\u010d-rudnik":{"id":104214,"name":"Op\u0161tina Ljubljana-Vi\u010d-Rudnik","latitude":"46.03333000","longitude":"14.41667000"},"re\u010dicaobsavinji":{"id":104254,"name":"Re\u010dica ob Savinji","latitude":"46.31667000","longitude":"14.91667000"},"vnanjegorice":{"id":104316,"name":"Vnanje Gorice","latitude":"46.00722000","longitude":"14.42194000"}}},"cankovamunicipality":{"id":4147,"name":"Cankova Municipality","state_code":"152","latitude":"46.71823700","longitude":"16.01972220","type":null,"cities":{"cankova":{"id":104078,"name":"Cankova","latitude":"46.72083000","longitude":"16.02250000"}}},"cerkljenagorenjskemmunicipality":{"id":4310,"name":"Cerklje na Gorenjskem Municipality","state_code":"012","latitude":"46.25170540","longitude":"14.48579790","type":null,"cities":{"cerkljenagorenjskem":{"id":104080,"name":"Cerklje na Gorenjskem","latitude":"46.25417000","longitude":"14.48861000"}}},"cerknicamunicipality":{"id":4162,"name":"Cerknica Municipality","state_code":"013","latitude":"45.79662550","longitude":"14.39217700","type":null,"cities":{"cerknica":{"id":104081,"name":"Cerknica","latitude":"45.79306000","longitude":"14.36250000"},"rakek":{"id":104246,"name":"Rakek","latitude":"45.81333000","longitude":"14.31111000"}}},"cerknomunicipality":{"id":4178,"name":"Cerkno Municipality","state_code":"014","latitude":"46.12884140","longitude":"13.98940270","type":null,"cities":{"cerkno":{"id":104082,"name":"Cerkno","latitude":"46.12556000","longitude":"13.98167000"}}},"cerkvenjakmunicipality":{"id":4176,"name":"Cerkvenjak Municipality","state_code":"153","latitude":"46.56707110","longitude":"15.94297530","type":null,"cities":{"cerkvenjak":{"id":104083,"name":"Cerkvenjak","latitude":"46.57056000","longitude":"15.94361000"}}},"citymunicipalityofcelje":{"id":4191,"name":"City Municipality of Celje","state_code":"011","latitude":"46.23974950","longitude":"15.26770630","type":null,"cities":{"celje":{"id":104079,"name":"Celje","latitude":"46.23092000","longitude":"15.26044000"},"ljube\u010dna":{"id":104168,"name":"Ljube\u010dna","latitude":"46.25567000","longitude":"15.32430000"},"trnovljepricelju":{"id":104299,"name":"Trnovlje pri Celju","latitude":"46.25667000","longitude":"15.29528000"}}},"citymunicipalityofnovomesto":{"id":4236,"name":"City Municipality of Novo Mesto","state_code":"085","latitude":"45.80108240","longitude":"15.17100890","type":null,"cities":{"novomesto":{"id":104208,"name":"Novo Mesto","latitude":"45.80397000","longitude":"15.16886000"}}},"\u010cren\u0161ovcimunicipality":{"id":4151,"name":"\u010cren\u0161ovci Municipality","state_code":"015","latitude":"46.57200290","longitude":"16.28773460","type":null,"cities":{"\u010cren\u0161ovci":{"id":104337,"name":"\u010cren\u0161ovci","latitude":"46.55794000","longitude":"16.30410000"}}},"\u010crnanakoro\u0161kemmunicipality":{"id":4232,"name":"\u010crna na Koro\u0161kem Municipality","state_code":"016","latitude":"46.47045290","longitude":"14.84999980","type":null,"cities":{"\u010crnanakoro\u0161kem":{"id":104338,"name":"\u010crna na Koro\u0161kem","latitude":"46.47045000","longitude":"14.85009000"}}},"\u010crnomeljmunicipality":{"id":4291,"name":"\u010crnomelj Municipality","state_code":"017","latitude":"45.53612250","longitude":"15.19441430","type":null,"cities":{"\u010crnomelj":{"id":104339,"name":"\u010crnomelj","latitude":"45.57111000","longitude":"15.18889000"}}},"destrnikmunicipality":{"id":4304,"name":"Destrnik Municipality","state_code":"018","latitude":"46.49223680","longitude":"15.87779560","type":null,"cities":{"destrnik":{"id":104087,"name":"Destrnik","latitude":"46.49254000","longitude":"15.87893000"}}},"diva\u010damunicipality":{"id":4167,"name":"Diva\u010da Municipality","state_code":"019","latitude":"45.68060690","longitude":"13.97203120","type":null,"cities":{"diva\u010da":{"id":104088,"name":"Diva\u010da","latitude":"45.68472000","longitude":"13.97028000"}}},"dobjemunicipality":{"id":4295,"name":"Dobje Municipality","state_code":"154","latitude":"46.13700370","longitude":"15.39412900","type":null,"cities":{"dobjepriplanini":{"id":104090,"name":"Dobje pri Planini","latitude":"46.13747000","longitude":"15.39412000"}}},"dobrepoljemunicipality":{"id":4216,"name":"Dobrepolje Municipality","state_code":"020","latitude":"45.85249510","longitude":"14.70831090","type":null,"cities":{"videm":{"id":104309,"name":"Videm","latitude":"45.85000000","longitude":"14.69417000"}}},"dobrnamunicipality":{"id":4252,"name":"Dobrna Municipality","state_code":"155","latitude":"46.33561410","longitude":"15.22597320","type":null,"cities":{"dobrna":{"id":104091,"name":"Dobrna","latitude":"46.33750000","longitude":"15.22639000"}}},"dobrova\u2013polhovgradecmunicipality":{"id":4308,"name":"Dobrova\u2013Polhov Gradec Municipality","state_code":"021","latitude":"46.06488960","longitude":"14.31681950","type":null,"cities":{"dobrova":{"id":104092,"name":"Dobrova","latitude":"46.04580000","longitude":"14.39186000"}}},"dobrovnikmunicipality":{"id":4189,"name":"Dobrovnik Municipality","state_code":"156","latitude":"46.65386620","longitude":"16.35065940","type":null,"cities":{"dobrovnik":{"id":104093,"name":"Dobrovnik","latitude":"46.65139000","longitude":"16.35250000"}}},"dolpriljubljanimunicipality":{"id":4173,"name":"Dol pri Ljubljani Municipality","state_code":"022","latitude":"46.08843860","longitude":"14.64247920","type":null,"cities":{"dolpriljubljani":{"id":104096,"name":"Dol pri Ljubljani","latitude":"46.08861000","longitude":"14.60083000"}}},"dolenjsketoplicemunicipality":{"id":4281,"name":"Dolenjske Toplice Municipality","state_code":"157","latitude":"45.73457110","longitude":"15.01294930","type":null,"cities":{"dolenjsketoplice":{"id":104097,"name":"Dolenjske Toplice","latitude":"45.75657000","longitude":"15.05917000"}}},"dom\u017ealemunicipality":{"id":4159,"name":"Dom\u017eale Municipality","state_code":"023","latitude":"46.14382690","longitude":"14.63752790","type":null,"cities":{"dob":{"id":104089,"name":"Dob","latitude":"46.15194000","longitude":"14.62861000"},"dom\u017eale":{"id":104098,"name":"Dom\u017eale","latitude":"46.13774000","longitude":"14.59371000"},"radomlje":{"id":104244,"name":"Radomlje","latitude":"46.17361000","longitude":"14.61222000"},"vir":{"id":104312,"name":"Vir","latitude":"46.15325000","longitude":"14.60741000"}}},"dornavamunicipality":{"id":4290,"name":"Dornava Municipality","state_code":"024","latitude":"46.44435130","longitude":"15.98891590","type":null,"cities":{"dornava":{"id":104099,"name":"Dornava","latitude":"46.43667000","longitude":"15.95361000"}}},"dravogradmunicipality":{"id":4345,"name":"Dravograd Municipality","state_code":"025","latitude":"46.58921900","longitude":"15.02460210","type":null,"cities":{"dravograd":{"id":104102,"name":"Dravograd","latitude":"46.58806000","longitude":"15.01917000"}}},"duplekmunicipality":{"id":4213,"name":"Duplek Municipality","state_code":"026","latitude":"46.50100160","longitude":"15.75463070","type":null,"cities":{"spodnjiduplek":{"id":104283,"name":"Spodnji Duplek","latitude":"46.50306000","longitude":"15.74528000"},"zgornjiduplek":{"id":104334,"name":"Zgornji Duplek","latitude":"46.51361000","longitude":"15.72083000"}}},"gorenjavas\u2013poljanemunicipality":{"id":4293,"name":"Gorenja Vas\u2013Poljane Municipality","state_code":"027","latitude":"46.11165820","longitude":"14.11493480","type":null,"cities":{"gorenjavas":{"id":104106,"name":"Gorenja Vas","latitude":"46.10722000","longitude":"14.14806000"}}},"gori\u0161nicamunicipality":{"id":4210,"name":"Gori\u0161nica Municipality","state_code":"028","latitude":"46.41202710","longitude":"16.01330890","type":null,"cities":{"gori\u0161nica":{"id":104107,"name":"Gori\u0161nica","latitude":"46.41472000","longitude":"16.01389000"}}},"gorjemunicipality":{"id":4284,"name":"Gorje Municipality","state_code":"207","latitude":"46.38024580","longitude":"14.06853390","type":null},"gornjaradgonamunicipality":{"id":4343,"name":"Gornja Radgona Municipality","state_code":"029","latitude":"46.67670990","longitude":"15.99108470","type":null,"cities":{"gornjaradgona":{"id":104108,"name":"Gornja Radgona","latitude":"46.67333000","longitude":"15.99222000"}}},"gornjigradmunicipality":{"id":4339,"name":"Gornji Grad Municipality","state_code":"030","latitude":"46.29617120","longitude":"14.80623470","type":null,"cities":{"gornjigrad":{"id":104109,"name":"Gornji Grad","latitude":"46.29528000","longitude":"14.80833000"}}},"gornjipetrovcimunicipality":{"id":4271,"name":"Gornji Petrovci Municipality","state_code":"031","latitude":"46.80371280","longitude":"16.21913790","type":null,"cities":{"gornjipetrovci":{"id":104110,"name":"Gornji Petrovci","latitude":"46.80528000","longitude":"16.22250000"}}},"gradmunicipality":{"id":4217,"name":"Grad Municipality","state_code":"158","latitude":"46.80873200","longitude":"16.10920600","type":null,"cities":{"grad":{"id":104112,"name":"Grad","latitude":"46.80000000","longitude":"16.10000000"}}},"grosupljemunicipality":{"id":4336,"name":"Grosuplje Municipality","state_code":"032","latitude":"45.95576450","longitude":"14.65889900","type":null,"cities":{"grosuplje":{"id":104113,"name":"Grosuplje","latitude":"45.95556000","longitude":"14.65889000"},"\u0160marje-sap":{"id":104357,"name":"\u0160marje-Sap","latitude":"45.97618000","longitude":"14.61177000"}}},"hajdinamunicipality":{"id":4145,"name":"Hajdina Municipality","state_code":"159","latitude":"46.41850140","longitude":"15.82447220","type":null,"cities":{"spodnjahajdina":{"id":104279,"name":"Spodnja Hajdina","latitude":"46.40889000","longitude":"15.84694000"}}},"ho\u010de\u2013slivnicamunicipality":{"id":4175,"name":"Ho\u010de\u2013Slivnica Municipality","state_code":"160","latitude":"46.47785800","longitude":"15.64760050","type":null,"cities":{"hotinjavas":{"id":104116,"name":"Hotinja Vas","latitude":"46.46667000","longitude":"15.66667000"},"radizel":{"id":104242,"name":"Radizel","latitude":"46.47444000","longitude":"15.65583000"},"rogoza":{"id":104260,"name":"Rogoza","latitude":"46.50000000","longitude":"15.68333000"},"spodnjeho\u010de":{"id":104281,"name":"Spodnje Ho\u010de","latitude":"46.50000000","longitude":"15.65000000"}}},"hodo\u0161municipality":{"id":4327,"name":"Hodo\u0161 Municipality","state_code":"161","latitude":"46.83141340","longitude":"16.32106800","type":null,"cities":{"hodo\u0161":{"id":104114,"name":"Hodo\u0161","latitude":"46.82333000","longitude":"16.33417000"}}},"horjulmunicipality":{"id":4193,"name":"Horjul Municipality","state_code":"162","latitude":"46.02253780","longitude":"14.29862690","type":null,"cities":{"horjul":{"id":104115,"name":"Horjul","latitude":"46.02361000","longitude":"14.29917000"}}},"hrastnikmunicipality":{"id":4341,"name":"Hrastnik Municipality","state_code":"034","latitude":"46.14172880","longitude":"15.08448940","type":null,"cities":{"dolprihrastniku":{"id":104095,"name":"Dol pri Hrastniku","latitude":"46.14194000","longitude":"15.11278000"},"hrastnik":{"id":104118,"name":"Hrastnik","latitude":"46.14611000","longitude":"15.08139000"}}},"hrpelje\u2013kozinamunicipality":{"id":4321,"name":"Hrpelje\u2013Kozina Municipality","state_code":"035","latitude":"45.60911920","longitude":"13.93791480","type":null,"cities":{"kozina":{"id":104147,"name":"Kozina","latitude":"45.61000000","longitude":"13.93556000"}}},"idrijamunicipality":{"id":4152,"name":"Idrija Municipality","state_code":"036","latitude":"46.00409390","longitude":"13.97754930","type":null,"cities":{"idrija":{"id":104122,"name":"Idrija","latitude":"46.00278000","longitude":"14.03056000"},"spodnjaidrija":{"id":104280,"name":"Spodnja Idrija","latitude":"46.03194000","longitude":"14.02722000"}}},"igmunicipality":{"id":4286,"name":"Ig Municipality","state_code":"037","latitude":"45.95888680","longitude":"14.52705280","type":null,"cities":{"ig":{"id":104123,"name":"Ig","latitude":"45.96028000","longitude":"14.52889000"}}},"ivan\u010dnagoricamunicipality":{"id":4305,"name":"Ivan\u010dna Gorica Municipality","state_code":"039","latitude":"45.93958410","longitude":"14.80476260","type":null,"cities":{"ivan\u010dnagorica":{"id":104125,"name":"Ivan\u010dna Gorica","latitude":"45.93833000","longitude":"14.80444000"},"\u0160entvidpristi\u010dni":{"id":104350,"name":"\u0160entvid pri Sti\u010dni","latitude":"45.95004000","longitude":"14.84344000"}}},"izolamunicipality":{"id":4322,"name":"Izola Municipality","state_code":"040","latitude":"45.53135570","longitude":"13.66646490","type":null,"cities":{"izola":{"id":104127,"name":"Izola","latitude":"45.53694000","longitude":"13.66194000"},"jagodje":{"id":104128,"name":"Jagodje","latitude":"45.52845000","longitude":"13.64721000"}}},"jesenicemunicipality":{"id":4337,"name":"Jesenice Municipality","state_code":"041","latitude":"46.43670470","longitude":"14.05260570","type":null,"cities":{"hru\u0161ica":{"id":104120,"name":"Hru\u0161ica","latitude":"46.44500000","longitude":"14.01778000"},"jesenice":{"id":104130,"name":"Jesenice","latitude":"46.43056000","longitude":"14.06694000"},"koro\u0161kabela":{"id":104143,"name":"Koro\u0161ka Bela","latitude":"46.44913000","longitude":"14.11135000"},"slovenskijavornik":{"id":104274,"name":"Slovenski Javornik","latitude":"46.42611000","longitude":"14.08722000"}}},"jezerskomunicipality":{"id":4203,"name":"Jezersko Municipality","state_code":"163","latitude":"46.39427940","longitude":"14.49855590","type":null,"cities":{"zgornjejezersko":{"id":104332,"name":"Zgornje Jezersko","latitude":"46.39410000","longitude":"14.50659000"}}},"jur\u0161incimunicipality":{"id":4266,"name":"Jur\u0161inci Municipality","state_code":"042","latitude":"46.48986510","longitude":"15.98092300","type":null,"cities":{"jur\u0161inci":{"id":104131,"name":"Jur\u0161inci","latitude":"46.48472000","longitude":"15.97139000"}}},"kamnikmunicipality":{"id":4180,"name":"Kamnik Municipality","state_code":"043","latitude":"46.22216660","longitude":"14.60707270","type":null,"cities":{"kamnik":{"id":104133,"name":"Kamnik","latitude":"46.22587000","longitude":"14.61207000"},"mekinje":{"id":104184,"name":"Mekinje","latitude":"46.23333000","longitude":"14.61667000"},"\u0160marca":{"id":104355,"name":"\u0160marca","latitude":"46.19333000","longitude":"14.59667000"}}},"kanalobso\u010dimunicipality":{"id":4227,"name":"Kanal ob So\u010di Municipality","state_code":"044","latitude":"46.06735300","longitude":"13.62033500","type":null,"cities":{"deskle":{"id":104086,"name":"Deskle","latitude":"46.05307000","longitude":"13.61382000"},"kanal":{"id":104134,"name":"Kanal","latitude":"46.08861000","longitude":"13.63972000"}}},"kidri\u010devomunicipality":{"id":4150,"name":"Kidri\u010devo Municipality","state_code":"045","latitude":"46.39575720","longitude":"15.79259060","type":null,"cities":{"kidri\u010devo":{"id":104135,"name":"Kidri\u010devo","latitude":"46.40361000","longitude":"15.79111000"}}},"kobaridmunicipality":{"id":4243,"name":"Kobarid Municipality","state_code":"046","latitude":"46.24569710","longitude":"13.57869490","type":null,"cities":{"kobarid":{"id":104137,"name":"Kobarid","latitude":"46.24761000","longitude":"13.57907000"}}},"kobiljemunicipality":{"id":4325,"name":"Kobilje Municipality","state_code":"047","latitude":"46.68518000","longitude":"16.39367190","type":null,"cities":{"kobilje":{"id":104138,"name":"Kobilje","latitude":"46.68472000","longitude":"16.39778000"}}},"ko\u010devjemunicipality":{"id":4335,"name":"Ko\u010devje Municipality","state_code":"048","latitude":"45.64280000","longitude":"14.86158380","type":null,"cities":{"ko\u010devje":{"id":104149,"name":"Ko\u010devje","latitude":"45.64333000","longitude":"14.86333000"}}},"komenmunicipality":{"id":4315,"name":"Komen Municipality","state_code":"049","latitude":"45.81752350","longitude":"13.74827110","type":null,"cities":{"komen":{"id":104140,"name":"Komen","latitude":"45.81528000","longitude":"13.74833000"}}},"komendamunicipality":{"id":4283,"name":"Komenda Municipality","state_code":"164","latitude":"46.20648800","longitude":"14.53824990","type":null,"cities":{"komenda":{"id":104141,"name":"Komenda","latitude":"46.20484000","longitude":"14.53839000"},"moste":{"id":104199,"name":"Moste","latitude":"46.19500000","longitude":"14.55139000"}}},"kopercitymunicipality":{"id":4319,"name":"Koper City Municipality","state_code":"050","latitude":"45.54805900","longitude":"13.73018770","type":null,"cities":{"dekani":{"id":104085,"name":"Dekani","latitude":"45.54972000","longitude":"13.81361000"},"hrvatini":{"id":104121,"name":"Hrvatini","latitude":"45.58278000","longitude":"13.75667000"},"koper":{"id":104142,"name":"Koper","latitude":"45.54694000","longitude":"13.72944000"},"pobegi":{"id":104223,"name":"Pobegi","latitude":"45.53944000","longitude":"13.79611000"},"prade":{"id":104231,"name":"Prade","latitude":"45.54003000","longitude":"13.77607000"},"spodnje\u0160kofije":{"id":104282,"name":"Spodnje \u0160kofije","latitude":"45.57167000","longitude":"13.79250000"},"sv.anton":{"id":104288,"name":"Sv. Anton","latitude":"45.52583000","longitude":"13.83194000"}}},"kostanjevicanakrkimunicipality":{"id":4254,"name":"Kostanjevica na Krki Municipality","state_code":"197","latitude":"45.83166380","longitude":"15.44119060","type":null},"kostelmunicipality":{"id":4331,"name":"Kostel Municipality","state_code":"165","latitude":"45.49282550","longitude":"14.87082350","type":null,"cities":{"kostel":{"id":104145,"name":"Kostel","latitude":"45.50842000","longitude":"14.91005000"}}},"kozjemunicipality":{"id":4186,"name":"Kozje Municipality","state_code":"051","latitude":"46.07332110","longitude":"15.55967190","type":null,"cities":{"kozje":{"id":104148,"name":"Kozje","latitude":"46.07500000","longitude":"15.56028000"}}},"kranjcitymunicipality":{"id":4287,"name":"Kranj City Municipality","state_code":"052","latitude":"46.25850210","longitude":"14.35435690","type":null,"cities":{"britof":{"id":104077,"name":"Britof","latitude":"46.26024000","longitude":"14.39037000"},"golnik":{"id":104105,"name":"Golnik","latitude":"46.33333000","longitude":"14.33333000"},"kokrica":{"id":104139,"name":"Kokrica","latitude":"46.27028000","longitude":"14.36111000"},"kranj":{"id":104150,"name":"Kranj","latitude":"46.23887000","longitude":"14.35561000"},"mlakaprikranju":{"id":104193,"name":"Mlaka pri Kranju","latitude":"46.28333000","longitude":"14.35000000"},"zgornjebitnje":{"id":104330,"name":"Zgornje Bitnje","latitude":"46.22000000","longitude":"14.33667000"}}},"kranjskagoramunicipality":{"id":4340,"name":"Kranjska Gora Municipality","state_code":"053","latitude":"46.48452930","longitude":"13.78571450","type":null,"cities":{"kranjskagora":{"id":104151,"name":"Kranjska Gora","latitude":"46.45689000","longitude":"13.77824000"},"mojstrana":{"id":104194,"name":"Mojstrana","latitude":"46.42383000","longitude":"13.87520000"}}},"kri\u017eevcimunicipality":{"id":4238,"name":"Kri\u017eevci Municipality","state_code":"166","latitude":"46.57018210","longitude":"16.10926530","type":null,"cities":{"kri\u017eevcipriljutomeru":{"id":104152,"name":"Kri\u017eevci pri Ljutomeru","latitude":"46.56833000","longitude":"16.13861000"}}},"kungota":{"id":4197,"name":"Kungota","state_code":"055","latitude":"46.64187930","longitude":"15.60362880","type":null,"cities":{"zgornjakungota":{"id":104328,"name":"Zgornja Kungota","latitude":"46.63917000","longitude":"15.61556000"}}},"kuzmamunicipality":{"id":4211,"name":"Kuzma Municipality","state_code":"056","latitude":"46.83510380","longitude":"16.08071000","type":null,"cities":{"kuzma":{"id":104156,"name":"Kuzma","latitude":"46.83694000","longitude":"16.08333000"}}},"la\u0161komunicipality":{"id":4338,"name":"La\u0161ko Municipality","state_code":"057","latitude":"46.15422360","longitude":"15.23614910","type":null,"cities":{"la\u0161ko":{"id":104158,"name":"La\u0161ko","latitude":"46.15463000","longitude":"15.23555000"}}},"lenartmunicipality":{"id":4142,"name":"Lenart Municipality","state_code":"058","latitude":"46.58344240","longitude":"15.82621250","type":null,"cities":{"lenartvslov.goricah":{"id":104160,"name":"Lenart v Slov. Goricah","latitude":"46.57611000","longitude":"15.83139000"}}},"lendavamunicipality":{"id":4225,"name":"Lendava Municipality","state_code":"059","latitude":"46.55134830","longitude":"16.44198390","type":null,"cities":{"lendava":{"id":104161,"name":"Lendava","latitude":"46.56494000","longitude":"16.45091000"}}},"litijamunicipality":{"id":4347,"name":"Litija Municipality","state_code":"060","latitude":"46.05732260","longitude":"14.83096360","type":null,"cities":{"litija":{"id":104167,"name":"Litija","latitude":"46.05861000","longitude":"14.82250000"}}},"ljubljanacitymunicipality":{"id":4270,"name":"Ljubljana City Municipality","state_code":"061","latitude":"46.05694650","longitude":"14.50575150","type":null,"cities":{"dravljedistrict":{"id":104101,"name":"Dravlje District","latitude":"46.07290000","longitude":"14.44741000"},"jar\u0161edistrict":{"id":104129,"name":"Jar\u0161e District","latitude":"46.07345000","longitude":"14.55431000"},"ljubljana":{"id":104169,"name":"Ljubljana","latitude":"46.05108000","longitude":"14.50513000"},"op\u010dinaljubljana-be\u017eigrad":{"id":104211,"name":"Op\u010dina Ljubljana-Be\u017eigrad","latitude":"46.08333000","longitude":"14.53333000"},"op\u0161tinaljubljana-center":{"id":104212,"name":"Op\u0161tina Ljubljana-Center","latitude":"46.05000000","longitude":"14.53333000"},"op\u0161tinaljubljana-moste-polje":{"id":104213,"name":"Op\u0161tina Ljubljana-Moste-Polje","latitude":"46.06667000","longitude":"14.61667000"},"ro\u017enikdistrict":{"id":104262,"name":"Ro\u017enik District","latitude":"46.05999000","longitude":"14.46779000"},"\u0160entviddistrict":{"id":104349,"name":"\u0160entvid District","latitude":"46.10559000","longitude":"14.43329000"},"sostrodistrict":{"id":104278,"name":"Sostro District","latitude":"46.04341000","longitude":"14.67293000"},"trnovodistrict":{"id":104300,"name":"Trnovo District","latitude":"46.02412000","longitude":"14.48891000"},"vi\u010ddistrict":{"id":104315,"name":"Vi\u010d District","latitude":"46.00779000","longitude":"14.46968000"}}},"ljubnomunicipality":{"id":4294,"name":"Ljubno Municipality","state_code":"062","latitude":"46.34431250","longitude":"14.83354920","type":null,"cities":{"ljubnoobsavinji":{"id":104170,"name":"Ljubno ob Savinji","latitude":"46.34358000","longitude":"14.83377000"}}},"ljutomermunicipality":{"id":4351,"name":"Ljutomer Municipality","state_code":"063","latitude":"46.51908480","longitude":"16.18932160","type":null,"cities":{"ljutomer":{"id":104171,"name":"Ljutomer","latitude":"46.52083000","longitude":"16.19750000"}}},"log\u2013dragomermunicipality":{"id":4306,"name":"Log\u2013Dragomer Municipality","state_code":"208","latitude":"46.01787470","longitude":"14.36877670","type":null},"logatecmunicipality":{"id":4350,"name":"Logatec Municipality","state_code":"064","latitude":"45.91761100","longitude":"14.23514510","type":null,"cities":{"logatec":{"id":104173,"name":"Logatec","latitude":"45.91444000","longitude":"14.22583000"}}},"lo\u0161kadolinamunicipality":{"id":4174,"name":"Lo\u0161ka Dolina Municipality","state_code":"065","latitude":"45.64779080","longitude":"14.49731470","type":null,"cities":{"leskovadolina":{"id":104163,"name":"Leskova Dolina","latitude":"45.62139000","longitude":"14.46056000"}}},"lo\u0161kipotokmunicipality":{"id":4158,"name":"Lo\u0161ki Potok Municipality","state_code":"066","latitude":"45.69096370","longitude":"14.59859700","type":null,"cities":{"hrib-lo\u0161kipotok":{"id":104119,"name":"Hrib-Lo\u0161ki Potok","latitude":"45.70688000","longitude":"14.61674000"}}},"lovrencnapohorjumunicipality":{"id":4156,"name":"Lovrenc na Pohorju Municipality","state_code":"167","latitude":"46.54196380","longitude":"15.40004430","type":null,"cities":{"lovrencnapohorju":{"id":104175,"name":"Lovrenc na Pohorju","latitude":"46.54056000","longitude":"15.39306000"}}},"lu\u010demunicipality":{"id":4219,"name":"Lu\u010de Municipality","state_code":"067","latitude":"46.35449250","longitude":"14.74715040","type":null,"cities":{"lu\u010de":{"id":104178,"name":"Lu\u010de","latitude":"46.35611000","longitude":"14.74667000"}}},"lukovicamunicipality":{"id":4302,"name":"Lukovica Municipality","state_code":"068","latitude":"46.16962930","longitude":"14.69072590","type":null,"cities":{"lukovicapridom\u017ealah":{"id":104177,"name":"Lukovica pri Dom\u017ealah","latitude":"46.16988000","longitude":"14.69179000"}}},"maj\u0161perkmunicipality":{"id":4157,"name":"Maj\u0161perk Municipality","state_code":"069","latitude":"46.35030190","longitude":"15.73405950","type":null,"cities":{"maj\u0161perk":{"id":104179,"name":"Maj\u0161perk","latitude":"46.35167000","longitude":"15.73361000"}}},"makolemunicipality":{"id":4224,"name":"Makole Municipality","state_code":"198","latitude":"46.31686970","longitude":"15.66641260","type":null},"mariborcitymunicipality":{"id":4242,"name":"Maribor City Municipality","state_code":"070","latitude":"46.55064960","longitude":"15.62054390","type":null,"cities":{"bresternica":{"id":104074,"name":"Bresternica","latitude":"46.56972000","longitude":"15.57500000"},"kamnica":{"id":104132,"name":"Kamnica","latitude":"46.57444000","longitude":"15.61417000"},"limbu\u0161":{"id":104165,"name":"Limbu\u0161","latitude":"46.55361000","longitude":"15.58361000"},"maribor":{"id":104181,"name":"Maribor","latitude":"46.55472000","longitude":"15.64667000"},"pekre":{"id":104219,"name":"Pekre","latitude":"46.54722000","longitude":"15.59556000"},"razvanje":{"id":104251,"name":"Razvanje","latitude":"46.51444000","longitude":"15.63611000"}}},"markovcimunicipality":{"id":4244,"name":"Markovci Municipality","state_code":"168","latitude":"46.38793090","longitude":"15.95860140","type":null,"cities":{"markovci":{"id":104182,"name":"Markovci","latitude":"46.39557000","longitude":"15.92831000"}}},"medvodemunicipality":{"id":4349,"name":"Medvode Municipality","state_code":"071","latitude":"46.14190800","longitude":"14.40325960","type":null,"cities":{"medvode":{"id":104183,"name":"Medvode","latitude":"46.14220000","longitude":"14.41114000"},"op\u0161tina[historical]ljubljana-\u0160i\u0161ka":{"id":104215,"name":"Op\u0161tina [historical] Ljubljana-\u0160i\u0161ka","latitude":"46.16667000","longitude":"14.43333000"},"zgornjepirni\u010de":{"id":104333,"name":"Zgornje Pirni\u010de","latitude":"46.14251000","longitude":"14.43158000"}}},"menge\u0161municipality":{"id":4348,"name":"Menge\u0161 Municipality","state_code":"072","latitude":"46.16591220","longitude":"14.57196940","type":null,"cities":{"menge\u0161":{"id":104185,"name":"Menge\u0161","latitude":"46.16694000","longitude":"14.57500000"},"preserjepriradomljah":{"id":104235,"name":"Preserje pri Radomljah","latitude":"46.16911000","longitude":"14.59698000"}}},"metlikamunicipality":{"id":4323,"name":"Metlika Municipality","state_code":"073","latitude":"45.64807150","longitude":"15.31778380","type":null,"cities":{"metlika":{"id":104186,"name":"Metlika","latitude":"45.64722000","longitude":"15.31417000"}}},"me\u017eicamunicipality":{"id":4265,"name":"Me\u017eica Municipality","state_code":"074","latitude":"46.52150270","longitude":"14.85213400","type":null,"cities":{"me\u017eica":{"id":104187,"name":"Me\u017eica","latitude":"46.52139000","longitude":"14.85444000"}}},"miklav\u017enadravskempoljumunicipality":{"id":4223,"name":"Miklav\u017e na Dravskem Polju Municipality","state_code":"169","latitude":"46.50826280","longitude":"15.69520650","type":null,"cities":{"miklav\u017enadravskempolju":{"id":104188,"name":"Miklav\u017e na Dravskem Polju","latitude":"46.50583000","longitude":"15.69722000"}}},"miren\u2013kostanjevicamunicipality":{"id":4220,"name":"Miren\u2013Kostanjevica Municipality","state_code":"075","latitude":"45.84360290","longitude":"13.62766470","type":null,"cities":{"bilje":{"id":104065,"name":"Bilje","latitude":"45.89444000","longitude":"13.63222000"},"miren":{"id":104189,"name":"Miren","latitude":"45.89556000","longitude":"13.60750000"}}},"mirnamunicipality":{"id":4298,"name":"Mirna Municipality","state_code":"212","latitude":"45.95156470","longitude":"15.06209770","type":null},"mirnape\u010dmunicipality":{"id":4237,"name":"Mirna Pe\u010d Municipality","state_code":"170","latitude":"45.84815740","longitude":"15.08794500","type":null,"cities":{"mirnape\u010d":{"id":104191,"name":"Mirna Pe\u010d","latitude":"45.86028000","longitude":"15.08333000"}}},"mislinjamunicipality":{"id":4212,"name":"Mislinja Municipality","state_code":"076","latitude":"46.44294030","longitude":"15.19876780","type":null,"cities":{"mislinja":{"id":104192,"name":"Mislinja","latitude":"46.44141000","longitude":"15.20027000"}}},"mokronog\u2013trebelnomunicipality":{"id":4297,"name":"Mokronog\u2013Trebelno Municipality","state_code":"199","latitude":"45.90885290","longitude":"15.15967360","type":null},"morav\u010demunicipality":{"id":4168,"name":"Morav\u010de Municipality","state_code":"077","latitude":"46.13627810","longitude":"14.74600100","type":null,"cities":{"morav\u010de":{"id":104197,"name":"Morav\u010de","latitude":"46.13694000","longitude":"14.74500000"}}},"moravsketoplicemunicipality":{"id":4218,"name":"Moravske Toplice Municipality","state_code":"078","latitude":"46.68569320","longitude":"16.22245820","type":null,"cities":{"moravsketoplice":{"id":104196,"name":"Moravske Toplice","latitude":"46.68313000","longitude":"16.22080000"}}},"mozirjemunicipality":{"id":4190,"name":"Mozirje Municipality","state_code":"079","latitude":"46.33943500","longitude":"14.96024130","type":null,"cities":{"mozirje":{"id":104200,"name":"Mozirje","latitude":"46.33944000","longitude":"14.96333000"}}},"municipalityofapa\u010de":{"id":4318,"name":"Municipality of Apa\u010de","state_code":"195","latitude":"46.69746790","longitude":"15.91025340","type":null,"cities":{"apa\u010de":{"id":104061,"name":"Apa\u010de","latitude":"46.69722000","longitude":"15.91056000"}}},"municipalityofcirkulane":{"id":4309,"name":"Municipality of Cirkulane","state_code":"196","latitude":"46.32983220","longitude":"15.99806660","type":null},"municipalityofilirskabistrica":{"id":4344,"name":"Municipality of Ilirska Bistrica","state_code":"038","latitude":"45.57913230","longitude":"14.28097290","type":null,"cities":{"ilirskabistrica":{"id":104124,"name":"Ilirska Bistrica","latitude":"45.56757000","longitude":"14.24571000"}}},"municipalityofkr\u0161ko":{"id":4314,"name":"Municipality of Kr\u0161ko","state_code":"054","latitude":"45.95896090","longitude":"15.49235550","type":null,"cities":{"kr\u0161ko":{"id":104155,"name":"Kr\u0161ko","latitude":"45.95915000","longitude":"15.49167000"},"leskovecprikr\u0161kem":{"id":104164,"name":"Leskovec pri Kr\u0161kem","latitude":"45.93566000","longitude":"15.47184000"},"senovo":{"id":104267,"name":"Senovo","latitude":"46.02361000","longitude":"15.47694000"}}},"municipalityof\u0160kofljica":{"id":4187,"name":"Municipality of \u0160kofljica","state_code":"123","latitude":"45.98409620","longitude":"14.57466260","type":null,"cities":{"lavrica":{"id":104157,"name":"Lavrica","latitude":"46.00002000","longitude":"14.55730000"},"\u0160kofljica":{"id":104354,"name":"\u0160kofljica","latitude":"45.98333000","longitude":"14.57667000"}}},"murskasobotacitymunicipality":{"id":4313,"name":"Murska Sobota City Municipality","state_code":"080","latitude":"46.64321470","longitude":"16.15157540","type":null,"cities":{"bakovci":{"id":104062,"name":"Bakovci","latitude":"46.61889000","longitude":"16.15028000"},"\u010cernelavci":{"id":104336,"name":"\u010cernelavci","latitude":"46.66667000","longitude":"16.13333000"},"krog":{"id":104153,"name":"Krog","latitude":"46.63806000","longitude":"16.14139000"},"murskasobota":{"id":104201,"name":"Murska Sobota","latitude":"46.66250000","longitude":"16.16639000"},"raki\u010dan":{"id":104247,"name":"Raki\u010dan","latitude":"46.65167000","longitude":"16.20417000"}}},"mutamunicipality":{"id":4208,"name":"Muta Municipality","state_code":"081","latitude":"46.60973660","longitude":"15.16299950","type":null,"cities":{"muta":{"id":104202,"name":"Muta","latitude":"46.61139000","longitude":"15.16611000"}}},"naklomunicipality":{"id":4177,"name":"Naklo Municipality","state_code":"082","latitude":"46.27186630","longitude":"14.31569320","type":null,"cities":{"naklo":{"id":104203,"name":"Naklo","latitude":"46.27278000","longitude":"14.31722000"}}},"nazarjemunicipality":{"id":4329,"name":"Nazarje Municipality","state_code":"083","latitude":"46.28217410","longitude":"14.92256290","type":null,"cities":{"nazarje":{"id":104204,"name":"Nazarje","latitude":"46.31757000","longitude":"14.94674000"}}},"novagoricacitymunicipality":{"id":4205,"name":"Nova Gorica City Municipality","state_code":"084","latitude":"45.97627600","longitude":"13.73088810","type":null,"cities":{"kromberk":{"id":104154,"name":"Kromberk","latitude":"45.96083000","longitude":"13.66556000"},"novagorica":{"id":104206,"name":"Nova Gorica","latitude":"45.95604000","longitude":"13.64837000"},"prva\u010dina":{"id":104237,"name":"Prva\u010dina","latitude":"45.89000000","longitude":"13.71806000"},"\u0160empas":{"id":104342,"name":"\u0160empas","latitude":"45.93028000","longitude":"13.74361000"},"solkan":{"id":104276,"name":"Solkan","latitude":"45.97139000","longitude":"13.64944000"}}},"odrancimunicipality":{"id":4320,"name":"Odranci Municipality","state_code":"086","latitude":"46.59010170","longitude":"16.27881650","type":null,"cities":{"odranci":{"id":104209,"name":"Odranci","latitude":"46.58667000","longitude":"16.28028000"}}},"oplotnica":{"id":4143,"name":"Oplotnica","state_code":"171","latitude":"46.38716300","longitude":"15.44581310","type":null,"cities":{"oplotnica":{"id":104210,"name":"Oplotnica","latitude":"46.38778000","longitude":"15.44667000"}}},"ormo\u017emunicipality":{"id":4221,"name":"Ormo\u017e Municipality","state_code":"087","latitude":"46.43533330","longitude":"16.15437400","type":null,"cities":{"ormo\u017e":{"id":104216,"name":"Ormo\u017e","latitude":"46.41139000","longitude":"16.15444000"}}},"osilnicamunicipality":{"id":4199,"name":"Osilnica Municipality","state_code":"088","latitude":"45.54184670","longitude":"14.71563030","type":null,"cities":{"osilnica":{"id":104217,"name":"Osilnica","latitude":"45.52914000","longitude":"14.69838000"}}},"pesnicamunicipality":{"id":4172,"name":"Pesnica Municipality","state_code":"089","latitude":"46.60887550","longitude":"15.67570510","type":null,"cities":{"pesnicaprimariboru":{"id":104220,"name":"Pesnica pri Mariboru","latitude":"46.60694000","longitude":"15.67667000"}}},"piranmunicipality":{"id":4201,"name":"Piran Municipality","state_code":"090","latitude":"45.52888560","longitude":"13.56807350","type":null,"cities":{"lucija":{"id":104176,"name":"Lucija","latitude":"45.50526000","longitude":"13.60240000"},"piran":{"id":104221,"name":"Piran","latitude":"45.52778000","longitude":"13.57056000"},"portoro\u017e":{"id":104229,"name":"Portoro\u017e","latitude":"45.51429000","longitude":"13.59206000"},"se\u010da":{"id":104269,"name":"Se\u010da","latitude":"45.49584000","longitude":"13.61466000"}}},"pivkamunicipality":{"id":4184,"name":"Pivka Municipality","state_code":"091","latitude":"45.67892960","longitude":"14.25426890","type":null,"cities":{"pivka":{"id":104222,"name":"Pivka","latitude":"45.68292000","longitude":"14.19588000"}}},"pod\u010detrtekmunicipality":{"id":4146,"name":"Pod\u010detrtek Municipality","state_code":"092","latitude":"46.17395420","longitude":"15.60138160","type":null,"cities":{"pod\u010detrtek":{"id":104226,"name":"Pod\u010detrtek","latitude":"46.15694000","longitude":"15.59861000"}}},"podlehnikmunicipality":{"id":4161,"name":"Podlehnik Municipality","state_code":"172","latitude":"46.33107820","longitude":"15.87858360","type":null,"cities":{"podlehnik":{"id":104224,"name":"Podlehnik","latitude":"46.33528000","longitude":"15.88000000"}}},"podvelkamunicipality":{"id":4234,"name":"Podvelka Municipality","state_code":"093","latitude":"46.62219520","longitude":"15.38899220","type":null,"cities":{"podvelka":{"id":104225,"name":"Podvelka","latitude":"46.58694000","longitude":"15.33056000"}}},"polj\u010danemunicipality":{"id":4239,"name":"Polj\u010dane Municipality","state_code":"200","latitude":"46.31398530","longitude":"15.57847910","type":null},"polzelamunicipality":{"id":4272,"name":"Polzela Municipality","state_code":"173","latitude":"46.28089700","longitude":"15.07373210","type":null,"cities":{"polzela":{"id":104228,"name":"Polzela","latitude":"46.28333000","longitude":"15.06667000"}}},"postojnamunicipality":{"id":4330,"name":"Postojna Municipality","state_code":"094","latitude":"45.77493900","longitude":"14.21342630","type":null,"cities":{"postojna":{"id":104230,"name":"Postojna","latitude":"45.77435000","longitude":"14.21528000"}}},"preboldmunicipality":{"id":4188,"name":"Prebold Municipality","state_code":"174","latitude":"46.23591360","longitude":"15.09369120","type":null,"cities":{"prebold":{"id":104233,"name":"Prebold","latitude":"46.23694000","longitude":"15.09250000"}}},"preddvormunicipality":{"id":4303,"name":"Preddvor Municipality","state_code":"095","latitude":"46.30171390","longitude":"14.42181650","type":null,"cities":{"preddvor":{"id":104234,"name":"Preddvor","latitude":"46.30250000","longitude":"14.42306000"}}},"prevaljemunicipality":{"id":4274,"name":"Prevalje Municipality","state_code":"175","latitude":"46.56211460","longitude":"14.88478610","type":null,"cities":{"prevalje":{"id":104236,"name":"Prevalje","latitude":"46.54694000","longitude":"14.92083000"}}},"ptujcitymunicipality":{"id":4228,"name":"Ptuj City Municipality","state_code":"096","latitude":"46.41995350","longitude":"15.86968840","type":null,"cities":{"ptuj":{"id":104238,"name":"Ptuj","latitude":"46.42005000","longitude":"15.87018000"}}},"puconcimunicipality":{"id":4288,"name":"Puconci Municipality","state_code":"097","latitude":"46.72004180","longitude":"16.09977920","type":null,"cities":{"puconci":{"id":104239,"name":"Puconci","latitude":"46.70667000","longitude":"16.15639000"}}},"ra\u010de\u2013frammunicipality":{"id":4204,"name":"Ra\u010de\u2013Fram Municipality","state_code":"098","latitude":"46.45420830","longitude":"15.63294670","type":null,"cities":{"fram":{"id":104103,"name":"Fram","latitude":"46.45600000","longitude":"15.63007000"},"morje":{"id":104198,"name":"Morje","latitude":"46.44444000","longitude":"15.62139000"},"ra\u010de":{"id":104252,"name":"Ra\u010de","latitude":"46.45194000","longitude":"15.68139000"}}},"rade\u010demunicipality":{"id":4195,"name":"Rade\u010de Municipality","state_code":"099","latitude":"46.06669540","longitude":"15.18204380","type":null,"cities":{"rade\u010de":{"id":104241,"name":"Rade\u010de","latitude":"46.06806000","longitude":"15.18389000"}}},"radencimunicipality":{"id":4292,"name":"Radenci Municipality","state_code":"100","latitude":"46.62311210","longitude":"16.05069030","type":null,"cities":{"radenci":{"id":104240,"name":"Radenci","latitude":"46.64201000","longitude":"16.03781000"}}},"radljeobdravimunicipality":{"id":4275,"name":"Radlje ob Dravi Municipality","state_code":"101","latitude":"46.61357320","longitude":"15.23544380","type":null,"cities":{"radljeobdravi":{"id":104243,"name":"Radlje ob Dravi","latitude":"46.61417000","longitude":"15.22639000"}}},"radovljicamunicipality":{"id":4231,"name":"Radovljica Municipality","state_code":"102","latitude":"46.33558270","longitude":"14.20945340","type":null,"cities":{"lesce":{"id":104162,"name":"Lesce","latitude":"46.36111000","longitude":"14.15778000"},"radovljica":{"id":104245,"name":"Radovljica","latitude":"46.34444000","longitude":"14.17444000"}}},"ravnenakoro\u0161kemmunicipality":{"id":4155,"name":"Ravne na Koro\u0161kem Municipality","state_code":"103","latitude":"46.55211940","longitude":"14.95990840","type":null,"cities":{"kotlje":{"id":104146,"name":"Kotlje","latitude":"46.52139000","longitude":"14.98694000"},"ravnenakoro\u0161kem":{"id":104249,"name":"Ravne na Koro\u0161kem","latitude":"46.54306000","longitude":"14.96917000"}}},"razkri\u017ejemunicipality":{"id":4206,"name":"Razkri\u017eje Municipality","state_code":"176","latitude":"46.52263390","longitude":"16.26686380","type":null,"cities":{"razkri\u017eje":{"id":104250,"name":"Razkri\u017eje","latitude":"46.52167000","longitude":"16.28111000"}}},"re\u010dicaobsavinjimunicipality":{"id":4160,"name":"Re\u010dica ob Savinji Municipality","state_code":"209","latitude":"46.32337900","longitude":"14.92236700","type":null},"ren\u010de\u2013vogrskomunicipality":{"id":4253,"name":"Ren\u010de\u2013Vogrsko Municipality","state_code":"201","latitude":"45.89546170","longitude":"13.67856730","type":null,"cities":{"ren\u010de":{"id":104253,"name":"Ren\u010de","latitude":"45.89000000","longitude":"13.66861000"},"vol\u010djadraga":{"id":104319,"name":"Vol\u010dja Draga","latitude":"45.90694000","longitude":"13.67750000"}}},"ribnicamunicipality":{"id":4235,"name":"Ribnica Municipality","state_code":"104","latitude":"45.74003030","longitude":"14.72657820","type":null,"cities":{"ribnica":{"id":104255,"name":"Ribnica","latitude":"45.73861000","longitude":"14.72750000"}}},"ribnicanapohorjumunicipality":{"id":4207,"name":"Ribnica na Pohorju Municipality","state_code":"177","latitude":"46.53561450","longitude":"15.26745380","type":null,"cities":{"ribnicanapohorju":{"id":104256,"name":"Ribnica na Pohorju","latitude":"46.53500000","longitude":"15.27278000"}}},"roga\u0161kaslatinamunicipality":{"id":4233,"name":"Roga\u0161ka Slatina Municipality","state_code":"106","latitude":"46.24539730","longitude":"15.62650140","type":null,"cities":{"roga\u0161kaslatina":{"id":104258,"name":"Roga\u0161ka Slatina","latitude":"46.23750000","longitude":"15.63972000"}}},"roga\u0161ovcimunicipality":{"id":4264,"name":"Roga\u0161ovci Municipality","state_code":"105","latitude":"46.80557850","longitude":"16.03452370","type":null,"cities":{"roga\u0161ovci":{"id":104259,"name":"Roga\u0161ovci","latitude":"46.80000000","longitude":"16.03333000"}}},"rogatecmunicipality":{"id":4209,"name":"Rogatec Municipality","state_code":"107","latitude":"46.22866260","longitude":"15.69913380","type":null,"cities":{"rogatec":{"id":104257,"name":"Rogatec","latitude":"46.22944000","longitude":"15.70028000"}}},"ru\u0161emunicipality":{"id":4280,"name":"Ru\u0161e Municipality","state_code":"108","latitude":"46.52062650","longitude":"15.48178690","type":null,"cities":{"bistricaobdravi":{"id":104066,"name":"Bistrica ob Dravi","latitude":"46.55419000","longitude":"15.54855000"},"ru\u0161e":{"id":104263,"name":"Ru\u0161e","latitude":"46.53944000","longitude":"15.51583000"}}},"\u0160alovcimunicipality":{"id":4222,"name":"\u0160alovci Municipality","state_code":"033","latitude":"46.85335680","longitude":"16.25917910","type":null,"cities":{"\u0160alovci":{"id":104341,"name":"\u0160alovci","latitude":"46.82500000","longitude":"16.29806000"}}},"selnicaobdravimunicipality":{"id":4230,"name":"Selnica ob Dravi Municipality","state_code":"178","latitude":"46.55139180","longitude":"15.49294100","type":null,"cities":{"selnicaobdravi":{"id":104264,"name":"Selnica ob Dravi","latitude":"46.55000000","longitude":"15.49500000"}}},"semi\u010dmunicipality":{"id":4346,"name":"Semi\u010d Municipality","state_code":"109","latitude":"45.65205340","longitude":"15.18207010","type":null,"cities":{"semi\u010d":{"id":104266,"name":"Semi\u010d","latitude":"45.64611000","longitude":"15.18222000"}}},"\u0160empeter\u2013vrtojbamunicipality":{"id":4317,"name":"\u0160empeter\u2013Vrtojba Municipality","state_code":"183","latitude":"45.92900950","longitude":"13.64155940","type":null,"cities":{"ro\u017enadolina":{"id":104261,"name":"Ro\u017ena Dolina","latitude":"45.94194000","longitude":"13.66779000"},"\u0160empeterprigorici":{"id":104343,"name":"\u0160empeter pri Gorici","latitude":"45.92750000","longitude":"13.64111000"},"vrtojba":{"id":104322,"name":"Vrtojba","latitude":"45.91250000","longitude":"13.63417000"}}},"\u0160en\u010durmunicipality":{"id":4299,"name":"\u0160en\u010dur Municipality","state_code":"117","latitude":"46.24336990","longitude":"14.41922230","type":null,"cities":{"hrastje":{"id":104117,"name":"Hrastje","latitude":"46.21667000","longitude":"14.40000000"},"\u0160en\u010dur":{"id":104351,"name":"\u0160en\u010dur","latitude":"46.24556000","longitude":"14.41972000"}}},"\u0160entiljmunicipality":{"id":4324,"name":"\u0160entilj Municipality","state_code":"118","latitude":"46.68628390","longitude":"15.71035670","type":null,"cities":{"selnicaobmuri":{"id":104265,"name":"Selnica ob Muri","latitude":"46.68333000","longitude":"15.70000000"},"\u0160entiljvslov.goricah":{"id":104345,"name":"\u0160entilj v Slov. Goricah","latitude":"46.68167000","longitude":"15.64806000"}}},"\u0160entjernejmunicipality":{"id":4241,"name":"\u0160entjernej Municipality","state_code":"119","latitude":"45.84341300","longitude":"15.33783120","type":null,"cities":{"\u0160entjernej":{"id":104346,"name":"\u0160entjernej","latitude":"45.84000000","longitude":"15.33611000"}}},"\u0160entjurmunicipality":{"id":4171,"name":"\u0160entjur Municipality","state_code":"120","latitude":"46.26543390","longitude":"15.40800000","type":null,"cities":{"\u0160entjur":{"id":104347,"name":"\u0160entjur","latitude":"46.21722000","longitude":"15.39750000"}}},"\u0160entrupertmunicipality":{"id":4311,"name":"\u0160entrupert Municipality","state_code":"211","latitude":"45.98731420","longitude":"15.08297830","type":null,"cities":{"\u0160entrupert":{"id":104348,"name":"\u0160entrupert","latitude":"45.97778000","longitude":"15.09556000"}}},"sevnicamunicipality":{"id":4268,"name":"Sevnica Municipality","state_code":"110","latitude":"46.00703170","longitude":"15.30456790","type":null,"cities":{"sevnica":{"id":104268,"name":"Sevnica","latitude":"46.00778000","longitude":"15.31556000"}}},"se\u017eanamunicipality":{"id":4149,"name":"Se\u017eana Municipality","state_code":"111","latitude":"45.72751090","longitude":"13.86619310","type":null,"cities":{"se\u017eana":{"id":104270,"name":"Se\u017eana","latitude":"45.70924000","longitude":"13.87333000"}}},"\u0160kocjanmunicipality":{"id":4170,"name":"\u0160kocjan Municipality","state_code":"121","latitude":"45.91754540","longitude":"15.31017360","type":null,"cities":{"\u0160kocjan":{"id":104352,"name":"\u0160kocjan","latitude":"45.90667000","longitude":"15.29139000"}}},"\u0160kofjalokamunicipality":{"id":4316,"name":"\u0160kofja Loka Municipality","state_code":"122","latitude":"46.14098440","longitude":"14.28118730","type":null,"cities":{"\u0160kofjaloka":{"id":104353,"name":"\u0160kofja Loka","latitude":"46.16551000","longitude":"14.30626000"},"sv.duh":{"id":104289,"name":"Sv. Duh","latitude":"46.18333000","longitude":"14.33333000"}}},"slovenjgradeccitymunicipality":{"id":4169,"name":"Slovenj Gradec City Municipality","state_code":"112","latitude":"46.48777180","longitude":"15.07294780","type":null,"cities":{"legen":{"id":104159,"name":"Legen","latitude":"46.50651000","longitude":"15.14424000"},"pame\u010de":{"id":104218,"name":"Pame\u010de","latitude":"46.53417000","longitude":"15.07917000"},"slovenjgradec":{"id":104271,"name":"Slovenj Gradec","latitude":"46.51028000","longitude":"15.08056000"},"\u0160martnoprislovenjgradcu":{"id":104361,"name":"\u0160martno pri Slovenj Gradcu","latitude":"46.48944000","longitude":"15.10667000"}}},"slovenskabistricamunicipality":{"id":4332,"name":"Slovenska Bistrica Municipality","state_code":"113","latitude":"46.39198130","longitude":"15.57278690","type":null,"cities":{"pragersko":{"id":104232,"name":"Pragersko","latitude":"46.39667000","longitude":"15.66000000"},"slovenskabistrica":{"id":104272,"name":"Slovenska Bistrica","latitude":"46.39278000","longitude":"15.57444000"},"zgornjapolskava":{"id":104329,"name":"Zgornja Polskava","latitude":"46.42556000","longitude":"15.61222000"}}},"slovenskekonjicemunicipality":{"id":4198,"name":"Slovenske Konjice Municipality","state_code":"114","latitude":"46.33691910","longitude":"15.42147080","type":null,"cities":{"slovenskekonjice":{"id":104273,"name":"Slovenske Konjice","latitude":"46.33667000","longitude":"15.42583000"}}},"\u0160marjeprijel\u0161ahmunicipality":{"id":4285,"name":"\u0160marje pri Jel\u0161ah Municipality","state_code":"124","latitude":"46.22870250","longitude":"15.51903530","type":null,"cities":{"\u0160marjeprijel\u0161ah":{"id":104356,"name":"\u0160marje pri Jel\u0161ah","latitude":"46.22722000","longitude":"15.51917000"}}},"\u0160marje\u0161ketoplicemunicipality":{"id":4289,"name":"\u0160marje\u0161ke Toplice Municipality","state_code":"206","latitude":"45.86803770","longitude":"15.23474220","type":null,"cities":{"\u0160marjeta":{"id":104358,"name":"\u0160marjeta","latitude":"45.88333000","longitude":"15.25000000"}}},"\u0160martnoobpakimunicipality":{"id":4296,"name":"\u0160martno ob Paki Municipality","state_code":"125","latitude":"46.32903720","longitude":"15.03339370","type":null,"cities":{"\u0160martnoobpaki":{"id":104359,"name":"\u0160martno ob Paki","latitude":"46.33333000","longitude":"15.03333000"}}},"\u0160martnoprilitijimunicipality":{"id":4279,"name":"\u0160martno pri Litiji Municipality","state_code":"194","latitude":"46.04549710","longitude":"14.84101330","type":null,"cities":{"\u0160martnoprilitiji":{"id":104360,"name":"\u0160martno pri Litiji","latitude":"46.04444000","longitude":"14.84417000"}}},"sodra\u017eicamunicipality":{"id":4277,"name":"Sodra\u017eica Municipality","state_code":"179","latitude":"45.76165650","longitude":"14.63528530","type":null,"cities":{"sodra\u017eica":{"id":104275,"name":"Sodra\u017eica","latitude":"45.76111000","longitude":"14.63556000"}}},"sol\u010davamunicipality":{"id":4261,"name":"Sol\u010dava Municipality","state_code":"180","latitude":"46.40235260","longitude":"14.68023040","type":null,"cities":{"sol\u010dava":{"id":104277,"name":"Sol\u010dava","latitude":"46.41944000","longitude":"14.69361000"}}},"\u0160o\u0161tanjmunicipality":{"id":4248,"name":"\u0160o\u0161tanj Municipality","state_code":"126","latitude":"46.37828360","longitude":"15.04613780","type":null,"cities":{"ravne":{"id":104248,"name":"Ravne","latitude":"46.41413000","longitude":"15.06087000"},"\u0160o\u0161tanj":{"id":104362,"name":"\u0160o\u0161tanj","latitude":"46.38000000","longitude":"15.04861000"},"topol\u0161ica":{"id":104296,"name":"Topol\u0161ica","latitude":"46.40028000","longitude":"15.02157000"}}},"sredi\u0161\u010deobdravi":{"id":4263,"name":"Sredi\u0161\u010de ob Dravi","state_code":"202","latitude":"46.39592820","longitude":"16.27049150","type":null,"cities":{"sredi\u0161\u010deobdravi":{"id":104284,"name":"Sredi\u0161\u010de ob Dravi","latitude":"46.39417000","longitude":"16.26806000"}}},"star\u0161emunicipality":{"id":4259,"name":"Star\u0161e Municipality","state_code":"115","latitude":"46.46743310","longitude":"15.76405460","type":null,"cities":{"star\u0161e":{"id":104285,"name":"Star\u0161e","latitude":"46.46583000","longitude":"15.76722000"}}},"\u0160toremunicipality":{"id":4185,"name":"\u0160tore Municipality","state_code":"127","latitude":"46.22225140","longitude":"15.31261160","type":null,"cities":{"\u0160tore":{"id":104363,"name":"\u0160tore","latitude":"46.22083000","longitude":"15.31389000"}}},"stra\u017eamunicipality":{"id":4333,"name":"Stra\u017ea Municipality","state_code":"203","latitude":"45.77684280","longitude":"15.09486940","type":null,"cities":{"stra\u017ea":{"id":104286,"name":"Stra\u017ea","latitude":"45.78000000","longitude":"15.07278000"}}},"svetaanamunicipality":{"id":4164,"name":"Sveta Ana Municipality","state_code":"181","latitude":"46.65000000","longitude":"15.84527800","type":null,"cities":{"sv.anavslov.goricah":{"id":104287,"name":"Sv. Ana v Slov. Goricah","latitude":"46.64917000","longitude":"15.84417000"}}},"svetatrojicavslovenskihgoricahmunicipality":{"id":4260,"name":"Sveta Trojica v Slovenskih Goricah Municipality","state_code":"204","latitude":"46.56808090","longitude":"15.88230640","type":null,"cities":{"sv.trojicavslov.goricah":{"id":104290,"name":"Sv. Trojica v Slov. Goricah","latitude":"46.57667000","longitude":"15.87694000"}}},"svetiandra\u017evslovenskihgoricahmunicipality":{"id":4229,"name":"Sveti Andra\u017e v Slovenskih Goricah Municipality","state_code":"182","latitude":"46.51897470","longitude":"15.94982620","type":null,"cities":{"vitomarci":{"id":104314,"name":"Vitomarci","latitude":"46.52750000","longitude":"15.93944000"}}},"svetijurijob\u0160\u010davnicimunicipality":{"id":4255,"name":"Sveti Jurij ob \u0160\u010davnici Municipality","state_code":"116","latitude":"46.56874520","longitude":"16.02225280","type":null},"svetijurijvslovenskihgoricahmunicipality":{"id":4328,"name":"Sveti Jurij v Slovenskih Goricah Municipality","state_code":"210","latitude":"46.61707910","longitude":"15.78046770","type":null,"cities":{"svetijurijob\u0160\u010davnici":{"id":104291,"name":"Sveti Jurij ob \u0160\u010davnici","latitude":"46.56950000","longitude":"16.02347000"}}},"svetitoma\u017emunicipality":{"id":4273,"name":"Sveti Toma\u017e Municipality","state_code":"205","latitude":"46.48352830","longitude":"16.07944200","type":null,"cities":{"svetitoma\u017e":{"id":104292,"name":"Sveti Toma\u017e","latitude":"46.48417000","longitude":"16.08361000"}}},"tabormunicipality":{"id":4194,"name":"Tabor Municipality","state_code":"184","latitude":"46.21079210","longitude":"15.01742490","type":null,"cities":{"tabor":{"id":104293,"name":"Tabor","latitude":"46.23611000","longitude":"15.01833000"}}},"ti\u0161inamunicipality":{"id":4312,"name":"Ti\u0161ina Municipality","state_code":"010","latitude":"46.65418840","longitude":"16.07547810","type":null,"cities":{"ti\u0161ina":{"id":104294,"name":"Ti\u0161ina","latitude":"46.65806000","longitude":"16.09167000"}}},"tolminmunicipality":{"id":4247,"name":"Tolmin Municipality","state_code":"128","latitude":"46.18571880","longitude":"13.73198380","type":null,"cities":{"tolmin":{"id":104295,"name":"Tolmin","latitude":"46.18304000","longitude":"13.73321000"}}},"trbovljemunicipality":{"id":4246,"name":"Trbovlje Municipality","state_code":"129","latitude":"46.15035630","longitude":"15.04531370","type":null,"cities":{"trbovlje":{"id":104297,"name":"Trbovlje","latitude":"46.15500000","longitude":"15.05333000"}}},"trebnjemunicipality":{"id":4214,"name":"Trebnje Municipality","state_code":"130","latitude":"45.90801630","longitude":"15.01319050","type":null,"cities":{"trebnje":{"id":104298,"name":"Trebnje","latitude":"45.90417000","longitude":"15.02167000"}}},"trnovskavasmunicipality":{"id":4153,"name":"Trnovska Vas Municipality","state_code":"185","latitude":"46.52940350","longitude":"15.88531180","type":null,"cities":{"trnovskavas":{"id":104301,"name":"Trnovska Vas","latitude":"46.52019000","longitude":"15.88657000"}}},"tr\u017ei\u010dmunicipality":{"id":4250,"name":"Tr\u017ei\u010d Municipality","state_code":"131","latitude":"46.35935140","longitude":"14.30066230","type":null,"cities":{"bistricapritr\u017ei\u010du":{"id":104068,"name":"Bistrica pri Tr\u017ei\u010du","latitude":"46.35472000","longitude":"14.29167000"},"tr\u017ei\u010d":{"id":104303,"name":"Tr\u017ei\u010d","latitude":"46.36357000","longitude":"14.31046000"}}},"trzinmunicipality":{"id":4334,"name":"Trzin Municipality","state_code":"186","latitude":"46.12982410","longitude":"14.55776370","type":null,"cities":{"\u010crnu\u010dedistrict":{"id":104340,"name":"\u010crnu\u010de District","latitude":"46.11506000","longitude":"14.55371000"},"trzin":{"id":104302,"name":"Trzin","latitude":"46.13333000","longitude":"14.56667000"}}},"turni\u0161\u010demunicipality":{"id":4251,"name":"Turni\u0161\u010de Municipality","state_code":"132","latitude":"46.61375040","longitude":"16.32021000","type":null,"cities":{"turni\u0161\u010de":{"id":104304,"name":"Turni\u0161\u010de","latitude":"46.62778000","longitude":"16.32028000"}}},"velikapolanamunicipality":{"id":4267,"name":"Velika Polana Municipality","state_code":"187","latitude":"46.57317150","longitude":"16.34441260","type":null,"cities":{"velikapolana":{"id":104305,"name":"Velika Polana","latitude":"46.57194000","longitude":"16.34694000"}}},"velikela\u0161\u010demunicipality":{"id":4144,"name":"Velike La\u0161\u010de Municipality","state_code":"134","latitude":"45.83365910","longitude":"14.63623630","type":null,"cities":{"velikela\u0161\u010de":{"id":104306,"name":"Velike La\u0161\u010de","latitude":"45.83222000","longitude":"14.63639000"}}},"ver\u017eejmunicipality":{"id":4257,"name":"Ver\u017eej Municipality","state_code":"188","latitude":"46.58411350","longitude":"16.16208000","type":null,"cities":{"ver\u017eej":{"id":104308,"name":"Ver\u017eej","latitude":"46.58361000","longitude":"16.16528000"}}},"videmmunicipality":{"id":4300,"name":"Videm Municipality","state_code":"135","latitude":"46.36383300","longitude":"15.87812120","type":null,"cities":{"vidempriptuju":{"id":104310,"name":"Videm pri Ptuju","latitude":"46.36861000","longitude":"15.90639000"}}},"vipavamunicipality":{"id":4196,"name":"Vipava Municipality","state_code":"136","latitude":"45.84126740","longitude":"13.96096130","type":null,"cities":{"vipava":{"id":104311,"name":"Vipava","latitude":"45.84667000","longitude":"13.96306000"}}},"vitanjemunicipality":{"id":4148,"name":"Vitanje Municipality","state_code":"137","latitude":"46.38153230","longitude":"15.29506870","type":null,"cities":{"vitanje":{"id":104313,"name":"Vitanje","latitude":"46.38167000","longitude":"15.29583000"}}},"vodicemunicipality":{"id":4154,"name":"Vodice Municipality","state_code":"138","latitude":"46.18966430","longitude":"14.49385390","type":null,"cities":{"vodice":{"id":104317,"name":"Vodice","latitude":"46.18987000","longitude":"14.49492000"}}},"vojnikmunicipality":{"id":4245,"name":"Vojnik Municipality","state_code":"139","latitude":"46.29205810","longitude":"15.30205800","type":null,"cities":{"vojnik":{"id":104318,"name":"Vojnik","latitude":"46.29333000","longitude":"15.30333000"}}},"vranskomunicipality":{"id":4163,"name":"Vransko Municipality","state_code":"189","latitude":"46.23900600","longitude":"14.95272490","type":null,"cities":{"vransko":{"id":104320,"name":"Vransko","latitude":"46.24389000","longitude":"14.95139000"}}},"vrhnikamunicipality":{"id":4262,"name":"Vrhnika Municipality","state_code":"140","latitude":"45.95027190","longitude":"14.32764220","type":null,"cities":{"verd":{"id":104307,"name":"Verd","latitude":"45.95667000","longitude":"14.30583000"},"vrhnika":{"id":104321,"name":"Vrhnika","latitude":"45.96350000","longitude":"14.29484000"}}},"vuzenicamunicipality":{"id":4226,"name":"Vuzenica Municipality","state_code":"141","latitude":"46.59808360","longitude":"15.16572370","type":null,"cities":{"vuzenica":{"id":104323,"name":"Vuzenica","latitude":"46.59639000","longitude":"15.16722000"}}},"zagorjeobsavimunicipality":{"id":4269,"name":"Zagorje ob Savi Municipality","state_code":"142","latitude":"46.13452020","longitude":"14.99643840","type":null,"cities":{"izlake":{"id":104126,"name":"Izlake","latitude":"46.15000000","longitude":"14.95000000"},"kisovec":{"id":104136,"name":"Kisovec","latitude":"46.13911000","longitude":"14.96295000"},"zagorjeobsavi":{"id":104325,"name":"Zagorje ob Savi","latitude":"46.13179000","longitude":"14.99694000"}}},"\u017dalecmunicipality":{"id":4258,"name":"\u017dalec Municipality","state_code":"190","latitude":"46.25197120","longitude":"15.16500720","type":null,"cities":{"gotovlje":{"id":104111,"name":"Gotovlje","latitude":"46.27418000","longitude":"15.15186000"},"\u0160empetervsavinj.dolini":{"id":104344,"name":"\u0160empeter v Savinj. Dolini","latitude":"46.25639000","longitude":"15.12194000"},"zabukovica":{"id":104324,"name":"Zabukovica","latitude":"46.21408000","longitude":"15.15954000"},"\u017dalec":{"id":104364,"name":"\u017dalec","latitude":"46.25151000","longitude":"15.16482000"}}},"zavr\u010dmunicipality":{"id":4182,"name":"Zavr\u010d Municipality","state_code":"143","latitude":"46.35713000","longitude":"16.04777470","type":null,"cities":{"zavr\u010d":{"id":104327,"name":"Zavr\u010d","latitude":"46.39167000","longitude":"16.04972000"}}},"\u017deleznikimunicipality":{"id":4256,"name":"\u017delezniki Municipality","state_code":"146","latitude":"46.22563770","longitude":"14.16936170","type":null,"cities":{"\u017delezniki":{"id":104365,"name":"\u017delezniki","latitude":"46.22482000","longitude":"14.17205000"}}},"\u017detalemunicipality":{"id":4249,"name":"\u017detale Municipality","state_code":"191","latitude":"46.27428330","longitude":"15.79133590","type":null,"cities":{"\u017detale":{"id":104366,"name":"\u017detale","latitude":"46.27356000","longitude":"15.82658000"}}},"\u017dirimunicipality":{"id":4192,"name":"\u017diri Municipality","state_code":"147","latitude":"46.04724990","longitude":"14.10984510","type":null,"cities":{"\u017diri":{"id":104367,"name":"\u017diri","latitude":"46.04222000","longitude":"14.10722000"}}},"\u017dirovnicamunicipality":{"id":4276,"name":"\u017dirovnica Municipality","state_code":"192","latitude":"46.39544030","longitude":"14.15396320","type":null,"cities":{"\u017dirovnica":{"id":104368,"name":"\u017dirovnica","latitude":"46.40472000","longitude":"14.14000000"}}},"zre\u010demunicipality":{"id":4342,"name":"Zre\u010de Municipality","state_code":"144","latitude":"46.41777860","longitude":"15.37094310","type":null,"cities":{"zre\u010de":{"id":104335,"name":"Zre\u010de","latitude":"46.38222000","longitude":"15.37917000"}}},"\u017du\u017eemberkmunicipality":{"id":4307,"name":"\u017du\u017eemberk Municipality","state_code":"193","latitude":"45.82003500","longitude":"14.95359190","type":null,"cities":{"\u017du\u017eemberk":{"id":104369,"name":"\u017du\u017eemberk","latitude":"45.83389000","longitude":"14.92917000"}}}}}