{"id":35,"name":"Burkina Faso","iso3":"BFA","iso2":"BF","numeric_code":"854","phonecode":"226","capital":"Ouagadougou","currency":"XOF","currency_name":"West African CFA franc","currency_symbol":"CFA","tld":".bf","native":"Burkina Faso","region":"Africa","region_id":1,"subregion":"Western Africa","subregion_id":3,"nationality":"Burkinabe","timezones":[{"zoneName":"Africa/Ouagadougou","gmtOffset":0,"gmtOffsetName":"UTC\u00b100","abbreviation":"GMT","tzName":"Greenwich Mean Time"}],"translations":{"ko":"\ubd80\ub974\ud0a4\ub098 \ud30c\uc18c","pt-BR":"Burkina Faso","pt":"Burquina Faso","nl":"Burkina Faso","hr":"Burkina Faso","fa":"\u0628\u0648\u0631\u06a9\u06cc\u0646\u0627\u0641\u0627\u0633\u0648","de":"Burkina Faso","es":"Burkina Faso","fr":"Burkina Faso","ja":"\u30d6\u30eb\u30ad\u30ca\u30d5\u30a1\u30bd","it":"Burkina Faso","zh-CN":"\u5e03\u57fa\u7eb3\u6cd5\u7d22","tr":"Burkina Faso","ru":"\u0411\u0443\u0440\u043a\u0438\u043d\u0430-\u0424\u0430\u0441\u043e","uk":"\u0411\u0443\u0440\u043a\u0456\u043d\u0430-\u0424\u0430\u0441\u043e","pl":"Burkina Faso"},"latitude":"13.00000000","longitude":"-2.00000000","emoji":"\ud83c\udde7\ud83c\uddeb","emojiU":"U+1F1E7 U+1F1EB","states":{"bal\u00e9":{"id":3160,"name":"Bal\u00e9","state_code":"BAL","latitude":"11.78206020","longitude":"-3.01757120","type":"province"},"bam":{"id":3155,"name":"Bam","state_code":"BAM","latitude":"13.44613300","longitude":"-1.59839590","type":"province"},"banwa":{"id":3120,"name":"Banwa","state_code":"BAN","latitude":"12.13230530","longitude":"-4.15137640","type":"province"},"baz\u00e8ga":{"id":3152,"name":"Baz\u00e8ga","state_code":"BAZ","latitude":"11.97676920","longitude":"-1.44346900","type":"province"},"boucledumouhoun":{"id":3138,"name":"Boucle du Mouhoun","state_code":"01","latitude":"12.41660000","longitude":"-3.41955270","type":"region","cities":{"barani":{"id":9159,"name":"Barani","latitude":"13.16910000","longitude":"-3.88990000"},"boromo":{"id":9164,"name":"Boromo","latitude":"11.74542000","longitude":"-2.93006000"},"d\u00e9dougou":{"id":9172,"name":"D\u00e9dougou","latitude":"12.46338000","longitude":"-3.46075000"},"nouna":{"id":9192,"name":"Nouna","latitude":"12.72939000","longitude":"-3.86305000"},"provincedelakossi":{"id":9203,"name":"Province de la Kossi","latitude":"12.91667000","longitude":"-3.83333000"},"provincedesbal\u00e9":{"id":9208,"name":"Province des Bal\u00e9","latitude":"11.71667000","longitude":"-3.05000000"},"provincedesbanwa":{"id":9209,"name":"Province des Banwa","latitude":"12.16667000","longitude":"-4.16667000"},"provincedumouhoun":{"id":9221,"name":"Province du Mouhoun","latitude":"12.25000000","longitude":"-3.41667000"},"provincedunayala":{"id":9223,"name":"Province du Nayala","latitude":"12.66667000","longitude":"-3.00000000"},"provincedusourou":{"id":9230,"name":"Province du Sourou","latitude":"13.25000000","longitude":"-3.00000000"},"salanso":{"id":9239,"name":"Salanso","latitude":"12.17423000","longitude":"-4.08477000"},"toma":{"id":9244,"name":"Toma","latitude":"12.75844000","longitude":"-2.89879000"},"tougan":{"id":9245,"name":"Tougan","latitude":"13.07250000","longitude":"-3.06940000"}}},"bougouriba":{"id":3121,"name":"Bougouriba","state_code":"BGR","latitude":"10.87226460","longitude":"-3.33889170","type":"province"},"boulgou":{"id":3131,"name":"Boulgou","state_code":"BLG","latitude":"11.43367660","longitude":"-0.37483540","type":"province"},"boulkiemde":{"id":5343,"name":"Boulkiemde","state_code":"BLK","latitude":"12.32244190","longitude":"-2.47380520","type":"province"},"cascades":{"id":3153,"name":"Cascades","state_code":"02","latitude":"10.40729920","longitude":"-4.56244260","type":"region","cities":{"banfora":{"id":9158,"name":"Banfora","latitude":"10.63333000","longitude":"-4.76667000"},"provincedelacomo\u00e9":{"id":9200,"name":"Province de la Como\u00e9","latitude":"10.33333000","longitude":"-4.41667000"},"provincedelal\u00e9raba":{"id":9204,"name":"Province de la L\u00e9raba","latitude":"10.66667000","longitude":"-5.20000000"},"sindou":{"id":9241,"name":"Sindou","latitude":"10.66667000","longitude":"-5.16667000"}}},"centre":{"id":3136,"name":"Centre","state_code":"03","latitude":"12.33937200","longitude":"-1.77969740","type":"region","cities":{"kadiogoprovince":{"id":9181,"name":"Kadiogo Province","latitude":"12.33333000","longitude":"-1.50000000"},"ouagadougou":{"id":9193,"name":"Ouagadougou","latitude":"12.36566000","longitude":"-1.53388000"}}},"centre-est":{"id":3162,"name":"Centre-Est","state_code":"04","latitude":"11.52476740","longitude":"-0.14949880","type":"region","cities":{"garango":{"id":9174,"name":"Garango","latitude":"11.80000000","longitude":"-0.55056000"},"koup\u00e9la":{"id":9187,"name":"Koup\u00e9la","latitude":"12.17864000","longitude":"-0.35103000"},"kouritengaprovince":{"id":9188,"name":"Kouritenga Province","latitude":"12.20000000","longitude":"-0.30000000"},"ouargaye":{"id":9195,"name":"Ouargaye","latitude":"11.50202000","longitude":"0.05886000"},"provinceduboulgou":{"id":9211,"name":"Province du Boulgou","latitude":"11.50000000","longitude":"-0.41667000"},"provincedukoulp\u00e9logo":{"id":9217,"name":"Province du Koulp\u00e9logo","latitude":"11.41667000","longitude":"0.16667000"},"tenkodogo":{"id":9242,"name":"Tenkodogo","latitude":"11.78000000","longitude":"-0.36972000"}}},"centre-nord":{"id":3127,"name":"Centre-Nord","state_code":"05","latitude":"13.17244640","longitude":"-0.90566230","type":"region","cities":{"boulsa":{"id":9165,"name":"Boulsa","latitude":"12.66664000","longitude":"-0.57469000"},"kaya":{"id":9182,"name":"Kaya","latitude":"13.09167000","longitude":"-1.08444000"},"kongoussi":{"id":9185,"name":"Kongoussi","latitude":"13.32583000","longitude":"-1.53472000"},"provincedubam":{"id":9210,"name":"Province du Bam","latitude":"13.46667000","longitude":"-1.58333000"},"provincedunamentenga":{"id":9222,"name":"Province du Namentenga","latitude":"13.25000000","longitude":"-0.50000000"},"provincedusanmatenga":{"id":9228,"name":"Province du Sanmatenga","latitude":"13.25000000","longitude":"-1.08333000"}}},"centre-ouest":{"id":3115,"name":"Centre-Ouest","state_code":"06","latitude":"11.87984660","longitude":"-2.30244600","type":"region","cities":{"goulour\u00e9":{"id":9178,"name":"Goulour\u00e9","latitude":"12.23484000","longitude":"-1.93394000"},"kokologo":{"id":9183,"name":"Kokologo","latitude":"12.19392000","longitude":"-1.87687000"},"koudougou":{"id":9186,"name":"Koudougou","latitude":"12.25263000","longitude":"-2.36272000"},"l\u00e9o":{"id":9189,"name":"L\u00e9o","latitude":"11.10033000","longitude":"-2.10654000"},"pitmoaga":{"id":9198,"name":"Pitmoaga","latitude":"12.24564000","longitude":"-1.88148000"},"provincedelasissili":{"id":9205,"name":"Province de la Sissili","latitude":"11.33333000","longitude":"-2.25000000"},"provinceduboulkiemd\u00e9":{"id":9212,"name":"Province du Boulkiemd\u00e9","latitude":"12.33333000","longitude":"-2.16667000"},"provincedusangui\u00e9":{"id":9227,"name":"Province du Sangui\u00e9","latitude":"12.16667000","longitude":"-2.66667000"},"provinceduziro":{"id":9235,"name":"Province du Ziro","latitude":"11.58333000","longitude":"-1.91667000"},"r\u00e9o":{"id":9238,"name":"R\u00e9o","latitude":"12.31963000","longitude":"-2.47094000"},"sapouy":{"id":9240,"name":"Sapouy","latitude":"11.55444000","longitude":"-1.77361000"}}},"centre-sud":{"id":3149,"name":"Centre-Sud","state_code":"07","latitude":"11.52289110","longitude":"-1.05861350","type":"region","cities":{"bazegaprovince":{"id":9161,"name":"Bazega Province","latitude":"11.91667000","longitude":"-1.50000000"},"kombissiri":{"id":9184,"name":"Kombissiri","latitude":"12.06884000","longitude":"-1.33644000"},"manga":{"id":9190,"name":"Manga","latitude":"11.66361000","longitude":"-1.07306000"},"nahouriprovince":{"id":9191,"name":"Nahouri Province","latitude":"11.25000000","longitude":"-1.25000000"},"p\u00f4":{"id":9237,"name":"P\u00f4","latitude":"11.16972000","longitude":"-1.14500000"},"zoundweogoprovince":{"id":9249,"name":"Zoundweogo Province","latitude":"11.58333000","longitude":"-1.00000000"}}},"como\u00e9":{"id":3167,"name":"Como\u00e9","state_code":"COM","latitude":"10.40729920","longitude":"-4.56244260","type":"province"},"est":{"id":3158,"name":"Est","state_code":"08","latitude":"12.43655260","longitude":"0.90566230","type":"region","cities":{"bogand\u00e9":{"id":9163,"name":"Bogand\u00e9","latitude":"12.97040000","longitude":"-0.14953000"},"diapaga":{"id":9168,"name":"Diapaga","latitude":"12.07305000","longitude":"1.78838000"},"fadan\u0027gourma":{"id":9173,"name":"Fada N\u0027gourma","latitude":"12.06157000","longitude":"0.35843000"},"gay\u00e9ri":{"id":9175,"name":"Gay\u00e9ri","latitude":"12.64824000","longitude":"0.49314000"},"gnagnaprovince":{"id":9176,"name":"Gnagna Province","latitude":"12.91880000","longitude":"0.03920000"},"pama":{"id":9197,"name":"Pama","latitude":"11.24972000","longitude":"0.70750000"},"provincedelakomandjoari":{"id":9201,"name":"Province de la Komandjoari","latitude":"12.66667000","longitude":"0.66667000"},"provincedelakompienga":{"id":9202,"name":"Province de la Kompienga","latitude":"11.41667000","longitude":"0.91667000"},"provincedelatapoa":{"id":9206,"name":"Province de la Tapoa","latitude":"12.00000000","longitude":"1.75000000"},"provincedugourma":{"id":9214,"name":"Province du Gourma","latitude":"12.08333000","longitude":"0.50000000"}}},"ganzourgou":{"id":3148,"name":"Ganzourgou","state_code":"GAN","latitude":"12.25376480","longitude":"-0.75328090","type":"province"},"gnagna":{"id":3122,"name":"Gnagna","state_code":"GNA","latitude":"12.89749920","longitude":"0.07467670","type":"province"},"gourma":{"id":3143,"name":"Gourma","state_code":"GOU","latitude":"12.16244730","longitude":"0.67730460","type":"province"},"hauts-bassins":{"id":3165,"name":"Hauts-Bassins","state_code":"09","latitude":"11.49420030","longitude":"-4.23333550","type":"region","cities":{"bobo-dioulasso":{"id":9162,"name":"Bobo-Dioulasso","latitude":"11.17715000","longitude":"-4.29790000"},"hound\u00e9":{"id":9180,"name":"Hound\u00e9","latitude":"11.50000000","longitude":"-3.51667000"},"provinceduhouet":{"id":9215,"name":"Province du Houet","latitude":"11.33333000","longitude":"-4.25000000"},"provinceduk\u00e9n\u00e9dougou":{"id":9219,"name":"Province du K\u00e9n\u00e9dougou","latitude":"11.41667000","longitude":"-5.00000000"},"provincedutuy":{"id":9232,"name":"Province du Tuy","latitude":"11.41667000","longitude":"-3.41667000"}}},"houet":{"id":3129,"name":"Houet","state_code":"HOU","latitude":"11.13204470","longitude":"-4.23333550","type":"province"},"ioba":{"id":3135,"name":"Ioba","state_code":"IOB","latitude":"11.05620340","longitude":"-3.01757120","type":"province"},"kadiogo":{"id":3168,"name":"Kadiogo","state_code":"KAD","latitude":"12.34258970","longitude":"-1.44346900","type":"province"},"k\u00e9n\u00e9dougou":{"id":3112,"name":"K\u00e9n\u00e9dougou","state_code":"KEN","latitude":"11.39193950","longitude":"-4.97665400","type":"province"},"komondjari":{"id":3132,"name":"Komondjari","state_code":"KMD","latitude":"12.71265270","longitude":"0.67730460","type":"province"},"kompienga":{"id":3157,"name":"Kompienga","state_code":"KMP","latitude":"11.52383620","longitude":"0.75328090","type":"province"},"kossi":{"id":3146,"name":"Kossi","state_code":"KOS","latitude":"12.96045800","longitude":"-3.90626880","type":"province"},"koulp\u00e9logo":{"id":3133,"name":"Koulp\u00e9logo","state_code":"KOP","latitude":"11.52476740","longitude":"0.14949880","type":"province"},"kouritenga":{"id":3161,"name":"Kouritenga","state_code":"KOT","latitude":"12.16318130","longitude":"-0.22446620","type":"province"},"kourw\u00e9ogo":{"id":3147,"name":"Kourw\u00e9ogo","state_code":"KOW","latitude":"12.70774950","longitude":"-1.75388170","type":"province"},"l\u00e9raba":{"id":3159,"name":"L\u00e9raba","state_code":"LER","latitude":"10.66487850","longitude":"-5.31025050","type":"province"},"loroum":{"id":3151,"name":"Loroum","state_code":"LOR","latitude":"13.81298140","longitude":"-2.06651970","type":"province"},"mouhoun":{"id":3123,"name":"Mouhoun","state_code":"MOU","latitude":"12.14323810","longitude":"-3.33889170","type":"province"},"nahouri":{"id":3116,"name":"Nahouri","state_code":"NAO","latitude":"11.25022670","longitude":"-1.13530200","type":"province"},"namentenga":{"id":3113,"name":"Namentenga","state_code":"NAM","latitude":"13.08125840","longitude":"-0.52578230","type":"province"},"nayala":{"id":3142,"name":"Nayala","state_code":"NAY","latitude":"12.69645580","longitude":"-3.01757120","type":"province"},"nord":{"id":3164,"name":"Nord","state_code":"10","latitude":"13.71825200","longitude":"-2.30244600","type":"region","cities":{"gourcy":{"id":9179,"name":"Gourcy","latitude":"13.20776000","longitude":"-2.35893000"},"ouahigouya":{"id":9194,"name":"Ouahigouya","latitude":"13.58278000","longitude":"-2.42158000"},"provinceduloroum":{"id":9220,"name":"Province du Loroum","latitude":"13.91667000","longitude":"-2.16667000"},"provincedupassor\u00e9":{"id":9225,"name":"Province du Passor\u00e9","latitude":"12.91667000","longitude":"-2.16667000"},"provinceduyatenga":{"id":9234,"name":"Province du Yatenga","latitude":"13.58333000","longitude":"-2.41667000"},"provinceduzondoma":{"id":9236,"name":"Province du Zondoma","latitude":"13.18333000","longitude":"-2.36667000"},"titao":{"id":9243,"name":"Titao","latitude":"13.76667000","longitude":"-2.06667000"},"yako":{"id":9246,"name":"Yako","latitude":"12.95910000","longitude":"-2.26075000"}}},"noumbiel":{"id":3156,"name":"Noumbiel","state_code":"NOU","latitude":"9.84409460","longitude":"-2.97755580","type":"province"},"oubritenga":{"id":3141,"name":"Oubritenga","state_code":"OUB","latitude":"12.70960870","longitude":"-1.44346900","type":"province"},"oudalan":{"id":3144,"name":"Oudalan","state_code":"OUD","latitude":"14.47190200","longitude":"-0.45023680","type":"province"},"passor\u00e9":{"id":3117,"name":"Passor\u00e9","state_code":"PAS","latitude":"12.88812210","longitude":"-2.22366670","type":"province"},"plateau-central":{"id":3125,"name":"Plateau-Central","state_code":"11","latitude":"12.25376480","longitude":"-0.75328090","type":"region","cities":{"bouss\u00e9":{"id":9166,"name":"Bouss\u00e9","latitude":"12.66121000","longitude":"-1.89515000"},"oubritenga":{"id":9196,"name":"Oubritenga","latitude":"12.66667000","longitude":"-1.33333000"},"provinceduganzourgou":{"id":9213,"name":"Province du Ganzourgou","latitude":"12.26667000","longitude":"-0.76667000"},"provincedukourw\u00e9ogo":{"id":9218,"name":"Province du Kourw\u00e9ogo","latitude":"12.58333000","longitude":"-1.76667000"},"ziniar\u00e9":{"id":9247,"name":"Ziniar\u00e9","latitude":"12.58186000","longitude":"-1.29710000"},"zorgo":{"id":9248,"name":"Zorgo","latitude":"12.24922000","longitude":"-0.61527000"}}},"poni":{"id":3163,"name":"Poni","state_code":"PON","latitude":"10.33259960","longitude":"-3.33889170","type":"province"},"sahel":{"id":3114,"name":"Sahel","state_code":"12","latitude":"14.10008650","longitude":"-0.14949880","type":"region","cities":{"djibo":{"id":9170,"name":"Djibo","latitude":"14.09940000","longitude":"-1.62554000"},"dori":{"id":9171,"name":"Dori","latitude":"14.03540000","longitude":"-0.03450000"},"gorom-gorom":{"id":9177,"name":"Gorom-Gorom","latitude":"14.44290000","longitude":"-0.23468000"},"provincedel\u2019oudalan":{"id":9207,"name":"Province de l\u2019Oudalan","latitude":"14.66667000","longitude":"-0.33333000"},"provincedus\u00e9no":{"id":9231,"name":"Province du S\u00e9no","latitude":"13.96400000","longitude":"0.01200000"},"provincedusoum":{"id":9229,"name":"Province du Soum","latitude":"14.33333000","longitude":"-1.25000000"},"provinceduyagha":{"id":9233,"name":"Province du Yagha","latitude":"13.41667000","longitude":"0.58333000"}}},"sangui\u00e9":{"id":3154,"name":"Sangui\u00e9","state_code":"SNG","latitude":"12.15018610","longitude":"-2.69838680","type":"province"},"sanmatenga":{"id":3126,"name":"Sanmatenga","state_code":"SMT","latitude":"13.35653040","longitude":"-1.05861350","type":"province"},"s\u00e9no":{"id":3139,"name":"S\u00e9no","state_code":"SEN","latitude":"14.00722340","longitude":"-0.07467670","type":"province"},"sissili":{"id":3119,"name":"Sissili","state_code":"SIS","latitude":"11.24412190","longitude":"-2.22366670","type":"province"},"soum":{"id":3166,"name":"Soum","state_code":"SOM","latitude":"14.09628410","longitude":"-1.36621600","type":"province"},"sourou":{"id":3137,"name":"Sourou","state_code":"SOR","latitude":"13.34180300","longitude":"-2.93757390","type":"province"},"sud-ouest":{"id":3140,"name":"Sud-Ouest","state_code":"13","latitude":"10.42314930","longitude":"-3.25836260","type":"region","cities":{"bati\u00e9":{"id":9160,"name":"Bati\u00e9","latitude":"9.88333000","longitude":"-2.91667000"},"dano":{"id":9167,"name":"Dano","latitude":"11.14640000","longitude":"-3.05784000"},"di\u00e9bougou":{"id":9169,"name":"Di\u00e9bougou","latitude":"10.96209000","longitude":"-3.24967000"},"provincedelabougouriba":{"id":9199,"name":"Province de la Bougouriba","latitude":"10.83333000","longitude":"-3.41667000"},"provinceduioba":{"id":9216,"name":"Province du Ioba","latitude":"11.08333000","longitude":"-3.08333000"},"provincedunoumbi\u00e8l":{"id":9224,"name":"Province du Noumbi\u00e8l","latitude":"9.83333000","longitude":"-3.00000000"},"provinceduponi":{"id":9226,"name":"Province du Poni","latitude":"10.25000000","longitude":"-3.41667000"}}},"tapoa":{"id":3128,"name":"Tapoa","state_code":"TAP","latitude":"12.24970720","longitude":"1.67606910","type":"province"},"tuy":{"id":3134,"name":"Tuy","state_code":"TUI","latitude":"38.88868400","longitude":"-77.00471900","type":"province"},"yagha":{"id":3124,"name":"Yagha","state_code":"YAG","latitude":"13.35761570","longitude":"0.75328090","type":"province"},"yatenga":{"id":3150,"name":"Yatenga","state_code":"YAT","latitude":"13.62493440","longitude":"-2.38136210","type":"province"},"ziro":{"id":3145,"name":"Ziro","state_code":"ZIR","latitude":"11.60949950","longitude":"-1.90992380","type":"province"},"zondoma":{"id":3130,"name":"Zondoma","state_code":"ZON","latitude":"13.11659260","longitude":"-2.42087130","type":"province"},"zoundw\u00e9ogo":{"id":3118,"name":"Zoundw\u00e9ogo","state_code":"ZOU","latitude":"11.61411740","longitude":"-0.98206680","type":"province"}}}