{"id":76,"name":"French Guiana","iso3":"GUF","iso2":"GF","numeric_code":"254","phone_code":"594","capital":"Cayenne","currency":"EUR","currency_name":"Euro","currency_symbol":"\u20ac","tld":".gf","native":"Guyane fran\u00e7aise","region":"Americas","region_id":"2","subregion":"South America","subregion_id":"8","nationality":"French Guianese","timezones":[{"zoneName":"America/Cayenne","gmtOffset":-10800,"gmtOffsetName":"UTC-03:00","abbreviation":"GFT","tzName":"French Guiana Time"}],"translations":{"kr":"\ud504\ub791\uc2a4\ub839 \uae30\uc544\ub098","pt-BR":"Guiana Francesa","pt":"Guiana Francesa","nl":"Frans-Guyana","hr":"Francuska Gvajana","fa":"\u06af\u0648\u06cc\u0627\u0646 \u0641\u0631\u0627\u0646\u0633\u0647","de":"Franz\u00f6sisch Guyana","es":"Guayana Francesa","fr":"Guayane","ja":"\u30d5\u30e9\u30f3\u30b9\u9818\u30ae\u30a2\u30ca","it":"Guyana francese","cn":"\u6cd5\u5c5e\u572d\u4e9a\u90a3","tr":"Fransiz Guyanasi"},"latitude":"4.00000000","longitude":"-53.00000000","emoji":"\ud83c\uddec\ud83c\uddeb","emojiU":"U+1F1EC U+1F1EB"}