{"id":84,"name":"Gibraltar","iso3":"GIB","iso2":"GI","numeric_code":"292","phone_code":"350","capital":"Gibraltar","currency":"GIP","currency_name":"Gibraltar pound","currency_symbol":"\u00a3","tld":".gi","native":"Gibraltar","region":"Europe","region_id":"4","subregion":"Southern Europe","subregion_id":"16","nationality":"Gibraltar","timezones":[{"zoneName":"Europe/Gibraltar","gmtOffset":3600,"gmtOffsetName":"UTC+01:00","abbreviation":"CET","tzName":"Central European Time"}],"translations":{"kr":"\uc9c0\ube0c\ub864\ud130","pt-BR":"Gibraltar","pt":"Gibraltar","nl":"Gibraltar","hr":"Gibraltar","fa":"\u062c\u0628\u0644\u200c\u0637\u0627\u0631\u0642","de":"Gibraltar","es":"Gibraltar","fr":"Gibraltar","ja":"\u30b8\u30d6\u30e9\u30eb\u30bf\u30eb","it":"Gibilterra","cn":"\u76f4\u5e03\u7f57\u9640","tr":"Cebelitarik","ru":"\u0413\u0438\u0431\u0440\u0430\u043b\u0442\u0430\u0440","uk":"\u0413\u0456\u0431\u0440\u0430\u043b\u0442\u0430\u0440","pl":"Gibraltar"},"latitude":"36.13333333","longitude":"-5.35000000","emoji":"\ud83c\uddec\ud83c\uddee","emojiU":"U+1F1EC U+1F1EE"}