{"id":203,"name":"Somalia","iso3":"SOM","iso2":"SO","numeric_code":"706","phone_code":"252","capital":"Mogadishu","currency":"SOS","currency_name":"Somali shilling","currency_symbol":"Sh.so.","tld":".so","native":"Soomaaliya","region":"Africa","region_id":"1","subregion":"Eastern Africa","subregion_id":"4","nationality":"Somali, Somalian","timezones":[{"zoneName":"Africa/Mogadishu","gmtOffset":10800,"gmtOffsetName":"UTC+03:00","abbreviation":"EAT","tzName":"East Africa Time"}],"translations":{"kr":"\uc18c\ub9d0\ub9ac\uc544","pt-BR":"Som\u00e1lia","pt":"Som\u00e1lia","nl":"Somali\u00eb","hr":"Somalija","fa":"\u0633\u0648\u0645\u0627\u0644\u06cc","de":"Somalia","es":"Somalia","fr":"Somalie","ja":"\u30bd\u30de\u30ea\u30a2","it":"Somalia","cn":"\u7d22\u9a6c\u91cc","tr":"Somali","ru":"\u0421\u043e\u043c\u0430\u043b\u0438","uk":"\u0421\u043e\u043c\u0430\u043b\u0456","pl":"Somalia"},"latitude":"10.00000000","longitude":"49.00000000","emoji":"\ud83c\uddf8\ud83c\uddf4","emojiU":"U+1F1F8 U+1F1F4","states":{"awdalregion":{"id":925,"name":"Awdal Region","state_code":"AW","latitude":"10.63342850","longitude":"43.32946600","type":null},"bakool":{"id":917,"name":"Bakool","state_code":"BK","latitude":"4.36572210","longitude":"44.09603110","type":null,"cities":{"tayeeglow":{"id":104815,"name":"Tayeeglow","latitude":"4.01897000","longitude":"44.51111000"},"waajid":{"id":104816,"name":"Waajid","latitude":"3.80958000","longitude":"43.24627000"},"xuddur":{"id":104819,"name":"Xuddur","latitude":"4.12129000","longitude":"43.88945000"},"yeed":{"id":104820,"name":"Yeed","latitude":"4.55000000","longitude":"43.03333000"}}},"banaadir":{"id":927,"name":"Banaadir","state_code":"BN","latitude":"2.11873750","longitude":"45.33694590","type":null,"cities":{"mogadishu":{"id":104810,"name":"Mogadishu","latitude":"2.03711000","longitude":"45.34375000"}}},"bari":{"id":930,"name":"Bari","state_code":"BR","latitude":"41.11714320","longitude":"16.87187150","type":null,"cities":{"bandarbeyla":{"id":104778,"name":"Bandarbeyla","latitude":"9.49420000","longitude":"50.81220000"},"bargaal":{"id":104779,"name":"Bargaal","latitude":"11.28636000","longitude":"51.07730000"},"bereeda":{"id":104781,"name":"Bereeda","latitude":"11.87037000","longitude":"51.05795000"},"bosaso":{"id":104782,"name":"Bosaso","latitude":"11.28421000","longitude":"49.18158000"},"caluula":{"id":104788,"name":"Caluula","latitude":"11.96611000","longitude":"50.75694000"},"iskushuban":{"id":104800,"name":"Iskushuban","latitude":"10.28370000","longitude":"50.23000000"},"qandala":{"id":104812,"name":"Qandala","latitude":"11.47197000","longitude":"49.87282000"}}},"bay":{"id":926,"name":"Bay","state_code":"BY","latitude":"37.03655340","longitude":"-95.61747670","type":null,"cities":{"baidoa":{"id":104777,"name":"Baidoa","latitude":"3.11383000","longitude":"43.64980000"},"buurhakaba":{"id":104786,"name":"Buurhakaba","latitude":"2.80257000","longitude":"44.07805000"}}},"galguduud":{"id":918,"name":"Galguduud","state_code":"GA","latitude":"5.18501280","longitude":"46.82528380","type":null,"cities":{"ceelbuur":{"id":104790,"name":"Ceelbuur","latitude":"4.68501000","longitude":"46.61760000"},"ceeldheer":{"id":104791,"name":"Ceeldheer","latitude":"3.84878000","longitude":"47.18064000"},"dhuusamarreeb":{"id":104793,"name":"Dhuusamarreeb","latitude":"5.53597000","longitude":"46.38666000"}}},"gedo":{"id":928,"name":"Gedo","state_code":"GE","latitude":"3.50392270","longitude":"42.23624350","type":null,"cities":{"baardheere":{"id":104776,"name":"Baardheere","latitude":"2.34464000","longitude":"42.27644000"},"garbahaarrey":{"id":104797,"name":"Garbahaarrey","latitude":"3.32892000","longitude":"42.22091000"},"luuq":{"id":104807,"name":"Luuq","latitude":"3.80315000","longitude":"42.54417000"}}},"hiran":{"id":915,"name":"Hiran","state_code":"HI","latitude":"4.32101500","longitude":"45.29938620","type":null,"cities":{"beledweyne":{"id":104780,"name":"Beledweyne","latitude":"4.73583000","longitude":"45.20361000"},"buulobarde":{"id":104784,"name":"Buulobarde","latitude":"3.85375000","longitude":"45.56744000"},"jalalaqsi":{"id":104801,"name":"Jalalaqsi","latitude":"3.37660000","longitude":"45.59960000"}}},"lowerjuba":{"id":924,"name":"Lower Juba","state_code":"JH","latitude":"0.22402100","longitude":"41.60118140","type":null,"cities":{"buurgaabo":{"id":104785,"name":"Buur Gaabo","latitude":"-1.21917000","longitude":"41.83725000"},"jamaame":{"id":104802,"name":"Jamaame","latitude":"0.06968000","longitude":"42.74497000"},"kismayo":{"id":104805,"name":"Kismayo","latitude":"-0.35817000","longitude":"42.54536000"}}},"lowershebelle":{"id":921,"name":"Lower Shebelle","state_code":"SH","latitude":"1.87664580","longitude":"44.24790150","type":null,"cities":{"afgooye":{"id":104775,"name":"Afgooye","latitude":"2.13810000","longitude":"45.12120000"},"marka":{"id":104809,"name":"Marka","latitude":"1.71594000","longitude":"44.77166000"},"qoryooley":{"id":104813,"name":"Qoryooley","latitude":"1.78784000","longitude":"44.52999000"},"wanlaweyn":{"id":104817,"name":"Wanlaweyn","latitude":"2.61850000","longitude":"44.89380000"}}},"middlejuba":{"id":922,"name":"Middle Juba","state_code":"JD","latitude":"2.07804880","longitude":"41.60118140","type":null,"cities":{"dujuuma":{"id":104794,"name":"Dujuuma","latitude":"1.25311000","longitude":"42.57377000"},"jilib":{"id":104804,"name":"Jilib","latitude":"0.48829000","longitude":"42.78535000"},"saacow":{"id":104814,"name":"Saacow","latitude":"1.62794000","longitude":"42.44067000"}}},"middleshebelle":{"id":923,"name":"Middle Shebelle","state_code":"SD","latitude":"2.92502470","longitude":"45.90396890","type":null,"cities":{"cadale":{"id":104787,"name":"Cadale","latitude":"2.76030000","longitude":"46.32220000"},"jawhar":{"id":104803,"name":"Jawhar","latitude":"2.78087000","longitude":"45.50048000"},"mahaddayweyne":{"id":104808,"name":"Mahaddayweyne","latitude":"2.97260000","longitude":"45.53470000"}}},"mudug":{"id":916,"name":"Mudug","state_code":"MU","latitude":"6.56567260","longitude":"47.76375650","type":null,"cities":{"gaalkacyo":{"id":104796,"name":"Gaalkacyo","latitude":"6.76972000","longitude":"47.43083000"},"hobyo":{"id":104799,"name":"Hobyo","latitude":"5.35050000","longitude":"48.52680000"},"xarardheere":{"id":104818,"name":"Xarardheere","latitude":"4.65440000","longitude":"47.85750000"}}},"nugal":{"id":920,"name":"Nugal","state_code":"NU","latitude":"43.27938610","longitude":"17.03392050","type":null,"cities":{"eyl":{"id":104795,"name":"Eyl","latitude":"7.98030000","longitude":"49.81640000"},"garoowe":{"id":104798,"name":"Garoowe","latitude":"8.40207000","longitude":"48.48284000"}}},"sanaagregion":{"id":919,"name":"Sanaag Region","state_code":"SA","latitude":"10.39382180","longitude":"47.76375650","type":null,"cities":{"ceerigaabo":{"id":104792,"name":"Ceerigaabo","latitude":"10.61616000","longitude":"47.36795000"},"laskhorey":{"id":104806,"name":"Las Khorey","latitude":"11.15950000","longitude":"48.19670000"}}},"togdheerregion":{"id":929,"name":"Togdheer Region","state_code":"TO","latitude":"9.44605870","longitude":"45.29938620","type":null,"cities":{"burao":{"id":104783,"name":"Burao","latitude":"9.52213000","longitude":"45.53363000"},"ceek":{"id":104789,"name":"Ceek","latitude":"8.99907000","longitude":"45.35824000"},"oodweyne":{"id":104811,"name":"Oodweyne","latitude":"9.40920000","longitude":"45.06397000"}}}}}