{"id":56,"name":"Cuba","iso3":"CUB","iso2":"CU","numeric_code":"192","phone_code":"53","capital":"Havana","currency":"CUP","currency_name":"Cuban peso","currency_symbol":"$","tld":".cu","native":"Cuba","region":"Americas","region_id":"2","subregion":"Caribbean","subregion_id":"7","nationality":"Cuban","timezones":[{"zoneName":"America/Havana","gmtOffset":-18000,"gmtOffsetName":"UTC-05:00","abbreviation":"CST","tzName":"Cuba Standard Time"}],"translations":{"kr":"\ucfe0\ubc14","pt-BR":"Cuba","pt":"Cuba","nl":"Cuba","hr":"Kuba","fa":"\u06a9\u0648\u0628\u0627","de":"Kuba","es":"Cuba","fr":"Cuba","ja":"\u30ad\u30e5\u30fc\u30d0","it":"Cuba","cn":"\u53e4\u5df4","tr":"K\u00fcba","ru":"\u041a\u0443\u0431\u0430","uk":"\u041a\u0443\u0431\u0430","pl":"Kuba"},"latitude":"21.50000000","longitude":"-80.00000000","emoji":"\ud83c\udde8\ud83c\uddfa","emojiU":"U+1F1E8 U+1F1FA","states":{"artemisaprovince":{"id":283,"name":"Artemisa Province","state_code":"15","latitude":"22.75229030","longitude":"-82.99316070","type":null,"cities":{"alqu\u00edzar":{"id":21804,"name":"Alqu\u00edzar","latitude":"22.80517000","longitude":"-82.58392000"},"artemisa":{"id":21807,"name":"Artemisa","latitude":"22.81667000","longitude":"-82.75944000"},"bah\u00edahonda":{"id":21808,"name":"Bah\u00eda Honda","latitude":"22.90332000","longitude":"-83.15994000"},"bauta":{"id":21814,"name":"Bauta","latitude":"22.98226000","longitude":"-82.54719000"},"caba\u00f1as":{"id":21820,"name":"Caba\u00f1as","latitude":"22.97944000","longitude":"-82.92214000"},"candelaria":{"id":21828,"name":"Candelaria","latitude":"22.74057000","longitude":"-82.95912000"},"guanajay":{"id":21858,"name":"Guanajay","latitude":"22.92639000","longitude":"-82.68750000"},"g\u00fcirademelena":{"id":21865,"name":"G\u00fcira de Melena","latitude":"22.79613000","longitude":"-82.50667000"},"mariel":{"id":21895,"name":"Mariel","latitude":"22.98931000","longitude":"-82.75376000"},"municipiodeartemisa":{"id":21904,"name":"Municipio de Artemisa","latitude":"22.77383000","longitude":"-82.80419000"},"municipiodebauta":{"id":21906,"name":"Municipio de Bauta","latitude":"22.96957000","longitude":"-82.49997000"},"municipiodeguanajay":{"id":21914,"name":"Municipio de Guanajay","latitude":"22.89215000","longitude":"-82.70873000"},"municipiodemariel":{"id":21923,"name":"Municipio de Mariel","latitude":"22.96515000","longitude":"-82.80324000"},"municipiodesancrist\u00f3bal":{"id":21931,"name":"Municipio de San Crist\u00f3bal","latitude":"22.71446000","longitude":"-83.04561000"},"sanantoniodelosba\u00f1os":{"id":21959,"name":"San Antonio de los Ba\u00f1os","latitude":"22.89018000","longitude":"-82.50099000"},"sancristobal":{"id":21960,"name":"San Cristobal","latitude":"22.71658000","longitude":"-83.05647000"},"soroa":{"id":21976,"name":"Soroa","latitude":"22.80000000","longitude":"-83.01667000"}}},"camag\u00fceyprovince":{"id":286,"name":"Camag\u00fcey Province","state_code":"09","latitude":"21.21672470","longitude":"-77.74520810","type":null,"cities":{"camag\u00fcey":{"id":21825,"name":"Camag\u00fcey","latitude":"21.38083000","longitude":"-77.91694000"},"elcaney":{"id":21848,"name":"El Caney","latitude":"21.30000000","longitude":"-78.48333000"},"esmeralda":{"id":21851,"name":"Esmeralda","latitude":"21.85139000","longitude":"-78.11725000"},"florida":{"id":21854,"name":"Florida","latitude":"21.52536000","longitude":"-78.22579000"},"gu\u00e1imaro":{"id":21863,"name":"Gu\u00e1imaro","latitude":"21.05222000","longitude":"-77.34990000"},"jimaguay\u00fa":{"id":21876,"name":"Jimaguay\u00fa","latitude":"21.24224000","longitude":"-77.82625000"},"minas":{"id":21899,"name":"Minas","latitude":"21.48802000","longitude":"-77.61033000"},"municipiodeflorida":{"id":21913,"name":"Municipio de Florida","latitude":"21.46582000","longitude":"-78.34848000"},"municipiodenuevitas":{"id":21928,"name":"Municipio de Nuevitas","latitude":"21.55000000","longitude":"-77.26667000"},"nuevitas":{"id":21938,"name":"Nuevitas","latitude":"21.54585000","longitude":"-77.26504000"},"santacruzdelsur":{"id":21971,"name":"Santa Cruz del Sur","latitude":"20.71633000","longitude":"-77.99816000"},"sibanic\u00fa":{"id":21975,"name":"Sibanic\u00fa","latitude":"21.23631000","longitude":"-77.52561000"},"vertientes":{"id":21982,"name":"Vertientes","latitude":"21.25817000","longitude":"-78.14979000"}}},"ciegode\u00c1vilaprovince":{"id":282,"name":"Ciego de \u00c1vila Province","state_code":"08","latitude":"21.93295150","longitude":"-78.56608520","type":null,"cities":{"baragu\u00e1":{"id":21811,"name":"Baragu\u00e1","latitude":"21.68216000","longitude":"-78.62567000"},"chambas":{"id":21832,"name":"Chambas","latitude":"22.19534000","longitude":"-78.91230000"},"ciegode\u00c1vila":{"id":21833,"name":"Ciego de \u00c1vila","latitude":"21.84000000","longitude":"-78.76194000"},"ciroredondo":{"id":21836,"name":"Ciro Redondo","latitude":"22.01921000","longitude":"-78.70365000"},"florencia":{"id":21853,"name":"Florencia","latitude":"22.14610000","longitude":"-78.97328000"},"mor\u00f3n":{"id":21902,"name":"Mor\u00f3n","latitude":"22.10774000","longitude":"-78.62667000"},"municipiodeciegode\u00c1vila":{"id":21909,"name":"Municipio de Ciego de \u00c1vila","latitude":"21.85000000","longitude":"-78.76667000"},"municipiodemor\u00f3n":{"id":21926,"name":"Municipio de Mor\u00f3n","latitude":"22.29980000","longitude":"-78.56875000"},"primerodeenero":{"id":21945,"name":"Primero de Enero","latitude":"21.94501000","longitude":"-78.43130000"},"venezuela":{"id":21981,"name":"Venezuela","latitude":"21.73748000","longitude":"-78.79336000"}}},"cienfuegosprovince":{"id":287,"name":"Cienfuegos Province","state_code":"06","latitude":"22.23797830","longitude":"-80.36586500","type":null,"cities":{"abreus":{"id":21800,"name":"Abreus","latitude":"22.27797000","longitude":"-80.56931000"},"aguadadepasajeros":{"id":21801,"name":"Aguada de Pasajeros","latitude":"22.38520000","longitude":"-80.84792000"},"cienfuegos":{"id":21834,"name":"Cienfuegos","latitude":"22.14957000","longitude":"-80.44662000"},"cruces":{"id":21843,"name":"Cruces","latitude":"22.34203000","longitude":"-80.27021000"},"cumanayagua":{"id":21845,"name":"Cumanayagua","latitude":"22.15247000","longitude":"-80.20354000"},"lajas":{"id":21883,"name":"Lajas","latitude":"22.41479000","longitude":"-80.29310000"},"municipiodeabreus":{"id":21903,"name":"Municipio de Abreus","latitude":"22.19229000","longitude":"-80.71465000"},"municipiodecienfuegos":{"id":21910,"name":"Municipio de Cienfuegos","latitude":"22.15000000","longitude":"-80.45000000"},"palmira":{"id":21940,"name":"Palmira","latitude":"22.24126000","longitude":"-80.39110000"},"rodas":{"id":21953,"name":"Rodas","latitude":"22.34184000","longitude":"-80.55596000"}}},"granmaprovince":{"id":275,"name":"Granma Province","state_code":"12","latitude":"20.38449020","longitude":"-76.64127120","type":null,"cities":{"bartolom\u00e9mas\u00f3":{"id":21812,"name":"Bartolom\u00e9 Mas\u00f3","latitude":"20.16635000","longitude":"-76.94291000"},"bayamo":{"id":21815,"name":"Bayamo","latitude":"20.37417000","longitude":"-76.64361000"},"campechuela":{"id":21827,"name":"Campechuela","latitude":"20.23329000","longitude":"-77.27990000"},"cautocristo":{"id":21829,"name":"Cauto Cristo","latitude":"20.55709000","longitude":"-76.47270000"},"guisa":{"id":21862,"name":"Guisa","latitude":"20.25494000","longitude":"-76.53930000"},"jiguan\u00ed":{"id":21875,"name":"Jiguan\u00ed","latitude":"20.36785000","longitude":"-76.42741000"},"manzanillo":{"id":21894,"name":"Manzanillo","latitude":"20.34173000","longitude":"-77.12126000"},"medialuna":{"id":21898,"name":"Media Luna","latitude":"20.14298000","longitude":"-77.43532000"},"municipiodebayamo":{"id":21907,"name":"Municipio de Bayamo","latitude":"20.42511000","longitude":"-76.68614000"},"municipiodemanzanillo":{"id":21922,"name":"Municipio de Manzanillo","latitude":"20.24732000","longitude":"-77.10273000"},"municipiodeniquero":{"id":21927,"name":"Municipio de Niquero","latitude":"19.93912000","longitude":"-77.57085000"},"niquero":{"id":21936,"name":"Niquero","latitude":"20.04698000","longitude":"-77.58089000"},"r\u00edocauto":{"id":21954,"name":"R\u00edo Cauto","latitude":"20.55971000","longitude":"-76.91673000"},"yara":{"id":21985,"name":"Yara","latitude":"20.27465000","longitude":"-76.95132000"}}},"guant\u00e1namoprovince":{"id":285,"name":"Guant\u00e1namo Province","state_code":"14","latitude":"20.14559170","longitude":"-74.87410450","type":null,"cities":{"baracoa":{"id":21810,"name":"Baracoa","latitude":"20.34711000","longitude":"-74.49624000"},"guant\u00e1namo":{"id":21860,"name":"Guant\u00e1namo","latitude":"20.14444000","longitude":"-75.20917000"},"mais\u00ed":{"id":21889,"name":"Mais\u00ed","latitude":"20.24673000","longitude":"-74.15181000"},"municipiodeguant\u00e1namo":{"id":21916,"name":"Municipio de Guant\u00e1namo","latitude":"20.26723000","longitude":"-75.15546000"},"r\u00edoguayabaldeyateras":{"id":21955,"name":"R\u00edo Guayabal de Yateras","latitude":"20.36667000","longitude":"-75.01667000"},"sanantoniodelsur":{"id":21958,"name":"San Antonio del Sur","latitude":"20.05564000","longitude":"-74.80750000"}}},"havanaprovince":{"id":272,"name":"Havana Province","state_code":"03","latitude":"23.05406980","longitude":"-82.34518900","type":null,"cities":{"alamar":{"id":21803,"name":"Alamar","latitude":"23.15794000","longitude":"-82.27837000"},"arroyonaranjo":{"id":21806,"name":"Arroyo Naranjo","latitude":"23.03677000","longitude":"-82.36937000"},"boyeros":{"id":21818,"name":"Boyeros","latitude":"23.00720000","longitude":"-82.40170000"},"centrohabana":{"id":21830,"name":"Centro Habana","latitude":"23.13833000","longitude":"-82.36417000"},"cerro":{"id":21831,"name":"Cerro","latitude":"23.10861000","longitude":"-82.37778000"},"diezdeoctubre":{"id":21847,"name":"Diez de Octubre","latitude":"23.08810000","longitude":"-82.35970000"},"guanabacoa":{"id":21857,"name":"Guanabacoa","latitude":"23.12360000","longitude":"-82.30082000"},"habanadeleste":{"id":21866,"name":"Habana del Este","latitude":"23.15917000","longitude":"-82.33056000"},"havana":{"id":21867,"name":"Havana","latitude":"23.13302000","longitude":"-82.38304000"},"lahabanavieja":{"id":21880,"name":"La Habana Vieja","latitude":"23.13028000","longitude":"-82.35306000"},"regla":{"id":21952,"name":"Regla","latitude":"23.12500000","longitude":"-82.33194000"},"sanmigueldelpadr\u00f3n":{"id":21966,"name":"San Miguel del Padr\u00f3n","latitude":"23.06639000","longitude":"-82.29472000"},"santiagodelasvegas":{"id":21973,"name":"Santiago de las Vegas","latitude":"22.97000000","longitude":"-82.38694000"}}},"holgu\u00ednprovince":{"id":279,"name":"Holgu\u00edn Province","state_code":"11","latitude":"20.78378930","longitude":"-75.80690820","type":null,"cities":{"banes":{"id":21809,"name":"Banes","latitude":"20.96116000","longitude":"-75.72200000"},"cacocum":{"id":21821,"name":"Cacocum","latitude":"20.73775000","longitude":"-76.32574000"},"cueto":{"id":21844,"name":"Cueto","latitude":"20.64855000","longitude":"-75.92967000"},"gibara":{"id":21856,"name":"Gibara","latitude":"21.10988000","longitude":"-76.13145000"},"holgu\u00edn":{"id":21868,"name":"Holgu\u00edn","latitude":"20.88722000","longitude":"-76.26306000"},"jobabo":{"id":21877,"name":"Jobabo","latitude":"20.96917000","longitude":"-76.29944000"},"moa":{"id":21901,"name":"Moa","latitude":"20.65776000","longitude":"-74.95075000"},"municipiodebanes":{"id":21905,"name":"Municipio de Banes","latitude":"20.98008000","longitude":"-75.74933000"},"municipiodeholgu\u00edn":{"id":21918,"name":"Municipio de Holgu\u00edn","latitude":"20.91192000","longitude":"-76.27057000"},"saguadet\u00e1namo":{"id":21956,"name":"Sagua de T\u00e1namo","latitude":"20.58269000","longitude":"-75.24116000"},"sangerm\u00e1n":{"id":21962,"name":"San Germ\u00e1n","latitude":"20.60009000","longitude":"-76.13364000"}}},"isladelajuventud":{"id":278,"name":"Isla de la Juventud","state_code":"99","latitude":"21.70847370","longitude":"-82.82202320","type":null,"cities":{"nuevagerona":{"id":21937,"name":"Nueva Gerona","latitude":"21.88667000","longitude":"-82.80556000"}}},"lastunasprovince":{"id":281,"name":"Las Tunas Province","state_code":"10","latitude":"21.06051620","longitude":"-76.91820970","type":null,"cities":{"amancio":{"id":21805,"name":"Amancio","latitude":"20.81914000","longitude":"-77.57958000"},"colombia":{"id":21837,"name":"Colombia","latitude":"20.98812000","longitude":"-77.42598000"},"jes\u00fasmen\u00e9ndez":{"id":21874,"name":"Jes\u00fas Men\u00e9ndez","latitude":"21.16139000","longitude":"-76.47919000"},"jobabo":{"id":21878,"name":"Jobabo","latitude":"20.90748000","longitude":"-77.28194000"},"lastunas":{"id":21884,"name":"Las Tunas","latitude":"20.96167000","longitude":"-76.95111000"},"manat\u00ed":{"id":21890,"name":"Manat\u00ed","latitude":"21.31070000","longitude":"-76.93403000"},"puertopadre":{"id":21947,"name":"Puerto Padre","latitude":"21.19517000","longitude":"-76.60358000"}}},"matanzasprovince":{"id":284,"name":"Matanzas Province","state_code":"04","latitude":"22.57671230","longitude":"-81.33994140","type":null,"cities":{"alacranes":{"id":21802,"name":"Alacranes","latitude":"22.76719000","longitude":"-81.56803000"},"bolondr\u00f3n":{"id":21817,"name":"Bolondr\u00f3n","latitude":"22.76307000","longitude":"-81.44780000"},"calimete":{"id":21824,"name":"Calimete","latitude":"22.53420000","longitude":"-80.91105000"},"c\u00e1rdenas":{"id":21846,"name":"C\u00e1rdenas","latitude":"23.03661000","longitude":"-81.20596000"},"col\u00f3n":{"id":21838,"name":"Col\u00f3n","latitude":"22.72064000","longitude":"-80.90492000"},"jag\u00fceygrande":{"id":21870,"name":"Jag\u00fcey Grande","latitude":"22.52694000","longitude":"-81.12861000"},"jovellanos":{"id":21879,"name":"Jovellanos","latitude":"22.80375000","longitude":"-81.19127000"},"limonar":{"id":21885,"name":"Limonar","latitude":"22.95035000","longitude":"-81.41059000"},"losarabos":{"id":21886,"name":"Los Arabos","latitude":"22.72969000","longitude":"-80.72081000"},"manguito":{"id":21891,"name":"Manguito","latitude":"22.58733000","longitude":"-80.91451000"},"mart\u00ed":{"id":21896,"name":"Mart\u00ed","latitude":"22.94714000","longitude":"-80.91902000"},"matanzas":{"id":21897,"name":"Matanzas","latitude":"23.04111000","longitude":"-81.57750000"},"municipiodec\u00e1rdenas":{"id":21912,"name":"Municipio de C\u00e1rdenas","latitude":"22.98978000","longitude":"-81.23520000"},"municipiodematanzas":{"id":21924,"name":"Municipio de Matanzas","latitude":"23.05000000","longitude":"-81.58333000"},"pedrobetancourt":{"id":21941,"name":"Pedro Betancourt","latitude":"22.72709000","longitude":"-81.28963000"},"perico":{"id":21942,"name":"Perico","latitude":"22.76987000","longitude":"-81.01830000"},"uni\u00f3ndereyes":{"id":21979,"name":"Uni\u00f3n de Reyes","latitude":"22.79505000","longitude":"-81.53617000"},"varadero":{"id":21980,"name":"Varadero","latitude":"23.15678000","longitude":"-81.24441000"}}},"mayabequeprovince":{"id":276,"name":"Mayabeque Province","state_code":"16","latitude":"22.89265290","longitude":"-81.95348150","type":null,"cities":{"bataban\u00f3":{"id":21813,"name":"Bataban\u00f3","latitude":"22.71794000","longitude":"-82.28965000"},"bejucal":{"id":21816,"name":"Bejucal","latitude":"22.92861000","longitude":"-82.38861000"},"g\u00fcines":{"id":21864,"name":"G\u00fcines","latitude":"22.83727000","longitude":"-82.02641000"},"jamaica":{"id":21871,"name":"Jamaica","latitude":"22.97559000","longitude":"-82.16852000"},"jaruco":{"id":21872,"name":"Jaruco","latitude":"23.04419000","longitude":"-82.00919000"},"lasalud":{"id":21881,"name":"La Salud","latitude":"22.87199000","longitude":"-82.42328000"},"madruga":{"id":21888,"name":"Madruga","latitude":"22.91000000","longitude":"-81.85639000"},"municipiodeg\u00fcines":{"id":21917,"name":"Municipio de G\u00fcines","latitude":"22.78712000","longitude":"-82.01602000"},"municipiodemelenadelsur":{"id":21925,"name":"Municipio de Melena del Sur","latitude":"22.78821000","longitude":"-82.15113000"},"quivic\u00e1n":{"id":21949,"name":"Quivic\u00e1n","latitude":"22.82313000","longitude":"-82.35558000"},"sanjos\u00e9delaslajas":{"id":21963,"name":"San Jos\u00e9 de las Lajas","latitude":"22.96139000","longitude":"-82.15111000"},"sannicol\u00e1sdebari":{"id":21967,"name":"San Nicol\u00e1s de Bari","latitude":"22.78444000","longitude":"-81.91333000"},"santacruzdelnorte":{"id":21970,"name":"Santa Cruz del Norte","latitude":"23.15424000","longitude":"-81.92556000"}}},"pinardelr\u00edoprovince":{"id":277,"name":"Pinar del R\u00edo Province","state_code":"01","latitude":"22.40762560","longitude":"-83.84730150","type":null,"cities":{"consolaci\u00f3ndelsur":{"id":21840,"name":"Consolaci\u00f3n del Sur","latitude":"22.50419000","longitude":"-83.51442000"},"guane":{"id":21859,"name":"Guane","latitude":"22.20179000","longitude":"-84.08484000"},"lospalacios":{"id":21887,"name":"Los Palacios","latitude":"22.58882000","longitude":"-83.24671000"},"mantua":{"id":21893,"name":"Mantua","latitude":"22.29058000","longitude":"-84.28599000"},"minasdematahambre":{"id":21900,"name":"Minas de Matahambre","latitude":"22.58691000","longitude":"-83.94551000"},"municipiodeconsolaci\u00f3ndelsur":{"id":21911,"name":"Municipio de Consolaci\u00f3n del Sur","latitude":"22.44095000","longitude":"-83.41985000"},"municipiodeguane":{"id":21915,"name":"Municipio de Guane","latitude":"22.24591000","longitude":"-84.03660000"},"municipiodelapalma":{"id":21920,"name":"Municipio de La Palma","latitude":"22.75000000","longitude":"-83.55000000"},"municipiodelospalacios":{"id":21921,"name":"Municipio de Los Palacios","latitude":"22.58333000","longitude":"-83.25000000"},"pinardelr\u00edo":{"id":21943,"name":"Pinar del R\u00edo","latitude":"22.41667000","longitude":"-83.69667000"},"puertoesperanza":{"id":21946,"name":"Puerto Esperanza","latitude":"22.77041000","longitude":"-83.73138000"},"sandiegodelosba\u00f1os":{"id":21961,"name":"San Diego de Los Ba\u00f1os","latitude":"22.64667000","longitude":"-83.36972000"},"sanluis":{"id":21965,"name":"San Luis","latitude":"22.27898000","longitude":"-83.75956000"},"vi\u00f1ales":{"id":21983,"name":"Vi\u00f1ales","latitude":"22.61892000","longitude":"-83.70694000"}}},"sanctisp\u00edritusprovince":{"id":274,"name":"Sancti Sp\u00edritus Province","state_code":"07","latitude":"21.99382140","longitude":"-79.47038850","type":null,"cities":{"cabaigu\u00e1n":{"id":21819,"name":"Cabaigu\u00e1n","latitude":"22.07874000","longitude":"-79.49726000"},"condado":{"id":21839,"name":"Condado","latitude":"21.87670000","longitude":"-79.84014000"},"fomento":{"id":21855,"name":"Fomento","latitude":"22.10475000","longitude":"-79.72141000"},"guayos":{"id":21861,"name":"Guayos","latitude":"22.04956000","longitude":"-79.46106000"},"jatibonico":{"id":21873,"name":"Jatibonico","latitude":"21.94333000","longitude":"-79.16906000"},"lasierpe":{"id":21882,"name":"La Sierpe","latitude":"21.77241000","longitude":"-79.26832000"},"municipiodecabaigu\u00e1n":{"id":21908,"name":"Municipio de Cabaigu\u00e1n","latitude":"22.08333000","longitude":"-79.50000000"},"municipiodejatibonico":{"id":21919,"name":"Municipio de Jatibonico","latitude":"21.93333000","longitude":"-79.16667000"},"municipiodesanctisp\u00edritus":{"id":21932,"name":"Municipio de Sancti Sp\u00edritus","latitude":"21.82176000","longitude":"-79.51036000"},"municipiodetrinidad":{"id":21935,"name":"Municipio de Trinidad","latitude":"21.83195000","longitude":"-79.88362000"},"sanctisp\u00edritus":{"id":21968,"name":"Sancti Sp\u00edritus","latitude":"21.92972000","longitude":"-79.44250000"},"topesdecollantes":{"id":21977,"name":"Topes de Collantes","latitude":"21.91524000","longitude":"-80.01929000"},"trinidad":{"id":21978,"name":"Trinidad","latitude":"21.80224000","longitude":"-79.98467000"},"yaguajay":{"id":21984,"name":"Yaguajay","latitude":"22.32691000","longitude":"-79.23567000"},"zazadelmedio":{"id":21986,"name":"Zaza del Medio","latitude":"21.99712000","longitude":"-79.36678000"}}},"santiagodecubaprovince":{"id":273,"name":"Santiago de Cuba Province","state_code":"13","latitude":"20.23976820","longitude":"-75.99276520","type":null,"cities":{"contramaestre":{"id":21841,"name":"Contramaestre","latitude":"20.29879000","longitude":"-76.24511000"},"elcobre":{"id":21849,"name":"El Cobre","latitude":"20.04850000","longitude":"-75.94579000"},"municipiodepalmasoriano":{"id":21929,"name":"Municipio de Palma Soriano","latitude":"20.20897000","longitude":"-76.05776000"},"municipiodesantiagodecuba":{"id":21934,"name":"Municipio de Santiago de Cuba","latitude":"20.00617000","longitude":"-75.70816000"},"palmasoriano":{"id":21939,"name":"Palma Soriano","latitude":"20.21130000","longitude":"-75.99362000"},"sanluis":{"id":21964,"name":"San Luis","latitude":"20.18809000","longitude":"-75.85031000"},"santiagodecuba":{"id":21972,"name":"Santiago de Cuba","latitude":"20.02083000","longitude":"-75.82667000"}}},"villaclaraprovince":{"id":280,"name":"Villa Clara Province","state_code":"05","latitude":"22.49372040","longitude":"-79.91927020","type":null,"cities":{"caibari\u00e9n":{"id":21822,"name":"Caibari\u00e9n","latitude":"22.51996000","longitude":"-79.46599000"},"calabazardesagua":{"id":21823,"name":"Calabazar de Sagua","latitude":"22.64515000","longitude":"-79.89510000"},"camajuan\u00ed":{"id":21826,"name":"Camajuan\u00ed","latitude":"22.48333000","longitude":"-79.75000000"},"cifuentes":{"id":21835,"name":"Cifuentes","latitude":"22.64930000","longitude":"-80.04935000"},"corralillo":{"id":21842,"name":"Corralillo","latitude":"22.98212000","longitude":"-80.58556000"},"encrucijada":{"id":21850,"name":"Encrucijada","latitude":"22.61802000","longitude":"-79.86603000"},"esperanza":{"id":21852,"name":"Esperanza","latitude":"22.44680000","longitude":"-80.09711000"},"isabeladesagua":{"id":21869,"name":"Isabela de Sagua","latitude":"22.93924000","longitude":"-80.01185000"},"manicaragua":{"id":21892,"name":"Manicaragua","latitude":"22.15021000","longitude":"-79.97867000"},"municipiodeplacetas":{"id":21930,"name":"Municipio de Placetas","latitude":"22.22248000","longitude":"-79.74268000"},"municipiodesantaclara":{"id":21933,"name":"Municipio de Santa Clara","latitude":"22.40000000","longitude":"-79.96667000"},"placetas":{"id":21944,"name":"Placetas","latitude":"22.31184000","longitude":"-79.65440000"},"quemadodeg\u00fcines":{"id":21948,"name":"Quemado de G\u00fcines","latitude":"22.78816000","longitude":"-80.25226000"},"ranchoveloz":{"id":21950,"name":"Rancho Veloz","latitude":"22.88042000","longitude":"-80.39098000"},"ranchuelo":{"id":21951,"name":"Ranchuelo","latitude":"22.37266000","longitude":"-80.15046000"},"sagualagrande":{"id":21957,"name":"Sagua la Grande","latitude":"22.80667000","longitude":"-80.07556000"},"santaclara":{"id":21969,"name":"Santa Clara","latitude":"22.40694000","longitude":"-79.96472000"},"santodomingo":{"id":21974,"name":"Santo Domingo","latitude":"22.58677000","longitude":"-80.24261000"}}}}}