{"id":71,"name":"Falkland Islands","iso3":"FLK","iso2":"FK","numeric_code":"238","phonecode":"500","capital":"Stanley","currency":"FKP","currency_name":"Falkland Islands pound","currency_symbol":"\u00a3","tld":".fk","native":"Falkland Islands","region":"Americas","region_id":2,"subregion":"South America","subregion_id":8,"nationality":"Falkland Island","timezones":[{"zoneName":"Atlantic/Stanley","gmtOffset":-10800,"gmtOffsetName":"UTC-03:00","abbreviation":"FKST","tzName":"Falkland Islands Summer Time"}],"translations":{"ko":"\ud3ec\ud074\ub79c\ub4dc \uc81c\ub3c4","pt-BR":"Ilhas Malvinas","pt":"Ilhas Falkland","nl":"Falklandeilanden [Islas Malvinas]","hr":"Falklandski Otoci","fa":"\u062c\u0632\u0627\u06cc\u0631 \u0641\u0627\u0644\u06a9\u0644\u0646\u062f","de":"Falklandinseln","es":"Islas Malvinas","fr":"\u00celes Malouines","ja":"\u30d5\u30a9\u30fc\u30af\u30e9\u30f3\u30c9\uff08\u30de\u30eb\u30d3\u30ca\u30b9\uff09\u8af8\u5cf6","it":"Isole Falkland o Isole Malvine","zh-CN":"\u798f\u514b\u5170\u7fa4\u5c9b","tr":"Falkland Adalari","ru":"\u0424\u043e\u043b\u043a\u043b\u0435\u043d\u0434\u0441\u043a\u0438\u0435 \u043e\u0441\u0442\u0440\u043e\u0432\u0430","uk":"\u0424\u043e\u043b\u043a\u043b\u0435\u043d\u0434\u0441\u044c\u043a\u0456 \u043e\u0441\u0442\u0440\u043e\u0432\u0438","pl":"Falklandy"},"latitude":"-51.75000000","longitude":"-59.00000000","emoji":"\ud83c\uddeb\ud83c\uddf0","emojiU":"U+1F1EB U+1F1F0"}