{"id":61,"name":"Dominica","iso3":"DMA","iso2":"DM","numeric_code":"212","phonecode":"1","capital":"Roseau","currency":"XCD","currency_name":"Eastern Caribbean dollar","currency_symbol":"$","tld":".dm","native":"Dominica","region":"Americas","region_id":2,"subregion":"Caribbean","subregion_id":7,"nationality":"Dominican","timezones":[{"zoneName":"America/Dominica","gmtOffset":-14400,"gmtOffsetName":"UTC-04:00","abbreviation":"AST","tzName":"Atlantic Standard Time"}],"translations":{"ko":"\ub3c4\ubbf8\ub2c8\uce74 \uc5f0\ubc29","pt-BR":"Dominica","pt":"Dominica","nl":"Dominica","hr":"Dominika","fa":"\u062f\u0648\u0645\u06cc\u0646\u06cc\u06a9\u0627","de":"Dominica","es":"Dominica","fr":"Dominique","ja":"\u30c9\u30df\u30cb\u30ab\u56fd","it":"Dominica","zh-CN":"\u591a\u7c73\u5c3c\u52a0","tr":"Dominika","ru":"\u0414\u043e\u043c\u0438\u043d\u0438\u043a\u0430","uk":"\u0414\u043e\u043c\u0456\u043d\u0456\u043a\u0430","pl":"Dominika"},"latitude":"15.41666666","longitude":"-61.33333333","emoji":"\ud83c\udde9\ud83c\uddf2","emojiU":"U+1F1E9 U+1F1F2","states":{"saintandrew":{"id":4082,"name":"Saint Andrew","state_code":"02","latitude":"15.54681520","longitude":"-61.43994240","type":"parish","cities":{"calibishie":{"id":31003,"name":"Calibishie","latitude":"15.59297000","longitude":"-61.34901000"},"marigot":{"id":31008,"name":"Marigot","latitude":"15.53886000","longitude":"-61.28375000"},"wesley":{"id":31017,"name":"Wesley","latitude":"15.56667000","longitude":"-61.31667000"},"woodfordhill":{"id":31018,"name":"Woodford Hill","latitude":"15.58093000","longitude":"-61.33149000"}}},"saintdavid":{"id":4078,"name":"Saint David","state_code":"03","latitude":"15.42418230","longitude":"-61.36762040","type":"parish","cities":{"castlebruce":{"id":31004,"name":"Castle Bruce","latitude":"15.44397000","longitude":"-61.25723000"},"rosalie":{"id":31012,"name":"Rosalie","latitude":"15.36667000","longitude":"-61.26667000"}}},"saintgeorge":{"id":4079,"name":"Saint George","state_code":"04","latitude":"15.30925320","longitude":"-61.38706140","type":"parish","cities":{"roseau":{"id":31013,"name":"Roseau","latitude":"15.30174000","longitude":"-61.38808000"}}},"saintjohn":{"id":4076,"name":"Saint John","state_code":"05","latitude":"15.57574670","longitude":"-61.48178530","type":"parish","cities":{"portsmouth":{"id":31011,"name":"Portsmouth","latitude":"15.58333000","longitude":"-61.46667000"}}},"saintjoseph":{"id":4085,"name":"Saint Joseph","state_code":"06","latitude":"15.44758940","longitude":"-61.46733630","type":"parish","cities":{"saintjoseph":{"id":31014,"name":"Saint Joseph","latitude":"15.40000000","longitude":"-61.43333000"},"salisbury":{"id":31015,"name":"Salisbury","latitude":"15.43689000","longitude":"-61.43637000"}}},"saintluke":{"id":4083,"name":"Saint Luke","state_code":"07","latitude":"15.25502710","longitude":"-61.38176360","type":"parish","cities":{"pointemichel":{"id":31009,"name":"Pointe Michel","latitude":"15.25976000","longitude":"-61.37452000"}}},"saintmark":{"id":4077,"name":"Saint Mark","state_code":"08","latitude":"15.23086360","longitude":"-61.37248360","type":"parish","cities":{"soufri\u00e8re":{"id":31016,"name":"Soufri\u00e8re","latitude":"15.23374000","longitude":"-61.35881000"}}},"saintpatrick":{"id":4080,"name":"Saint Patrick","state_code":"09","latitude":"15.28147970","longitude":"-61.33486030","type":"parish","cities":{"berekua":{"id":31002,"name":"Berekua","latitude":"15.23333000","longitude":"-61.31667000"},"laplaine":{"id":31006,"name":"La Plaine","latitude":"15.32768000","longitude":"-61.24753000"}}},"saintpaul":{"id":4084,"name":"Saint Paul","state_code":"10","latitude":"15.36719130","longitude":"-61.41210820","type":"parish","cities":{"mahaut":{"id":31007,"name":"Mahaut","latitude":"15.36357000","longitude":"-61.39701000"},"pontcass\u00e9":{"id":31010,"name":"Pont Cass\u00e9","latitude":"15.36667000","longitude":"-61.35000000"}}},"saintpeter":{"id":4081,"name":"Saint Peter","state_code":"11","latitude":"15.50215020","longitude":"-61.48021570","type":"parish","cities":{"colihaut":{"id":31005,"name":"Colihaut","latitude":"15.48478000","longitude":"-61.46215000"}}}}}