{"id":150,"name":"Mozambique","iso3":"MOZ","iso2":"MZ","numeric_code":"508","phonecode":"258","capital":"Maputo","currency":"MZN","currency_name":"Mozambican metical","currency_symbol":"MT","tld":".mz","native":"Mo\u00e7ambique","region":"Africa","region_id":1,"subregion":"Eastern Africa","subregion_id":4,"nationality":"Mozambican","timezones":[{"zoneName":"Africa/Maputo","gmtOffset":7200,"gmtOffsetName":"UTC+02:00","abbreviation":"CAT","tzName":"Central Africa Time"}],"translations":{"ko":"\ubaa8\uc7a0\ube44\ud06c","pt-BR":"Mo\u00e7ambique","pt":"Mo\u00e7ambique","nl":"Mozambique","hr":"Mozambik","fa":"\u0645\u0648\u0632\u0627\u0645\u0628\u06cc\u06a9","de":"Mosambik","es":"Mozambique","fr":"Mozambique","ja":"\u30e2\u30b6\u30f3\u30d3\u30fc\u30af","it":"Mozambico","zh-CN":"\u83ab\u6851\u6bd4\u514b","tr":"Mozambik","ru":"\u041c\u043e\u0437\u0430\u043c\u0431\u0438\u043a","uk":"\u041c\u043e\u0437\u0430\u043c\u0431\u0456\u043a","pl":"Mozambik"},"latitude":"-18.25000000","longitude":"35.00000000","emoji":"\ud83c\uddf2\ud83c\uddff","emojiU":"U+1F1F2 U+1F1FF","states":{"cabodelgado":{"id":3327,"name":"Cabo Delgado","state_code":"P","latitude":"-12.33354740","longitude":"39.32062410","type":"province","cities":{"chiure":{"id":76595,"name":"Chiure","latitude":"-13.46665000","longitude":"39.70317000"},"moc\u00edmboa":{"id":76614,"name":"Moc\u00edmboa","latitude":"-11.31667000","longitude":"40.35000000"},"montepuez":{"id":76615,"name":"Montepuez","latitude":"-13.12556000","longitude":"38.99972000"},"pemba":{"id":76621,"name":"Pemba","latitude":"-12.97395000","longitude":"40.51775000"}}},"gaza":{"id":3329,"name":"Gaza","state_code":"G","latitude":"-23.02219280","longitude":"32.71813750","type":"province","cities":{"chibuto":{"id":76592,"name":"Chibuto","latitude":"-24.68667000","longitude":"33.53056000"},"chokw\u00e9":{"id":76596,"name":"Chokw\u00e9","latitude":"-24.53333000","longitude":"32.98333000"},"macia":{"id":76604,"name":"Macia","latitude":"-25.02694000","longitude":"33.09889000"},"xai-xai":{"id":76625,"name":"Xai-Xai","latitude":"-25.05194000","longitude":"33.64417000"}}},"inhambane":{"id":3330,"name":"Inhambane","state_code":"I","latitude":"-22.85279970","longitude":"34.55087580","type":"province","cities":{"inhambane":{"id":76601,"name":"Inhambane","latitude":"-23.86500000","longitude":"35.38333000"},"maxixe":{"id":76612,"name":"Maxixe","latitude":"-23.85972000","longitude":"35.34722000"}}},"manica":{"id":3337,"name":"Manica","state_code":"B","latitude":"-19.50597870","longitude":"33.43835300","type":"province","cities":{"chimoio":{"id":76593,"name":"Chimoio","latitude":"-19.11639000","longitude":"33.48333000"}}},"maputo":{"id":3335,"name":"Maputo","state_code":"MPM","latitude":"-25.96924800","longitude":"32.57317460","type":"city","cities":{"katembe":{"id":76602,"name":"KaTembe","latitude":"-26.02985000","longitude":"32.53204000"},"maputo":{"id":76608,"name":"Maputo","latitude":"-25.96553000","longitude":"32.58322000"}}},"nampula":{"id":3336,"name":"Nampula","state_code":"N","latitude":"-14.76049310","longitude":"39.32062410","type":"province","cities":{"ant\u00f3nioenes":{"id":76589,"name":"Ant\u00f3nio Enes","latitude":"-16.23250000","longitude":"39.90861000"},"ilhademo\u00e7ambique":{"id":76600,"name":"Ilha de Mo\u00e7ambique","latitude":"-15.03417000","longitude":"40.73583000"},"mutu\u00e1li":{"id":76616,"name":"Mutu\u00e1li","latitude":"-14.87056000","longitude":"37.00444000"},"nacala":{"id":76617,"name":"Nacala","latitude":"-14.56257000","longitude":"40.68538000"},"nampula":{"id":76619,"name":"Nampula","latitude":"-15.11646000","longitude":"39.26660000"}}},"niassa":{"id":3333,"name":"Niassa","state_code":"A","latitude":"-12.78262020","longitude":"36.60939260","type":"province","cities":{"cuamba":{"id":76598,"name":"Cuamba","latitude":"-14.80306000","longitude":"36.53722000"},"lichinga":{"id":76603,"name":"Lichinga","latitude":"-13.31278000","longitude":"35.24056000"},"mandimba":{"id":76606,"name":"Mandimba","latitude":"-14.35250000","longitude":"35.65056000"}}},"sofala":{"id":3331,"name":"Sofala","state_code":"S","latitude":"-19.20390730","longitude":"34.86241660","type":"province","cities":{"beira":{"id":76590,"name":"Beira","latitude":"-19.84361000","longitude":"34.83889000"},"dondo":{"id":76599,"name":"Dondo","latitude":"-19.60944000","longitude":"34.74306000"},"nhamatandadistrict":{"id":76620,"name":"Nhamatanda District","latitude":"-19.34900000","longitude":"34.26800000"}}},"tete":{"id":3334,"name":"Tete","state_code":"T","latitude":"-15.65960560","longitude":"32.71813750","type":"province","cities":{"tete":{"id":76624,"name":"Tete","latitude":"-16.15639000","longitude":"33.58667000"}}},"zambezia":{"id":3328,"name":"Zambezia","state_code":"Q","latitude":"-16.56389870","longitude":"36.60939260","type":"province","cities":{"altomol\u00f3cu\u00e8":{"id":76588,"name":"Alto Mol\u00f3cu\u00e8","latitude":"-15.64932000","longitude":"37.66384000"},"chinde":{"id":76594,"name":"Chinde","latitude":"-18.58111000","longitude":"36.45861000"},"quelimane":{"id":76622,"name":"Quelimane","latitude":"-17.87861000","longitude":"36.88833000"}}}}}