{"id":178,"name":"Puerto Rico","iso3":"PRI","iso2":"PR","numeric_code":"630","phone_code":"1","capital":"San Juan","currency":"USD","currency_name":"United States dollar","currency_symbol":"$","tld":".pr","native":"Puerto Rico","region":"Americas","region_id":"2","subregion":"Caribbean","subregion_id":"7","nationality":"Puerto Rican","timezones":[{"zoneName":"America/Puerto_Rico","gmtOffset":-14400,"gmtOffsetName":"UTC-04:00","abbreviation":"AST","tzName":"Atlantic Standard Time"}],"translations":{"kr":"\ud478\uc5d0\ub974\ud1a0\ub9ac\ucf54","pt-BR":"Porto Rico","pt":"Porto Rico","nl":"Puerto Rico","hr":"Portoriko","fa":"\u067e\u0648\u0631\u062a\u0648 \u0631\u06cc\u06a9\u0648","de":"Puerto Rico","es":"Puerto Rico","fr":"Porto Rico","ja":"\u30d7\u30a8\u30eb\u30c8\u30ea\u30b3","it":"Porto Rico","cn":"\u6ce2\u591a\u9ece\u5404","tr":"Porto Riko","ru":"\u041f\u0443\u044d\u0440\u0442\u043e-\u0420\u0438\u043a\u043e","uk":"\u041f\u0443\u0435\u0440\u0442\u043e-\u0420\u0456\u043a\u043e","pl":"Portoryko"},"latitude":"18.25000000","longitude":"-66.50000000","emoji":"\ud83c\uddf5\ud83c\uddf7","emojiU":"U+1F1F5 U+1F1F7","states":{"adjuntas":{"id":5134,"name":"Adjuntas","state_code":"001","latitude":"18.16348480","longitude":"-66.72315800","type":"municipalities","cities":{"adjuntas":{"id":153549,"name":"Adjuntas","latitude":"18.16348480","longitude":"-66.72315800"}}},"aguada":{"id":5135,"name":"Aguada","state_code":"003","latitude":"18.38015790","longitude":"-67.18870400","type":"municipalities","cities":{"aguada":{"id":153550,"name":"Aguada","latitude":"18.38015790","longitude":"-67.18870400"}}},"aguadilla":{"id":5136,"name":"Aguadilla","state_code":"005","latitude":"18.42744540","longitude":"-67.15406980","type":"municipalities","cities":{"aguadilla":{"id":153551,"name":"Aguadilla","latitude":"18.42744540","longitude":"-67.15406980"}}},"aguasbuenas":{"id":5137,"name":"Aguas Buenas","state_code":"007","latitude":"18.25689890","longitude":"-66.10294420","type":"municipalities","cities":{"aguasbuenas":{"id":153552,"name":"Aguas Buenas","latitude":"18.25689890","longitude":"-66.10294420"}}},"aibonito":{"id":5138,"name":"Aibonito","state_code":"009","latitude":"18.13995940","longitude":"-66.26600160","type":"municipalities","cities":{"aibonito":{"id":153553,"name":"Aibonito","latitude":"18.13995940","longitude":"-66.26600160"}}},"a\u00f1asco":{"id":5139,"name":"A\u00f1asco","state_code":"011","latitude":"18.28544760","longitude":"-67.14029350","type":"municipalities","cities":{"a\u00f1asco":{"id":153554,"name":"A\u00f1asco","latitude":"18.28544760","longitude":"-67.14029350"}}},"arecibo":{"id":5081,"name":"Arecibo","state_code":"AR","latitude":"18.47055556","longitude":"-66.72083333","type":"region"},"arroyo":{"id":5141,"name":"Arroyo","state_code":"015","latitude":"17.99642200","longitude":"-66.09248790","type":"municipalities","cities":{"arroyo":{"id":153556,"name":"Arroyo","latitude":"17.99642200","longitude":"-66.09248790"}}},"barceloneta":{"id":5142,"name":"Barceloneta","state_code":"017","latitude":"41.38010610","longitude":"2.18969570","type":"municipalities","cities":{"barceloneta":{"id":153557,"name":"Barceloneta","latitude":"41.38010610","longitude":"2.18969570"}}},"barranquitas":{"id":5143,"name":"Barranquitas","state_code":"019","latitude":"18.18662420","longitude":"-66.30628020","type":"municipalities","cities":{"barranquitas":{"id":153558,"name":"Barranquitas","latitude":"18.18662420","longitude":"-66.30628020"}}},"bayamon":{"id":5076,"name":"Bayamon","state_code":"BY","latitude":"18.17777778","longitude":"-66.11333333","type":"region"},"bayam\u00f3n":{"id":5144,"name":"Bayam\u00f3n","state_code":"021","latitude":"18.38939600","longitude":"-66.16532240","type":"municipalities","cities":{"bayam\u00f3n":{"id":153559,"name":"Bayam\u00f3n","latitude":"18.38939600","longitude":"-66.16532240"}}},"caborojo":{"id":5145,"name":"Cabo Rojo","state_code":"023","latitude":"18.08662650","longitude":"-67.14573470","type":"municipalities","cities":{"caborojo":{"id":153560,"name":"Cabo Rojo","latitude":"18.08662650","longitude":"-67.14573470"}}},"caguas":{"id":5146,"name":"Caguas","state_code":"025","latitude":"18.23879950","longitude":"-66.03524900","type":"municipalities","cities":{"caguas":{"id":153561,"name":"Caguas","latitude":"18.23879950","longitude":"-66.03524900"}}},"camuy":{"id":5147,"name":"Camuy","state_code":"027","latitude":"18.48383300","longitude":"-66.84489940","type":"municipalities","cities":{"camuy":{"id":153562,"name":"Camuy","latitude":"18.48383300","longitude":"-66.84489940"}}},"can\u00f3vanas":{"id":5148,"name":"Can\u00f3vanas","state_code":"029","latitude":"18.37487480","longitude":"-65.89975330","type":"municipalities","cities":{"can\u00f3vanas":{"id":153563,"name":"Can\u00f3vanas","latitude":"18.37487480","longitude":"-65.89975330"}}},"carolina":{"id":5149,"name":"Carolina","state_code":"031","latitude":"18.36808770","longitude":"-66.04247340","type":"municipalities","cities":{"carolina":{"id":153564,"name":"Carolina","latitude":"18.36808770","longitude":"-66.04247340"}}},"cata\u00f1o":{"id":5150,"name":"Cata\u00f1o","state_code":"033","latitude":"18.44653550","longitude":"-66.13557750","type":"municipalities","cities":{"cata\u00f1o":{"id":153565,"name":"Cata\u00f1o","latitude":"18.44653550","longitude":"-66.13557750"}}},"cayey":{"id":5151,"name":"Cayey","state_code":"035","latitude":"18.11190510","longitude":"-66.16600000","type":"municipalities","cities":{"cayey":{"id":153566,"name":"Cayey","latitude":"18.11190510","longitude":"-66.16600000"}}},"ceiba":{"id":5152,"name":"Ceiba","state_code":"037","latitude":"18.24751770","longitude":"-65.90849530","type":"municipalities","cities":{"ceiba":{"id":153567,"name":"Ceiba","latitude":"18.24751770","longitude":"-65.90849530"}}},"ciales":{"id":5153,"name":"Ciales","state_code":"039","latitude":"18.33606220","longitude":"-66.46878230","type":"municipalities","cities":{"ciales":{"id":153568,"name":"Ciales","latitude":"18.33606220","longitude":"-66.46878230"}}},"cidra":{"id":5154,"name":"Cidra","state_code":"041","latitude":"18.17579140","longitude":"-66.16127790","type":"municipalities","cities":{"cidra":{"id":153569,"name":"Cidra","latitude":"18.17579140","longitude":"-66.16127790"}}},"coamo":{"id":5155,"name":"Coamo","state_code":"043","latitude":"18.07996160","longitude":"-66.35794730","type":"municipalities","cities":{"coamo":{"id":153570,"name":"Coamo","latitude":"18.07996160","longitude":"-66.35794730"}}},"comer\u00edo":{"id":5156,"name":"Comer\u00edo","state_code":"045","latitude":"18.21920010","longitude":"-66.22560220","type":"municipalities","cities":{"comer\u00edo":{"id":153571,"name":"Comer\u00edo","latitude":"18.21920010","longitude":"-66.22560220"}}},"corozal":{"id":5157,"name":"Corozal","state_code":"047","latitude":"18.40308020","longitude":"-88.39675360","type":"municipalities","cities":{"corozal":{"id":153572,"name":"Corozal","latitude":"18.40308020","longitude":"-88.39675360"}}},"culebra":{"id":5158,"name":"Culebra","state_code":"049","latitude":"18.31039400","longitude":"-65.30307050","type":"municipalities","cities":{"culebra":{"id":153573,"name":"Culebra","latitude":"18.31039400","longitude":"-65.30307050"}}},"dorado":{"id":5159,"name":"Dorado","state_code":"051","latitude":"43.14805560","longitude":"-77.57722220","type":"municipalities","cities":{"dorado":{"id":153574,"name":"Dorado","latitude":"43.14805560","longitude":"-77.57722220"}}},"fajardo":{"id":5160,"name":"Fajardo","state_code":"053","latitude":"18.32521480","longitude":"-65.65393560","type":"municipalities","cities":{"fajardo":{"id":153575,"name":"Fajardo","latitude":"18.32521480","longitude":"-65.65393560"}}},"florida":{"id":5161,"name":"Florida","state_code":"054","latitude":"27.66482740","longitude":"-81.51575350","type":"municipalities","cities":{"florida":{"id":153576,"name":"Florida","latitude":"27.66482740","longitude":"-81.51575350"}}},"gu\u00e1nica":{"id":5162,"name":"Gu\u00e1nica","state_code":"055","latitude":"17.97251450","longitude":"-66.90862640","type":"municipalities","cities":{"gu\u00e1nica":{"id":153577,"name":"Gu\u00e1nica","latitude":"17.97251450","longitude":"-66.90862640"}}},"guayama":{"id":5163,"name":"Guayama","state_code":"057","latitude":"17.98413280","longitude":"-66.11377670","type":"municipalities","cities":{"guayama":{"id":153578,"name":"Guayama","latitude":"17.98413280","longitude":"-66.11377670"}}},"guayanilla":{"id":5164,"name":"Guayanilla","state_code":"059","latitude":"18.01913140","longitude":"-66.79184200","type":"municipalities","cities":{"guayanilla":{"id":153579,"name":"Guayanilla","latitude":"18.01913140","longitude":"-66.79184200"}}},"guaynabo":{"id":5165,"name":"Guaynabo","state_code":"061","latitude":"18.36129540","longitude":"-66.11029570","type":"municipalities","cities":{"guaynabo":{"id":153580,"name":"Guaynabo","latitude":"18.36129540","longitude":"-66.11029570"}}},"gurabo":{"id":5166,"name":"Gurabo","state_code":"063","latitude":"18.25439870","longitude":"-65.97294210","type":"municipalities","cities":{"gurabo":{"id":153581,"name":"Gurabo","latitude":"18.25439870","longitude":"-65.97294210"}}},"hatillo":{"id":5167,"name":"Hatillo","state_code":"065","latitude":"18.42846420","longitude":"-66.78753210","type":"municipalities","cities":{"hatillo":{"id":153582,"name":"Hatillo","latitude":"18.42846420","longitude":"-66.78753210"}}},"hormigueros":{"id":5168,"name":"Hormigueros","state_code":"067","latitude":"18.13346380","longitude":"-67.11281230","type":"municipalities","cities":{"hormigueros":{"id":153583,"name":"Hormigueros","latitude":"18.13346380","longitude":"-67.11281230"}}},"humacao":{"id":5169,"name":"Humacao","state_code":"069","latitude":"18.15157360","longitude":"-65.82485290","type":"municipalities","cities":{"humacao":{"id":153584,"name":"Humacao","latitude":"18.15157360","longitude":"-65.82485290"}}},"isabela":{"id":5170,"name":"Isabela","state_code":"071","latitude":"16.97537580","longitude":"121.81070790","type":"municipalities","cities":{"isabela":{"id":153585,"name":"Isabela","latitude":"16.97537580","longitude":"121.81070790"}}},"jayuya":{"id":5171,"name":"Jayuya","state_code":"073","latitude":"18.21856740","longitude":"-66.59156170","type":"municipalities","cities":{"jayuya":{"id":153586,"name":"Jayuya","latitude":"18.21856740","longitude":"-66.59156170"}}},"juanad\u00edaz":{"id":5172,"name":"Juana D\u00edaz","state_code":"075","latitude":"18.05343720","longitude":"-66.50750790","type":"municipalities","cities":{"juanad\u00edaz":{"id":153587,"name":"Juana D\u00edaz","latitude":"18.05343720","longitude":"-66.50750790"}}},"juncos":{"id":5173,"name":"Juncos","state_code":"077","latitude":"18.22745580","longitude":"-65.92099700","type":"municipalities","cities":{"juncos":{"id":153588,"name":"Juncos","latitude":"18.22745580","longitude":"-65.92099700"}}},"lajas":{"id":5174,"name":"Lajas","state_code":"079","latitude":"18.04996200","longitude":"-67.05934490","type":"municipalities","cities":{"lajas":{"id":153589,"name":"Lajas","latitude":"18.04996200","longitude":"-67.05934490"}}},"lares":{"id":5175,"name":"Lares","state_code":"081","latitude":"34.02508020","longitude":"-118.45945930","type":"municipalities","cities":{"lares":{"id":153590,"name":"Lares","latitude":"34.02508020","longitude":"-118.45945930"}}},"lasmar\u00edas":{"id":5176,"name":"Las Mar\u00edas","state_code":"083","latitude":"35.83822380","longitude":"-78.61035660","type":"municipalities","cities":{"lasmar\u00edas":{"id":153591,"name":"Las Mar\u00edas","latitude":"35.83822380","longitude":"-78.61035660"}}},"laspiedras":{"id":5177,"name":"Las Piedras","state_code":"085","latitude":"18.18557530","longitude":"-65.87362450","type":"municipalities","cities":{"laspiedras":{"id":153592,"name":"Las Piedras","latitude":"18.18557530","longitude":"-65.87362450"}}},"lo\u00edza":{"id":5178,"name":"Lo\u00edza","state_code":"087","latitude":"18.43299040","longitude":"-65.87836000","type":"municipalities","cities":{"lo\u00edza":{"id":153593,"name":"Lo\u00edza","latitude":"18.43299040","longitude":"-65.87836000"}}},"luquillo":{"id":5179,"name":"Luquillo","state_code":"089","latitude":"18.37245070","longitude":"-65.71655110","type":"municipalities","cities":{"luquillo":{"id":153594,"name":"Luquillo","latitude":"18.37245070","longitude":"-65.71655110"}}},"manat\u00ed":{"id":5180,"name":"Manat\u00ed","state_code":"091","latitude":"18.41812150","longitude":"-66.52627830","type":"municipalities","cities":{"manat\u00ed":{"id":153595,"name":"Manat\u00ed","latitude":"18.41812150","longitude":"-66.52627830"}}},"maricao":{"id":5181,"name":"Maricao","state_code":"093","latitude":"18.18079020","longitude":"-66.97990010","type":"municipalities","cities":{"maricao":{"id":153596,"name":"Maricao","latitude":"18.18079020","longitude":"-66.97990010"}}},"maunabo":{"id":5182,"name":"Maunabo","state_code":"095","latitude":"18.00718850","longitude":"-65.89932890","type":"municipalities","cities":{"maunabo":{"id":153597,"name":"Maunabo","latitude":"18.00718850","longitude":"-65.89932890"}}},"mayag\u00fcez":{"id":5183,"name":"Mayag\u00fcez","state_code":"097","latitude":"18.20134520","longitude":"-67.14515490","type":"municipalities","cities":{"mayag\u00fcez":{"id":153598,"name":"Mayag\u00fcez","latitude":"18.20134520","longitude":"-67.14515490"}}},"moca":{"id":5184,"name":"Moca","state_code":"099","latitude":"18.39679290","longitude":"-67.14790350","type":"municipalities","cities":{"moca":{"id":153599,"name":"Moca","latitude":"18.39679290","longitude":"-67.14790350"}}},"morovis":{"id":5185,"name":"Morovis","state_code":"101","latitude":"18.32578500","longitude":"-66.40655920","type":"municipalities","cities":{"morovis":{"id":153600,"name":"Morovis","latitude":"18.32578500","longitude":"-66.40655920"}}},"naguabo":{"id":5186,"name":"Naguabo","state_code":"103","latitude":"18.21162470","longitude":"-65.73488410","type":"municipalities","cities":{"naguabo":{"id":153601,"name":"Naguabo","latitude":"18.21162470","longitude":"-65.73488410"}}},"naranjito":{"id":5187,"name":"Naranjito","state_code":"105","latitude":"18.30078610","longitude":"-66.24489040","type":"municipalities","cities":{"naranjito":{"id":153602,"name":"Naranjito","latitude":"18.30078610","longitude":"-66.24489040"}}},"orocovis":{"id":5188,"name":"Orocovis","state_code":"107","latitude":"18.22692240","longitude":"-66.39116860","type":"municipalities","cities":{"orocovis":{"id":153603,"name":"Orocovis","latitude":"18.22692240","longitude":"-66.39116860"}}},"patillas":{"id":5189,"name":"Patillas","state_code":"109","latitude":"18.00373810","longitude":"-66.01340590","type":"municipalities","cities":{"patillas":{"id":153604,"name":"Patillas","latitude":"18.00373810","longitude":"-66.01340590"}}},"pe\u00f1uelas":{"id":5190,"name":"Pe\u00f1uelas","state_code":"111","latitude":"18.06335770","longitude":"-66.72738960","type":"municipalities","cities":{"pe\u00f1uelas":{"id":153605,"name":"Pe\u00f1uelas","latitude":"18.06335770","longitude":"-66.72738960"}}},"ponce":{"id":5191,"name":"Ponce","state_code":"113","latitude":"18.01107680","longitude":"-66.61406160","type":"municipalities","cities":{"ponce":{"id":153606,"name":"Ponce","latitude":"18.01107680","longitude":"-66.61406160"}}},"quebradillas":{"id":5192,"name":"Quebradillas","state_code":"115","latitude":"18.47383300","longitude":"-66.93851200","type":"municipalities","cities":{"quebradillas":{"id":153607,"name":"Quebradillas","latitude":"18.47383300","longitude":"-66.93851200"}}},"rinc\u00f3n":{"id":5193,"name":"Rinc\u00f3n","state_code":"117","latitude":"18.34015140","longitude":"-67.24994590","type":"municipalities","cities":{"rinc\u00f3n":{"id":153608,"name":"Rinc\u00f3n","latitude":"18.34015140","longitude":"-67.24994590"}}},"r\u00edogrande":{"id":5194,"name":"R\u00edo Grande","state_code":"119","latitude":"28.81063826","longitude":"-101.83538780","type":"municipalities","cities":{"r\u00edogrande":{"id":153609,"name":"R\u00edo Grande","latitude":"28.81063826","longitude":"-101.83538780"}}},"sabanagrande":{"id":5195,"name":"Sabana Grande","state_code":"121","latitude":"18.07773920","longitude":"-66.96045490","type":"municipalities","cities":{"sabanagrande":{"id":153610,"name":"Sabana Grande","latitude":"18.07773920","longitude":"-66.96045490"}}},"salinas":{"id":5196,"name":"Salinas","state_code":"123","latitude":"36.67773720","longitude":"-121.65550130","type":"municipalities","cities":{"salinas":{"id":153611,"name":"Salinas","latitude":"36.67773720","longitude":"-121.65550130"}}},"sangerm\u00e1n":{"id":5197,"name":"San Germ\u00e1n","state_code":"125","latitude":"18.08070820","longitude":"-67.04110960","type":"municipalities","cities":{"sangerm\u00e1n":{"id":153612,"name":"San Germ\u00e1n","latitude":"18.08070820","longitude":"-67.04110960"}}},"sanjuan":{"id":5075,"name":"San Juan","state_code":"SJ","latitude":"18.45000000","longitude":"-66.06666667","type":"region"},"sanlorenzo":{"id":5199,"name":"San Lorenzo","state_code":"129","latitude":"18.18869120","longitude":"-65.97658620","type":"municipalities","cities":{"sanlorenzo":{"id":153614,"name":"San Lorenzo","latitude":"18.18869120","longitude":"-65.97658620"}}},"sansebasti\u00e1n":{"id":5200,"name":"San Sebasti\u00e1n","state_code":"131","latitude":"43.31833400","longitude":"-1.98123130","type":"municipalities","cities":{"sansebasti\u00e1n":{"id":153615,"name":"San Sebasti\u00e1n","latitude":"43.31833400","longitude":"-1.98123130"}}},"santaisabel":{"id":5201,"name":"Santa Isabel","state_code":"133","latitude":"17.96607750","longitude":"-66.40489200","type":"municipalities","cities":{"santaisabel":{"id":153616,"name":"Santa Isabel","latitude":"17.96607750","longitude":"-66.40489200"}}},"toaalta":{"id":5202,"name":"Toa Alta","state_code":"135","latitude":"18.38828230","longitude":"-66.24822370","type":"municipalities","cities":{"toaalta":{"id":153617,"name":"Toa Alta","latitude":"18.38828230","longitude":"-66.24822370"}}},"toabaja":{"id":5203,"name":"Toa Baja","state_code":"137","latitude":"18.44447090","longitude":"-66.25432930","type":"municipalities","cities":{"toabaja":{"id":153618,"name":"Toa Baja","latitude":"18.44447090","longitude":"-66.25432930"}}},"trujilloalto":{"id":5204,"name":"Trujillo Alto","state_code":"139","latitude":"18.35467190","longitude":"-66.00738760","type":"municipalities","cities":{"trujilloalto":{"id":153619,"name":"Trujillo Alto","latitude":"18.35467190","longitude":"-66.00738760"}}},"utuado":{"id":5205,"name":"Utuado","state_code":"141","latitude":"18.26550950","longitude":"-66.70045190","type":"municipalities","cities":{"utuado":{"id":153620,"name":"Utuado","latitude":"18.26550950","longitude":"-66.70045190"}}},"vegaalta":{"id":5206,"name":"Vega Alta","state_code":"143","latitude":"18.41217030","longitude":"-66.33128050","type":"municipalities","cities":{"vegaalta":{"id":153621,"name":"Vega Alta","latitude":"18.41217030","longitude":"-66.33128050"}}},"vegabaja":{"id":5207,"name":"Vega Baja","state_code":"145","latitude":"18.44614590","longitude":"-66.40419670","type":"municipalities","cities":{"vegabaja":{"id":153622,"name":"Vega Baja","latitude":"18.44614590","longitude":"-66.40419670"}}},"vieques":{"id":5208,"name":"Vieques","state_code":"147","latitude":"18.12628540","longitude":"-65.44009850","type":"municipalities","cities":{"vieques":{"id":153623,"name":"Vieques","latitude":"18.12628540","longitude":"-65.44009850"}}},"villalba":{"id":5209,"name":"Villalba","state_code":"149","latitude":"18.12175540","longitude":"-66.49857870","type":"municipalities","cities":{"villalba":{"id":153624,"name":"Villalba","latitude":"18.12175540","longitude":"-66.49857870"}}},"yabucoa":{"id":5210,"name":"Yabucoa","state_code":"151","latitude":"18.05052010","longitude":"-65.87932880","type":"municipalities","cities":{"yabucoa":{"id":153625,"name":"Yabucoa","latitude":"18.05052010","longitude":"-65.87932880"}}},"yauco":{"id":5211,"name":"Yauco","state_code":"153","latitude":"18.03496400","longitude":"-66.84989830","type":"municipalities","cities":{"yauco":{"id":153626,"name":"Yauco","latitude":"18.03496400","longitude":"-66.84989830"}}}}}