{"id":215,"name":"Syria","iso3":"SYR","iso2":"SY","numeric_code":"760","phone_code":"963","capital":"Damascus","currency":"SYP","currency_name":"Syrian pound","currency_symbol":"LS","tld":".sy","native":"\u0633\u0648\u0631\u064a\u0627","region":"Asia","region_id":"3","subregion":"Western Asia","subregion_id":"11","nationality":"Syrian","timezones":[{"zoneName":"Asia/Damascus","gmtOffset":7200,"gmtOffsetName":"UTC+02:00","abbreviation":"EET","tzName":"Eastern European Time"}],"translations":{"kr":"\uc2dc\ub9ac\uc544","pt-BR":"S\u00edria","pt":"S\u00edria","nl":"Syri\u00eb","hr":"Sirija","fa":"\u0633\u0648\u0631\u06cc\u0647","de":"Syrien","es":"Siria","fr":"Syrie","ja":"\u30b7\u30ea\u30a2\u30fb\u30a2\u30e9\u30d6\u5171\u548c\u56fd","it":"Siria","cn":"\u53d9\u5229\u4e9a","tr":"Suriye"},"latitude":"35.00000000","longitude":"38.00000000","emoji":"\ud83c\uddf8\ud83c\uddfe","emojiU":"U+1F1F8 U+1F1FE","states":{"al-hasakah":{"id":2941,"name":"Al-Hasakah","state_code":"HA","latitude":"36.40551500","longitude":"40.79691490","type":null,"cities":{"addarb\u0101s\u012byah":{"id":104940,"name":"Ad Darb\u0101s\u012byah","latitude":"37.07279000","longitude":"40.65199000"},"al\u1e28asakah":{"id":104957,"name":"Al \u1e28asakah","latitude":"36.50237000","longitude":"40.74772000"},"alm\u0101lik\u012byah":{"id":104950,"name":"Al M\u0101lik\u012byah","latitude":"37.17701000","longitude":"42.14006000"},"alq\u0101mishl\u012b":{"id":104955,"name":"Al Q\u0101mishl\u012b","latitude":"37.05215000","longitude":"41.23142000"},"al-malikiyahdistrict":{"id":104960,"name":"Al-Malikiyah District","latitude":"36.94113000","longitude":"41.90157000"},"amude":{"id":104967,"name":"Amude","latitude":"37.10417000","longitude":"40.93000000"}}},"al-raqqah":{"id":2944,"name":"Al-Raqqah","state_code":"RA","latitude":"35.95941060","longitude":"38.99810520","type":null,"cities":{"al-thawrahdistrict":{"id":104964,"name":"Al-Thawrah District","latitude":"35.79843000","longitude":"38.34550000"},"arraqqah":{"id":104969,"name":"Ar Raqqah","latitude":"35.95283000","longitude":"39.00788000"},"ar-raqqahdistrict":{"id":104971,"name":"Ar-Raqqah District","latitude":"35.87204000","longitude":"39.04706000"},"aththawrah":{"id":104981,"name":"Ath Thawrah","latitude":"35.83758000","longitude":"38.54828000"},"tallabya\u1e11":{"id":105055,"name":"Tall Abya\u1e11","latitude":"36.69648000","longitude":"38.95382000"},"tellabyaddistrict":{"id":105062,"name":"Tell Abyad District","latitude":"36.48280000","longitude":"39.21360000"}}},"aleppo":{"id":2946,"name":"Aleppo","state_code":"HL","latitude":"36.22623930","longitude":"37.46813960","type":null,"cities":{"\u2018afr\u012bn":{"id":105079,"name":"\u2018Afr\u012bn","latitude":"36.51194000","longitude":"36.86954000"},"\u2018aynal\u2018arab":{"id":105080,"name":"\u2018Ayn al \u2018Arab","latitude":"36.89095000","longitude":"38.35347000"},"afrindistrict":{"id":104943,"name":"Afrin District","latitude":"36.54891000","longitude":"36.79295000"},"alat\u0101rib":{"id":104944,"name":"Al At\u0101rib","latitude":"36.13907000","longitude":"36.82504000"},"alb\u0101b":{"id":104945,"name":"Al B\u0101b","latitude":"36.37051000","longitude":"37.51570000"},"al-babdistrict":{"id":104958,"name":"Al-Bab District","latitude":"36.30946000","longitude":"37.53277000"},"aleppo":{"id":104966,"name":"Aleppo","latitude":"36.20124000","longitude":"37.16117000"},"assaf\u012brah":{"id":104974,"name":"As Saf\u012brah","latitude":"36.07696000","longitude":"37.37251000"},"azazdistrict":{"id":104983,"name":"Azaz District","latitude":"36.49986000","longitude":"37.18382000"},"dayr\u1e28\u0101fir":{"id":104992,"name":"Dayr \u1e28\u0101fir","latitude":"36.15694000","longitude":"37.70778000"},"i\u2018z\u0101z":{"id":105006,"name":"I\u2018z\u0101z","latitude":"36.58662000","longitude":"37.04628000"},"jar\u0101bulus":{"id":105010,"name":"Jar\u0101bulus","latitude":"36.81750000","longitude":"38.01111000"},"kafr\u015eagh\u012br":{"id":105019,"name":"Kafr \u015eagh\u012br","latitude":"36.29264000","longitude":"37.25590000"},"khan\u0101\u015fir":{"id":105022,"name":"Khan\u0101\u015fir","latitude":"35.78159000","longitude":"37.49919000"},"manbij":{"id":105027,"name":"Manbij","latitude":"36.52815000","longitude":"37.95495000"},"manbijdistrict":{"id":105028,"name":"Manbij District","latitude":"36.06687000","longitude":"37.91735000"},"mountsimeondistrict":{"id":105034,"name":"Mount Simeon District","latitude":"35.99956000","longitude":"37.08473000"},"nubl":{"id":105038,"name":"Nubl","latitude":"36.37867000","longitude":"36.99294000"},"\u015e\u016br\u0101n":{"id":105072,"name":"\u015e\u016br\u0101n","latitude":"36.56579000","longitude":"37.21270000"},"t\u0101dif":{"id":105064,"name":"T\u0101dif","latitude":"36.34814000","longitude":"37.53090000"},"tallrif\u2018at":{"id":105056,"name":"Tall Rif\u2018at","latitude":"36.47229000","longitude":"37.09471000"}}},"as-suwayda":{"id":2936,"name":"As-Suwayda","state_code":"SU","latitude":"32.79891560","longitude":"36.78195050","type":null,"cities":{"as-suwayda":{"id":104977,"name":"As-Suwayda","latitude":"32.70896000","longitude":"36.56951000"},"as-suwaydadistrict":{"id":104978,"name":"As-Suwayda District","latitude":"32.78127000","longitude":"36.86502000"},"\u015eal\u0101khid":{"id":105069,"name":"\u015eal\u0101khid","latitude":"32.87271000","longitude":"36.57271000"},"\u015ealkhad":{"id":105068,"name":"\u015ealkhad","latitude":"32.49200000","longitude":"36.71114000"},"salkhaddistrict":{"id":105043,"name":"Salkhad District","latitude":"32.51779000","longitude":"36.91954000"},"shahb\u0101":{"id":105049,"name":"Shahb\u0101","latitude":"32.85514000","longitude":"36.62896000"},"shahbadistrict":{"id":105048,"name":"Shahba District","latitude":"33.04282000","longitude":"36.72034000"}}},"damascus":{"id":2939,"name":"Damascus","state_code":"DI","latitude":"33.51514440","longitude":"36.39313540","type":null,"cities":{"damascus":{"id":104988,"name":"Damascus","latitude":"33.51020000","longitude":"36.29128000"}}},"daraa":{"id":2945,"name":"Daraa","state_code":"DR","latitude":"32.92488130","longitude":"36.17626150","type":null,"cities":{"al\u1e28ar\u0101k":{"id":104956,"name":"Al \u1e28ar\u0101k","latitude":"32.74932000","longitude":"36.30994000"},"almuzayr\u012bb":{"id":104949,"name":"Al Muzayr\u012bb","latitude":"32.71084000","longitude":"36.02751000"},"al-sanamayndistrict":{"id":104963,"name":"Al-Sanamayn District","latitude":"33.12559000","longitude":"36.27540000"},"a\u015f\u015eanamayn":{"id":104984,"name":"A\u015f \u015eanamayn","latitude":"33.07186000","longitude":"36.18316000"},"ashshaykhmisk\u012bn":{"id":104979,"name":"Ash Shaykh Misk\u012bn","latitude":"32.82944000","longitude":"36.15933000"},"bu\u015fr\u00e1ashsh\u0101m":{"id":104986,"name":"Bu\u015fr\u00e1 ash Sh\u0101m","latitude":"32.52013000","longitude":"36.48256000"},"dar\u2018\u0101":{"id":104990,"name":"Dar\u2018\u0101","latitude":"32.61889000","longitude":"36.10213000"},"ghab\u0101ghib":{"id":104996,"name":"Ghab\u0101ghib","latitude":"33.18235000","longitude":"36.22534000"},"inkhil":{"id":105003,"name":"Inkhil","latitude":"33.01809000","longitude":"36.12828000"},"izradistrict":{"id":105004,"name":"Izra District","latitude":"32.90121000","longitude":"36.16144000"},"izra\u2018":{"id":105005,"name":"Izra\u2018","latitude":"32.87060000","longitude":"36.25453000"},"j\u0101sim":{"id":105014,"name":"J\u0101sim","latitude":"32.99233000","longitude":"36.06018000"},"naw\u00e1":{"id":105037,"name":"Naw\u00e1","latitude":"32.89044000","longitude":"36.03990000"},"\u0162afas":{"id":105073,"name":"\u0162afas","latitude":"32.73709000","longitude":"36.06654000"},"tas\u012bl":{"id":105061,"name":"Tas\u012bl","latitude":"32.83395000","longitude":"35.96973000"}}},"deirez-zor":{"id":2937,"name":"Deir ez-Zor","state_code":"DY","latitude":"35.28797980","longitude":"40.30886260","type":null,"cities":{"almay\u0101d\u012bn":{"id":104948,"name":"Al May\u0101d\u012bn","latitude":"35.01982000","longitude":"40.45154000"},"\u0100lb\u016bkam\u0101l":{"id":105066,"name":"\u0100lb\u016b Kam\u0101l","latitude":"34.45226000","longitude":"40.91854000"},"deirez-zor":{"id":104993,"name":"Deir ez-Zor","latitude":"35.33588000","longitude":"40.14084000"},"haj\u012bn":{"id":104997,"name":"Haj\u012bn","latitude":"34.69508000","longitude":"40.83138000"},"subaykh\u0101n":{"id":105051,"name":"Subaykh\u0101n","latitude":"34.85305000","longitude":"40.59987000"}}},"hama":{"id":2934,"name":"Hama","state_code":"HM","latitude":"35.18878650","longitude":"37.21158290","type":null,"cities":{"al-salamiyahdistrict":{"id":104962,"name":"Al-Salamiyah District","latitude":"35.14398000","longitude":"37.59235000"},"assalam\u012byah":{"id":104975,"name":"As Salam\u012byah","latitude":"35.01127000","longitude":"37.05324000"},"assuqaylib\u012byah":{"id":104976,"name":"As Suqaylib\u012byah","latitude":"35.36674000","longitude":"36.39359000"},"\u1e28alf\u0101y\u0101":{"id":105075,"name":"\u1e28alf\u0101y\u0101","latitude":"35.26014000","longitude":"36.60581000"},"hamadistrict":{"id":104998,"name":"Hama District","latitude":"35.28577000","longitude":"37.12626000"},"\u1e28am\u0101h":{"id":105076,"name":"\u1e28am\u0101h","latitude":"35.13179000","longitude":"36.75783000"},"kafrzayt\u0101":{"id":105018,"name":"Kafr Zayt\u0101","latitude":"35.37425000","longitude":"36.60330000"},"ma\u015fy\u0101f":{"id":105030,"name":"Ma\u015fy\u0101f","latitude":"35.06530000","longitude":"36.34060000"},"masyafdistrict":{"id":105029,"name":"Masyaf District","latitude":"35.10335000","longitude":"36.33920000"},"m\u016brak":{"id":105036,"name":"M\u016brak","latitude":"35.37615000","longitude":"36.68970000"},"souran":{"id":105050,"name":"Souran","latitude":"35.29193000","longitude":"36.74848000"},"tallsal\u1e29ab":{"id":105057,"name":"Tall Sal\u1e29ab","latitude":"35.25884000","longitude":"36.38461000"},"\u0162ayyibatalim\u0101m":{"id":105074,"name":"\u0162ayyibat al Im\u0101m","latitude":"35.26592000","longitude":"36.71219000"},"tremseh":{"id":105063,"name":"Tremseh","latitude":"35.27181000","longitude":"36.50395000"}}},"homs":{"id":2942,"name":"Homs","state_code":"HI","latitude":"34.25671230","longitude":"38.31657250","type":null,"cities":{"alghan\u0163\u016b":{"id":104946,"name":"Al Ghan\u0163\u016b","latitude":"34.82202000","longitude":"36.69613000"},"alqaryatayn":{"id":104951,"name":"Al Qaryatayn","latitude":"34.22956000","longitude":"37.24066000"},"alqu\u015fayr":{"id":104953,"name":"Al Qu\u015fayr","latitude":"34.50780000","longitude":"36.58029000"},"al-rastandistrict":{"id":104961,"name":"Al-Rastan District","latitude":"34.87100000","longitude":"36.77245000"},"arrastan":{"id":104970,"name":"Ar Rastan","latitude":"34.92667000","longitude":"36.73241000"},"hisya":{"id":105000,"name":"Hisya","latitude":"34.41197000","longitude":"36.75867000"},"homs":{"id":105001,"name":"Homs","latitude":"34.72682000","longitude":"36.72339000"},"kafrl\u0101h\u0101":{"id":105016,"name":"Kafr L\u0101h\u0101","latitude":"34.89469000","longitude":"36.49582000"},"mukharramalfawq\u0101n\u012b":{"id":105035,"name":"Mukharram al Fawq\u0101n\u012b","latitude":"34.81521000","longitude":"37.08677000"},"\u015eadad":{"id":105067,"name":"\u015eadad","latitude":"34.31248000","longitude":"36.92562000"},"tadmur":{"id":105052,"name":"Tadmur","latitude":"34.56240000","longitude":"38.28402000"},"tadmurdistrict":{"id":105053,"name":"Tadmur District","latitude":"34.42401000","longitude":"38.64580000"},"tallb\u012bsah":{"id":105058,"name":"Tallb\u012bsah","latitude":"34.84072000","longitude":"36.73092000"},"tallkalakh":{"id":105059,"name":"Tallkalakh","latitude":"34.66842000","longitude":"36.25995000"}}},"idlib":{"id":2940,"name":"Idlib","state_code":"ID","latitude":"35.82687980","longitude":"36.69572160","type":null,"cities":{"add\u0101n\u0101":{"id":104942,"name":"Ad D\u0101n\u0101","latitude":"36.21254000","longitude":"36.76998000"},"ar\u012b\u1e29\u0101":{"id":104973,"name":"Ar\u012b\u1e29\u0101","latitude":"35.81374000","longitude":"36.60964000"},"arman\u0101z":{"id":104972,"name":"Arman\u0101z","latitude":"36.08363000","longitude":"36.50310000"},"binnish":{"id":104985,"name":"Binnish","latitude":"35.95664000","longitude":"36.71380000"},"dark\u016bsh":{"id":104989,"name":"Dark\u016bsh","latitude":"35.99180000","longitude":"36.39361000"},"haremdistrict":{"id":104999,"name":"Harem District","latitude":"36.14014000","longitude":"36.56535000"},"\u1e28\u0101rim":{"id":105078,"name":"\u1e28\u0101rim","latitude":"36.21176000","longitude":"36.52078000"},"idlib":{"id":105002,"name":"Idlib","latitude":"35.93062000","longitude":"36.63393000"},"jisral-shughurdistrict":{"id":105012,"name":"Jisr al-Shughur District","latitude":"35.87756000","longitude":"36.32901000"},"jisrashshugh\u016br":{"id":105013,"name":"Jisr ash Shugh\u016br","latitude":"35.81418000","longitude":"36.31983000"},"kafrtakh\u0101r\u012bm":{"id":105017,"name":"Kafr Takh\u0101r\u012bm","latitude":"36.11680000","longitude":"36.51522000"},"kafranbel":{"id":105020,"name":"Kafranbel","latitude":"35.61376000","longitude":"36.56449000"},"kh\u0101nshaykh\u016bn":{"id":105023,"name":"Kh\u0101n Shaykh\u016bn","latitude":"35.44208000","longitude":"36.65095000"},"ma\u2018arratmi\u015fr\u012bn":{"id":105031,"name":"Ma\u2018arratmi\u015fr\u012bn","latitude":"36.01152000","longitude":"36.67183000"},"maarratal-nu\u0027mandistrict":{"id":105026,"name":"Maarrat al-Nu\u0027man District","latitude":"35.53858000","longitude":"36.79193000"},"salq\u012bn":{"id":105044,"name":"Salq\u012bn","latitude":"36.13865000","longitude":"36.45244000"},"sar\u0101qib":{"id":105046,"name":"Sar\u0101qib","latitude":"35.86447000","longitude":"36.80591000"},"sarm\u012bn":{"id":105045,"name":"Sarm\u012bn","latitude":"35.90403000","longitude":"36.72501000"},"taftan\u0101z":{"id":105054,"name":"Taftan\u0101z","latitude":"35.99832000","longitude":"36.78579000"}}},"latakia":{"id":2938,"name":"Latakia","state_code":"LA","latitude":"35.61297910","longitude":"36.00232250","type":null,"cities":{"al-haffahdistrict":{"id":104959,"name":"Al-Haffah District","latitude":"35.59687000","longitude":"36.11198000"},"jablah":{"id":105007,"name":"Jablah","latitude":"35.36211000","longitude":"35.92759000"},"jablehdistrict":{"id":105008,"name":"Jableh District","latitude":"35.29048000","longitude":"36.04490000"},"kassab":{"id":105021,"name":"Kassab","latitude":"35.92639000","longitude":"35.98970000"},"latakia":{"id":105024,"name":"Latakia","latitude":"35.53168000","longitude":"35.79011000"},"latakiadistrict":{"id":105025,"name":"Latakia District","latitude":"35.72426000","longitude":"35.94150000"},"qardahadistrict":{"id":105039,"name":"Qardaha District","latitude":"35.39593000","longitude":"36.08603000"},"\u015elinfah":{"id":105071,"name":"\u015elinfah","latitude":"35.59822000","longitude":"36.18770000"}}},"quneitra":{"id":2943,"name":"Quneitra","state_code":"QU","latitude":"33.07763180","longitude":"35.89341360","type":null,"cities":{"alqunay\u0163irah":{"id":104952,"name":"Al Qunay\u0163irah","latitude":"33.12595000","longitude":"35.82461000"}}},"rifdimashq":{"id":2935,"name":"Rif Dimashq","state_code":"RD","latitude":"33.51672890","longitude":"36.95410700","type":null,"cities":{"\u2018irb\u012bn":{"id":105081,"name":"\u2018Irb\u012bn","latitude":"33.53719000","longitude":"36.36635000"},"alkiswah":{"id":104947,"name":"Al Kiswah","latitude":"33.35810000","longitude":"36.24190000"},"alqu\u0163ayfah":{"id":104954,"name":"Al Qu\u0163ayfah","latitude":"33.73848000","longitude":"36.60071000"},"al-zabadanidistrict":{"id":104965,"name":"Al-Zabadani District","latitude":"33.70819000","longitude":"36.11198000"},"annabk":{"id":104968,"name":"An Nabk","latitude":"34.02403000","longitude":"36.72848000"},"attall":{"id":104980,"name":"At Tall","latitude":"33.61033000","longitude":"36.31070000"},"azzabad\u0101n\u012b":{"id":104982,"name":"Az Zabad\u0101n\u012b","latitude":"33.72488000","longitude":"36.10050000"},"d\u0101rayy\u0101":{"id":104995,"name":"D\u0101rayy\u0101","latitude":"33.45835000","longitude":"36.23256000"},"dayral\u2018a\u015f\u0101f\u012br":{"id":104991,"name":"Dayr al \u2018A\u015f\u0101f\u012br","latitude":"33.46585000","longitude":"36.42044000"},"douma":{"id":104994,"name":"Douma","latitude":"33.57175000","longitude":"36.40270000"},"\u1e28arast\u0101":{"id":105077,"name":"\u1e28arast\u0101","latitude":"33.55869000","longitude":"36.36515000"},"jaram\u0101n\u0101":{"id":105009,"name":"Jaram\u0101n\u0101","latitude":"33.48620000","longitude":"36.34614000"},"jayr\u016bd":{"id":105011,"name":"Jayr\u016bd","latitude":"33.80709000","longitude":"36.73861000"},"ma\u2018l\u016bl\u0101":{"id":105032,"name":"Ma\u2018l\u016bl\u0101","latitude":"33.84529000","longitude":"36.54514000"},"medaya":{"id":105033,"name":"Medaya","latitude":"33.69032000","longitude":"36.10354000"},"q\u0101rah":{"id":105041,"name":"Q\u0101rah","latitude":"34.15558000","longitude":"36.74284000"},"qa\u0163an\u0101":{"id":105040,"name":"Qa\u0163an\u0101","latitude":"33.43757000","longitude":"36.07888000"},"\u015eaydn\u0101y\u0101":{"id":105070,"name":"\u015eaydn\u0101y\u0101","latitude":"33.69473000","longitude":"36.37146000"},"yabr\u016bd":{"id":105065,"name":"Yabr\u016bd","latitude":"33.96921000","longitude":"36.65729000"}}},"tartus":{"id":2947,"name":"Tartus","state_code":"TA","latitude":"35.00066520","longitude":"36.00232250","type":null,"cities":{"addurayk\u012bsh":{"id":104941,"name":"Ad Durayk\u012bsh","latitude":"34.89514000","longitude":"36.14303000"},"b\u0101niy\u0101s":{"id":104987,"name":"B\u0101niy\u0101s","latitude":"35.18188000","longitude":"35.94871000"},"kaffal-jaa":{"id":105015,"name":"Kaff al-Jaa","latitude":"35.08638000","longitude":"36.20605000"},"safitadistrict":{"id":105042,"name":"Safita District","latitude":"34.80419000","longitude":"36.12293000"},"satita":{"id":105047,"name":"Satita","latitude":"34.82099000","longitude":"36.11773000"},"tartouss":{"id":105060,"name":"Tartouss","latitude":"34.88902000","longitude":"35.88659000"}}}}}