{"id":72,"name":"Faroe Islands","iso3":"FRO","iso2":"FO","numeric_code":"234","phone_code":"298","capital":"Torshavn","currency":"DKK","currency_name":"Danish krone","currency_symbol":"Kr.","tld":".fo","native":"F\u00f8royar","region":"Europe","region_id":"4","subregion":"Northern Europe","subregion_id":"18","nationality":"Faroese","timezones":[{"zoneName":"Atlantic/Faroe","gmtOffset":0,"gmtOffsetName":"UTC\u00b100","abbreviation":"WET","tzName":"Western European Time"}],"translations":{"kr":"\ud398\ub85c \uc81c\ub3c4","pt-BR":"Ilhas Faro\u00e9","pt":"Ilhas Faro\u00e9","nl":"Faer\u00f6er","hr":"Farski Otoci","fa":"\u062c\u0632\u0627\u06cc\u0631 \u0641\u0627\u0631\u0648","de":"F\u00e4r\u00f6er-Inseln","es":"Islas Faroe","fr":"\u00celes F\u00e9ro\u00e9","ja":"\u30d5\u30a7\u30ed\u30fc\u8af8\u5cf6","it":"Isole Far Oer","cn":"\u6cd5\u7f57\u7fa4\u5c9b","tr":"Faroe Adalari","ru":"\u0424\u0430\u0440\u0435\u0440\u0441\u043a\u0438\u0435 \u043e\u0441\u0442\u0440\u043e\u0432\u0430","uk":"\u0424\u0430\u0440\u0435\u0440\u0441\u044c\u043a\u0456 \u043e\u0441\u0442\u0440\u043e\u0432\u0438","pl":"Wyspy Owcze"},"latitude":"62.00000000","longitude":"-7.00000000","emoji":"\ud83c\uddeb\ud83c\uddf4","emojiU":"U+1F1EB U+1F1F4","states":{"eysturoy":{"id":5229,"name":"Eysturoy","state_code":"EY","latitude":"62.19787370","longitude":"-7.18239060","type":"region","cities":{"ei\u00f0i":{"id":153758,"name":"Ei\u00f0i","latitude":"62.27890000","longitude":"-7.01230000"},"eystur":{"id":153748,"name":"Eystur","latitude":"62.15670000","longitude":"-6.82330000"},"fuglafj\u00f8r\u00f0ur":{"id":153752,"name":"Fuglafj\u00f8r\u00f0ur","latitude":"62.21010000","longitude":"-6.81230000"},"nes":{"id":153754,"name":"Nes","latitude":"62.09870000","longitude":"-6.76540000"},"runav\u00edk":{"id":153747,"name":"Runav\u00edk","latitude":"62.13230000","longitude":"-6.78900000"},"sj\u00f3var":{"id":153757,"name":"Sj\u00f3var","latitude":"62.12340000","longitude":"-6.87650000"}}},"northernisles":{"id":5230,"name":"Northern Isles","state_code":"NO","latitude":"62.28056890","longitude":"6.70170610","type":"region","cities":{"fugloy":{"id":153773,"name":"Fugloy","latitude":"62.45670000","longitude":"-6.72340000"},"hvannasund":{"id":153763,"name":"Hvannasund","latitude":"62.34560000","longitude":"-6.78900000"},"klaksv\u00edk":{"id":153746,"name":"Klaksv\u00edk","latitude":"62.22100000","longitude":"-6.58000000"},"kunoy":{"id":153767,"name":"Kunoy","latitude":"62.34560000","longitude":"-6.89010000"},"vi\u00f0arei\u00f0i":{"id":153765,"name":"Vi\u00f0arei\u00f0i","latitude":"62.45670000","longitude":"-6.72340000"}}},"sandoy":{"id":5231,"name":"Sandoy","state_code":"SA","latitude":"61.83651690","longitude":"-6.96301660","type":"region","cities":{"h\u00fasav\u00edk":{"id":153769,"name":"H\u00fasav\u00edk","latitude":"61.90120000","longitude":"-6.84560000"},"sandur":{"id":153761,"name":"Sandur","latitude":"61.90120000","longitude":"-6.84560000"},"sk\u00e1lav\u00edk":{"id":153768,"name":"Sk\u00e1lav\u00edk","latitude":"61.98760000","longitude":"-6.76540000"},"skopun":{"id":153762,"name":"Skopun","latitude":"62.01230000","longitude":"-6.98760000"},"sk\u00favoy":{"id":153772,"name":"Sk\u00favoy","latitude":"61.98760000","longitude":"-6.76540000"}}},"streymoy":{"id":5232,"name":"Streymoy","state_code":"ST","latitude":"62.12338200","longitude":"-7.32641080","type":"region","cities":{"kv\u00edv\u00edk":{"id":153760,"name":"Kv\u00edv\u00edk","latitude":"62.14560000","longitude":"-7.20980000"},"sunda":{"id":153750,"name":"Sunda","latitude":"62.13450000","longitude":"-7.09870000"},"t\u00f3rshavn":{"id":153745,"name":"T\u00f3rshavn","latitude":"62.00000000","longitude":"-7.00000000"},"vestmanna":{"id":153755,"name":"Vestmanna","latitude":"62.15670000","longitude":"-7.23450000"}}},"su\u00f0uroy":{"id":5233,"name":"Su\u00f0uroy","state_code":"SU","latitude":"61.52118160","longitude":"-7.00190140","type":"region","cities":{"f\u00e1mjin":{"id":153771,"name":"F\u00e1mjin","latitude":"61.45670000","longitude":"-6.89010000"},"hov":{"id":153770,"name":"Hov","latitude":"61.45670000","longitude":"-6.89010000"},"hvalba":{"id":153759,"name":"Hvalba","latitude":"61.59870000","longitude":"-6.98760000"},"porkeri":{"id":153766,"name":"Porkeri","latitude":"61.54320000","longitude":"-6.98760000"},"sumba":{"id":153764,"name":"Sumba","latitude":"61.45670000","longitude":"-6.89010000"},"tv\u00f8royri":{"id":153751,"name":"Tv\u00f8royri","latitude":"61.56230000","longitude":"-6.77800000"},"v\u00e1gur":{"id":153753,"name":"V\u00e1gur","latitude":"61.47890000","longitude":"-6.81010000"}}},"v\u00e1gar":{"id":5234,"name":"V\u00e1gar","state_code":"VA","latitude":"62.08998350","longitude":"-7.42768370","type":"region","cities":{"s\u00f8rv\u00e1gur":{"id":153756,"name":"S\u00f8rv\u00e1gur","latitude":"62.06540000","longitude":"-7.37870000"},"v\u00e1gar":{"id":153749,"name":"V\u00e1gar","latitude":"62.06670000","longitude":"-7.10000000"}}}}}