{"id":162,"name":"Niue","iso3":"NIU","iso2":"NU","numeric_code":"570","phone_code":"683","capital":"Alofi","currency":"NZD","currency_name":"New Zealand dollar","currency_symbol":"$","tld":".nu","native":"Niu\u0113","region":"Oceania","region_id":"5","subregion":"Polynesia","subregion_id":"22","nationality":"Niuean","timezones":[{"zoneName":"Pacific/Niue","gmtOffset":-39600,"gmtOffsetName":"UTC-11:00","abbreviation":"NUT","tzName":"Niue Time"}],"translations":{"kr":"\ub2c8\uc6b0\uc5d0","pt-BR":"Niue","pt":"Niue","nl":"Niue","hr":"Niue","fa":"\u0646\u06cc\u0648\u0648\u06cc","de":"Niue","es":"Niue","fr":"Niue","ja":"\u30cb\u30a6\u30a8","it":"Niue","cn":"\u7ebd\u57c3","tr":"Niue","ru":"\u041d\u0438\u0443\u044d","uk":"\u041d\u0456\u0443\u0435","pl":"Niue"},"latitude":"-19.03333333","longitude":"-169.86666666","emoji":"\ud83c\uddf3\ud83c\uddfa","emojiU":"U+1F1F3 U+1F1FA"}