{"id":221,"name":"Tokelau","iso3":"TKL","iso2":"TK","numeric_code":"772","phonecode":"690","capital":"","currency":"NZD","currency_name":"New Zealand dollar","currency_symbol":"$","tld":".tk","native":"Tokelau","region":"Oceania","region_id":5,"subregion":"Polynesia","subregion_id":22,"nationality":"Tokelauan","timezones":[{"zoneName":"Pacific/Fakaofo","gmtOffset":46800,"gmtOffsetName":"UTC+13:00","abbreviation":"TKT","tzName":"Tokelau Time"}],"translations":{"ko":"\ud1a0\ucf08\ub77c\uc6b0","pt-BR":"Tokelau","pt":"Toquelau","nl":"Tokelau","hr":"Tokelau","fa":"\u062a\u0648\u06a9\u0644\u0627\u0626\u0648","de":"Tokelau","es":"Islas Tokelau","fr":"Tokelau","ja":"\u30c8\u30b1\u30e9\u30a6","it":"Isole Tokelau","zh-CN":"\u6258\u514b\u52b3","tr":"Tokelau","ru":"\u0422\u043e\u043a\u0435\u043b\u0430\u0443","uk":"\u0422\u043e\u043a\u0435\u043b\u0430\u0443","pl":"Tokelau"},"latitude":"-9.00000000","longitude":"-172.00000000","emoji":"\ud83c\uddf9\ud83c\uddf0","emojiU":"U+1F1F9 U+1F1F0"}