{"id":41,"name":"Cayman Islands","iso3":"CYM","iso2":"KY","numeric_code":"136","phonecode":"1","capital":"George Town","currency":"KYD","currency_name":"Cayman Islands dollar","currency_symbol":"$","tld":".ky","native":"Cayman Islands","region":"Americas","region_id":2,"subregion":"Caribbean","subregion_id":7,"nationality":"Caymanian","timezones":[{"zoneName":"America/Cayman","gmtOffset":-18000,"gmtOffsetName":"UTC-05:00","abbreviation":"EST","tzName":"Eastern Standard Time (North America"}],"translations":{"ko":"\ucf00\uc774\uba3c \uc81c\ub3c4","pt-BR":"Ilhas Cayman","pt":"Ilhas Caim\u00e3o","nl":"Caymaneilanden","hr":"Kajmanski otoci","fa":"\u062c\u0632\u0627\u06cc\u0631 \u06a9\u06cc\u0645\u0646","de":"Kaimaninseln","es":"Islas Caim\u00e1n","fr":"\u00celes Ca\u00efmans","ja":"\u30b1\u30a4\u30de\u30f3\u8af8\u5cf6","it":"Isole Cayman","zh-CN":"\u5f00\u66fc\u7fa4\u5c9b","tr":"Cayman Adalari","ru":"\u041a\u0430\u0439\u043c\u0430\u043d\u043e\u0432\u044b \u043e\u0441\u0442\u0440\u043e\u0432\u0430","uk":"\u041a\u0430\u0439\u043c\u0430\u043d\u043e\u0432\u0456 \u043e\u0441\u0442\u0440\u043e\u0432\u0438","pl":"Kajmany"},"latitude":"19.50000000","longitude":"-80.50000000","emoji":"\ud83c\uddf0\ud83c\uddfe","emojiU":"U+1F1F0 U+1F1FE","states":{"caymanbrac":{"id":5252,"name":"Cayman Brac","state_code":"NULL","latitude":"19.71999700","longitude":"-79.89072660","type":"NULL","cities":{"caymanbrac":{"id":153943,"name":"Cayman Brac","latitude":"19.71999700","longitude":"-79.89072660"}}},"grandcayman":{"id":5251,"name":"Grand Cayman","state_code":"NULL","latitude":"19.33012710","longitude":"-81.41724510","type":"NULL","cities":{"boddentown":{"id":153938,"name":"Bodden Town","latitude":"19.27966930","longitude":"-81.27779990"},"eastend":{"id":153939,"name":"East End","latitude":"19.29958980","longitude":"-81.11961380"},"georgetown":{"id":153940,"name":"George Town","latitude":"19.29023260","longitude":"-81.44333720"},"northside":{"id":153941,"name":"North Side","latitude":"19.33620470","longitude":"-81.51398130"},"westbay":{"id":153942,"name":"West Bay","latitude":"19.36651530","longitude":"-81.43170260"}}},"littlecayman":{"id":5253,"name":"Little Cayman","state_code":"NULL","latitude":"19.68567390","longitude":"-80.11830190","type":"NULL","cities":{"littlecayman":{"id":153944,"name":"Little Cayman","latitude":"19.68567390","longitude":"-80.11830190"}}}}}