{"id":41,"name":"Cayman Islands","iso3":"CYM","iso2":"KY","numeric_code":"136","phone_code":"1-345","capital":"George Town","currency":"KYD","currency_name":"Cayman Islands dollar","currency_symbol":"$","tld":".ky","native":"Cayman Islands","region":"Americas","region_id":"2","subregion":"Caribbean","subregion_id":"7","nationality":"Caymanian","timezones":[{"zoneName":"America/Cayman","gmtOffset":-18000,"gmtOffsetName":"UTC-05:00","abbreviation":"EST","tzName":"Eastern Standard Time (North America"}],"translations":{"kr":"\ucf00\uc774\uba3c \uc81c\ub3c4","pt-BR":"Ilhas Cayman","pt":"Ilhas Caim\u00e3o","nl":"Caymaneilanden","hr":"Kajmanski otoci","fa":"\u062c\u0632\u0627\u06cc\u0631 \u06a9\u06cc\u0645\u0646","de":"Kaimaninseln","es":"Islas Caim\u00e1n","fr":"\u00celes Ca\u00efmans","ja":"\u30b1\u30a4\u30de\u30f3\u8af8\u5cf6","it":"Isole Cayman","cn":"\u5f00\u66fc\u7fa4\u5c9b","tr":"Cayman Adalari"},"latitude":"19.50000000","longitude":"-80.50000000","emoji":"\ud83c\uddf0\ud83c\uddfe","emojiU":"U+1F1F0 U+1F1FE"}