{"id":200,"name":"Slovakia","iso3":"SVK","iso2":"SK","numeric_code":"703","phone_code":"421","capital":"Bratislava","currency":"EUR","currency_name":"Euro","currency_symbol":"\u20ac","tld":".sk","native":"Slovensko","region":"Europe","region_id":"4","subregion":"Eastern Europe","subregion_id":"15","nationality":"Slovak","timezones":[{"zoneName":"Europe/Bratislava","gmtOffset":3600,"gmtOffsetName":"UTC+01:00","abbreviation":"CET","tzName":"Central European Time"}],"translations":{"kr":"\uc2ac\ub85c\ubc14\ud0a4\uc544","pt-BR":"Eslov\u00e1quia","pt":"Eslov\u00e1quia","nl":"Slowakije","hr":"Slova\u010dka","fa":"\u0627\u0633\u0644\u0648\u0627\u06a9\u06cc","de":"Slowakei","es":"Rep\u00fablica Eslovaca","fr":"Slovaquie","ja":"\u30b9\u30ed\u30d0\u30ad\u30a2","it":"Slovacchia","cn":"\u65af\u6d1b\u4f10\u514b","tr":"Slovakya","ru":"\u0421\u043b\u043e\u0432\u0430\u043a\u0438\u044f","uk":"\u0421\u043b\u043e\u0432\u0430\u0447\u0447\u0438\u043d\u0430","pl":"S\u0142owacja"},"latitude":"48.66666666","longitude":"19.50000000","emoji":"\ud83c\uddf8\ud83c\uddf0","emojiU":"U+1F1F8 U+1F1F0","states":{"bansk\u00e1bystricaregion":{"id":4352,"name":"Bansk\u00e1 Bystrica Region","state_code":"BC","latitude":"48.53124990","longitude":"19.38287400","type":null,"cities":{"bansk\u00e1bystrica":{"id":104370,"name":"Bansk\u00e1 Bystrica","latitude":"48.73946000","longitude":"19.15349000"},"bansk\u00e1\u0160tiavnica":{"id":104371,"name":"Bansk\u00e1 \u0160tiavnica","latitude":"48.44858000","longitude":"18.91003000"},"brezno":{"id":104376,"name":"Brezno","latitude":"48.80431000","longitude":"19.63631000"},"\u010ciernybalog":{"id":104589,"name":"\u010cierny Balog","latitude":"48.74722000","longitude":"19.65125000"},"detva":{"id":104381,"name":"Detva","latitude":"48.56082000","longitude":"19.41954000"},"dudince":{"id":104385,"name":"Dudince","latitude":"48.17135000","longitude":"18.88782000"},"fi\u013eakovo":{"id":104388,"name":"Fi\u013eakovo","latitude":"48.26757000","longitude":"19.82473000"},"hri\u0148ov\u00e1":{"id":104397,"name":"Hri\u0148ov\u00e1","latitude":"48.57787000","longitude":"19.52574000"},"hrocho\u0165slovakia":{"id":104398,"name":"Hrocho\u0165Slovakia","latitude":"48.65567000","longitude":"19.31284000"},"kov\u00e1\u010dov\u00e1":{"id":104408,"name":"Kov\u00e1\u010dov\u00e1","latitude":"48.60148000","longitude":"19.10252000"},"kremnica":{"id":104415,"name":"Kremnica","latitude":"48.70519000","longitude":"18.91834000"},"krupina":{"id":104417,"name":"Krupina","latitude":"48.35540000","longitude":"19.06474000"},"lu\u010denec":{"id":104426,"name":"Lu\u010denec","latitude":"48.33249000","longitude":"19.66708000"},"nov\u00e1ba\u0148a":{"id":104440,"name":"Nov\u00e1 Ba\u0148a","latitude":"48.42305000","longitude":"18.64037000"},"okresbansk\u00e1bystrica":{"id":104447,"name":"Okres Bansk\u00e1 Bystrica","latitude":"48.73333000","longitude":"19.15000000"},"okresbansk\u00e1\u0160tiavnica":{"id":104448,"name":"Okres Bansk\u00e1 \u0160tiavnica","latitude":"48.44961000","longitude":"18.90820000"},"okresbrezno":{"id":104455,"name":"Okres Brezno","latitude":"48.80000000","longitude":"19.75000000"},"okresdetva":{"id":104458,"name":"Okres Detva","latitude":"48.55985000","longitude":"19.42044000"},"okreskrupina":{"id":104469,"name":"Okres Krupina","latitude":"48.35736000","longitude":"19.06334000"},"okreslu\u010denec":{"id":104474,"name":"Okres Lu\u010denec","latitude":"48.33333000","longitude":"19.66667000"},"okrespolt\u00e1r":{"id":104487,"name":"Okres Polt\u00e1r","latitude":"48.42895000","longitude":"19.79488000"},"okresrev\u00faca":{"id":104493,"name":"Okres Rev\u00faca","latitude":"48.68300000","longitude":"20.11568000"},"okresve\u013ek\u00fdkrt\u00ed\u0161":{"id":104512,"name":"Okres Ve\u013ek\u00fd Krt\u00ed\u0161","latitude":"48.20000000","longitude":"19.35000000"},"okres\u017darnovica":{"id":104518,"name":"Okres \u017darnovica","latitude":"48.48438000","longitude":"18.72076000"},"okres\u017diarnadhronom":{"id":104519,"name":"Okres \u017diar nad Hronom","latitude":"48.58333000","longitude":"18.86667000"},"okreszvolen":{"id":104515,"name":"Okres Zvolen","latitude":"48.58333000","longitude":"19.13333000"},"polt\u00e1r":{"id":104527,"name":"Polt\u00e1r","latitude":"48.43094000","longitude":"19.79408000"},"rev\u00faca":{"id":104535,"name":"Rev\u00faca","latitude":"48.68346000","longitude":"20.11734000"},"rimavsk\u00e1sobota":{"id":104536,"name":"Rimavsk\u00e1 Sobota","latitude":"48.38284000","longitude":"20.02239000"},"sv\u00e4t\u00fdanton":{"id":104559,"name":"Sv\u00e4t\u00fd Anton","latitude":"48.41923000","longitude":"18.94010000"},"tisovec":{"id":104562,"name":"Tisovec","latitude":"48.67738000","longitude":"19.94364000"},"ve\u013ek\u00fdkrt\u00ed\u0161":{"id":104573,"name":"Ve\u013ek\u00fd Krt\u00ed\u0161","latitude":"48.21059000","longitude":"19.35043000"},"\u017darnovica":{"id":104597,"name":"\u017darnovica","latitude":"48.48123000","longitude":"18.71565000"},"\u017diarnadhronom":{"id":104601,"name":"\u017diar nad Hronom","latitude":"48.59184000","longitude":"18.84958000"},"zvolen":{"id":104585,"name":"Zvolen","latitude":"48.57442000","longitude":"19.15324000"}}},"bratislavaregion":{"id":4356,"name":"Bratislava Region","state_code":"BL","latitude":"48.31183040","longitude":"17.19732990","type":null,"cities":{"bratislava":{"id":104374,"name":"Bratislava","latitude":"48.14816000","longitude":"17.10674000"},"bratislava-vajnory":{"id":104375,"name":"Bratislava - Vajnory","latitude":"48.20563000","longitude":"17.20759000"},"dunajsk\u00e1lu\u017en\u00e1":{"id":104386,"name":"Dunajsk\u00e1 Lu\u017en\u00e1","latitude":"48.08347000","longitude":"17.26072000"},"ivankapridunaji":{"id":104403,"name":"Ivanka pri Dunaji","latitude":"48.18675000","longitude":"17.25540000"},"malacky":{"id":104428,"name":"Malacky","latitude":"48.43604000","longitude":"17.02188000"},"marianka":{"id":104429,"name":"Marianka","latitude":"48.24903000","longitude":"17.06400000"},"modra":{"id":104434,"name":"Modra","latitude":"48.33397000","longitude":"17.30711000"},"okresbratislavai":{"id":104450,"name":"Okres Bratislava I","latitude":"48.14653000","longitude":"17.10584000"},"okresbratislavaii":{"id":104451,"name":"Okres Bratislava II","latitude":"48.15280000","longitude":"17.17764000"},"okresbratislavaiii":{"id":104452,"name":"Okres Bratislava III","latitude":"48.18543000","longitude":"17.13790000"},"okresbratislavaiv":{"id":104453,"name":"Okres Bratislava IV","latitude":"48.22787000","longitude":"16.99722000"},"okresbratislavav":{"id":104454,"name":"Okres Bratislava V","latitude":"48.11122000","longitude":"17.09444000"},"okresmalacky":{"id":104475,"name":"Okres Malacky","latitude":"48.43458000","longitude":"17.02166000"},"okrespezinok":{"id":104485,"name":"Okres Pezinok","latitude":"48.28785000","longitude":"17.26799000"},"okressenec":{"id":104497,"name":"Okres Senec","latitude":"48.22187000","longitude":"17.40328000"},"pezinok":{"id":104524,"name":"Pezinok","latitude":"48.28986000","longitude":"17.26664000"},"senec":{"id":104540,"name":"Senec","latitude":"48.21951000","longitude":"17.40043000"},"stupava":{"id":104555,"name":"Stupava","latitude":"48.27474000","longitude":"17.03173000"},"sv\u00e4t\u00fdjur":{"id":104560,"name":"Sv\u00e4t\u00fd Jur","latitude":"48.25216000","longitude":"17.21539000"},"vinosady":{"id":104576,"name":"Vinosady","latitude":"48.31142000","longitude":"17.29042000"}}},"ko\u0161iceregion":{"id":4353,"name":"Ko\u0161ice Region","state_code":"KI","latitude":"48.63757370","longitude":"21.08342250","type":null,"cities":{"\u010ciernanadtisou":{"id":104588,"name":"\u010cierna nad Tisou","latitude":"48.41704000","longitude":"22.08865000"},"dob\u0161in\u00e1":{"id":104382,"name":"Dob\u0161in\u00e1","latitude":"48.82073000","longitude":"20.36988000"},"gelnica":{"id":104392,"name":"Gelnica","latitude":"48.85584000","longitude":"20.93713000"},"kave\u010dany":{"id":104404,"name":"Kave\u010dany","latitude":"48.77592000","longitude":"21.20587000"},"ko\u0161ice":{"id":104409,"name":"Ko\u0161ice","latitude":"48.71395000","longitude":"21.25808000"},"ko\u0161icei":{"id":104410,"name":"Ko\u0161ice I","latitude":"48.72914000","longitude":"21.25004000"},"ko\u0161iceii":{"id":104411,"name":"Ko\u0161ice II","latitude":"48.69753000","longitude":"21.22273000"},"ko\u0161iceiii":{"id":104412,"name":"Ko\u0161ice III","latitude":"48.73242000","longitude":"21.29047000"},"ko\u0161iceiv":{"id":104413,"name":"Ko\u0161ice IV","latitude":"48.68691000","longitude":"21.26570000"},"krompachy":{"id":104416,"name":"Krompachy","latitude":"48.91447000","longitude":"20.87514000"},"medzev":{"id":104431,"name":"Medzev","latitude":"48.70041000","longitude":"20.89367000"},"michalovce":{"id":104433,"name":"Michalovce","latitude":"48.75434000","longitude":"21.91950000"},"moldavanadbodvou":{"id":104435,"name":"Moldava nad Bodvou","latitude":"48.61428000","longitude":"20.99957000"},"okresgelnica":{"id":104462,"name":"Okres Gelnica","latitude":"48.85207000","longitude":"20.93385000"},"okreskosice-okolie":{"id":104468,"name":"Okres Kosice-okolie","latitude":"48.77897000","longitude":"21.41373000"},"okresmichalovce":{"id":104478,"name":"Okres Michalovce","latitude":"48.75000000","longitude":"21.93333000"},"okresro\u017e\u0148ava":{"id":104494,"name":"Okres Ro\u017e\u0148ava","latitude":"48.66667000","longitude":"20.53333000"},"okressobrance":{"id":104501,"name":"Okres Sobrance","latitude":"48.74247000","longitude":"22.18197000"},"okresspi\u0161sk\u00e1nov\u00e1ves":{"id":104502,"name":"Okres Spi\u0161sk\u00e1 Nov\u00e1 Ves","latitude":"48.95000000","longitude":"20.56667000"},"okrestrebi\u0161ov":{"id":104507,"name":"Okres Trebi\u0161ov","latitude":"48.63333000","longitude":"21.71667000"},"ro\u017e\u0148ava":{"id":104537,"name":"Ro\u017e\u0148ava","latitude":"48.66009000","longitude":"20.53758000"},"se\u010dovce":{"id":104542,"name":"Se\u010dovce","latitude":"48.70074000","longitude":"21.66104000"},"sobrance":{"id":104547,"name":"Sobrance","latitude":"48.74455000","longitude":"22.18136000"},"spi\u0161sk\u00e1nov\u00e1ves":{"id":104549,"name":"Spi\u0161sk\u00e1 Nov\u00e1 Ves","latitude":"48.94464000","longitude":"20.56153000"},"str\u00e1\u017eske":{"id":104554,"name":"Str\u00e1\u017eske","latitude":"48.87350000","longitude":"21.83668000"},"trebi\u0161ov":{"id":104565,"name":"Trebi\u0161ov","latitude":"48.62858000","longitude":"21.71954000"},"vinn\u00e9":{"id":104575,"name":"Vinn\u00e9","latitude":"48.80965000","longitude":"21.96757000"},"\u017dehra":{"id":104599,"name":"\u017dehra","latitude":"48.97960000","longitude":"20.79170000"}}},"nitraregion":{"id":4357,"name":"Nitra Region","state_code":"NI","latitude":"48.01437650","longitude":"18.54165040","type":null,"cities":{"hurbanovo":{"id":104400,"name":"Hurbanovo","latitude":"47.86984000","longitude":"18.19233000"},"kol\u00e1rovo":{"id":104406,"name":"Kol\u00e1rovo","latitude":"47.92294000","longitude":"17.98467000"},"kom\u00e1rno":{"id":104407,"name":"Kom\u00e1rno","latitude":"47.76356000","longitude":"18.12263000"},"levice":{"id":104421,"name":"Levice","latitude":"48.21563000","longitude":"18.60705000"},"nitra":{"id":104438,"name":"Nitra","latitude":"48.30763000","longitude":"18.08453000"},"nov\u00e9z\u00e1mky":{"id":104445,"name":"Nov\u00e9 Z\u00e1mky","latitude":"47.98544000","longitude":"18.16195000"},"okreskom\u00e1rno":{"id":104467,"name":"Okres Kom\u00e1rno","latitude":"47.76667000","longitude":"18.13333000"},"okreslevice":{"id":104471,"name":"Okres Levice","latitude":"48.21667000","longitude":"18.60000000"},"okresnitra":{"id":104481,"name":"Okres Nitra","latitude":"48.31667000","longitude":"18.08333000"},"okresnov\u00e9z\u00e1mky":{"id":104483,"name":"Okres Nov\u00e9 Z\u00e1mky","latitude":"47.98333000","longitude":"18.16667000"},"okres\u0160a\u013ea":{"id":104517,"name":"Okres \u0160a\u013ea","latitude":"48.14770000","longitude":"17.87306000"},"okrestopo\u013e\u010dany":{"id":104506,"name":"Okres Topo\u013e\u010dany","latitude":"48.56667000","longitude":"18.18333000"},"okreszlat\u00e9moravce":{"id":104514,"name":"Okres Zlat\u00e9 Moravce","latitude":"48.38294000","longitude":"18.39842000"},"\u0160ahy":{"id":104591,"name":"\u0160ahy","latitude":"48.07408000","longitude":"18.94946000"},"\u0160a\u013ea":{"id":104593,"name":"\u0160a\u013ea","latitude":"48.15127000","longitude":"17.88062000"},"\u0160t\u00farovo":{"id":104595,"name":"\u0160t\u00farovo","latitude":"47.79495000","longitude":"18.71750000"},"\u0160urany":{"id":104596,"name":"\u0160urany","latitude":"48.08613000","longitude":"18.18447000"},"svod\u00edn":{"id":104558,"name":"Svod\u00edn","latitude":"47.91054000","longitude":"18.49967000"},"tlma\u010de":{"id":104563,"name":"Tlma\u010de","latitude":"48.28926000","longitude":"18.53152000"},"topo\u013e\u010dany":{"id":104564,"name":"Topo\u013e\u010dany","latitude":"48.56361000","longitude":"18.16712000"},"vr\u00e1ble":{"id":104580,"name":"Vr\u00e1ble","latitude":"48.24371000","longitude":"18.30846000"},"\u017deliezovce":{"id":104600,"name":"\u017deliezovce","latitude":"48.05075000","longitude":"18.65421000"},"zlat\u00e9moravce":{"id":104584,"name":"Zlat\u00e9 Moravce","latitude":"48.38553000","longitude":"18.40063000"}}},"pre\u0161ovregion":{"id":4354,"name":"Pre\u0161ov Region","state_code":"PV","latitude":"49.17167730","longitude":"21.37420010","type":null,"cities":{"bardejov":{"id":104372,"name":"Bardejov","latitude":"49.29175000","longitude":"21.27271000"},"chlmec":{"id":104380,"name":"Chlmec","latitude":"48.88628000","longitude":"21.93930000"},"giraltovce":{"id":104393,"name":"Giraltovce","latitude":"49.11398000","longitude":"21.51731000"},"humenn\u00e9":{"id":104399,"name":"Humenn\u00e9","latitude":"48.93707000","longitude":"21.91625000"},"ke\u017emarok":{"id":104405,"name":"Ke\u017emarok","latitude":"49.13571000","longitude":"20.43352000"},"levo\u010da":{"id":104422,"name":"Levo\u010da","latitude":"49.02173000","longitude":"20.59212000"},"lipany":{"id":104423,"name":"Lipany","latitude":"49.15376000","longitude":"20.96382000"},"\u013dubica":{"id":104590,"name":"\u013dubica","latitude":"49.11667000","longitude":"20.45000000"},"medzilaborce":{"id":104432,"name":"Medzilaborce","latitude":"49.27195000","longitude":"21.90073000"},"nov\u00e1lesn\u00e1":{"id":104442,"name":"Nov\u00e1 Lesn\u00e1","latitude":"49.12253000","longitude":"20.26737000"},"okresbardejov":{"id":104449,"name":"Okres Bardejov","latitude":"49.28333000","longitude":"21.28333000"},"okreshumenn\u00e9":{"id":104464,"name":"Okres Humenn\u00e9","latitude":"48.93333000","longitude":"21.91667000"},"okreske\u017emarok":{"id":104466,"name":"Okres Ke\u017emarok","latitude":"49.13593000","longitude":"20.42929000"},"okreslevo\u010da":{"id":104472,"name":"Okres Levo\u010da","latitude":"49.01986000","longitude":"20.57688000"},"okresmedzilaborce":{"id":104477,"name":"Okres Medzilaborce","latitude":"49.27062000","longitude":"21.90200000"},"okrespoprad":{"id":104488,"name":"Okres Poprad","latitude":"49.05000000","longitude":"20.30000000"},"okrespre\u0161ov":{"id":104490,"name":"Okres Pre\u0161ov","latitude":"49.00000000","longitude":"21.25000000"},"okressabinov":{"id":104496,"name":"Okres Sabinov","latitude":"49.10115000","longitude":"21.09844000"},"okressnina":{"id":104500,"name":"Okres Snina","latitude":"48.98579000","longitude":"22.15059000"},"okresstar\u00e1\u0139ubov\u0148a":{"id":104503,"name":"Okres Star\u00e1 \u0139ubov\u0148a","latitude":"49.30000000","longitude":"20.70000000"},"okresstropkov":{"id":104504,"name":"Okres Stropkov","latitude":"49.20249000","longitude":"21.65025000"},"okressvidn\u00edk":{"id":104505,"name":"Okres Svidn\u00edk","latitude":"49.30000000","longitude":"21.56667000"},"okresvranovnadtop\u013eou":{"id":104513,"name":"Okres Vranov nad Top\u013eou","latitude":"48.90000000","longitude":"21.68333000"},"podol\u00ednec":{"id":104526,"name":"Podol\u00ednec","latitude":"49.25869000","longitude":"20.53600000"},"poprad":{"id":104528,"name":"Poprad","latitude":"49.06144000","longitude":"20.29798000"},"pre\u0161ov":{"id":104530,"name":"Pre\u0161ov","latitude":"48.99839000","longitude":"21.23393000"},"sabinov":{"id":104539,"name":"Sabinov","latitude":"49.10309000","longitude":"21.09880000"},"snina":{"id":104546,"name":"Snina","latitude":"48.98857000","longitude":"22.15099000"},"spi\u0161sk\u00e1bel\u00e1":{"id":104548,"name":"Spi\u0161sk\u00e1 Bel\u00e1","latitude":"49.18725000","longitude":"20.45948000"},"spi\u0161sk\u00e9podhradie":{"id":104550,"name":"Spi\u0161sk\u00e9 Podhradie","latitude":"49.00088000","longitude":"20.75307000"},"star\u00e1\u013dubov\u0148a":{"id":104552,"name":"Star\u00e1 \u013dubov\u0148a","latitude":"49.29859000","longitude":"20.68620000"},"\u0160trba":{"id":104594,"name":"\u0160trba","latitude":"49.05913000","longitude":"20.07975000"},"stropkov":{"id":104553,"name":"Stropkov","latitude":"49.20211000","longitude":"21.65216000"},"svidn\u00edk":{"id":104556,"name":"Svidn\u00edk","latitude":"49.30819000","longitude":"21.57030000"},"svit":{"id":104557,"name":"Svit","latitude":"49.06014000","longitude":"20.20695000"},"vranovnadtop\u013eou":{"id":104577,"name":"Vranov nad Top\u013eou","latitude":"48.88836000","longitude":"21.68479000"},"vrbov":{"id":104578,"name":"Vrbov","latitude":"49.08764000","longitude":"20.42530000"},"vy\u0161n\u00e9ru\u017ebachy":{"id":104583,"name":"Vy\u0161n\u00e9 Ru\u017ebachy","latitude":"49.30387000","longitude":"20.56558000"},"vysok\u00e9tatry":{"id":104582,"name":"Vysok\u00e9 Tatry","latitude":"49.13637000","longitude":"20.24386000"},"\u017ddiar":{"id":104598,"name":"\u017ddiar","latitude":"49.27100000","longitude":"20.26239000"}}},"tren\u010d\u00ednregion":{"id":4358,"name":"Tren\u010d\u00edn Region","state_code":"TC","latitude":"48.80867580","longitude":"18.23240260","type":null,"cities":{"b\u00e1novcenadbebravou":{"id":104379,"name":"B\u00e1novce nad Bebravou","latitude":"48.72130000","longitude":"18.25754000"},"bojnice":{"id":104373,"name":"Bojnice","latitude":"48.78511000","longitude":"18.58640000"},"brezov\u00e1podbradlom":{"id":104377,"name":"Brezov\u00e1 pod Bradlom","latitude":"48.66349000","longitude":"17.53905000"},"\u010cachtice":{"id":104586,"name":"\u010cachtice","latitude":"48.71226000","longitude":"17.78704000"},"dubnicanadv\u00e1hom":{"id":104384,"name":"Dubnica nad V\u00e1hom","latitude":"48.95981000","longitude":"18.16634000"},"handlov\u00e1":{"id":104394,"name":"Handlov\u00e1","latitude":"48.72760000","longitude":"18.76012000"},"ilava":{"id":104402,"name":"Ilava","latitude":"48.99769000","longitude":"18.23530000"},"lehotapodvt\u00e1\u010dnikom":{"id":104419,"name":"Lehota pod Vt\u00e1\u010dnikom","latitude":"48.69138000","longitude":"18.59944000"},"myjava":{"id":104436,"name":"Myjava","latitude":"48.75876000","longitude":"17.56866000"},"nem\u0161ov\u00e1":{"id":104437,"name":"Nem\u0161ov\u00e1","latitude":"48.96702000","longitude":"18.11892000"},"nov\u00e1dubnica":{"id":104441,"name":"Nov\u00e1 Dubnica","latitude":"48.93479000","longitude":"18.14632000"},"nov\u00e1ky":{"id":104443,"name":"Nov\u00e1ky","latitude":"48.71106000","longitude":"18.53389000"},"nov\u00e9mestonadv\u00e1hom":{"id":104444,"name":"Nov\u00e9 Mesto nad V\u00e1hom","latitude":"48.75763000","longitude":"17.83090000"},"okresb\u00e1novcenadbebravou":{"id":104457,"name":"Okres B\u00e1novce nad Bebravou","latitude":"48.71908000","longitude":"18.25773000"},"okresilava":{"id":104465,"name":"Okres Ilava","latitude":"48.99641000","longitude":"18.23374000"},"okresmyjava":{"id":104479,"name":"Okres Myjava","latitude":"48.75000000","longitude":"17.58333000"},"okresnov\u00e9mestonadv\u00e1hom":{"id":104482,"name":"Okres Nov\u00e9 Mesto nad V\u00e1hom","latitude":"48.75466000","longitude":"17.83506000"},"okrespartiz\u00e1nske":{"id":104484,"name":"Okres Partiz\u00e1nske","latitude":"48.62613000","longitude":"18.37957000"},"okrespova\u017esk\u00e1bystrica":{"id":104489,"name":"Okres Pova\u017esk\u00e1 Bystrica","latitude":"49.11667000","longitude":"18.45000000"},"okresprievidza":{"id":104491,"name":"Okres Prievidza","latitude":"48.76667000","longitude":"18.63333000"},"okresp\u00fachov":{"id":104492,"name":"Okres P\u00fachov","latitude":"49.12406000","longitude":"18.32477000"},"okrestren\u010d\u00edn":{"id":104508,"name":"Okres Tren\u010d\u00edn","latitude":"48.89520000","longitude":"18.04264000"},"partiz\u00e1nske":{"id":104523,"name":"Partiz\u00e1nske","latitude":"48.62861000","longitude":"18.38455000"},"pova\u017esk\u00e1bystrica":{"id":104529,"name":"Pova\u017esk\u00e1 Bystrica","latitude":"49.12153000","longitude":"18.42169000"},"prievidza":{"id":104532,"name":"Prievidza","latitude":"48.77446000","longitude":"18.62750000"},"p\u00fachov":{"id":104533,"name":"P\u00fachov","latitude":"49.12494000","longitude":"18.32597000"},"star\u00e1tur\u00e1":{"id":104551,"name":"Star\u00e1 Tur\u00e1","latitude":"48.77721000","longitude":"17.69433000"},"tren\u010diansketeplice":{"id":104566,"name":"Tren\u010dianske Teplice","latitude":"48.91063000","longitude":"18.16691000"},"tren\u010d\u00edn":{"id":104567,"name":"Tren\u010d\u00edn","latitude":"48.89452000","longitude":"18.04436000"}}},"trnavaregion":{"id":4355,"name":"Trnava Region","state_code":"TA","latitude":"48.39438980","longitude":"17.72162050","type":null,"cities":{"dunajsk\u00e1streda":{"id":104387,"name":"Dunajsk\u00e1 Streda","latitude":"47.99268000","longitude":"17.61211000"},"gab\u010d\u00edkovo":{"id":104389,"name":"Gab\u010d\u00edkovo","latitude":"47.89211000","longitude":"17.57884000"},"galanta":{"id":104390,"name":"Galanta","latitude":"48.19001000","longitude":"17.72747000"},"gbely":{"id":104391,"name":"Gbely","latitude":"48.71800000","longitude":"17.11628000"},"hlohovec":{"id":104395,"name":"Hlohovec","latitude":"48.43174000","longitude":"17.80310000"},"hol\u00ed\u010d":{"id":104396,"name":"Hol\u00ed\u010d","latitude":"48.81105000","longitude":"17.16238000"},"leopoldov":{"id":104420,"name":"Leopoldov","latitude":"48.44575000","longitude":"17.76458000"},"okresdunajsk\u00e1streda":{"id":104460,"name":"Okres Dunajsk\u00e1 Streda","latitude":"47.99635000","longitude":"17.60937000"},"okresgalanta":{"id":104461,"name":"Okres Galanta","latitude":"48.20000000","longitude":"17.71667000"},"okreshlohovec":{"id":104463,"name":"Okres Hlohovec","latitude":"48.41667000","longitude":"17.75000000"},"okrespie\u0161\u0165any":{"id":104486,"name":"Okres Pie\u0161\u0165any","latitude":"48.59064000","longitude":"17.82679000"},"okressenica":{"id":104498,"name":"Okres Senica","latitude":"48.68333000","longitude":"17.36667000"},"okresskalica":{"id":104499,"name":"Okres Skalica","latitude":"48.75000000","longitude":"17.16667000"},"okrestrnava":{"id":104509,"name":"Okres Trnava","latitude":"48.36667000","longitude":"17.60000000"},"pie\u0161\u0165any":{"id":104525,"name":"Pie\u0161\u0165any","latitude":"48.59479000","longitude":"17.82591000"},"\u0160amor\u00edn":{"id":104592,"name":"\u0160amor\u00edn","latitude":"48.03015000","longitude":"17.30972000"},"senica":{"id":104541,"name":"Senica","latitude":"48.67922000","longitude":"17.36697000"},"skalica":{"id":104543,"name":"Skalica","latitude":"48.84490000","longitude":"17.22635000"},"sl\u00e1dkovi\u010dovo":{"id":104544,"name":"Sl\u00e1dkovi\u010dovo","latitude":"48.20137000","longitude":"17.63852000"},"smolenice":{"id":104545,"name":"Smolenice","latitude":"48.50478000","longitude":"17.43067000"},"trnava":{"id":104568,"name":"Trnava","latitude":"48.37741000","longitude":"17.58723000"},"ve\u013ek\u00fdmeder":{"id":104574,"name":"Ve\u013ek\u00fd Meder","latitude":"47.85798000","longitude":"17.76884000"},"vrbov\u00e9":{"id":104579,"name":"Vrbov\u00e9","latitude":"48.61973000","longitude":"17.72260000"}}},"\u017dilinaregion":{"id":4359,"name":"\u017dilina Region","state_code":"ZI","latitude":"49.20314350","longitude":"19.36457330","type":null,"cities":{"byt\u010da":{"id":104378,"name":"Byt\u010da","latitude":"49.22404000","longitude":"18.55878000"},"\u010cadca":{"id":104587,"name":"\u010cadca","latitude":"49.43503000","longitude":"18.78895000"},"doln\u00fdkub\u00edn":{"id":104383,"name":"Doln\u00fd Kub\u00edn","latitude":"49.20983000","longitude":"19.30341000"},"hybe":{"id":104401,"name":"Hybe","latitude":"49.04439000","longitude":"19.82895000"},"kras\u0148any":{"id":104414,"name":"Kras\u0148any","latitude":"49.21491000","longitude":"18.88718000"},"kysuck\u00e9nov\u00e9mesto":{"id":104418,"name":"Kysuck\u00e9 Nov\u00e9 Mesto","latitude":"49.30000000","longitude":"18.78333000"},"liptovsk\u00fdhr\u00e1dok":{"id":104424,"name":"Liptovsk\u00fd Hr\u00e1dok","latitude":"49.03962000","longitude":"19.72335000"},"liptovsk\u00fdmikul\u00e1\u0161":{"id":104425,"name":"Liptovsk\u00fd Mikul\u00e1\u0161","latitude":"49.08061000","longitude":"19.62218000"},"l\u00fa\u010dky":{"id":104427,"name":"L\u00fa\u010dky","latitude":"49.12944000","longitude":"19.40228000"},"martin":{"id":104430,"name":"Martin","latitude":"49.06651000","longitude":"18.92399000"},"n\u00e1mestovo":{"id":104446,"name":"N\u00e1mestovo","latitude":"49.40790000","longitude":"19.48032000"},"ni\u017en\u00e1":{"id":104439,"name":"Ni\u017en\u00e1","latitude":"49.31046000","longitude":"19.52428000"},"okresbyt\u010da":{"id":104456,"name":"Okres Byt\u010da","latitude":"49.22267000","longitude":"18.55844000"},"okres\u010cadca":{"id":104516,"name":"Okres \u010cadca","latitude":"49.43333000","longitude":"18.78333000"},"okresdoln\u00fdkub\u00edn":{"id":104459,"name":"Okres Doln\u00fd Kub\u00edn","latitude":"49.20000000","longitude":"19.30000000"},"okreskysuck\u00e9nov\u00e9mesto":{"id":104470,"name":"Okres Kysuck\u00e9 Nov\u00e9 Mesto","latitude":"49.30206000","longitude":"18.78603000"},"okresliptovsk\u00fdmikul\u00e1\u0161":{"id":104473,"name":"Okres Liptovsk\u00fd Mikul\u00e1\u0161","latitude":"49.08333000","longitude":"19.61667000"},"okresmartin":{"id":104476,"name":"Okres Martin","latitude":"49.06667000","longitude":"18.93333000"},"okresnamestovo":{"id":104480,"name":"Okres Namestovo","latitude":"49.40651000","longitude":"19.47670000"},"okresru\u017eomberok":{"id":104495,"name":"Okres Ru\u017eomberok","latitude":"49.07494000","longitude":"19.30083000"},"okrestur\u010diansketeplice":{"id":104510,"name":"Okres Tur\u010dianske Teplice","latitude":"48.86283000","longitude":"18.85759000"},"okrestvrdo\u0161\u00edn":{"id":104511,"name":"Okres Tvrdo\u0161\u00edn","latitude":"49.33421000","longitude":"19.55461000"},"okres\u017dilina":{"id":104520,"name":"Okres \u017dilina","latitude":"49.22303000","longitude":"18.74044000"},"oravsk\u00e1lesn\u00e1":{"id":104521,"name":"Oravsk\u00e1 Lesn\u00e1","latitude":"49.36672000","longitude":"19.18093000"},"oravsk\u00fdpodz\u00e1mok":{"id":104522,"name":"Oravsk\u00fd Podz\u00e1mok","latitude":"49.25939000","longitude":"19.35690000"},"pribylina":{"id":104531,"name":"Pribylina","latitude":"49.09950000","longitude":"19.79427000"},"rajec":{"id":104534,"name":"Rajec","latitude":"49.08899000","longitude":"18.64007000"},"ru\u017eomberok":{"id":104538,"name":"Ru\u017eomberok","latitude":"49.07480000","longitude":"19.30751000"},"terchov\u00e1":{"id":104561,"name":"Terchov\u00e1","latitude":"49.25895000","longitude":"19.02935000"},"trsten\u00e1":{"id":104569,"name":"Trsten\u00e1","latitude":"49.36101000","longitude":"19.61249000"},"tur\u010diansketeplice":{"id":104571,"name":"Tur\u010dianske Teplice","latitude":"48.86225000","longitude":"18.86048000"},"turzovka":{"id":104570,"name":"Turzovka","latitude":"49.40429000","longitude":"18.62258000"},"tvrdo\u0161\u00edn":{"id":104572,"name":"Tvrdo\u0161\u00edn","latitude":"49.33700000","longitude":"19.55600000"},"vr\u00fatky":{"id":104581,"name":"Vr\u00fatky","latitude":"49.11328000","longitude":"18.91714000"},"\u017dilina":{"id":104602,"name":"\u017dilina","latitude":"49.22315000","longitude":"18.73941000"}}}}}