{"id":53,"name":"Costa Rica","iso3":"CRI","iso2":"CR","numeric_code":"188","phone_code":"506","capital":"San Jose","currency":"CRC","currency_name":"Costa Rican col\u00f3n","currency_symbol":"\u20a1","tld":".cr","native":"Costa Rica","region":"Americas","region_id":"2","subregion":"Central America","subregion_id":"9","nationality":"Costa Rican","timezones":[{"zoneName":"America/Costa_Rica","gmtOffset":-21600,"gmtOffsetName":"UTC-06:00","abbreviation":"CST","tzName":"Central Standard Time (North America"}],"translations":{"kr":"\ucf54\uc2a4\ud0c0\ub9ac\uce74","pt-BR":"Costa Rica","pt":"Costa Rica","nl":"Costa Rica","hr":"Kostarika","fa":"\u06a9\u0627\u0633\u062a\u0627\u0631\u06cc\u06a9\u0627","de":"Costa Rica","es":"Costa Rica","fr":"Costa Rica","ja":"\u30b3\u30b9\u30bf\u30ea\u30ab","it":"Costa Rica","cn":"\u54e5\u65af\u8fbe\u9ece\u52a0","tr":"Kosta Rika","ru":"\u041a\u043e\u0441\u0442\u0430-\u0420\u0438\u043a\u0430","uk":"\u041a\u043e\u0441\u0442\u0430-\u0420\u0456\u043a\u0430","pl":"Kostaryka"},"latitude":"10.00000000","longitude":"-84.00000000","emoji":"\ud83c\udde8\ud83c\uddf7","emojiU":"U+1F1E8 U+1F1F7","states":{"alajuelaprovince":{"id":1215,"name":"Alajuela Province","state_code":"A","latitude":"10.39158300","longitude":"-84.43827210","type":null,"cities":{"alajuela":{"id":21643,"name":"Alajuela","latitude":"10.01625000","longitude":"-84.21163000"},"atenas":{"id":21647,"name":"Atenas","latitude":"9.98333000","longitude":"-84.38333000"},"bijagua":{"id":21653,"name":"Bijagua","latitude":"10.73279000","longitude":"-85.05676000"},"carrillos":{"id":21658,"name":"Carrillos","latitude":"10.02918000","longitude":"-84.27403000"},"desamparados":{"id":21672,"name":"Desamparados","latitude":"9.94727000","longitude":"-84.50626000"},"esquipulas":{"id":21678,"name":"Esquipulas","latitude":"10.05676000","longitude":"-84.42337000"},"grecia":{"id":21685,"name":"Grecia","latitude":"10.06892000","longitude":"-84.31458000"},"guatuso":{"id":21687,"name":"Guatuso","latitude":"10.66667000","longitude":"-84.83333000"},"lafortuna":{"id":21698,"name":"La Fortuna","latitude":"10.47089000","longitude":"-84.64535000"},"loschiles":{"id":21705,"name":"Los Chiles","latitude":"10.86667000","longitude":"-84.66667000"},"naranjo":{"id":21715,"name":"Naranjo","latitude":"10.11667000","longitude":"-84.40000000"},"orotina":{"id":21719,"name":"Orotina","latitude":"9.90000000","longitude":"-84.56667000"},"palmares":{"id":21722,"name":"Palmares","latitude":"10.03333000","longitude":"-84.43333000"},"pital":{"id":21729,"name":"Pital","latitude":"10.45056000","longitude":"-84.27406000"},"po\u00e1s":{"id":21733,"name":"Po\u00e1s","latitude":"10.08333000","longitude":"-84.23333000"},"pocosol":{"id":21732,"name":"Pocosol","latitude":"10.36667000","longitude":"-84.61667000"},"quesada":{"id":21739,"name":"Quesada","latitude":"10.32381000","longitude":"-84.42714000"},"r\u00edosegundo":{"id":21741,"name":"R\u00edo Segundo","latitude":"10.24138000","longitude":"-84.27933000"},"sabanilla":{"id":21742,"name":"Sabanilla","latitude":"10.07404000","longitude":"-84.21551000"},"sancarlos":{"id":21747,"name":"San Carlos","latitude":"10.58333000","longitude":"-84.41667000"},"sanjos\u00e9":{"id":21755,"name":"San Jos\u00e9","latitude":"10.95173000","longitude":"-85.13610000"},"sanjuan":{"id":21758,"name":"San Juan","latitude":"10.10248000","longitude":"-84.31694000"},"sanmateo":{"id":21761,"name":"San Mateo","latitude":"9.95000000","longitude":"-84.51667000"},"sanrafael":{"id":21766,"name":"San Rafael","latitude":"10.06403000","longitude":"-84.47281000"},"sanram\u00f3n":{"id":21770,"name":"San Ram\u00f3n","latitude":"10.08718000","longitude":"-84.47044000"},"santiago":{"id":21777,"name":"Santiago","latitude":"10.02275000","longitude":"-84.44420000"},"upala":{"id":21795,"name":"Upala","latitude":"10.85000000","longitude":"-85.16667000"},"valverdevega":{"id":21796,"name":"Valverde Vega","latitude":"10.18721000","longitude":"-84.30290000"},"zarcero":{"id":21798,"name":"Zarcero","latitude":"10.20000000","longitude":"-84.40000000"}}},"guanacasteprovince":{"id":1209,"name":"Guanacaste Province","state_code":"G","latitude":"10.62673990","longitude":"-85.44367060","type":null,"cities":{"abangares":{"id":21641,"name":"Abangares","latitude":"10.21667000","longitude":"-85.00000000"},"bagaces":{"id":21648,"name":"Bagaces","latitude":"10.50000000","longitude":"-85.25000000"},"bel\u00e9n":{"id":21651,"name":"Bel\u00e9n","latitude":"10.40789000","longitude":"-85.58836000"},"ca\u00f1as":{"id":21660,"name":"Ca\u00f1as","latitude":"10.48005000","longitude":"-85.11349000"},"carrillo":{"id":21657,"name":"Carrillo","latitude":"10.41667000","longitude":"-85.58333000"},"fortuna":{"id":21680,"name":"Fortuna","latitude":"10.67384000","longitude":"-85.19984000"},"hojancha":{"id":21691,"name":"Hojancha","latitude":"9.96667000","longitude":"-85.41667000"},"juntas":{"id":21695,"name":"Juntas","latitude":"10.28089000","longitude":"-84.95951000"},"lacruz":{"id":21697,"name":"La Cruz","latitude":"11.00000000","longitude":"-85.58333000"},"liberia":{"id":21702,"name":"Liberia","latitude":"10.63504000","longitude":"-85.43772000"},"nandayure":{"id":21714,"name":"Nandayure","latitude":"9.91667000","longitude":"-85.28333000"},"nicoya":{"id":21716,"name":"Nicoya","latitude":"10.08333000","longitude":"-85.50000000"},"s\u00e1mara":{"id":21784,"name":"S\u00e1mara","latitude":"9.88147000","longitude":"-85.52809000"},"santacruz":{"id":21776,"name":"Santa Cruz","latitude":"10.25000000","longitude":"-85.66667000"},"sardinal":{"id":21781,"name":"Sardinal","latitude":"10.51674000","longitude":"-85.64748000"},"tilar\u00e1n":{"id":21789,"name":"Tilar\u00e1n","latitude":"10.45878000","longitude":"-84.97513000"}}},"herediaprovince":{"id":1212,"name":"Heredia Province","state_code":"H","latitude":"10.47352300","longitude":"-84.01674230","type":null,"cities":{"\u00c1ngeles":{"id":21799,"name":"\u00c1ngeles","latitude":"9.99591000","longitude":"-84.05126000"},"barva":{"id":21649,"name":"Barva","latitude":"10.08333000","longitude":"-84.10000000"},"bel\u00e9n":{"id":21652,"name":"Bel\u00e9n","latitude":"9.98333000","longitude":"-84.16667000"},"flores":{"id":21679,"name":"Flores","latitude":"10.00000000","longitude":"-84.15000000"},"heredia":{"id":21690,"name":"Heredia","latitude":"10.00236000","longitude":"-84.11651000"},"laasunci\u00f3n":{"id":21696,"name":"La Asunci\u00f3n","latitude":"9.97961000","longitude":"-84.17281000"},"llorente":{"id":21704,"name":"Llorente","latitude":"9.99844000","longitude":"-84.15448000"},"mercedes":{"id":21708,"name":"Mercedes","latitude":"10.00695000","longitude":"-84.13396000"},"sanantonio":{"id":21746,"name":"San Antonio","latitude":"9.98333000","longitude":"-84.18333000"},"sanfrancisco":{"id":21750,"name":"San Francisco","latitude":"9.99299000","longitude":"-84.12934000"},"sanisidro":{"id":21753,"name":"San Isidro","latitude":"10.03333000","longitude":"-84.03333000"},"sanjosecito":{"id":21754,"name":"San Josecito","latitude":"10.01667000","longitude":"-84.10000000"},"sanpablo":{"id":21763,"name":"San Pablo","latitude":"10.00000000","longitude":"-84.08333000"},"sanrafael":{"id":21767,"name":"San Rafael","latitude":"10.05000000","longitude":"-84.06667000"},"santab\u00e1rbara":{"id":21775,"name":"Santa B\u00e1rbara","latitude":"10.08333000","longitude":"-84.15000000"},"santodomingo":{"id":21779,"name":"Santo Domingo","latitude":"10.06389000","longitude":"-84.15499000"},"sarapiqu\u00ed":{"id":21780,"name":"Sarapiqu\u00ed","latitude":"10.50000000","longitude":"-84.00000000"}}},"lim\u00f3nprovince":{"id":1213,"name":"Lim\u00f3n Province","state_code":"L","latitude":"9.98963980","longitude":"-83.03324170","type":null,"cities":{"bat\u00e1n":{"id":21650,"name":"Bat\u00e1n","latitude":"10.08354000","longitude":"-83.33413000"},"gu\u00e1cimo":{"id":21688,"name":"Gu\u00e1cimo","latitude":"10.20000000","longitude":"-83.66667000"},"gu\u00e1piles":{"id":21689,"name":"Gu\u00e1piles","latitude":"10.21682000","longitude":"-83.78483000"},"lim\u00f3n":{"id":21703,"name":"Lim\u00f3n","latitude":"9.99074000","longitude":"-83.03596000"},"matina":{"id":21706,"name":"Matina","latitude":"10.00000000","longitude":"-83.25000000"},"pococ\u00ed":{"id":21730,"name":"Pococ\u00ed","latitude":"10.50000000","longitude":"-83.63333000"},"pocora":{"id":21731,"name":"Pocora","latitude":"10.17185000","longitude":"-83.60439000"},"roxana":{"id":21740,"name":"Roxana","latitude":"10.26712000","longitude":"-83.75110000"},"siquirres":{"id":21782,"name":"Siquirres","latitude":"10.11667000","longitude":"-83.50000000"},"sixaola":{"id":21783,"name":"Sixaola","latitude":"9.52766000","longitude":"-82.62185000"},"talamanca":{"id":21785,"name":"Talamanca","latitude":"9.50000000","longitude":"-83.08333000"}}},"provinciadecartago":{"id":1211,"name":"Provincia de Cartago","state_code":"C","latitude":"9.86223110","longitude":"-83.92141870","type":null,"cities":{"alvarado":{"id":21645,"name":"Alvarado","latitude":"9.93333000","longitude":"-83.80000000"},"cartago":{"id":21659,"name":"Cartago","latitude":"9.86444000","longitude":"-83.91944000"},"concepci\u00f3n":{"id":21665,"name":"Concepci\u00f3n","latitude":"9.93333000","longitude":"-84.00000000"},"cot":{"id":21668,"name":"Cot","latitude":"9.89449000","longitude":"-83.87302000"},"elguarco":{"id":21675,"name":"El Guarco","latitude":"9.75000000","longitude":"-83.91667000"},"jim\u00e9nez":{"id":21694,"name":"Jim\u00e9nez","latitude":"9.75000000","longitude":"-83.68333000"},"lasuiza":{"id":21699,"name":"La Suiza","latitude":"9.85065000","longitude":"-83.61690000"},"launi\u00f3n":{"id":21700,"name":"La Uni\u00f3n","latitude":"9.91667000","longitude":"-83.98333000"},"oreamuno":{"id":21717,"name":"Oreamuno","latitude":"10.00000000","longitude":"-83.83333000"},"oros\u00ed":{"id":21718,"name":"Oros\u00ed","latitude":"9.79617000","longitude":"-83.85383000"},"pacayas":{"id":21721,"name":"Pacayas","latitude":"9.80709000","longitude":"-84.04764000"},"para\u00edso":{"id":21725,"name":"Para\u00edso","latitude":"9.75000000","longitude":"-83.80000000"},"pejibaye":{"id":21728,"name":"Pejibaye","latitude":"9.81135000","longitude":"-83.70336000"},"sandiego":{"id":21748,"name":"San Diego","latitude":"9.89898000","longitude":"-84.00287000"},"tobosi":{"id":21790,"name":"Tobosi","latitude":"9.83837000","longitude":"-83.98391000"},"tresr\u00edos":{"id":21791,"name":"Tres R\u00edos","latitude":"9.90644000","longitude":"-83.98760000"},"tucurrique":{"id":21792,"name":"Tucurrique","latitude":"9.85336000","longitude":"-83.72273000"},"turrialba":{"id":21793,"name":"Turrialba","latitude":"9.80000000","longitude":"-83.53333000"}}},"puntarenasprovince":{"id":1210,"name":"Puntarenas Province","state_code":"P","latitude":"9.21695310","longitude":"-83.33618800","type":null,"cities":{"buenosaires":{"id":21654,"name":"Buenos Aires","latitude":"9.11667000","longitude":"-83.25000000"},"canoas":{"id":21656,"name":"Canoas","latitude":"8.53305000","longitude":"-82.83844000"},"chacarita":{"id":21661,"name":"Chacarita","latitude":"9.98424000","longitude":"-84.77892000"},"ciudadcort\u00e9s":{"id":21662,"name":"Ciudad Cort\u00e9s","latitude":"8.95988000","longitude":"-83.52381000"},"corredor":{"id":21666,"name":"Corredor","latitude":"8.64002000","longitude":"-82.94600000"},"corredores":{"id":21667,"name":"Corredores","latitude":"8.58333000","longitude":"-82.91667000"},"cotobrus":{"id":21669,"name":"Coto Brus","latitude":"8.88333000","longitude":"-82.96667000"},"esparza":{"id":21677,"name":"Esparza","latitude":"10.00000000","longitude":"-84.66667000"},"garabito":{"id":21681,"name":"Garabito","latitude":"9.61903000","longitude":"-84.62013000"},"golfito":{"id":21683,"name":"Golfito","latitude":"8.60000000","longitude":"-83.12000000"},"jac\u00f3":{"id":21693,"name":"Jac\u00f3","latitude":"9.61497000","longitude":"-84.62975000"},"miramar":{"id":21709,"name":"Miramar","latitude":"10.09250000","longitude":"-84.72978000"},"montesdeoro":{"id":21711,"name":"Montes de Oro","latitude":"10.10000000","longitude":"-84.75000000"},"osa":{"id":21720,"name":"Osa","latitude":"8.83333000","longitude":"-83.50000000"},"paquera":{"id":21724,"name":"Paquera","latitude":"9.82005000","longitude":"-84.93513000"},"parrita":{"id":21726,"name":"Parrita","latitude":"9.55000000","longitude":"-84.33333000"},"puntarenas":{"id":21734,"name":"Puntarenas","latitude":"9.97625000","longitude":"-84.83836000"},"quepos":{"id":21738,"name":"Quepos","latitude":"9.43187000","longitude":"-84.16141000"},"sanvito":{"id":21773,"name":"San Vito","latitude":"8.82079000","longitude":"-82.97092000"}}},"sanjos\u00e9province":{"id":1214,"name":"San Jos\u00e9 Province","state_code":"SJ","latitude":"9.91297270","longitude":"-84.07682940","type":null,"cities":{"acosta":{"id":21642,"name":"Acosta","latitude":"9.80000000","longitude":"-84.20000000"},"alajuelita":{"id":21644,"name":"Alajuelita","latitude":"9.90000000","longitude":"-84.10000000"},"aserr\u00ed":{"id":21646,"name":"Aserr\u00ed","latitude":"9.86667000","longitude":"-84.10000000"},"calleblancos":{"id":21655,"name":"Calle Blancos","latitude":"9.95000000","longitude":"-84.06667000"},"colima":{"id":21663,"name":"Colima","latitude":"9.95091000","longitude":"-84.08503000"},"col\u00f3n":{"id":21664,"name":"Col\u00f3n","latitude":"9.91491000","longitude":"-84.24170000"},"curridabat":{"id":21670,"name":"Curridabat","latitude":"9.91667000","longitude":"-84.03333000"},"danielflores":{"id":21671,"name":"Daniel Flores","latitude":"9.33554000","longitude":"-83.66940000"},"desamparados":{"id":21673,"name":"Desamparados","latitude":"9.90000000","longitude":"-84.06667000"},"dota":{"id":21674,"name":"Dota","latitude":"9.65000000","longitude":"-83.95000000"},"escaz\u00fa":{"id":21676,"name":"Escaz\u00fa","latitude":"9.93333000","longitude":"-84.13333000"},"goicoechea":{"id":21682,"name":"Goicoechea","latitude":"9.94848000","longitude":"-84.06365000"},"granadilla":{"id":21684,"name":"Granadilla","latitude":"9.93491000","longitude":"-84.01688000"},"guadalupe":{"id":21686,"name":"Guadalupe","latitude":"9.94805000","longitude":"-84.05665000"},"ip\u00eds":{"id":21692,"name":"Ip\u00eds","latitude":"9.96745000","longitude":"-84.01326000"},"le\u00f3ncort\u00e9s":{"id":21701,"name":"Le\u00f3n Cort\u00e9s","latitude":"9.68300000","longitude":"-84.04781000"},"mercedes":{"id":21707,"name":"Mercedes","latitude":"9.26270000","longitude":"-83.58202000"},"montesdeoca":{"id":21710,"name":"Montes de Oca","latitude":"9.93960000","longitude":"-84.03013000"},"mora":{"id":21712,"name":"Mora","latitude":"9.91667000","longitude":"-84.25000000"},"moravia":{"id":21713,"name":"Moravia","latitude":"10.04000000","longitude":"-84.00000000"},"palmichal":{"id":21723,"name":"Palmichal","latitude":"9.83778000","longitude":"-84.20478000"},"patarr\u00e1":{"id":21727,"name":"Patarr\u00e1","latitude":"9.88071000","longitude":"-84.03501000"},"p\u00e9rezzeled\u00f3n":{"id":21737,"name":"P\u00e9rez Zeled\u00f3n","latitude":"9.35473000","longitude":"-83.63484000"},"puriscal":{"id":21735,"name":"Puriscal","latitude":"9.75000000","longitude":"-84.41667000"},"purral":{"id":21736,"name":"Purral","latitude":"9.95808000","longitude":"-84.03050000"},"sabanilla":{"id":21743,"name":"Sabanilla","latitude":"9.94522000","longitude":"-84.03927000"},"salitral":{"id":21744,"name":"Salitral","latitude":"9.91163000","longitude":"-84.17835000"},"salitrillos":{"id":21745,"name":"Salitrillos","latitude":"9.85259000","longitude":"-84.09062000"},"sanfelipe":{"id":21749,"name":"San Felipe","latitude":"9.90488000","longitude":"-84.10551000"},"sanignacio":{"id":21751,"name":"San Ignacio","latitude":"9.79853000","longitude":"-84.16173000"},"sanisidro":{"id":21752,"name":"San Isidro","latitude":"9.36740000","longitude":"-83.69713000"},"sanjos\u00e9":{"id":21756,"name":"San Jos\u00e9","latitude":"9.93333000","longitude":"-84.08333000"},"sanjuan":{"id":21757,"name":"San Juan","latitude":"9.95974000","longitude":"-84.08165000"},"sanjuandedios":{"id":21759,"name":"San Juan de Dios","latitude":"9.87730000","longitude":"-84.08470000"},"sanmarcos":{"id":21760,"name":"San Marcos","latitude":"9.66010000","longitude":"-84.02026000"},"sanmiguel":{"id":21762,"name":"San Miguel","latitude":"9.87121000","longitude":"-84.06084000"},"sanpedro":{"id":21764,"name":"San Pedro","latitude":"9.92829000","longitude":"-84.05074000"},"sanrafael":{"id":21765,"name":"San Rafael","latitude":"9.92787000","longitude":"-84.13722000"},"sanrafaelabajo":{"id":21768,"name":"San Rafael Abajo","latitude":"9.83100000","longitude":"-84.29008000"},"sanrafaelarriba":{"id":21769,"name":"San Rafael Arriba","latitude":"9.87556000","longitude":"-84.07661000"},"sanvicente":{"id":21771,"name":"San Vicente","latitude":"9.96016000","longitude":"-84.04762000"},"sanvicentedemoravia":{"id":21772,"name":"San Vicente de Moravia","latitude":"9.96164000","longitude":"-84.04880000"},"santaana":{"id":21774,"name":"Santa Ana","latitude":"9.93260000","longitude":"-84.18255000"},"santiago":{"id":21778,"name":"Santiago","latitude":"9.84636000","longitude":"-84.31428000"},"tarraz\u00fa":{"id":21786,"name":"Tarraz\u00fa","latitude":"9.65965000","longitude":"-84.02138000"},"tejar":{"id":21787,"name":"Tejar","latitude":"9.74622000","longitude":"-84.23368000"},"tib\u00e1s":{"id":21788,"name":"Tib\u00e1s","latitude":"9.96667000","longitude":"-84.08333000"},"turrubares":{"id":21794,"name":"Turrubares","latitude":"9.75000000","longitude":"-84.50000000"},"v\u00e1zquezdecoronado":{"id":21797,"name":"V\u00e1zquez de Coronado","latitude":"10.06000000","longitude":"-84.00000000"}}}}}