{"id":66,"name":"El Salvador","iso3":"SLV","iso2":"SV","numeric_code":"222","phone_code":"503","capital":"San Salvador","currency":"USD","currency_name":"United States dollar","currency_symbol":"$","tld":".sv","native":"El Salvador","region":"Americas","region_id":2,"subregion":"Central America","subregion_id":9,"nationality":"Salvadoran","timezones":[{"zoneName":"America/El_Salvador","gmtOffset":-21600,"gmtOffsetName":"UTC-06:00","abbreviation":"CST","tzName":"Central Standard Time (North America"}],"translations":{"ko":"\uc5d8\uc0b4\ubc14\ub3c4\ub974","pt-BR":"El Salvador","pt":"El Salvador","nl":"El Salvador","hr":"Salvador","fa":"\u0627\u0644\u0633\u0627\u0644\u0648\u0627\u062f\u0648\u0631","de":"El Salvador","es":"El Salvador","fr":"Salvador","ja":"\u30a8\u30eb\u30b5\u30eb\u30d0\u30c9\u30eb","it":"El Salvador","zh-CN":"\u8428\u5c14\u74e6\u591a","tr":"El Salvador","ru":"\u0421\u0430\u043b\u044c\u0432\u0430\u0434\u043e\u0440","uk":"\u0421\u0430\u043b\u044c\u0432\u0430\u0434\u043e\u0440","pl":"Salwador"},"latitude":"13.83333333","longitude":"-88.91666666","emoji":"\ud83c\uddf8\ud83c\uddfb","emojiU":"U+1F1F8 U+1F1FB","states":{"ahuachap\u00e1ndepartment":{"id":4139,"name":"Ahuachap\u00e1n Department","state_code":"AH","latitude":"13.82161480","longitude":"-89.92532330","type":null,"cities":{"ahuachap\u00e1n":{"id":104842,"name":"Ahuachap\u00e1n","latitude":"13.92139000","longitude":"-89.84500000"},"atiquizaya":{"id":104848,"name":"Atiquizaya","latitude":"13.97694000","longitude":"-89.75250000"},"concepci\u00f3ndeataco":{"id":104863,"name":"Concepci\u00f3n de Ataco","latitude":"13.87028000","longitude":"-89.84861000"},"guaymango":{"id":104873,"name":"Guaymango","latitude":"13.75028000","longitude":"-89.84222000"},"jujutla":{"id":104883,"name":"Jujutla","latitude":"13.78694000","longitude":"-89.85722000"},"sanfranciscomen\u00e9ndez":{"id":104906,"name":"San Francisco Men\u00e9ndez","latitude":"13.84306000","longitude":"-90.01583000"},"tacuba":{"id":104931,"name":"Tacuba","latitude":"13.90111000","longitude":"-89.92972000"}}},"caba\u00f1asdepartment":{"id":4132,"name":"Caba\u00f1as Department","state_code":"CA","latitude":"13.86482880","longitude":"-88.74939980","type":null,"cities":{"sensuntepeque":{"id":104924,"name":"Sensuntepeque","latitude":"13.86667000","longitude":"-88.63333000"},"victoria":{"id":104937,"name":"Victoria","latitude":"13.95000000","longitude":"-88.63333000"}}},"chalatenangodepartment":{"id":4131,"name":"Chalatenango Department","state_code":"CH","latitude":"14.19166480","longitude":"-89.17059980","type":null,"cities":{"chalatenango":{"id":104853,"name":"Chalatenango","latitude":"14.03333000","longitude":"-88.93333000"},"nuevaconcepci\u00f3n":{"id":104891,"name":"Nueva Concepci\u00f3n","latitude":"14.13333000","longitude":"-89.30000000"}}},"cuscatl\u00e1ndepartment":{"id":4137,"name":"Cuscatl\u00e1n Department","state_code":"CU","latitude":"13.86619570","longitude":"-89.05615320","type":null,"cities":{"cojutepeque":{"id":104861,"name":"Cojutepeque","latitude":"13.71667000","longitude":"-88.93333000"},"sanmart\u00edn":{"id":104909,"name":"San Mart\u00edn","latitude":"13.78333000","longitude":"-88.91667000"},"suchitoto":{"id":104930,"name":"Suchitoto","latitude":"13.93806000","longitude":"-89.02778000"},"tecoluca":{"id":104932,"name":"Tecoluca","latitude":"13.78917000","longitude":"-89.00528000"},"tenancingo":{"id":104933,"name":"Tenancingo","latitude":"13.83333000","longitude":"-88.98333000"}}},"lalibertaddepartment":{"id":4134,"name":"La Libertad Department","state_code":"LI","latitude":"13.68176610","longitude":"-89.36062980","type":null,"cities":{"antiguocuscatl\u00e1n":{"id":104844,"name":"Antiguo Cuscatl\u00e1n","latitude":"13.66492000","longitude":"-89.25319000"},"ciudadarce":{"id":104858,"name":"Ciudad Arce","latitude":"13.84028000","longitude":"-89.44722000"},"lalibertad":{"id":104884,"name":"La Libertad","latitude":"13.48833000","longitude":"-89.32222000"},"nuevocuscatl\u00e1n":{"id":104894,"name":"Nuevo Cuscatl\u00e1n","latitude":"13.64861000","longitude":"-89.26528000"},"quezaltepeque":{"id":104900,"name":"Quezaltepeque","latitude":"13.83124000","longitude":"-89.27221000"},"sanjuanopico":{"id":104907,"name":"San Juan Opico","latitude":"13.87611000","longitude":"-89.35972000"},"sanpablotacachico":{"id":104911,"name":"San Pablo Tacachico","latitude":"13.97556000","longitude":"-89.34000000"},"santatecla":{"id":104920,"name":"Santa Tecla","latitude":"13.67694000","longitude":"-89.27972000"},"zaragoza":{"id":104939,"name":"Zaragoza","latitude":"13.58944000","longitude":"-89.28889000"}}},"lapazdepartment":{"id":4136,"name":"La Paz Department","state_code":"PA","latitude":null,"longitude":null,"type":null,"cities":{"elrosario":{"id":104870,"name":"El Rosario","latitude":"13.49778000","longitude":"-89.02972000"},"olocuilta":{"id":104895,"name":"Olocuilta","latitude":"13.56972000","longitude":"-89.11722000"},"sanpedromasahuat":{"id":104912,"name":"San Pedro Masahuat","latitude":"13.54361000","longitude":"-89.03861000"},"santiagononualco":{"id":104921,"name":"Santiago Nonualco","latitude":"13.51667000","longitude":"-88.95000000"},"zacatecoluca":{"id":104938,"name":"Zacatecoluca","latitude":"13.50000000","longitude":"-88.86667000"}}},"launi\u00f3ndepartment":{"id":4138,"name":"La Uni\u00f3n Department","state_code":"UN","latitude":"13.48864430","longitude":"-87.89424510","type":null,"cities":{"anamor\u00f3s":{"id":104843,"name":"Anamor\u00f3s","latitude":"13.74056000","longitude":"-87.87361000"},"conchagua":{"id":104864,"name":"Conchagua","latitude":"13.30778000","longitude":"-87.86472000"},"intipuc\u00e1":{"id":104876,"name":"Intipuc\u00e1","latitude":"13.19694000","longitude":"-88.05444000"},"launi\u00f3n":{"id":104885,"name":"La Uni\u00f3n","latitude":"13.33694000","longitude":"-87.84389000"},"nuevaesparta":{"id":104892,"name":"Nueva Esparta","latitude":"13.78361000","longitude":"-87.83861000"},"pasaquina":{"id":104898,"name":"Pasaquina","latitude":"13.58444000","longitude":"-87.84111000"},"sanalejo":{"id":104903,"name":"San Alejo","latitude":"13.43139000","longitude":"-87.96306000"},"santarosadelima":{"id":104919,"name":"Santa Rosa de Lima","latitude":"13.62472000","longitude":"-87.89361000"}}},"moraz\u00e1ndepartment":{"id":4130,"name":"Moraz\u00e1n Department","state_code":"MO","latitude":"13.76820000","longitude":"-88.12913870","type":null,"cities":{"cacaopera":{"id":104851,"name":"Cacaopera","latitude":"13.76667000","longitude":"-88.08333000"},"corinto":{"id":104865,"name":"Corinto","latitude":"13.81083000","longitude":"-87.97139000"},"guatajiagua":{"id":104872,"name":"Guatajiagua","latitude":"13.66667000","longitude":"-88.20000000"},"jocoro":{"id":104879,"name":"Jocoro","latitude":"13.61667000","longitude":"-88.01667000"},"sanfrancisco":{"id":104905,"name":"San Francisco","latitude":"13.70000000","longitude":"-88.10000000"},"sociedad":{"id":104926,"name":"Sociedad","latitude":"13.70000000","longitude":"-88.01667000"}}},"sanmigueldepartment":{"id":4135,"name":"San Miguel Department","state_code":"SM","latitude":"13.44510410","longitude":"-88.24611830","type":null,"cities":{"chapeltique":{"id":104855,"name":"Chapeltique","latitude":"13.63333000","longitude":"-88.26667000"},"chinameca":{"id":104856,"name":"Chinameca","latitude":"13.50000000","longitude":"-88.35000000"},"chirilagua":{"id":104857,"name":"Chirilagua","latitude":"13.22028000","longitude":"-88.13861000"},"ciudadbarrios":{"id":104859,"name":"Ciudad Barrios","latitude":"13.76667000","longitude":"-88.26667000"},"eltr\u00e1nsito":{"id":104871,"name":"El Tr\u00e1nsito","latitude":"13.35000000","longitude":"-88.35000000"},"lolotique":{"id":104886,"name":"Lolotique","latitude":"13.55000000","longitude":"-88.35000000"},"moncagua":{"id":104889,"name":"Moncagua","latitude":"13.53333000","longitude":"-88.25000000"},"nuevaguadalupe":{"id":104893,"name":"Nueva Guadalupe","latitude":"13.53333000","longitude":"-88.35000000"},"sanmiguel":{"id":104910,"name":"San Miguel","latitude":"13.48333000","longitude":"-88.18333000"},"sanrafaeloriente":{"id":104913,"name":"San Rafael Oriente","latitude":"13.38333000","longitude":"-88.35000000"},"sesori":{"id":104925,"name":"Sesori","latitude":"13.71667000","longitude":"-88.36667000"}}},"sansalvadordepartment":{"id":4133,"name":"San Salvador Department","state_code":"SS","latitude":"13.77399970","longitude":"-89.20867730","type":null,"cities":{"aguilares":{"id":104841,"name":"Aguilares","latitude":"13.95722000","longitude":"-89.18972000"},"apopa":{"id":104846,"name":"Apopa","latitude":"13.80722000","longitude":"-89.17917000"},"ayutuxtepeque":{"id":104849,"name":"Ayutuxtepeque","latitude":"13.74556000","longitude":"-89.20639000"},"cuscatancingo":{"id":104866,"name":"Cuscatancingo","latitude":"13.73611000","longitude":"-89.18139000"},"delgado":{"id":104867,"name":"Delgado","latitude":"13.72417000","longitude":"-89.17028000"},"elpaisnal":{"id":104869,"name":"El Paisnal","latitude":"13.97361000","longitude":"-89.21861000"},"guazapa":{"id":104874,"name":"Guazapa","latitude":"13.87694000","longitude":"-89.17306000"},"ilopango":{"id":104875,"name":"Ilopango","latitude":"13.70167000","longitude":"-89.10944000"},"mejicanos":{"id":104887,"name":"Mejicanos","latitude":"13.74028000","longitude":"-89.21306000"},"panchimalco":{"id":104897,"name":"Panchimalco","latitude":"13.61278000","longitude":"-89.18000000"},"rosariodemora":{"id":104901,"name":"Rosario de Mora","latitude":"13.57528000","longitude":"-89.20889000"},"sanmarcos":{"id":104908,"name":"San Marcos","latitude":"13.65889000","longitude":"-89.18306000"},"sansalvador":{"id":104914,"name":"San Salvador","latitude":"13.68935000","longitude":"-89.18718000"},"santotom\u00e1s":{"id":104923,"name":"Santo Tom\u00e1s","latitude":"13.64083000","longitude":"-89.13333000"},"soyapango":{"id":104929,"name":"Soyapango","latitude":"13.71024000","longitude":"-89.13989000"},"tonacatepeque":{"id":104935,"name":"Tonacatepeque","latitude":"13.78111000","longitude":"-89.11861000"}}},"sanvicentedepartment":{"id":4127,"name":"San Vicente Department","state_code":"SV","latitude":"13.58685610","longitude":"-88.74939980","type":null,"cities":{"apastepeque":{"id":104845,"name":"Apastepeque","latitude":"13.66667000","longitude":"-88.78333000"},"sansebasti\u00e1n":{"id":104915,"name":"San Sebasti\u00e1n","latitude":"13.73333000","longitude":"-88.83333000"},"sanvicente":{"id":104916,"name":"San Vicente","latitude":"13.63333000","longitude":"-88.80000000"}}},"santaanadepartment":{"id":4128,"name":"Santa Ana Department","state_code":"SA","latitude":"14.14611210","longitude":"-89.51200840","type":null,"cities":{"candelariadelafrontera":{"id":104852,"name":"Candelaria de La Frontera","latitude":"14.11667000","longitude":"-89.65000000"},"chalchuapa":{"id":104854,"name":"Chalchuapa","latitude":"13.98667000","longitude":"-89.68111000"},"coatepeque":{"id":104860,"name":"Coatepeque","latitude":"13.92861000","longitude":"-89.50417000"},"elcongo":{"id":104868,"name":"El Congo","latitude":"13.90889000","longitude":"-89.49583000"},"metap\u00e1n":{"id":104888,"name":"Metap\u00e1n","latitude":"14.33333000","longitude":"-89.45000000"},"santaana":{"id":104917,"name":"Santa Ana","latitude":"13.99417000","longitude":"-89.55972000"},"texistepeque":{"id":104934,"name":"Texistepeque","latitude":"14.13333000","longitude":"-89.50000000"}}},"sonsonatedepartment":{"id":4140,"name":"Sonsonate Department","state_code":"SO","latitude":"13.68235800","longitude":"-89.66281110","type":null,"cities":{"acajutla":{"id":104840,"name":"Acajutla","latitude":"13.59278000","longitude":"-89.82750000"},"armenia":{"id":104847,"name":"Armenia","latitude":"13.74361000","longitude":"-89.49889000"},"izalco":{"id":104877,"name":"Izalco","latitude":"13.74472000","longitude":"-89.67306000"},"juay\u00faa":{"id":104880,"name":"Juay\u00faa","latitude":"13.84139000","longitude":"-89.74556000"},"nahuizalco":{"id":104890,"name":"Nahuizalco","latitude":"13.77750000","longitude":"-89.73667000"},"sanantoniodelmonte":{"id":104904,"name":"San Antonio del Monte","latitude":"13.71639000","longitude":"-89.73833000"},"sonsonate":{"id":104927,"name":"Sonsonate","latitude":"13.71889000","longitude":"-89.72417000"},"sonzacate":{"id":104928,"name":"Sonzacate","latitude":"13.73417000","longitude":"-89.71472000"}}},"usulut\u00e1ndepartment":{"id":4129,"name":"Usulut\u00e1n Department","state_code":"US","latitude":"13.44706340","longitude":"-88.55653100","type":null,"cities":{"berl\u00edn":{"id":104850,"name":"Berl\u00edn","latitude":"13.50000000","longitude":"-88.53333000"},"concepci\u00f3nbatres":{"id":104862,"name":"Concepci\u00f3n Batres","latitude":"13.35000000","longitude":"-88.36667000"},"jiquilisco":{"id":104878,"name":"Jiquilisco","latitude":"13.31667000","longitude":"-88.58333000"},"jucuapa":{"id":104881,"name":"Jucuapa","latitude":"13.51667000","longitude":"-88.38333000"},"jucuar\u00e1n":{"id":104882,"name":"Jucuar\u00e1n","latitude":"13.25389000","longitude":"-88.24778000"},"ozatl\u00e1n":{"id":104896,"name":"Ozatl\u00e1n","latitude":"13.38333000","longitude":"-88.50000000"},"puertoeltriunfo":{"id":104899,"name":"Puerto El Triunfo","latitude":"13.28333000","longitude":"-88.55000000"},"sanagust\u00edn":{"id":104902,"name":"San Agust\u00edn","latitude":"13.43333000","longitude":"-88.60000000"},"santaelena":{"id":104918,"name":"Santa Elena","latitude":"13.38333000","longitude":"-88.41667000"},"santiagodemar\u00eda":{"id":104922,"name":"Santiago de Mar\u00eda","latitude":"13.48333000","longitude":"-88.46667000"},"usulut\u00e1n":{"id":104936,"name":"Usulut\u00e1n","latitude":"13.35000000","longitude":"-88.45000000"}}}}}