{"id":128,"name":"Macau S.A.R.","iso3":"MAC","iso2":"MO","numeric_code":"446","phone_code":"853","capital":"Macao","currency":"MOP","currency_name":"Macanese pataca","currency_symbol":"$","tld":".mo","native":"\u6fb3\u9580","region":"Asia","region_id":"3","subregion":"Eastern Asia","subregion_id":"12","nationality":"Macanese, Chinese","timezones":[{"zoneName":"Asia/Macau","gmtOffset":28800,"gmtOffsetName":"UTC+08:00","abbreviation":"CST","tzName":"China Standard Time"}],"translations":{"kr":"\ub9c8\uce74\uc624","pt-BR":"Macau","pt":"Macau","nl":"Macao","hr":"Makao","fa":"\u0645\u06a9\u0627\u0626\u0648","de":"Macao","es":"Macao","fr":"Macao","ja":"\u30de\u30ab\u30aa","it":"Macao","cn":"\u4e2d\u56fd\u6fb3\u95e8","tr":"Makao","ru":"\u041c\u0430\u043a\u0430\u043e \u0421.\u0410.\u0420.","uk":"\u0421\u0410\u0420 \u041c\u0430\u043a\u0430\u043e.","pl":"Macau S.A.R."},"latitude":"22.16666666","longitude":"113.55000000","emoji":"\ud83c\uddf2\ud83c\uddf4","emojiU":"U+1F1F2 U+1F1F4"}