{"id":32,"name":"British Indian Ocean Territory","iso3":"IOT","iso2":"IO","numeric_code":"086","phone_code":"246","capital":"Diego Garcia","currency":"USD","currency_name":"United States dollar","currency_symbol":"$","tld":".io","native":"British Indian Ocean Territory","region":"Africa","region_id":"1","subregion":"Eastern Africa","subregion_id":"4","nationality":"BIOT","timezones":[{"zoneName":"Indian/Chagos","gmtOffset":21600,"gmtOffsetName":"UTC+06:00","abbreviation":"IOT","tzName":"Indian Ocean Time"}],"translations":{"kr":"\uc601\uad6d\ub839 \uc778\ub3c4\uc591 \uc9c0\uc5ed","pt-BR":"Territ\u00f3rio Brit\u00e2nico do Oceano \u00ed\u00cddico","pt":"Territ\u00f3rio Brit\u00e2nico do Oceano \u00cdndico","nl":"Britse Gebieden in de Indische Oceaan","hr":"Britanski Indijskooceanski teritorij","fa":"\u0642\u0644\u0645\u0631\u0648 \u0628\u0631\u06cc\u062a\u0627\u0646\u06cc\u0627 \u062f\u0631 \u0627\u0642\u06cc\u0627\u0646\u0648\u0633 \u0647\u0646\u062f","de":"Britisches Territorium im Indischen Ozean","es":"Territorio Brit\u00e1nico del Oc\u00e9ano \u00cdndico","fr":"Territoire britannique de l\u0027oc\u00e9an Indien","ja":"\u30a4\u30ae\u30ea\u30b9\u9818\u30a4\u30f3\u30c9\u6d0b\u5730\u57df","it":"Territorio britannico dell\u0027oceano indiano","cn":"\u82f1\u5c5e\u5370\u5ea6\u6d0b\u9886\u5730","tr":"Britanya Hint Okyanusu Topraklari","ru":"\u0411\u0440\u0438\u0442\u0430\u043d\u0441\u043a\u0430\u044f \u0442\u0435\u0440\u0440\u0438\u0442\u043e\u0440\u0438\u044f \u0432 \u0418\u043d\u0434\u0438\u0439\u0441\u043a\u043e\u043c \u043e\u043a\u0435\u0430\u043d\u0435","uk":"\u0411\u0440\u0438\u0442\u0430\u043d\u0441\u044c\u043a\u0430 \u0442\u0435\u0440\u0438\u0442\u043e\u0440\u0456\u044f \u0432 \u0406\u043d\u0434\u0456\u0439\u0441\u044c\u043a\u043e\u043c\u0443 \u043e\u043a\u0435\u0430\u043d\u0456","pl":"Brytyjskie Terytorium Oceanu Indyjskiego"},"latitude":"-6.00000000","longitude":"71.50000000","emoji":"\ud83c\uddee\ud83c\uddf4","emojiU":"U+1F1EE U+1F1F4"}