{"id":36,"name":"Burundi","iso3":"BDI","iso2":"BI","numeric_code":"108","phone_code":"257","capital":"Bujumbura","currency":"BIF","currency_name":"Burundian franc","currency_symbol":"FBu","tld":".bi","native":"Burundi","region":"Africa","region_id":1,"subregion":"Eastern Africa","subregion_id":4,"nationality":"Burundian","timezones":[{"zoneName":"Africa/Bujumbura","gmtOffset":7200,"gmtOffsetName":"UTC+02:00","abbreviation":"CAT","tzName":"Central Africa Time"}],"translations":{"ko":"\ubd80\ub8ec\ub514","pt-BR":"Burundi","pt":"Bur\u00fandi","nl":"Burundi","hr":"Burundi","fa":"\u0628\u0648\u0631\u0648\u0646\u062f\u06cc","de":"Burundi","es":"Burundi","fr":"Burundi","ja":"\u30d6\u30eb\u30f3\u30b8","it":"Burundi","zh-CN":"\u5e03\u9686\u8fea","tr":"Burundi","ru":"\u0411\u0443\u0440\u0443\u043d\u0434\u0438","uk":"\u0411\u0443\u0440\u0443\u043d\u0434\u0456","pl":"Burundi"},"latitude":"-3.50000000","longitude":"30.00000000","emoji":"\ud83c\udde7\ud83c\uddee","emojiU":"U+1F1E7 U+1F1EE","states":{"bubanzaprovince":{"id":3196,"name":"Bubanza Province","state_code":"BB","latitude":"-3.15724030","longitude":"29.37149090","type":null,"cities":{"bubanza":{"id":9762,"name":"Bubanza","latitude":"-3.08040000","longitude":"29.39100000"}}},"bujumburamairieprovince":{"id":3198,"name":"Bujumbura Mairie Province","state_code":"BM","latitude":"-3.38841410","longitude":"29.34826460","type":null,"cities":{"bujumbura":{"id":9763,"name":"Bujumbura","latitude":"-3.38193000","longitude":"29.36142000"}}},"bujumburaruralprovince":{"id":3200,"name":"Bujumbura Rural Province","state_code":"BL","latitude":"-3.50901440","longitude":"29.46435900","type":null},"bururiprovince":{"id":3202,"name":"Bururi Province","state_code":"BR","latitude":"-3.90068510","longitude":"29.51077080","type":null,"cities":{"bururi":{"id":9764,"name":"Bururi","latitude":"-3.94877000","longitude":"29.62438000"}}},"cankuzoprovince":{"id":3201,"name":"Cankuzo Province","state_code":"CA","latitude":"-3.15277880","longitude":"30.61998950","type":null,"cities":{"cankuzo":{"id":9765,"name":"Cankuzo","latitude":"-3.21860000","longitude":"30.55280000"}}},"cibitokeprovince":{"id":3190,"name":"Cibitoke Province","state_code":"CI","latitude":"-2.81028970","longitude":"29.18557850","type":null,"cities":{"cibitoke":{"id":9766,"name":"Cibitoke","latitude":"-2.88690000","longitude":"29.12480000"}}},"gitegaprovince":{"id":3197,"name":"Gitega Province","state_code":"GI","latitude":"-3.49290510","longitude":"29.92779470","type":null,"cities":{"gitega":{"id":9767,"name":"Gitega","latitude":"-3.42708000","longitude":"29.92463000"}}},"karuziprovince":{"id":3194,"name":"Karuzi Province","state_code":"KR","latitude":"-3.13403470","longitude":"30.11273500","type":null,"cities":{"karuzi":{"id":9768,"name":"Karuzi","latitude":"-3.10139000","longitude":"30.16278000"}}},"kayanzaprovince":{"id":3192,"name":"Kayanza Province","state_code":"KY","latitude":"-3.00779810","longitude":"29.64991620","type":null,"cities":{"kayanza":{"id":9769,"name":"Kayanza","latitude":"-2.92210000","longitude":"29.62930000"}}},"kirundoprovince":{"id":3195,"name":"Kirundo Province","state_code":"KI","latitude":"-2.57628820","longitude":"30.11273500","type":null,"cities":{"kirundo":{"id":9770,"name":"Kirundo","latitude":"-2.58450000","longitude":"30.09590000"}}},"makambaprovince":{"id":3188,"name":"Makamba Province","state_code":"MA","latitude":"-4.32570620","longitude":"29.69626770","type":null,"cities":{"makamba":{"id":9771,"name":"Makamba","latitude":"-4.13480000","longitude":"29.80400000"}}},"muramvyaprovince":{"id":3193,"name":"Muramvya Province","state_code":"MU","latitude":"-3.28983980","longitude":"29.64991620","type":null,"cities":{"muramvya":{"id":9772,"name":"Muramvya","latitude":"-3.26820000","longitude":"29.60790000"}}},"muyingaprovince":{"id":3186,"name":"Muyinga Province","state_code":"MY","latitude":"-2.77935110","longitude":"30.29741990","type":null,"cities":{"muyinga":{"id":9773,"name":"Muyinga","latitude":"-2.84510000","longitude":"30.34140000"}}},"mwaroprovince":{"id":3187,"name":"Mwaro Province","state_code":"MW","latitude":"-3.50259180","longitude":"29.64991620","type":null,"cities":{"mwaro":{"id":9774,"name":"Mwaro","latitude":"-3.51128000","longitude":"29.70334000"}}},"ngoziprovince":{"id":3199,"name":"Ngozi Province","state_code":"NG","latitude":"-2.89582430","longitude":"29.88152030","type":null,"cities":{"ngozi":{"id":9775,"name":"Ngozi","latitude":"-2.90750000","longitude":"29.83060000"}}},"rumongeprovince":{"id":3185,"name":"Rumonge Province","state_code":"RM","latitude":"-3.97540490","longitude":"29.43880140","type":null,"cities":{"rumonge":{"id":9776,"name":"Rumonge","latitude":"-3.97360000","longitude":"29.43860000"}}},"rutanaprovince":{"id":3189,"name":"Rutana Province","state_code":"RT","latitude":"-3.87915230","longitude":"30.06652360","type":null,"cities":{"rutana":{"id":9777,"name":"Rutana","latitude":"-3.92790000","longitude":"29.99200000"}}},"ruyigiprovince":{"id":3191,"name":"Ruyigi Province","state_code":"RY","latitude":"-3.44620700","longitude":"30.25127280","type":null,"cities":{"ruyigi":{"id":9778,"name":"Ruyigi","latitude":"-3.47639000","longitude":"30.24861000"}}}}}