{"id":243,"name":"Wallis and Futuna Islands","iso3":"WLF","iso2":"WF","numeric_code":"876","phone_code":"681","capital":"Mata Utu","currency":"XPF","currency_name":"CFP franc","currency_symbol":"\u20a3","tld":".wf","native":"Wallis et Futuna","region":"Oceania","region_id":5,"subregion":"Polynesia","subregion_id":22,"nationality":"Wallis and Futuna, Wallisian or Futunan","timezones":[{"zoneName":"Pacific/Wallis","gmtOffset":43200,"gmtOffsetName":"UTC+12:00","abbreviation":"WFT","tzName":"Wallis \u0026 Futuna Time"}],"translations":{"ko":"\uc648\ub9ac\uc2a4 \ud478\ud22c\ub098","pt-BR":"Wallis e Futuna","pt":"Wallis e Futuna","nl":"Wallis en Futuna","hr":"Wallis i Fortuna","fa":"\u0648\u0627\u0644\u06cc\u0633 \u0648 \u0641\u0648\u062a\u0648\u0646\u0627","de":"Wallis und Futuna","es":"Wallis y Futuna","fr":"Wallis-et-Futuna","ja":"\u30a6\u30a9\u30ea\u30b9\u30fb\u30d5\u30c4\u30ca","it":"Wallis e Futuna","zh-CN":"\u74e6\u5229\u65af\u7fa4\u5c9b\u548c\u5bcc\u56fe\u7eb3\u7fa4\u5c9b","tr":"Wallis Ve Futuna","ru":"\u041e\u0441\u0442\u0440\u043e\u0432\u0430 \u0423\u043e\u043b\u043b\u0438\u0441 \u0438 \u0424\u0443\u0442\u0443\u043d\u0430","uk":"\u041e\u0441\u0442\u0440\u043e\u0432\u0438 \u0423\u043e\u043b\u043b\u0456\u0441 \u0456 \u0424\u0443\u0442\u0443\u043d\u0430","pl":"Wyspy Wallis i Futuna"},"latitude":"-13.30000000","longitude":"-176.20000000","emoji":"\ud83c\uddfc\ud83c\uddeb","emojiU":"U+1F1FC U+1F1EB"}