{"id":173,"name":"Peru","iso3":"PER","iso2":"PE","numeric_code":"604","phonecode":"51","capital":"Lima","currency":"PEN","currency_name":"Peruvian sol","currency_symbol":"S/.","tld":".pe","native":"Per\u00fa","region":"Americas","region_id":2,"subregion":"South America","subregion_id":8,"nationality":"Peruvian","timezones":[{"zoneName":"America/Lima","gmtOffset":-18000,"gmtOffsetName":"UTC-05:00","abbreviation":"PET","tzName":"Peru Time"}],"translations":{"ko":"\ud398\ub8e8","pt-BR":"Peru","pt":"Peru","nl":"Peru","hr":"Peru","fa":"\u067e\u0631\u0648","de":"Peru","es":"Per\u00fa","fr":"P\u00e9rou","ja":"\u30da\u30eb\u30fc","it":"Per\u00f9","zh-CN":"\u79d8\u9c81","tr":"Peru","ru":"\u041f\u0435\u0440\u0443","uk":"\u041f\u0435\u0440\u0443","pl":"Peru"},"latitude":"-10.00000000","longitude":"-76.00000000","emoji":"\ud83c\uddf5\ud83c\uddea","emojiU":"U+1F1F5 U+1F1EA","states":{"amazonas":{"id":3685,"name":"Amazonas","state_code":"AMA","latitude":"-4.98563270","longitude":"-79.24174360","type":"region","cities":{"baguagrande":{"id":80572,"name":"Bagua Grande","latitude":"-5.75611000","longitude":"-78.44111000"},"cajaruro":{"id":80582,"name":"Cajaruro","latitude":"-5.73639000","longitude":"-78.42556000"},"chachapoyas":{"id":80602,"name":"Chachapoyas","latitude":"-6.23169000","longitude":"-77.86903000"},"condorcanqui":{"id":80632,"name":"Condorcanqui","latitude":"-4.16515000","longitude":"-78.03840000"},"lapeca":{"id":80689,"name":"La Peca","latitude":"-5.61111000","longitude":"-78.43500000"},"provinciadebagua":{"id":80781,"name":"Provincia de Bagua","latitude":"-5.09006000","longitude":"-78.39972000"},"provinciadebongar\u00e1":{"id":80784,"name":"Provincia de Bongar\u00e1","latitude":"-5.68341000","longitude":"-77.87308000"},"provinciadechachapoyas":{"id":80803,"name":"Provincia de Chachapoyas","latitude":"-6.27480000","longitude":"-77.81067000"},"provinciadeluya":{"id":80857,"name":"Provincia de Luya","latitude":"-6.41667000","longitude":"-78.00000000"},"provinciaderodr\u00edguezdemendoza":{"id":80885,"name":"Provincia de Rodr\u00edguez de Mendoza","latitude":"-6.33333000","longitude":"-77.41667000"},"utcubamba":{"id":81006,"name":"Utcubamba","latitude":"-5.77031000","longitude":"-78.32850000"}}},"\u00c1ncash":{"id":3680,"name":"\u00c1ncash","state_code":"ANC","latitude":"-9.32504970","longitude":"-77.56194190","type":"region","cities":{"asuncion":{"id":80564,"name":"Asuncion","latitude":"-9.18987000","longitude":"-77.39878000"},"car\u00e1s":{"id":80594,"name":"Car\u00e1s","latitude":"-9.04692000","longitude":"-77.80901000"},"carhuaz":{"id":80592,"name":"Carhuaz","latitude":"-9.28194000","longitude":"-77.64472000"},"carlosferminfitzcarrald":{"id":80593,"name":"Carlos Fermin Fitzcarrald","latitude":"-9.04415000","longitude":"-77.24168000"},"chimbote":{"id":80615,"name":"Chimbote","latitude":"-9.08528000","longitude":"-78.57833000"},"coishco":{"id":80628,"name":"Coishco","latitude":"-9.02306000","longitude":"-78.61556000"},"huaraz":{"id":80656,"name":"Huaraz","latitude":"-9.52779000","longitude":"-77.52778000"},"huarmey":{"id":80658,"name":"Huarmey","latitude":"-10.06806000","longitude":"-78.15222000"},"pomabamba":{"id":80766,"name":"Pomabamba","latitude":"-8.83333000","longitude":"-77.46667000"},"provinciadeaija":{"id":80770,"name":"Provincia de Aija","latitude":"-9.83333000","longitude":"-77.66667000"},"provinciadeantonioraymondi":{"id":80776,"name":"Provincia de Antonio Raymondi","latitude":"-9.08333000","longitude":"-77.08333000"},"provinciadebolognesi":{"id":80782,"name":"Provincia de Bolognesi","latitude":"-10.10723000","longitude":"-77.14804000"},"provinciadecarhuaz":{"id":80796,"name":"Provincia de Carhuaz","latitude":"-9.31700000","longitude":"-77.55100000"},"provinciadecasma":{"id":80797,"name":"Provincia de Casma","latitude":"-9.47638000","longitude":"-78.24738000"},"provinciadecorongo":{"id":80816,"name":"Provincia de Corongo","latitude":"-8.58333000","longitude":"-77.91667000"},"provinciadehuaraz":{"id":80837,"name":"Provincia de Huaraz","latitude":"-9.56109000","longitude":"-77.64605000"},"provinciadehuari":{"id":80838,"name":"Provincia de Huari","latitude":"-9.33333000","longitude":"-77.16667000"},"provinciadehuarmey":{"id":80839,"name":"Provincia de Huarmey","latitude":"-9.91667000","longitude":"-78.00000000"},"provinciadehuaylas":{"id":80841,"name":"Provincia de Huaylas","latitude":"-8.91667000","longitude":"-77.83333000"},"provinciademariscalluzuriaga":{"id":80861,"name":"Provincia de Mariscal Luzuriaga","latitude":"-8.83333000","longitude":"-77.25000000"},"provinciadepallasca":{"id":80871,"name":"Provincia de Pallasca","latitude":"-8.33333000","longitude":"-77.91667000"},"provinciadepomabamba":{"id":80880,"name":"Provincia de Pomabamba","latitude":"-8.82311000","longitude":"-77.47559000"},"provinciaderecuay":{"id":80883,"name":"Provincia de Recuay","latitude":"-10.00000000","longitude":"-77.41667000"},"provinciadesanta":{"id":80890,"name":"Provincia de Santa","latitude":"-9.00000000","longitude":"-78.25000000"},"provinciadesihuas":{"id":80894,"name":"Provincia de Sihuas","latitude":"-8.50000000","longitude":"-77.50000000"},"provinciadeyungay":{"id":80911,"name":"Provincia de Yungay","latitude":"-9.16667000","longitude":"-77.75000000"},"puertosanta":{"id":80919,"name":"Puerto Santa","latitude":"-8.98772000","longitude":"-78.64727000"},"yauya":{"id":81017,"name":"Yauya","latitude":"-8.98333000","longitude":"-77.30000000"},"yungay":{"id":81018,"name":"Yungay","latitude":"-9.13833000","longitude":"-77.74361000"}}},"apur\u00edmac":{"id":3699,"name":"Apur\u00edmac","state_code":"APU","latitude":"-14.05045330","longitude":"-73.08774900","type":"region","cities":{"abancay":{"id":80554,"name":"Abancay","latitude":"-13.63389000","longitude":"-72.88139000"},"andahuaylas":{"id":80559,"name":"Andahuaylas","latitude":"-13.65556000","longitude":"-73.38722000"},"provinciadeabancay":{"id":80767,"name":"Provincia de Abancay","latitude":"-13.66667000","longitude":"-72.91667000"},"provinciadeandahuaylas":{"id":80772,"name":"Provincia de Andahuaylas","latitude":"-13.66667000","longitude":"-73.41667000"},"provinciadeantabamba":{"id":80775,"name":"Provincia de Antabamba","latitude":"-14.41667000","longitude":"-72.75000000"},"provinciadeaymaraes":{"id":80779,"name":"Provincia de Aymaraes","latitude":"-14.41667000","longitude":"-73.25000000"},"provinciadecotabambas":{"id":80817,"name":"Provincia de Cotabambas","latitude":"-14.00000000","longitude":"-72.20000000"},"provinciadegrau":{"id":80825,"name":"Provincia de Grau","latitude":"-14.00000000","longitude":"-72.58333000"},"sanjer\u00f3nimo":{"id":80946,"name":"San Jer\u00f3nimo","latitude":"-13.65138000","longitude":"-73.36388000"},"talavera":{"id":80984,"name":"Talavera","latitude":"-13.65306000","longitude":"-73.42917000"}}},"arequipa":{"id":3681,"name":"Arequipa","state_code":"ARE","latitude":"-16.40904740","longitude":"-71.53745100","type":"region","cities":{"acar\u00ed":{"id":80555,"name":"Acar\u00ed","latitude":"-15.42393000","longitude":"-74.61361000"},"arequipa":{"id":80561,"name":"Arequipa","latitude":"-16.39889000","longitude":"-71.53500000"},"caman\u00e1":{"id":80588,"name":"Caman\u00e1","latitude":"-16.62375000","longitude":"-72.71055000"},"ccolo":{"id":80598,"name":"Ccolo","latitude":"-15.50611000","longitude":"-71.49184000"},"chivay":{"id":80619,"name":"Chivay","latitude":"-15.63833000","longitude":"-71.60111000"},"cocachacra":{"id":80627,"name":"Cocachacra","latitude":"-17.08833000","longitude":"-71.75750000"},"cotahuasi":{"id":80634,"name":"Cotahuasi","latitude":"-15.21306000","longitude":"-72.88861000"},"huarancante":{"id":80655,"name":"Huarancante","latitude":"-15.76803000","longitude":"-71.45952000"},"huarichancara":{"id":80657,"name":"Huarichancara","latitude":"-15.63972000","longitude":"-71.06111000"},"jatunorcochiri":{"id":80673,"name":"Jatun Orcochiri","latitude":"-15.75003000","longitude":"-71.34641000"},"jayune":{"id":80677,"name":"Jayune","latitude":"-15.56277000","longitude":"-71.30312000"},"llongasora":{"id":80704,"name":"Llongasora","latitude":"-15.63951000","longitude":"-71.29921000"},"lluta":{"id":80705,"name":"Lluta","latitude":"-16.01472000","longitude":"-72.01417000"},"mollendo":{"id":80717,"name":"Mollendo","latitude":"-17.02306000","longitude":"-72.01472000"},"orcopampa":{"id":80733,"name":"Orcopampa","latitude":"-15.26611000","longitude":"-72.34167000"},"provinciadearequipa":{"id":80777,"name":"Provincia de Arequipa","latitude":"-16.33333000","longitude":"-71.50000000"},"provinciadecaman\u00e1":{"id":80789,"name":"Provincia de Caman\u00e1","latitude":"-16.41667000","longitude":"-72.83333000"},"provinciadecaravel\u00ed":{"id":80795,"name":"Provincia de Caravel\u00ed","latitude":"-15.58333000","longitude":"-74.00000000"},"provinciadecastilla":{"id":80798,"name":"Provincia de Castilla","latitude":"-15.58333000","longitude":"-72.41667000"},"provinciadecaylloma":{"id":80800,"name":"Provincia de Caylloma","latitude":"-15.66667000","longitude":"-71.58333000"},"provinciadecondesuyos":{"id":80812,"name":"Provincia de Condesuyos","latitude":"-15.58333000","longitude":"-72.83333000"},"provinciadeislay":{"id":80845,"name":"Provincia de Islay","latitude":"-17.00000000","longitude":"-71.83333000"},"provinciadelauni\u00f3n":{"id":80851,"name":"Provincia de La Uni\u00f3n","latitude":"-15.00000000","longitude":"-72.83333000"},"pucara":{"id":80914,"name":"Pucara","latitude":"-15.97993000","longitude":"-71.45988000"},"puntadebomb\u00f3n":{"id":80923,"name":"Punta de Bomb\u00f3n","latitude":"-17.17190000","longitude":"-71.79240000"},"vizcachane":{"id":81012,"name":"Vizcachane","latitude":"-15.80861000","longitude":"-71.20111000"},"yura":{"id":81020,"name":"Yura","latitude":"-16.25223000","longitude":"-71.67969000"}}},"ayacucho":{"id":3692,"name":"Ayacucho","state_code":"AYA","latitude":"-13.16387370","longitude":"-74.22356410","type":"region","cities":{"ayacucho":{"id":80568,"name":"Ayacucho","latitude":"-13.15878000","longitude":"-74.22321000"},"ayna":{"id":80570,"name":"Ayna","latitude":"-12.65000000","longitude":"-73.91667000"},"coracora":{"id":80633,"name":"Coracora","latitude":"-15.03333000","longitude":"-73.78333000"},"huanta":{"id":80653,"name":"Huanta","latitude":"-12.93333000","longitude":"-74.25000000"},"paucardelsarasara":{"id":80755,"name":"Paucar Del Sara Sara","latitude":"-15.12275000","longitude":"-73.26177000"},"provinciadecangallo":{"id":80792,"name":"Provincia de Cangallo","latitude":"-13.57300000","longitude":"-74.38900000"},"provinciadehuamanga":{"id":80829,"name":"Provincia de Huamanga","latitude":"-13.20000000","longitude":"-74.25000000"},"provinciadehuancasancos":{"id":80830,"name":"Provincia de Huanca Sancos","latitude":"-14.07600000","longitude":"-74.42800000"},"provinciadehuanta":{"id":80835,"name":"Provincia de Huanta","latitude":"-12.50000000","longitude":"-74.16667000"},"provinciadelamar":{"id":80850,"name":"Provincia de La Mar","latitude":"-12.91667000","longitude":"-73.83333000"},"provinciadelucanas":{"id":80856,"name":"Provincia de Lucanas","latitude":"-14.50000000","longitude":"-74.33333000"},"provinciadeparinacochas":{"id":80873,"name":"Provincia de Parinacochas","latitude":"-15.02965000","longitude":"-73.63487000"},"provinciadesucre":{"id":80895,"name":"Provincia de Sucre","latitude":"-14.10300000","longitude":"-73.78600000"},"provinciadev\u00edctorfajardo":{"id":80908,"name":"Provincia de V\u00edctor Fajardo","latitude":"-13.75000000","longitude":"-74.33333000"},"provinciadevilcashuam\u00e1n":{"id":80907,"name":"Provincia de Vilcas Huam\u00e1n","latitude":"-13.63200000","longitude":"-73.88800000"},"puquio":{"id":80924,"name":"Puquio","latitude":"-14.70000000","longitude":"-74.13333000"},"sanmiguel":{"id":80951,"name":"San Miguel","latitude":"-13.01250000","longitude":"-73.98083000"},"tambo":{"id":80985,"name":"Tambo","latitude":"-14.79847000","longitude":"-73.92438000"}}},"cajamarca":{"id":3688,"name":"Cajamarca","state_code":"CAJ","latitude":"-7.16174650","longitude":"-78.51278550","type":"region","cities":{"bambamarca":{"id":80573,"name":"Bambamarca","latitude":"-6.68333000","longitude":"-78.53333000"},"bellavista":{"id":80575,"name":"Bellavista","latitude":"-5.66417000","longitude":"-78.67722000"},"cajabamba":{"id":80580,"name":"Cajabamba","latitude":"-7.61667000","longitude":"-78.05000000"},"cajamarca":{"id":80581,"name":"Cajamarca","latitude":"-7.16378000","longitude":"-78.50027000"},"celend\u00edn":{"id":80600,"name":"Celend\u00edn","latitude":"-6.86590000","longitude":"-78.14585000"},"chota":{"id":80623,"name":"Chota","latitude":"-6.55000000","longitude":"-78.65000000"},"ja\u00e9n":{"id":80678,"name":"Ja\u00e9n","latitude":"-5.70729000","longitude":"-78.80785000"},"provinciadecajabamba":{"id":80785,"name":"Provincia de Cajabamba","latitude":"-7.50000000","longitude":"-78.16667000"},"provinciadecajamarca":{"id":80786,"name":"Provincia de Cajamarca","latitude":"-7.33333000","longitude":"-78.41667000"},"provinciadecelend\u00edn":{"id":80802,"name":"Provincia de Celend\u00edn","latitude":"-6.83333000","longitude":"-78.25000000"},"provinciadechota":{"id":80806,"name":"Provincia de Chota","latitude":"-6.38332000","longitude":"-79.18055000"},"provinciadecontumaz\u00e1":{"id":80814,"name":"Provincia de Contumaz\u00e1","latitude":"-7.33333000","longitude":"-78.91667000"},"provinciadecutervo":{"id":80819,"name":"Provincia de Cutervo","latitude":"-6.36667000","longitude":"-78.85000000"},"provinciadehualgayoc":{"id":80826,"name":"Provincia de Hualgayoc","latitude":"-6.68000000","longitude":"-78.53000000"},"provinciadeja\u00e9n":{"id":80847,"name":"Provincia de Ja\u00e9n","latitude":"-5.71074000","longitude":"-79.00438000"},"provinciadesanignacio":{"id":80886,"name":"Provincia de San Ignacio","latitude":"-5.08333000","longitude":"-79.00000000"},"provinciadesanmiguel":{"id":80888,"name":"Provincia de San Miguel","latitude":"-7.00000000","longitude":"-79.00000000"},"provinciadesantacruz":{"id":80891,"name":"Provincia de Santa Cruz","latitude":"-6.83333000","longitude":"-79.00000000"},"sanignacio":{"id":80944,"name":"San Ignacio","latitude":"-5.14583000","longitude":"-79.00139000"}}},"callao":{"id":3701,"name":"Callao","state_code":"CAL","latitude":"-12.05084910","longitude":"-77.12598430","type":"region","cities":{"callao":{"id":80587,"name":"Callao","latitude":"-12.05659000","longitude":"-77.11814000"}}},"cusco":{"id":3691,"name":"Cusco","state_code":"CUS","latitude":"-13.53195000","longitude":"-71.96746260","type":"region","cities":{"anta":{"id":80560,"name":"Anta","latitude":"-13.47056000","longitude":"-72.14833000"},"cahuanuyo":{"id":80579,"name":"Cahuanuyo","latitude":"-14.34147000","longitude":"-71.46311000"},"calca":{"id":80584,"name":"Calca","latitude":"-13.33333000","longitude":"-71.95000000"},"callanca":{"id":80586,"name":"Callanca","latitude":"-14.18137000","longitude":"-71.14070000"},"ccaquiracunca":{"id":80597,"name":"Ccaquiracunca","latitude":"-14.27683000","longitude":"-71.45026000"},"ccuntuma":{"id":80599,"name":"Ccuntuma","latitude":"-14.12540000","longitude":"-71.41216000"},"checacupe":{"id":80607,"name":"Checacupe","latitude":"-14.02694000","longitude":"-71.45278000"},"checca":{"id":80608,"name":"Checca","latitude":"-14.47278000","longitude":"-71.39389000"},"chignayhua":{"id":80613,"name":"Chignayhua","latitude":"-14.24610000","longitude":"-71.44442000"},"chinchero":{"id":80617,"name":"Chinchero","latitude":"-13.39222000","longitude":"-72.04778000"},"combapata":{"id":80629,"name":"Combapata","latitude":"-14.10111000","longitude":"-71.42944000"},"conchopata":{"id":80631,"name":"Conchopata","latitude":"-14.46968000","longitude":"-71.19843000"},"cullcuyre":{"id":80635,"name":"Cullcuyre","latitude":"-14.09272000","longitude":"-71.33119000"},"cusco":{"id":80636,"name":"Cusco","latitude":"-13.52264000","longitude":"-71.96734000"},"huaynaalcalde":{"id":80661,"name":"Huayna Alcalde","latitude":"-14.26989000","longitude":"-71.09599000"},"jayobamba":{"id":80676,"name":"Jayobamba","latitude":"-14.09425000","longitude":"-71.33922000"},"langui":{"id":80696,"name":"Langui","latitude":"-14.43194000","longitude":"-71.27306000"},"layo":{"id":80700,"name":"Layo","latitude":"-14.49361000","longitude":"-71.15500000"},"limapampa":{"id":80702,"name":"Lima Pampa","latitude":"-14.08976000","longitude":"-71.33664000"},"marangan\u00ed":{"id":80709,"name":"Marangan\u00ed","latitude":"-14.35672000","longitude":"-71.16924000"},"maras":{"id":80710,"name":"Maras","latitude":"-13.33500000","longitude":"-72.15667000"},"mosoccancha":{"id":80723,"name":"Mosoc Cancha","latitude":"-14.28514000","longitude":"-71.08773000"},"mosocllacta":{"id":80724,"name":"Mosoc Llacta","latitude":"-14.12000000","longitude":"-71.47278000"},"ollantaytambo":{"id":80731,"name":"Ollantaytambo","latitude":"-13.25722000","longitude":"-72.26306000"},"oropesa":{"id":80735,"name":"Oropesa","latitude":"-13.59278000","longitude":"-71.77194000"},"pampamarca":{"id":80748,"name":"Pampamarca","latitude":"-14.14639000","longitude":"-71.45944000"},"pangoa":{"id":80750,"name":"Pangoa","latitude":"-12.11667000","longitude":"-73.00000000"},"paucartambo":{"id":80756,"name":"Paucartambo","latitude":"-13.31522000","longitude":"-71.59364000"},"pisac":{"id":80763,"name":"Pisac","latitude":"-13.42250000","longitude":"-71.84667000"},"provinciadeacomayo":{"id":80769,"name":"Provincia de Acomayo","latitude":"-13.91667000","longitude":"-71.66667000"},"provinciadeanta":{"id":80774,"name":"Provincia de Anta","latitude":"-13.50000000","longitude":"-72.33333000"},"provinciadecalca":{"id":80788,"name":"Provincia de Calca","latitude":"-13.00000000","longitude":"-72.16667000"},"provinciadecanas":{"id":80790,"name":"Provincia de Canas","latitude":"-14.41083000","longitude":"-71.33694000"},"provinciadecanchis":{"id":80791,"name":"Provincia de Canchis","latitude":"-14.08194000","longitude":"-71.18556000"},"provinciadechumbivilcas":{"id":80808,"name":"Provincia de Chumbivilcas","latitude":"-14.41667000","longitude":"-72.00000000"},"provinciadecusco":{"id":80818,"name":"Provincia de Cusco","latitude":"-13.50000000","longitude":"-72.00000000"},"provinciadeespinar":{"id":80822,"name":"Provincia de Espinar","latitude":"-14.75000000","longitude":"-71.41667000"},"provinciadelaconvenci\u00f3n":{"id":80849,"name":"Provincia de La Convenci\u00f3n","latitude":"-12.00000000","longitude":"-73.00000000"},"provinciadeparuro":{"id":80874,"name":"Provincia de Paruro","latitude":"-13.91667000","longitude":"-71.91667000"},"provinciadepaucartambo":{"id":80877,"name":"Provincia de Paucartambo","latitude":"-13.16667000","longitude":"-71.41667000"},"provinciadequispicanchis":{"id":80882,"name":"Provincia de Quispicanchis","latitude":"-13.41667000","longitude":"-71.00000000"},"provinciadeurubamba":{"id":80906,"name":"Provincia de Urubamba","latitude":"-13.25000000","longitude":"-72.33333000"},"qquea":{"id":80926,"name":"Qquea","latitude":"-14.05417000","longitude":"-71.38583000"},"queromarca":{"id":80928,"name":"Queromarca","latitude":"-14.18391000","longitude":"-71.38343000"},"sanpablo":{"id":80953,"name":"San Pablo","latitude":"-14.20278000","longitude":"-71.31556000"},"santaana":{"id":80960,"name":"Santa Ana","latitude":"-12.86667000","longitude":"-72.71667000"},"santotomas":{"id":80968,"name":"Santo Tomas","latitude":"-14.44556000","longitude":"-72.08417000"},"sicuani":{"id":80975,"name":"Sicuani","latitude":"-14.26944000","longitude":"-71.22611000"},"tinta":{"id":80993,"name":"Tinta","latitude":"-14.14500000","longitude":"-71.40694000"},"tungasuca":{"id":81000,"name":"Tungasuca","latitude":"-14.16389000","longitude":"-71.47667000"},"urcos":{"id":81004,"name":"Urcos","latitude":"-13.68611000","longitude":"-71.62278000"},"urubamba":{"id":81005,"name":"Urubamba","latitude":"-13.30472000","longitude":"-72.11583000"},"yanaoca":{"id":81015,"name":"Yanaoca","latitude":"-14.21806000","longitude":"-71.43167000"}}},"huancavelica":{"id":3679,"name":"Huancavelica","state_code":"HUV","latitude":"-12.78619780","longitude":"-74.97640240","type":"region","cities":{"huancavelica":{"id":80651,"name":"Huancavelica","latitude":"-12.78261000","longitude":"-74.97266000"},"huaytara":{"id":80662,"name":"Huaytara","latitude":"-13.65616000","longitude":"-75.09234000"},"pampas":{"id":80749,"name":"Pampas","latitude":"-12.39490000","longitude":"-74.86687000"},"provinciadeacobamba":{"id":80768,"name":"Provincia de Acobamba","latitude":"-12.75000000","longitude":"-74.66667000"},"provinciadeangaraes":{"id":80773,"name":"Provincia de Angaraes","latitude":"-13.00000000","longitude":"-74.75000000"},"provinciadecastrovirreyna":{"id":80799,"name":"Provincia de Castrovirreyna","latitude":"-13.14535000","longitude":"-75.40598000"},"provinciadechurcampa":{"id":80810,"name":"Provincia de Churcampa","latitude":"-12.60000000","longitude":"-74.52000000"},"provinciadehuancavelica":{"id":80833,"name":"Provincia de Huancavelica","latitude":"-12.66667000","longitude":"-75.25000000"},"provinciadetayacaja":{"id":80903,"name":"Provincia de Tayacaja","latitude":"-12.25000000","longitude":"-74.75000000"}}},"huanuco":{"id":3687,"name":"Huanuco","state_code":"HUC","latitude":"-9.92076480","longitude":"-76.24108430","type":"region","cities":{"ambo":{"id":80558,"name":"Ambo","latitude":"-10.13083000","longitude":"-76.20472000"},"huacaybamba":{"id":80646,"name":"Huacaybamba","latitude":"-8.99480000","longitude":"-76.81027000"},"hu\u00e1nuco":{"id":80665,"name":"Hu\u00e1nuco","latitude":"-9.93062000","longitude":"-76.24223000"},"launi\u00f3n":{"id":80691,"name":"La Uni\u00f3n","latitude":"-9.82702000","longitude":"-76.80199000"},"lauricocha":{"id":80699,"name":"Lauricocha","latitude":"-10.20055000","longitude":"-76.70359000"},"llata":{"id":80703,"name":"Llata","latitude":"-9.41667000","longitude":"-76.78333000"},"provinciadeambo":{"id":80771,"name":"Provincia de Ambo","latitude":"-10.16667000","longitude":"-76.16667000"},"provinciadedosdemayo":{"id":80821,"name":"Provincia de Dos de Mayo","latitude":"-9.91667000","longitude":"-76.75000000"},"provinciadehuamal\u00edes":{"id":80828,"name":"Provincia de Huamal\u00edes","latitude":"-9.25000000","longitude":"-76.50000000"},"provinciadehu\u00e1nuco":{"id":80842,"name":"Provincia de Hu\u00e1nuco","latitude":"-9.66667000","longitude":"-76.08333000"},"provinciadeleoncioprado":{"id":80855,"name":"Provincia de Leoncio Prado","latitude":"-9.16667000","longitude":"-76.00000000"},"provinciademara\u00f1\u00f3n":{"id":80859,"name":"Provincia de Mara\u00f1\u00f3n","latitude":"-8.75000000","longitude":"-76.66667000"},"provinciadepachitea":{"id":80869,"name":"Provincia de Pachitea","latitude":"-9.95262000","longitude":"-75.81390000"},"puertoinca":{"id":80917,"name":"Puerto Inca","latitude":"-9.36696000","longitude":"-75.08958000"},"sanmigueldecauri":{"id":80952,"name":"San Miguel de Cauri","latitude":"-10.13818000","longitude":"-76.62288000"},"tingomar\u00eda":{"id":80992,"name":"Tingo Mar\u00eda","latitude":"-9.29532000","longitude":"-75.99574000"},"yanacancha":{"id":81014,"name":"Yanacancha","latitude":"-10.24111000","longitude":"-76.64556000"},"yarowilca":{"id":81016,"name":"Yarowilca","latitude":"-9.80263000","longitude":"-76.59516000"}}},"ica":{"id":3700,"name":"Ica","state_code":"ICA","latitude":"-14.20062390","longitude":"-76.84151950","type":"region","cities":{"chinchaalta":{"id":80616,"name":"Chincha Alta","latitude":"-13.40985000","longitude":"-76.13235000"},"ica":{"id":80667,"name":"Ica","latitude":"-14.06777000","longitude":"-75.72861000"},"losaquijes":{"id":80706,"name":"Los Aquijes","latitude":"-14.09667000","longitude":"-75.69083000"},"minasdemarcona":{"id":80714,"name":"Minas de Marcona","latitude":"-15.21194000","longitude":"-75.11028000"},"nazca":{"id":80729,"name":"Nazca","latitude":"-14.83098000","longitude":"-74.93895000"},"palpa":{"id":80747,"name":"Palpa","latitude":"-14.53361000","longitude":"-75.18556000"},"paracas":{"id":80752,"name":"Paracas","latitude":"-13.86667000","longitude":"-76.26667000"},"pisco":{"id":80764,"name":"Pisco","latitude":"-13.71029000","longitude":"-76.20538000"},"provinciadechincha":{"id":80805,"name":"Provincia de Chincha","latitude":"-13.31791000","longitude":"-75.93930000"},"provinciadeica":{"id":80843,"name":"Provincia de Ica","latitude":"-14.33861000","longitude":"-75.64833000"},"provinciadenazca":{"id":80865,"name":"Provincia de Nazca","latitude":"-15.00000000","longitude":"-75.08333000"},"provinciadepalpa":{"id":80872,"name":"Provincia de Palpa","latitude":"-14.41667000","longitude":"-75.16667000"},"provinciadepisco":{"id":80878,"name":"Provincia de Pisco","latitude":"-13.80377000","longitude":"-75.94264000"},"r\u00edogrande":{"id":80935,"name":"R\u00edo Grande","latitude":"-14.51600000","longitude":"-75.19933000"},"sanclemente":{"id":80943,"name":"San Clemente","latitude":"-13.66667000","longitude":"-76.15000000"},"sanjuanbautista":{"id":80949,"name":"San Juan Bautista","latitude":"-14.01083000","longitude":"-75.73583000"},"santiago":{"id":80964,"name":"Santiago","latitude":"-14.18469000","longitude":"-75.71124000"},"subtanjalla":{"id":80978,"name":"Subtanjalla","latitude":"-14.01889000","longitude":"-75.75806000"},"villatupacamaru":{"id":81009,"name":"Villa Tupac Amaru","latitude":"-13.71135000","longitude":"-76.14980000"}}},"jun\u00edn":{"id":3693,"name":"Jun\u00edn","state_code":"JUN","latitude":"-11.15819250","longitude":"-75.99263060","type":"region","cities":{"acolla":{"id":80556,"name":"Acolla","latitude":"-11.73193000","longitude":"-75.54634000"},"carhuamayo":{"id":80591,"name":"Carhuamayo","latitude":"-10.91667000","longitude":"-76.03333000"},"chanchamayo":{"id":80604,"name":"Chanchamayo","latitude":"-11.05000000","longitude":"-75.31667000"},"chupaca":{"id":80625,"name":"Chupaca","latitude":"-12.06667000","longitude":"-75.28333000"},"concepci\u00f3n":{"id":80630,"name":"Concepci\u00f3n","latitude":"-11.91762000","longitude":"-75.31401000"},"huancayo":{"id":80652,"name":"Huancayo","latitude":"-12.06513000","longitude":"-75.20486000"},"huasahuasi":{"id":80659,"name":"Huasahuasi","latitude":"-11.26527000","longitude":"-75.64722000"},"huayucachi":{"id":80663,"name":"Huayucachi","latitude":"-12.13333000","longitude":"-75.23333000"},"jauja":{"id":80674,"name":"Jauja","latitude":"-11.77584000","longitude":"-75.49656000"},"jun\u00edn":{"id":80685,"name":"Jun\u00edn","latitude":"-11.15895000","longitude":"-75.99304000"},"laoroya":{"id":80688,"name":"La Oroya","latitude":"-11.51893000","longitude":"-75.89935000"},"mazamari":{"id":80713,"name":"Mazamari","latitude":"-11.32583000","longitude":"-74.53083000"},"morococha":{"id":80720,"name":"Morococha","latitude":"-11.59972000","longitude":"-76.14111000"},"orcotuna":{"id":80734,"name":"Orcotuna","latitude":"-11.96886000","longitude":"-75.30780000"},"peren\u00e9":{"id":80758,"name":"Peren\u00e9","latitude":"-10.94510000","longitude":"-75.22394000"},"pilcomay":{"id":80761,"name":"Pilcomay","latitude":"-12.04722000","longitude":"-75.24931000"},"provinciadechupaca":{"id":80809,"name":"Provincia de Chupaca","latitude":"-12.30000000","longitude":"-75.43300000"},"provinciadeconcepci\u00f3n":{"id":80811,"name":"Provincia de Concepci\u00f3n","latitude":"-11.75000000","longitude":"-75.00000000"},"provinciadehuancayo":{"id":80834,"name":"Provincia de Huancayo","latitude":"-12.17319000","longitude":"-75.16169000"},"provinciadejauja":{"id":80846,"name":"Provincia de Jauja","latitude":"-11.72600000","longitude":"-75.54700000"},"provinciadejun\u00edn":{"id":80848,"name":"Provincia de Jun\u00edn","latitude":"-11.08333000","longitude":"-76.00000000"},"provinciadesatipo":{"id":80893,"name":"Provincia de Satipo","latitude":"-11.50000000","longitude":"-74.25000000"},"provinciadetarma":{"id":80902,"name":"Provincia de Tarma","latitude":"-11.40562000","longitude":"-75.69129000"},"provinciadeyauli":{"id":80909,"name":"Provincia de Yauli","latitude":"-11.66667000","longitude":"-76.16667000"},"sanagustin":{"id":80940,"name":"San Agustin","latitude":"-11.97195000","longitude":"-75.25562000"},"sanjer\u00f3nimo":{"id":80947,"name":"San Jer\u00f3nimo","latitude":"-11.95591000","longitude":"-75.28411000"},"sanpedrodecajas":{"id":80954,"name":"San Pedro de Cajas","latitude":"-11.25061000","longitude":"-75.86116000"},"sanram\u00f3n":{"id":80956,"name":"San Ram\u00f3n","latitude":"-11.12417000","longitude":"-75.35733000"},"satipo":{"id":80970,"name":"Satipo","latitude":"-11.25222000","longitude":"-74.63861000"},"sicaya":{"id":80974,"name":"Sicaya","latitude":"-12.03333000","longitude":"-75.28333000"},"tarma":{"id":80991,"name":"Tarma","latitude":"-11.41899000","longitude":"-75.68992000"}}},"lalibertad":{"id":3683,"name":"La Libertad","state_code":"LAL","latitude":"-7.95408870","longitude":"-79.61533950","type":"region","cities":{"ascope":{"id":80562,"name":"Ascope","latitude":"-7.71444000","longitude":"-79.10778000"},"cascas":{"id":80595,"name":"Cascas","latitude":"-7.48333000","longitude":"-78.81667000"},"chepen":{"id":80609,"name":"Chepen","latitude":"-7.14367000","longitude":"-79.45674000"},"chicama":{"id":80611,"name":"Chicama","latitude":"-7.84472000","longitude":"-79.14694000"},"chocope":{"id":80620,"name":"Chocope","latitude":"-7.79139000","longitude":"-79.22167000"},"granchimu":{"id":80643,"name":"Gran Chimu","latitude":"-7.57976000","longitude":"-78.64718000"},"guadalupe":{"id":80644,"name":"Guadalupe","latitude":"-7.25000000","longitude":"-79.48333000"},"huamachuco":{"id":80649,"name":"Huamachuco","latitude":"-7.80000000","longitude":"-78.06667000"},"julcan":{"id":80682,"name":"Julcan","latitude":"-8.17238000","longitude":"-78.46356000"},"laredo":{"id":80697,"name":"Laredo","latitude":"-8.08965000","longitude":"-78.96020000"},"moche":{"id":80715,"name":"Moche","latitude":"-8.17111000","longitude":"-79.00917000"},"otuzco":{"id":80736,"name":"Otuzco","latitude":"-7.90000000","longitude":"-78.58333000"},"pacanga":{"id":80741,"name":"Pacanga","latitude":"-7.16667000","longitude":"-79.50000000"},"pacasmayo":{"id":80742,"name":"Pacasmayo","latitude":"-7.40056000","longitude":"-79.57139000"},"paij\u00e1n":{"id":80745,"name":"Paij\u00e1n","latitude":"-7.73291000","longitude":"-79.30150000"},"provinciadebol\u00edvar":{"id":80783,"name":"Provincia de Bol\u00edvar","latitude":"-7.33333000","longitude":"-77.75000000"},"provinciadeotuzco":{"id":80866,"name":"Provincia de Otuzco","latitude":"-7.90457000","longitude":"-78.56362000"},"provinciadepacasmayo":{"id":80868,"name":"Provincia de Pacasmayo","latitude":"-7.25000000","longitude":"-79.50000000"},"provinciadepataz":{"id":80876,"name":"Provincia de Pataz","latitude":"-8.25000000","longitude":"-77.33333000"},"provinciadesantiagodechuco":{"id":80892,"name":"Provincia de Santiago de Chuco","latitude":"-8.33333000","longitude":"-78.25000000"},"provinciadetrujillo":{"id":80904,"name":"Provincia de Trujillo","latitude":"-8.08333000","longitude":"-78.91667000"},"pueblonuevo":{"id":80915,"name":"Pueblo Nuevo","latitude":"-7.18806000","longitude":"-79.51528000"},"quiruvilca":{"id":80931,"name":"Quiruvilca","latitude":"-7.96667000","longitude":"-78.20000000"},"salaverry":{"id":80936,"name":"Salaverry","latitude":"-8.22100000","longitude":"-78.97698000"},"sanpedrodelloc":{"id":80955,"name":"San Pedro de Lloc","latitude":"-7.42890000","longitude":"-79.50416000"},"sanchezcarrion":{"id":80959,"name":"Sanchez Carrion","latitude":"-7.78538000","longitude":"-77.92586000"},"santiagodecao":{"id":80965,"name":"Santiago de Cao","latitude":"-7.95889000","longitude":"-79.23917000"},"santiagodechuco":{"id":80966,"name":"Santiago de Chuco","latitude":"-8.14099000","longitude":"-78.17329000"},"trujillo":{"id":80998,"name":"Trujillo","latitude":"-8.11599000","longitude":"-79.02998000"},"viru":{"id":81010,"name":"Viru","latitude":"-8.52199000","longitude":"-78.60355000"}}},"lambayeque":{"id":3702,"name":"Lambayeque","state_code":"LAM","latitude":"-6.71976660","longitude":"-79.90807570","type":"region","cities":{"chiclayo":{"id":80612,"name":"Chiclayo","latitude":"-6.77137000","longitude":"-79.84088000"},"chongoyape":{"id":80621,"name":"Chongoyape","latitude":"-6.64056000","longitude":"-79.38917000"},"eten":{"id":80641,"name":"Eten","latitude":"-6.90806000","longitude":"-79.86417000"},"ferre\u00f1afe":{"id":80642,"name":"Ferre\u00f1afe","latitude":"-6.63889000","longitude":"-79.78889000"},"jayanca":{"id":80675,"name":"Jayanca","latitude":"-6.39083000","longitude":"-79.82194000"},"lambayeque":{"id":80694,"name":"Lambayeque","latitude":"-6.70111000","longitude":"-79.90611000"},"mochum\u00ed":{"id":80716,"name":"Mochum\u00ed","latitude":"-6.54364000","longitude":"-79.86217000"},"monsef\u00fa":{"id":80718,"name":"Monsef\u00fa","latitude":"-6.87431000","longitude":"-79.86871000"},"m\u00f3rrope":{"id":80728,"name":"M\u00f3rrope","latitude":"-6.53536000","longitude":"-80.01104000"},"motupe":{"id":80725,"name":"Motupe","latitude":"-6.15194000","longitude":"-79.71417000"},"olmos":{"id":80732,"name":"Olmos","latitude":"-5.98472000","longitude":"-79.74528000"},"oyot\u00fan":{"id":80739,"name":"Oyot\u00fan","latitude":"-6.84438000","longitude":"-79.30093000"},"picsi":{"id":80760,"name":"Picsi","latitude":"-6.71778000","longitude":"-79.76972000"},"pimentel":{"id":80762,"name":"Pimentel","latitude":"-6.83667000","longitude":"-79.93417000"},"provinciadechiclayo":{"id":80804,"name":"Provincia de Chiclayo","latitude":"-6.76667000","longitude":"-79.85000000"},"provinciadeferre\u00f1afe":{"id":80823,"name":"Provincia de Ferre\u00f1afe","latitude":"-6.33333000","longitude":"-79.50000000"},"provinciadelambayeque":{"id":80853,"name":"Provincia de Lambayeque","latitude":"-6.08333000","longitude":"-80.08333000"},"pueblonuevo":{"id":80916,"name":"Pueblo Nuevo","latitude":"-5.71667000","longitude":"-79.88333000"},"reque":{"id":80932,"name":"Reque","latitude":"-6.86556000","longitude":"-79.81778000"},"sanjos\u00e9":{"id":80948,"name":"San Jos\u00e9","latitude":"-6.73813000","longitude":"-79.82750000"},"sa\u00f1a":{"id":80972,"name":"Sa\u00f1a","latitude":"-6.91888000","longitude":"-79.58200000"},"santarosa":{"id":80963,"name":"Santa Rosa","latitude":"-6.75772000","longitude":"-79.82747000"},"t\u00facume":{"id":81001,"name":"T\u00facume","latitude":"-6.50637000","longitude":"-79.85725000"}}},"lima":{"id":3695,"name":"Lima","state_code":"LIM","latitude":"-12.04637310","longitude":"-77.04275400","type":"region","cities":{"asentamientohumanonicolasdepierola":{"id":80563,"name":"Asentamiento Humano Nicolas de Pierola","latitude":"-11.93573000","longitude":"-76.70611000"},"barranca":{"id":80574,"name":"Barranca","latitude":"-10.75000000","longitude":"-77.76667000"},"caletadecarqu\u00edn":{"id":80585,"name":"Caleta de Carqu\u00edn","latitude":"-11.09250000","longitude":"-77.62667000"},"chancay":{"id":80603,"name":"Chancay","latitude":"-11.57139000","longitude":"-77.26722000"},"chilca":{"id":80614,"name":"Chilca","latitude":"-12.52111000","longitude":"-76.73722000"},"chosica":{"id":80622,"name":"Chosica","latitude":"-11.94306000","longitude":"-76.70944000"},"huacho":{"id":80647,"name":"Huacho","latitude":"-11.10667000","longitude":"-77.60500000"},"hualmay":{"id":80648,"name":"Hualmay","latitude":"-11.09639000","longitude":"-77.61389000"},"huaral":{"id":80654,"name":"Huaral","latitude":"-11.49500000","longitude":"-77.20778000"},"huaura":{"id":80660,"name":"Huaura","latitude":"-11.07000000","longitude":"-77.59944000"},"imperial":{"id":80671,"name":"Imperial","latitude":"-13.05927000","longitude":"-76.35269000"},"independencia":{"id":80672,"name":"Independencia","latitude":"-11.99000000","longitude":"-77.04583000"},"lima":{"id":80701,"name":"Lima","latitude":"-12.04318000","longitude":"-77.02824000"},"mala":{"id":80708,"name":"Mala","latitude":"-12.65806000","longitude":"-76.63083000"},"matucana":{"id":80712,"name":"Matucana","latitude":"-11.85000000","longitude":"-76.40000000"},"nuevoimperial":{"id":80730,"name":"Nuevo Imperial","latitude":"-13.07541000","longitude":"-76.31719000"},"oyon":{"id":80738,"name":"Oyon","latitude":"-10.75869000","longitude":"-76.87634000"},"paramonga":{"id":80753,"name":"Paramonga","latitude":"-10.66667000","longitude":"-77.83333000"},"pativilca":{"id":80754,"name":"Pativilca","latitude":"-10.70000000","longitude":"-77.78333000"},"provinciadecajatambo":{"id":80787,"name":"Provincia de Cajatambo","latitude":"-10.66667000","longitude":"-77.00000000"},"provinciadeca\u00f1ete":{"id":80801,"name":"Provincia de Ca\u00f1ete","latitude":"-12.75000000","longitude":"-76.33333000"},"provinciadecanta":{"id":80793,"name":"Provincia de Canta","latitude":"-11.46667000","longitude":"-76.61667000"},"provinciadehuaral":{"id":80836,"name":"Provincia de Huaral","latitude":"-11.25000000","longitude":"-76.91667000"},"provinciadehuarochir\u00ed":{"id":80840,"name":"Provincia de Huarochir\u00ed","latitude":"-11.91667000","longitude":"-76.41667000"},"provinciadeyauyos":{"id":80910,"name":"Provincia de Yauyos","latitude":"-12.41667000","longitude":"-76.00000000"},"puertosupe":{"id":80920,"name":"Puerto Supe","latitude":"-10.80135000","longitude":"-77.74333000"},"quilman\u00e1":{"id":80930,"name":"Quilman\u00e1","latitude":"-12.94860000","longitude":"-76.38112000"},"ricardopalma":{"id":80933,"name":"Ricardo Palma","latitude":"-11.91978000","longitude":"-76.65610000"},"sanbartolo":{"id":80942,"name":"San Bartolo","latitude":"-12.38333000","longitude":"-76.78333000"},"sanisidro":{"id":80945,"name":"San Isidro","latitude":"-12.11667000","longitude":"-77.05000000"},"sanluis":{"id":80950,"name":"San Luis","latitude":"-12.07674000","longitude":"-76.99435000"},"sanvicentedeca\u00f1ete":{"id":80958,"name":"San Vicente de Ca\u00f1ete","latitude":"-13.07556000","longitude":"-76.38528000"},"santamar\u00eda":{"id":80962,"name":"Santa Mar\u00eda","latitude":"-12.00538000","longitude":"-76.89329000"},"santiagodesurco":{"id":80967,"name":"Santiago de Surco","latitude":"-12.13588000","longitude":"-77.00742000"},"say\u00e1n":{"id":80971,"name":"Say\u00e1n","latitude":"-11.13333000","longitude":"-77.19460000"},"supe":{"id":80980,"name":"Supe","latitude":"-10.79750000","longitude":"-77.71306000"},"urb.santodomingo":{"id":81003,"name":"Urb. Santo Domingo","latitude":"-11.87655000","longitude":"-77.03345000"},"v\u00e9gueta":{"id":81013,"name":"V\u00e9gueta","latitude":"-11.02253000","longitude":"-77.64378000"}}},"loreto":{"id":4922,"name":"Loreto","state_code":"LOR","latitude":"-4.37416430","longitude":"-76.13042640","type":"region","cities":{"andoas":{"id":147944,"name":"Andoas","latitude":"-2.90250000","longitude":"-76.40250000"},"borja":{"id":147941,"name":"Borja","latitude":"-4.43333333","longitude":"-77.55000000"},"caballococha":{"id":147949,"name":"Caballococha","latitude":"-3.90583333","longitude":"-70.51638889"},"capepantoja":{"id":147947,"name":"Cape Pantoja","latitude":"-0.96435000","longitude":"-75.18144000"},"indiana":{"id":147952,"name":"Indiana","latitude":"-3.50142700","longitude":"-73.04809600"},"iquitos":{"id":147940,"name":"Iquitos","latitude":"-3.73333333","longitude":"-73.25000000"},"jeberos":{"id":147945,"name":"Jeberos","latitude":"-5.28333000","longitude":"-76.28333000"},"jenaroherrera":{"id":147946,"name":"Jenaro Herrera","latitude":"-4.90741000","longitude":"-73.66779000"},"lagunas":{"id":147948,"name":"Lagunas","latitude":"-5.22694000","longitude":"-75.67528000"},"nauta":{"id":147942,"name":"Nauta","latitude":"-4.50833333","longitude":"-73.58333333"},"punchana":{"id":147953,"name":"Punchana","latitude":"-3.71666667","longitude":"-73.23333333"},"requena":{"id":147954,"name":"Requena","latitude":"-6.74797000","longitude":"-75.05491000"},"sanantoniodelestrecho":{"id":147955,"name":"San Antonio del Estrecho","latitude":"-2.45012000","longitude":"-72.66896000"},"sanlorenzo":{"id":147950,"name":"San Lorenzo","latitude":"-4.81667000","longitude":"-76.60000000"},"sanpablo":{"id":147943,"name":"San Pablo","latitude":"-4.01922000","longitude":"-71.10281000"},"tamshiyacu":{"id":147951,"name":"Tamshiyacu","latitude":"-4.00320000","longitude":"-73.15850000"},"yurimaguas":{"id":147956,"name":"Yurimaguas","latitude":"-5.90000000","longitude":"-76.08333333"}}},"madrededios":{"id":3678,"name":"Madre de Dios","state_code":"MDD","latitude":"-11.76687050","longitude":"-70.81199530","type":"region","cities":{"iberia":{"id":80666,"name":"Iberia","latitude":"-11.35000000","longitude":"-69.58333000"},"provinciademan\u00fa":{"id":80858,"name":"Provincia de Man\u00fa","latitude":"-12.25000000","longitude":"-71.00000000"},"provinciadetahuaman\u00fa":{"id":80898,"name":"Provincia de Tahuaman\u00fa","latitude":"-11.25000000","longitude":"-70.50000000"},"provinciadetambopata":{"id":80900,"name":"Provincia de Tambopata","latitude":"-12.19948000","longitude":"-70.05006000"},"puertomaldonado":{"id":80918,"name":"Puerto Maldonado","latitude":"-12.59331000","longitude":"-69.18913000"},"salvaci\u00f3n":{"id":80939,"name":"Salvaci\u00f3n","latitude":"-12.83605000","longitude":"-71.36490000"},"tambopata":{"id":80987,"name":"Tambopata","latitude":"-12.67191000","longitude":"-69.35547000"}}},"moquegua":{"id":3698,"name":"Moquegua","state_code":"MOQ","latitude":"-17.19273610","longitude":"-70.93281380","type":"region","cities":{"ilo":{"id":80670,"name":"Ilo","latitude":"-17.63185000","longitude":"-71.34108000"},"moquegua":{"id":80719,"name":"Moquegua","latitude":"-17.19832000","longitude":"-70.93567000"},"pacocha":{"id":80743,"name":"Pacocha","latitude":"-17.64604000","longitude":"-71.34481000"},"provinciadegenerals\u00e1nchezcerro":{"id":80824,"name":"Provincia de General S\u00e1nchez Cerro","latitude":"-16.50000000","longitude":"-70.66667000"},"provinciadeilo":{"id":80844,"name":"Provincia de Ilo","latitude":"-17.49694000","longitude":"-71.16722000"},"provinciademariscalnieto":{"id":80862,"name":"Provincia de Mariscal Nieto","latitude":"-17.08361000","longitude":"-71.00333000"},"torata":{"id":80996,"name":"Torata","latitude":"-17.07694000","longitude":"-70.84333000"}}},"pasco":{"id":3686,"name":"Pasco","state_code":"PAS","latitude":"-10.29806400","longitude":"-76.75061930","type":"region","cities":{"cerrodepasco":{"id":80601,"name":"Cerro de Pasco","latitude":"-10.66748000","longitude":"-76.25668000"},"chaupimarca":{"id":80605,"name":"Chaupimarca","latitude":"-10.40696000","longitude":"-76.46168000"},"oxapampa":{"id":80737,"name":"Oxapampa","latitude":"-10.57750000","longitude":"-75.40167000"},"paucartambo":{"id":80757,"name":"Paucartambo","latitude":"-10.77326000","longitude":"-75.81109000"},"provinciadedanielcarri\u00f3n":{"id":80820,"name":"Provincia de Daniel Carri\u00f3n","latitude":"-10.50000000","longitude":"-76.50000000"},"provinciadeoxapampa":{"id":80867,"name":"Provincia de Oxapampa","latitude":"-10.33333000","longitude":"-75.08333000"},"provinciadepasco":{"id":80875,"name":"Provincia de Pasco","latitude":"-10.66667000","longitude":"-76.08333000"},"tinyahuarco":{"id":80994,"name":"Tinyahuarco","latitude":"-10.76771000","longitude":"-76.27523000"},"villarica":{"id":81008,"name":"Villa Rica","latitude":"-10.73944000","longitude":"-75.26972000"}}},"piura":{"id":3697,"name":"Piura","state_code":"PIU","latitude":"-5.17828840","longitude":"-80.65488820","type":"region","cities":{"ayabaca":{"id":80567,"name":"Ayabaca","latitude":"-4.63983000","longitude":"-79.71491000"},"bernal":{"id":80577,"name":"Bernal","latitude":"-5.45000000","longitude":"-80.75000000"},"buenosaires":{"id":80578,"name":"Buenos Aires","latitude":"-5.26083000","longitude":"-79.96417000"},"catacaos":{"id":80596,"name":"Catacaos","latitude":"-5.26667000","longitude":"-80.68333000"},"chulucanas":{"id":80624,"name":"Chulucanas","latitude":"-5.09250000","longitude":"-80.16250000"},"elalto":{"id":80638,"name":"El Alto","latitude":"-4.26851000","longitude":"-81.21719000"},"huancabamba":{"id":80650,"name":"Huancabamba","latitude":"-5.23861000","longitude":"-79.45056000"},"labreita":{"id":80686,"name":"La Breita","latitude":"-4.25691000","longitude":"-80.88599000"},"lahuaca":{"id":80687,"name":"La Huaca","latitude":"-4.91167000","longitude":"-80.96000000"},"launi\u00f3n":{"id":80692,"name":"La Uni\u00f3n","latitude":"-5.40232000","longitude":"-80.74224000"},"laslomas":{"id":80698,"name":"Las Lomas","latitude":"-4.65333000","longitude":"-80.24667000"},"m\u00e1ncora":{"id":80727,"name":"M\u00e1ncora","latitude":"-4.10778000","longitude":"-81.04750000"},"marcavelica":{"id":80711,"name":"Marcavelica","latitude":"-4.87778000","longitude":"-80.70528000"},"morropon":{"id":80721,"name":"Morropon","latitude":"-5.25000000","longitude":"-80.00000000"},"paita":{"id":80746,"name":"Paita","latitude":"-5.08917000","longitude":"-81.11444000"},"piura":{"id":80765,"name":"Piura","latitude":"-5.19449000","longitude":"-80.63282000"},"provinciadeayabaca":{"id":80778,"name":"Provincia de Ayabaca","latitude":"-4.75000000","longitude":"-79.83333000"},"provinciadehuancabamba":{"id":80831,"name":"Provincia de Huancabamba","latitude":"-5.50000000","longitude":"-79.58333000"},"provinciadepaita":{"id":80870,"name":"Provincia de Paita","latitude":"-5.10189000","longitude":"-81.09695000"},"provinciadepiura":{"id":80879,"name":"Provincia de Piura","latitude":"-5.21416000","longitude":"-80.40617000"},"provinciadesullana":{"id":80896,"name":"Provincia de Sullana","latitude":"-4.50000000","longitude":"-80.66667000"},"provinciadetalara":{"id":80899,"name":"Provincia de Talara","latitude":"-4.41667000","longitude":"-81.08333000"},"querecotillo":{"id":80927,"name":"Querecotillo","latitude":"-4.83778000","longitude":"-80.64556000"},"salineracol\u00e1n":{"id":80937,"name":"Salinera Col\u00e1n","latitude":"-5.03333000","longitude":"-81.06667000"},"salitral":{"id":80938,"name":"Salitral","latitude":"-4.85722000","longitude":"-80.68111000"},"sechura":{"id":80973,"name":"Sechura","latitude":"-5.55694000","longitude":"-80.82222000"},"sullana":{"id":80979,"name":"Sullana","latitude":"-4.90389000","longitude":"-80.68528000"},"talara":{"id":80983,"name":"Talara","latitude":"-4.57722000","longitude":"-81.27194000"},"tambogrande":{"id":80986,"name":"Tambo Grande","latitude":"-4.92694000","longitude":"-80.34472000"},"vice":{"id":81007,"name":"Vice","latitude":"-5.41667000","longitude":"-80.78333000"}}},"puno":{"id":3682,"name":"Puno","state_code":"PUN","latitude":"-15.84022180","longitude":"-70.02188050","type":"region","cities":{"atuncolla":{"id":80566,"name":"Atuncolla","latitude":"-15.68333000","longitude":"-70.15000000"},"ayaviri":{"id":80569,"name":"Ayaviri","latitude":"-14.88639000","longitude":"-70.58889000"},"az\u00e1ngaro":{"id":80571,"name":"Az\u00e1ngaro","latitude":"-14.90843000","longitude":"-70.19616000"},"desaguadero":{"id":80637,"name":"Desaguadero","latitude":"-16.56556000","longitude":"-69.04167000"},"elcollao":{"id":80639,"name":"El Collao","latitude":"-16.72641000","longitude":"-69.75515000"},"haciendahuancane":{"id":80645,"name":"Hacienda Huancane","latitude":"-15.82327000","longitude":"-70.88540000"},"ilave":{"id":80669,"name":"Ilave","latitude":"-16.08333000","longitude":"-69.66667000"},"juli":{"id":80683,"name":"Juli","latitude":"-16.21667000","longitude":"-69.45000000"},"juliaca":{"id":80684,"name":"Juliaca","latitude":"-15.50000000","longitude":"-70.13333000"},"larinconada":{"id":80690,"name":"La Rinconada","latitude":"-14.63126000","longitude":"-69.44638000"},"lampa":{"id":80695,"name":"Lampa","latitude":"-15.35000000","longitude":"-70.36667000"},"macusani":{"id":80707,"name":"Macusani","latitude":"-14.08333000","longitude":"-70.43333000"},"\u00d1u\u00f1oa":{"id":81023,"name":"\u00d1u\u00f1oa","latitude":"-14.47788000","longitude":"-70.63583000"},"provinciadeaz\u00e1ngaro":{"id":80780,"name":"Provincia de Az\u00e1ngaro","latitude":"-14.83333000","longitude":"-70.16667000"},"provinciadecarabaya":{"id":80794,"name":"Provincia de Carabaya","latitude":"-13.83333000","longitude":"-70.25000000"},"provinciadechucuito":{"id":80807,"name":"Provincia de Chucuito","latitude":"-16.60545000","longitude":"-69.35761000"},"provinciadehuancan\u00e9":{"id":80832,"name":"Provincia de Huancan\u00e9","latitude":"-15.16667000","longitude":"-69.58333000"},"provinciadelampa":{"id":80854,"name":"Provincia de Lampa","latitude":"-15.41667000","longitude":"-70.58333000"},"provinciademelgar":{"id":80863,"name":"Provincia de Melgar","latitude":"-14.75000000","longitude":"-70.75000000"},"provinciadepuno":{"id":80881,"name":"Provincia de Puno","latitude":"-16.00000000","longitude":"-70.00000000"},"provinciadesandia":{"id":80889,"name":"Provincia de Sandia","latitude":"-13.83333000","longitude":"-69.33333000"},"puno":{"id":80922,"name":"Puno","latitude":"-15.84220000","longitude":"-70.01990000"},"sanantoniodeputina":{"id":80941,"name":"San Antonio De Putina","latitude":"-14.71175000","longitude":"-69.61559000"},"sanroman":{"id":80957,"name":"San Roman","latitude":"-15.83333000","longitude":"-70.50000000"},"santaluc\u00eda":{"id":80961,"name":"Santa Luc\u00eda","latitude":"-15.69788000","longitude":"-70.60610000"},"taquile":{"id":80988,"name":"Taquile","latitude":"-15.76667000","longitude":"-69.68333000"},"yunguyo":{"id":81019,"name":"Yunguyo","latitude":"-16.25000000","longitude":"-69.08333000"}}},"sanmart\u00edn":{"id":3694,"name":"San Mart\u00edn","state_code":"SAM","latitude":"37.08494640","longitude":"-121.61022160","type":"region","cities":{"bellavista":{"id":80576,"name":"Bellavista","latitude":"-7.05614000","longitude":"-76.59110000"},"chazuta":{"id":80606,"name":"Chazuta","latitude":"-6.57087000","longitude":"-76.13753000"},"eldorado":{"id":80640,"name":"El Dorado","latitude":"-6.56298000","longitude":"-76.74130000"},"huicungo":{"id":80664,"name":"Huicungo","latitude":"-7.31860000","longitude":"-76.77556000"},"jepelacio":{"id":80679,"name":"Jepelacio","latitude":"-6.11667000","longitude":"-76.95000000"},"juanju\u00ed":{"id":80681,"name":"Juanju\u00ed","latitude":"-7.17697000","longitude":"-76.72774000"},"lamas":{"id":80693,"name":"Lamas","latitude":"-6.41667000","longitude":"-76.53333000"},"moyobamba":{"id":80726,"name":"Moyobamba","latitude":"-6.03416000","longitude":"-76.97168000"},"picota":{"id":80759,"name":"Picota","latitude":"-6.92033000","longitude":"-76.33142000"},"provinciadehuallaga":{"id":80827,"name":"Provincia de Huallaga","latitude":"-6.75664000","longitude":"-76.90143000"},"provinciadelamas":{"id":80852,"name":"Provincia de Lamas","latitude":"-6.33333000","longitude":"-76.66667000"},"provinciademariscalc\u00e1ceres":{"id":80860,"name":"Provincia de Mariscal C\u00e1ceres","latitude":"-7.27390000","longitude":"-77.18216000"},"provinciademoyobamba":{"id":80864,"name":"Provincia de Moyobamba","latitude":"-5.75000000","longitude":"-77.25000000"},"provinciaderioja":{"id":80884,"name":"Provincia de Rioja","latitude":"-6.00000000","longitude":"-77.41667000"},"provinciadesanmart\u00edn":{"id":80887,"name":"Provincia de San Mart\u00edn","latitude":"-6.58333000","longitude":"-76.16667000"},"rioja":{"id":80934,"name":"Rioja","latitude":"-6.05675000","longitude":"-77.16651000"},"saposoa":{"id":80969,"name":"Saposoa","latitude":"-6.93395000","longitude":"-76.77158000"},"sisa":{"id":80976,"name":"Sisa","latitude":"-6.61085000","longitude":"-76.69302000"},"soritor":{"id":80977,"name":"Soritor","latitude":"-6.13917000","longitude":"-77.10389000"},"tabalosos":{"id":80981,"name":"Tabalosos","latitude":"-6.35000000","longitude":"-76.68333000"},"tarapoto":{"id":80989,"name":"Tarapoto","latitude":"-6.50139000","longitude":"-76.36556000"},"tocache":{"id":80995,"name":"Tocache","latitude":"-8.18770000","longitude":"-76.52046000"},"uchiza":{"id":81002,"name":"Uchiza","latitude":"-8.45917000","longitude":"-76.46333000"}}},"tacna":{"id":3696,"name":"Tacna","state_code":"TAC","latitude":"-18.00656790","longitude":"-70.24627410","type":"region","cities":{"calana":{"id":80583,"name":"Calana","latitude":"-17.94167000","longitude":"-70.18694000"},"candarave":{"id":80590,"name":"Candarave","latitude":"-17.26778000","longitude":"-70.24944000"},"chipispaya":{"id":80618,"name":"Chipispaya","latitude":"-17.49790000","longitude":"-70.21714000"},"chuquitira":{"id":80626,"name":"Chuquitira","latitude":"-17.28891000","longitude":"-70.04363000"},"ilabaya":{"id":80668,"name":"Ilabaya","latitude":"-17.42083000","longitude":"-70.51333000"},"jorgebasadre":{"id":80680,"name":"Jorge Basadre","latitude":"-17.57919000","longitude":"-70.73083000"},"provinciadetacna":{"id":80897,"name":"Provincia de Tacna","latitude":"-17.83333000","longitude":"-70.50000000"},"provinciadetarata":{"id":80901,"name":"Provincia de Tarata","latitude":"-17.41667000","longitude":"-70.08333000"},"pujocucho":{"id":80921,"name":"Pujocucho","latitude":"-17.15778000","longitude":"-70.35222000"},"quilahuani":{"id":80929,"name":"Quilahuani","latitude":"-17.31778000","longitude":"-70.25806000"},"tacna":{"id":80982,"name":"Tacna","latitude":"-18.01465000","longitude":"-70.25362000"},"tarata":{"id":80990,"name":"Tarata","latitude":"-17.47444000","longitude":"-70.03278000"},"totoral":{"id":80997,"name":"Totoral","latitude":"-17.40620000","longitude":"-70.36464000"}}},"tumbes":{"id":3689,"name":"Tumbes","state_code":"TUM","latitude":"-3.55649210","longitude":"-80.42708850","type":"region","cities":{"aguasverdes":{"id":80557,"name":"Aguas Verdes","latitude":"-3.48139000","longitude":"-80.24500000"},"papayal":{"id":80751,"name":"Papayal","latitude":"-4.07771000","longitude":"-80.73690000"},"provinciadecontralmirantevillar":{"id":80813,"name":"Provincia de Contralmirante Villar","latitude":"-4.00000000","longitude":"-80.75000000"},"provinciadetumbes":{"id":80905,"name":"Provincia de Tumbes","latitude":"-3.75000000","longitude":"-80.41667000"},"provinciadezarumilla":{"id":80912,"name":"Provincia de Zarumilla","latitude":"-3.66667000","longitude":"-80.25000000"},"tumbes":{"id":80999,"name":"Tumbes","latitude":"-3.56694000","longitude":"-80.45153000"},"zarumilla":{"id":81021,"name":"Zarumilla","latitude":"-3.50306000","longitude":"-80.27306000"},"zorritos":{"id":81022,"name":"Zorritos","latitude":"-3.68046000","longitude":"-80.67819000"}}},"ucayali":{"id":3684,"name":"Ucayali","state_code":"UCA","latitude":"-9.82511830","longitude":"-73.08774900","type":"region","cities":{"atalaya":{"id":80565,"name":"Atalaya","latitude":"-10.38980000","longitude":"-73.21977000"},"campoverde":{"id":80589,"name":"Campoverde","latitude":"-8.47533000","longitude":"-74.80709000"},"padreabad":{"id":80744,"name":"Padre Abad","latitude":"-8.79680000","longitude":"-75.42850000"},"provinciadecoronelportillo":{"id":80815,"name":"Provincia de Coronel Portillo","latitude":"-9.50000000","longitude":"-73.33333000"},"pucallpa":{"id":80913,"name":"Pucallpa","latitude":"-8.37915000","longitude":"-74.55387000"},"purus":{"id":80925,"name":"Purus","latitude":"-10.37331000","longitude":"-71.58231000"}}}}}