{"id":113,"name":"Kenya","iso3":"KEN","iso2":"KE","numeric_code":"404","phone_code":"254","capital":"Nairobi","currency":"KES","currency_name":"Kenyan shilling","currency_symbol":"KSh","tld":".ke","native":"Kenya","region":"Africa","region_id":"1","subregion":"Eastern Africa","subregion_id":"4","nationality":"Kenyan","timezones":[{"zoneName":"Africa/Nairobi","gmtOffset":10800,"gmtOffsetName":"UTC+03:00","abbreviation":"EAT","tzName":"East Africa Time"}],"translations":{"kr":"\ucf00\ub0d0","pt-BR":"Qu\u00eania","pt":"Qu\u00e9nia","nl":"Kenia","hr":"Kenija","fa":"\u06a9\u0646\u06cc\u0627","de":"Kenia","es":"Kenia","fr":"Kenya","ja":"\u30b1\u30cb\u30a2","it":"Kenya","cn":"\u80af\u5c3c\u4e9a","tr":"Kenya","ru":"\u041a\u0435\u043d\u0438\u044f","uk":"\u041a\u0435\u043d\u0456\u044f","pl":"Kenia"},"latitude":"1.00000000","longitude":"38.00000000","emoji":"\ud83c\uddf0\ud83c\uddea","emojiU":"U+1F1F0 U+1F1EA","states":{"baringo":{"id":181,"name":"Baringo","state_code":"01","latitude":"0.85549880","longitude":"36.08934060","type":"county","cities":{"baringo":{"id":64774,"name":"Baringo","latitude":"0.46667000","longitude":"35.96667000"},"eldamaravine":{"id":64781,"name":"Eldama Ravine","latitude":"0.05196000","longitude":"35.72734000"},"kabarnet":{"id":64790,"name":"Kabarnet","latitude":"0.49194000","longitude":"35.74303000"}}},"bomet":{"id":210,"name":"Bomet","state_code":"02","latitude":"-0.80150090","longitude":"35.30272260","type":"county","cities":{"sotik":{"id":64870,"name":"Sotik","latitude":"-0.69069000","longitude":"35.11102000"},"sotikpost":{"id":64871,"name":"Sotik Post","latitude":"-0.78129000","longitude":"35.34156000"}}},"bungoma":{"id":168,"name":"Bungoma","state_code":"03","latitude":"0.56952520","longitude":"34.55837660","type":"county","cities":{"bungoma":{"id":64776,"name":"Bungoma","latitude":"0.56350000","longitude":"34.56055000"},"malikisi":{"id":64827,"name":"Malikisi","latitude":"0.67694000","longitude":"34.42167000"},"webuye":{"id":64877,"name":"Webuye","latitude":"0.60040000","longitude":"34.77119000"}}},"busia":{"id":161,"name":"Busia","state_code":"04","latitude":"0.43465060","longitude":"34.24215970","type":"county","cities":{"busia":{"id":64777,"name":"Busia","latitude":"0.46005000","longitude":"34.11169000"},"luanda":{"id":64821,"name":"Luanda","latitude":"0.31354000","longitude":"34.07146000"},"lugulu":{"id":64822,"name":"Lugulu","latitude":"0.39337000","longitude":"34.30399000"},"malaba":{"id":64826,"name":"Malaba","latitude":"0.63513000","longitude":"34.28165000"},"nambare":{"id":64848,"name":"Nambare","latitude":"0.45813000","longitude":"34.25353000"},"portvictoria":{"id":64861,"name":"Port Victoria","latitude":"0.09809000","longitude":"33.97248000"}}},"elgeyo-marakwet":{"id":201,"name":"Elgeyo-Marakwet","state_code":"05","latitude":"1.04982370","longitude":"35.47819260","type":"county"},"embu":{"id":163,"name":"Embu","state_code":"06","latitude":"-0.65604770","longitude":"37.72376780","type":"county","cities":{"embu":{"id":64783,"name":"Embu","latitude":"-0.53987000","longitude":"37.45743000"}}},"garissa":{"id":196,"name":"Garissa","state_code":"07","latitude":"-0.45322930","longitude":"39.64609880","type":"county","cities":{"garissa":{"id":64784,"name":"Garissa","latitude":"-0.45275000","longitude":"39.64601000"}}},"homabay":{"id":195,"name":"Homa Bay","state_code":"08","latitude":"-0.62206550","longitude":"34.33103640","type":"county","cities":{"homabay":{"id":64787,"name":"Homa Bay","latitude":"-0.52731000","longitude":"34.45714000"},"oyugis":{"id":64860,"name":"Oyugis","latitude":"-0.50974000","longitude":"34.73067000"},"rachuonyodistrict":{"id":64863,"name":"Rachuonyo District","latitude":"-0.44000000","longitude":"34.73900000"}}},"isiolo":{"id":170,"name":"Isiolo","state_code":"09","latitude":"0.35243520","longitude":"38.48499230","type":"county","cities":{"isiolo":{"id":64788,"name":"Isiolo","latitude":"0.35462000","longitude":"37.58218000"}}},"kajiado":{"id":197,"name":"Kajiado","state_code":"10","latitude":"-2.09807510","longitude":"36.78195050","type":"county","cities":{"kajiado":{"id":64791,"name":"Kajiado","latitude":"-1.85238000","longitude":"36.77683000"},"magadi":{"id":64824,"name":"Magadi","latitude":"-1.90122000","longitude":"36.28700000"},"ngong":{"id":64853,"name":"Ngong","latitude":"-1.35270000","longitude":"36.66990000"}}},"kakamega":{"id":158,"name":"Kakamega","state_code":"11","latitude":"0.30789400","longitude":"34.77407930","type":"county","cities":{"butere":{"id":64778,"name":"Butere","latitude":"0.20694000","longitude":"34.49006000"},"kakamega":{"id":64792,"name":"Kakamega","latitude":"0.28422000","longitude":"34.75229000"},"mumias":{"id":64842,"name":"Mumias","latitude":"0.33474000","longitude":"34.48796000"}}},"kericho":{"id":193,"name":"Kericho","state_code":"12","latitude":"-0.18279130","longitude":"35.47819260","type":"county","cities":{"kericho":{"id":64799,"name":"Kericho","latitude":"-0.36774000","longitude":"35.28314000"},"kipkelion":{"id":64809,"name":"Kipkelion","latitude":"-0.19982000","longitude":"35.46735000"},"litein":{"id":64818,"name":"Litein","latitude":"-0.58249000","longitude":"35.18969000"},"londiani":{"id":64820,"name":"Londiani","latitude":"-0.16552000","longitude":"35.59359000"}}},"kiambu":{"id":199,"name":"Kiambu","state_code":"13","latitude":"-1.03137010","longitude":"36.86807910","type":"county","cities":{"kiambu":{"id":64802,"name":"Kiambu","latitude":"-1.17139000","longitude":"36.83556000"},"kikuyu":{"id":64805,"name":"Kikuyu","latitude":"-1.24627000","longitude":"36.66291000"},"limuru":{"id":64817,"name":"Limuru","latitude":"-1.11360000","longitude":"36.64205000"},"thika":{"id":64874,"name":"Thika","latitude":"-1.03326000","longitude":"37.06933000"}}},"kilifi":{"id":174,"name":"Kilifi","state_code":"14","latitude":"-3.51065080","longitude":"39.90932690","type":"county","cities":{"iten":{"id":64789,"name":"Iten","latitude":"0.67028000","longitude":"35.50806000"},"kapsowar":{"id":64797,"name":"Kapsowar","latitude":"0.97890000","longitude":"35.55854000"},"kilifi":{"id":64806,"name":"Kilifi","latitude":"-3.63045000","longitude":"39.84992000"},"malindi":{"id":64828,"name":"Malindi","latitude":"-3.21799000","longitude":"40.11692000"},"mariakani":{"id":64832,"name":"Mariakani","latitude":"-3.86261000","longitude":"39.47458000"},"takaungu":{"id":64872,"name":"Takaungu","latitude":"-3.68350000","longitude":"39.85687000"}}},"kirinyaga":{"id":167,"name":"Kirinyaga","state_code":"15","latitude":"-0.65905650","longitude":"37.38272340","type":"county","cities":{"kerugoya":{"id":64801,"name":"Kerugoya","latitude":"-0.49887000","longitude":"37.28031000"},"sagana":{"id":64866,"name":"Sagana","latitude":"-0.66806000","longitude":"37.20875000"}}},"kisii":{"id":159,"name":"Kisii","state_code":"16","latitude":"-0.67733400","longitude":"34.77960300","type":"county","cities":{"kisii":{"id":64810,"name":"Kisii","latitude":"-0.68174000","longitude":"34.76666000"},"ogembo":{"id":64857,"name":"Ogembo","latitude":"-0.80116000","longitude":"34.72579000"}}},"kisumu":{"id":171,"name":"Kisumu","state_code":"17","latitude":"-0.09170160","longitude":"34.76795680","type":"county","cities":{"ahero":{"id":64772,"name":"Ahero","latitude":"-0.17359000","longitude":"34.91890000"},"kisumu":{"id":64811,"name":"Kisumu","latitude":"-0.10221000","longitude":"34.76171000"},"muhoroni":{"id":64841,"name":"Muhoroni","latitude":"-0.15816000","longitude":"35.19645000"}}},"kitui":{"id":211,"name":"Kitui","state_code":"18","latitude":"-1.68328220","longitude":"38.31657250","type":"county","cities":{"kitui":{"id":64813,"name":"Kitui","latitude":"-1.36696000","longitude":"38.01055000"},"mwingi":{"id":64844,"name":"Mwingi","latitude":"-0.93605000","longitude":"38.05955000"}}},"kwale":{"id":173,"name":"Kwale","state_code":"19","latitude":"-4.18161150","longitude":"39.46056120","type":"county","cities":{"gazi":{"id":64785,"name":"Gazi","latitude":"-4.42402000","longitude":"39.50588000"},"kinango":{"id":64807,"name":"Kinango","latitude":"-4.13723000","longitude":"39.31528000"},"kwale":{"id":64815,"name":"Kwale","latitude":"-4.17375000","longitude":"39.45206000"},"sawasawa":{"id":64867,"name":"Sawa Sawa","latitude":"-4.47166000","longitude":"39.48463000"},"shimoni":{"id":64868,"name":"Shimoni","latitude":"-4.64756000","longitude":"39.38175000"}}},"laikipia":{"id":164,"name":"Laikipia","state_code":"20","latitude":"0.36060630","longitude":"36.78195050","type":"county","cities":{"nanyuki":{"id":64850,"name":"Nanyuki","latitude":"0.00624000","longitude":"37.07398000"},"nyahururu":{"id":64854,"name":"Nyahururu","latitude":"0.03813000","longitude":"36.36339000"},"rumuruti":{"id":64865,"name":"Rumuruti","latitude":"0.27250000","longitude":"36.53806000"}}},"lamu":{"id":166,"name":"Lamu","state_code":"21","latitude":"-2.23550580","longitude":"40.47200040","type":"county","cities":{"lamu":{"id":64816,"name":"Lamu","latitude":"-2.27169000","longitude":"40.90201000"},"witu":{"id":64878,"name":"Witu","latitude":"-2.38892000","longitude":"40.43827000"}}},"machakos":{"id":184,"name":"Machakos","state_code":"22","latitude":"-1.51768370","longitude":"37.26341460","type":"county","cities":{"athiriver":{"id":64773,"name":"Athi River","latitude":"-1.45630000","longitude":"36.97826000"},"kangundo":{"id":64794,"name":"Kangundo","latitude":"-1.30342000","longitude":"37.34813000"},"konza":{"id":64814,"name":"Konza","latitude":"-1.73947000","longitude":"37.13195000"},"machakos":{"id":64823,"name":"Machakos","latitude":"-1.52233000","longitude":"37.26521000"}}},"makueni":{"id":188,"name":"Makueni","state_code":"23","latitude":"-2.25587340","longitude":"37.89366630","type":"county","cities":{"makueniboma":{"id":64825,"name":"Makueni Boma","latitude":"-1.80388000","longitude":"37.62405000"},"mtitoandei":{"id":64840,"name":"Mtito Andei","latitude":"-2.68987000","longitude":"38.16687000"},"wote":{"id":64879,"name":"Wote","latitude":"-1.78079000","longitude":"37.62882000"}}},"mandera":{"id":187,"name":"Mandera","state_code":"24","latitude":"3.57379910","longitude":"40.95868800","type":"county","cities":{"mandera":{"id":64829,"name":"Mandera","latitude":"3.93726000","longitude":"41.85688000"}}},"marsabit":{"id":194,"name":"Marsabit","state_code":"25","latitude":"2.44264030","longitude":"37.97845850","type":"county","cities":{"marsabit":{"id":64833,"name":"Marsabit","latitude":"2.33468000","longitude":"37.99086000"},"moyale":{"id":64839,"name":"Moyale","latitude":"3.52661000","longitude":"39.05610000"}}},"meru":{"id":198,"name":"Meru","state_code":"26","latitude":"0.35571740","longitude":"37.80876930","type":"county","cities":{"maua":{"id":64834,"name":"Maua","latitude":"0.23320000","longitude":"37.94086000"},"meru":{"id":64835,"name":"Meru","latitude":"0.04626000","longitude":"37.65587000"}}},"migori":{"id":190,"name":"Migori","state_code":"27","latitude":"-0.93657020","longitude":"34.41982430","type":"county","cities":{"kihancha":{"id":64803,"name":"Kihancha","latitude":"-1.19347000","longitude":"34.61967000"},"migori":{"id":64836,"name":"Migori","latitude":"-1.06343000","longitude":"34.47313000"}}},"mombasa":{"id":200,"name":"Mombasa","state_code":"28","latitude":"-3.97682910","longitude":"39.71371810","type":"county","cities":{"mombasa":{"id":64838,"name":"Mombasa","latitude":"-4.05466000","longitude":"39.66359000"}}},"murang\u0027a":{"id":178,"name":"Murang\u0027a","state_code":"29","latitude":"-0.78392810","longitude":"37.04003390","type":"county","cities":{"kangema":{"id":64793,"name":"Kangema","latitude":"-0.68553000","longitude":"36.96463000"},"karuri":{"id":64798,"name":"Karuri","latitude":"-0.70000000","longitude":"37.18333000"},"maragua":{"id":64830,"name":"Maragua","latitude":"-0.79602000","longitude":"37.13292000"},"murang\u2019a":{"id":64843,"name":"Murang\u2019a","latitude":"-0.72104000","longitude":"37.15259000"}}},"nairobicity":{"id":191,"name":"Nairobi City","state_code":"30","latitude":"-1.29206590","longitude":"36.82194620","type":"county","cities":{"nairobi":{"id":64845,"name":"Nairobi","latitude":"-1.28333000","longitude":"36.81667000"},"pumwani":{"id":64862,"name":"Pumwani","latitude":"-1.28333000","longitude":"36.85000000"}}},"nakuru":{"id":203,"name":"Nakuru","state_code":"31","latitude":"-0.30309880","longitude":"36.08002600","type":"county","cities":{"kijabe":{"id":64804,"name":"Kijabe","latitude":"-0.93334000","longitude":"36.57233000"},"molo":{"id":64837,"name":"Molo","latitude":"-0.24849000","longitude":"35.73194000"},"naivasha":{"id":64846,"name":"Naivasha","latitude":"-0.71383000","longitude":"36.43261000"},"nakuru":{"id":64847,"name":"Nakuru","latitude":"-0.30719000","longitude":"36.07225000"},"rongai":{"id":64864,"name":"Rongai","latitude":"-0.17344000","longitude":"35.86313000"}}},"nandi":{"id":165,"name":"Nandi","state_code":"32","latitude":"0.18358670","longitude":"35.12687810","type":"county","cities":{"kapsabet":{"id":64796,"name":"Kapsabet","latitude":"0.20387000","longitude":"35.10500000"},"nandihills":{"id":64849,"name":"Nandi Hills","latitude":"0.10366000","longitude":"35.18426000"}}},"narok":{"id":175,"name":"Narok","state_code":"33","latitude":"-1.10411100","longitude":"36.08934060","type":"county","cities":{"narok":{"id":64852,"name":"Narok","latitude":"-1.08083000","longitude":"35.87111000"}}},"nyamira":{"id":209,"name":"Nyamira","state_code":"34","latitude":"-0.56694050","longitude":"34.93412340","type":"county","cities":{"keroka":{"id":64800,"name":"Keroka","latitude":"-0.77612000","longitude":"34.94678000"},"nyamira":{"id":64855,"name":"Nyamira","latitude":"-0.56333000","longitude":"34.93583000"}}},"nyandarua":{"id":192,"name":"Nyandarua","state_code":"35","latitude":"-0.18038550","longitude":"36.52296410","type":"county","cities":{"olkalou":{"id":64858,"name":"Ol Kalou","latitude":"-0.27088000","longitude":"36.37917000"}}},"nyeri":{"id":180,"name":"Nyeri","state_code":"36","latitude":"-0.41969150","longitude":"37.04003390","type":"county","cities":{"naromoru":{"id":64851,"name":"Naro Moru","latitude":"-0.16357000","longitude":"37.01773000"},"nyeri":{"id":64856,"name":"Nyeri","latitude":"-0.42013000","longitude":"36.94759000"},"othaya":{"id":64859,"name":"Othaya","latitude":"-0.54655000","longitude":"36.93178000"}}},"samburu":{"id":207,"name":"Samburu","state_code":"37","latitude":"1.21545060","longitude":"36.95410700","type":"county","cities":{"maralal":{"id":64831,"name":"Maralal","latitude":"1.09667000","longitude":"36.69806000"}}},"siaya":{"id":186,"name":"Siaya","state_code":"38","latitude":"-0.06173280","longitude":"34.24215970","type":"county","cities":{"bondo":{"id":64775,"name":"Bondo","latitude":"0.23522000","longitude":"34.28086000"},"siaya":{"id":64869,"name":"Siaya","latitude":"0.06070000","longitude":"34.28806000"},"yala":{"id":64881,"name":"Yala","latitude":"0.09438000","longitude":"34.53602000"}}},"taita\u2013taveta":{"id":176,"name":"Taita\u2013Taveta","state_code":"39","latitude":"-3.31606870","longitude":"38.48499230","type":"county"},"tanariver":{"id":205,"name":"Tana River","state_code":"40","latitude":"-1.65184680","longitude":"39.65181650","type":"county","cities":{"hola":{"id":64786,"name":"Hola","latitude":"-1.48256000","longitude":"40.03341000"},"kipini":{"id":64808,"name":"Kipini","latitude":"-2.52565000","longitude":"40.52620000"}}},"tharaka-nithi":{"id":185,"name":"Tharaka-Nithi","state_code":"41","latitude":"-0.29648510","longitude":"37.72376780","type":"county","cities":{"chuka":{"id":64780,"name":"Chuka","latitude":"-0.33316000","longitude":"37.64587000"}}},"transnzoia":{"id":183,"name":"Trans Nzoia","state_code":"42","latitude":"1.05666670","longitude":"34.95066250","type":"county","cities":{"kitale":{"id":64812,"name":"Kitale","latitude":"1.01572000","longitude":"35.00622000"}}},"turkana":{"id":206,"name":"Turkana","state_code":"43","latitude":"3.31224770","longitude":"35.56578620","type":"county","cities":{"lodwar":{"id":64819,"name":"Lodwar","latitude":"3.11988000","longitude":"35.59642000"}}},"uasingishu":{"id":169,"name":"Uasin Gishu","state_code":"44","latitude":"0.55276380","longitude":"35.30272260","type":"county","cities":{"eldoret":{"id":64782,"name":"Eldoret","latitude":"0.52036000","longitude":"35.26993000"}}},"vihiga":{"id":202,"name":"Vihiga","state_code":"45","latitude":"0.07675530","longitude":"34.70776650","type":"county"},"wajir":{"id":182,"name":"Wajir","state_code":"46","latitude":"1.63604750","longitude":"40.30886260","type":"county","cities":{"wajir":{"id":64876,"name":"Wajir","latitude":"1.74710000","longitude":"40.05732000"}}},"westpokot":{"id":208,"name":"West Pokot","state_code":"47","latitude":"1.62100760","longitude":"35.39050460","type":"county","cities":{"chepareria":{"id":64779,"name":"Chepareria","latitude":"1.30583000","longitude":"35.20365000"},"kapenguria":{"id":64795,"name":"Kapenguria","latitude":"1.23889000","longitude":"35.11194000"},"taveta":{"id":64873,"name":"Taveta","latitude":"-3.39879000","longitude":"37.68336000"},"voi":{"id":64875,"name":"Voi","latitude":"-3.39605000","longitude":"38.55609000"},"wundanyi":{"id":64880,"name":"Wundanyi","latitude":"-3.39642000","longitude":"38.35729000"}}}}}