{"id":52,"name":"Cook Islands","iso3":"COK","iso2":"CK","numeric_code":"184","phone_code":"682","capital":"Avarua","currency":"NZD","currency_name":"Cook Islands dollar","currency_symbol":"$","tld":".ck","native":"Cook Islands","region":"Oceania","region_id":"5","subregion":"Polynesia","subregion_id":"22","nationality":"Cook Island","timezones":[{"zoneName":"Pacific/Rarotonga","gmtOffset":-36000,"gmtOffsetName":"UTC-10:00","abbreviation":"CKT","tzName":"Cook Island Time"}],"translations":{"kr":"\ucfe1 \uc81c\ub3c4","pt-BR":"Ilhas Cook","pt":"Ilhas Cook","nl":"Cookeilanden","hr":"Cookovo Oto\u010dje","fa":"\u062c\u0632\u0627\u06cc\u0631 \u06a9\u0648\u06a9","de":"Cookinseln","es":"Islas Cook","fr":"\u00celes Cook","ja":"\u30af\u30c3\u30af\u8af8\u5cf6","it":"Isole Cook","cn":"\u5e93\u514b\u7fa4\u5c9b","tr":"Cook Adalari","ru":"\u041e\u0441\u0442\u0440\u043e\u0432\u0430 \u041a\u0443\u043a\u0430","uk":"\u041e\u0441\u0442\u0440\u043e\u0432\u0438 \u041a\u0443\u043a\u0430","pl":"Wyspy Cooka"},"latitude":"-21.23333333","longitude":"-159.76666666","emoji":"\ud83c\udde8\ud83c\uddf0","emojiU":"U+1F1E8 U+1F1F0"}