{"id":55,"name":"Croatia","iso3":"HRV","iso2":"HR","numeric_code":"191","phonecode":"385","capital":"Zagreb","currency":"EUR","currency_name":"Euro","currency_symbol":"\u20ac","tld":".hr","native":"Hrvatska","region":"Europe","region_id":4,"subregion":"Southern Europe","subregion_id":16,"nationality":"Croatian","timezones":[{"zoneName":"Europe/Zagreb","gmtOffset":3600,"gmtOffsetName":"UTC+01:00","abbreviation":"CET","tzName":"Central European Time"}],"translations":{"ko":"\ud06c\ub85c\uc544\ud2f0\uc544","pt-BR":"Cro\u00e1cia","pt":"Cro\u00e1cia","nl":"Kroati\u00eb","hr":"Hrvatska","fa":"\u06a9\u0631\u0648\u0627\u0633\u06cc","de":"Kroatien","es":"Croacia","fr":"Croatie","ja":"\u30af\u30ed\u30a2\u30c1\u30a2","it":"Croazia","zh-CN":"\u514b\u7f57\u5730\u4e9a","tr":"Hirvatistan","ru":"\u0425\u043e\u0440\u0432\u0430\u0442\u0438\u044f","uk":"\u0425\u043e\u0440\u0432\u0430\u0442\u0456\u044f","pl":"Chorwacja"},"latitude":"45.16666666","longitude":"15.50000000","emoji":"\ud83c\udded\ud83c\uddf7","emojiU":"U+1F1ED U+1F1F7","states":{"bjelovar-bilogora":{"id":734,"name":"Bjelovar-Bilogora","state_code":"07","latitude":"45.89879720","longitude":"16.84230930","type":"county","cities":{"bjelovar":{"id":54404,"name":"Bjelovar","latitude":"45.89861000","longitude":"16.84889000"},"brezovac":{"id":54418,"name":"Brezovac","latitude":"45.86750000","longitude":"16.84083000"},"\u010cazma":{"id":55017,"name":"\u010cazma","latitude":"45.74818000","longitude":"16.61390000"},"daruvar":{"id":54449,"name":"Daruvar","latitude":"45.59056000","longitude":"17.22500000"},"de\u017eanovac":{"id":54453,"name":"De\u017eanovac","latitude":"45.57056000","longitude":"17.08667000"},"\u0110ulovac":{"id":55025,"name":"\u0110ulovac","latitude":"45.66588000","longitude":"17.42981000"},"gare\u0161nica":{"id":54489,"name":"Gare\u0161nica","latitude":"45.57444000","longitude":"16.94139000"},"gradbjelovar":{"id":54505,"name":"Grad Bjelovar","latitude":"45.90172000","longitude":"16.84522000"},"grad\u010cazma":{"id":54571,"name":"Grad \u010cazma","latitude":"45.75000000","longitude":"16.61667000"},"graddaruvar":{"id":54508,"name":"Grad Daruvar","latitude":"45.60000000","longitude":"17.23333000"},"gradgare\u0161nica":{"id":54515,"name":"Grad Gare\u0161nica","latitude":"45.56667000","longitude":"16.93333000"},"gradgrubi\u0161nopolje":{"id":54517,"name":"Grad Grubi\u0161no Polje","latitude":"45.70000000","longitude":"17.16667000"},"grubi\u0161nopolje":{"id":54588,"name":"Grubi\u0161no Polje","latitude":"45.70214000","longitude":"17.17268000"},"gudovac":{"id":54589,"name":"Gudovac","latitude":"45.88028000","longitude":"16.78083000"},"hercegovac":{"id":54593,"name":"Hercegovac","latitude":"45.65861000","longitude":"17.01361000"},"ivanska":{"id":54607,"name":"Ivanska","latitude":"45.77889000","longitude":"16.81194000"},"kapela":{"id":54630,"name":"Kapela","latitude":"45.98543000","longitude":"16.85174000"},"kon\u010danica":{"id":54658,"name":"Kon\u010danica","latitude":"45.63611000","longitude":"17.16639000"},"predavac":{"id":54831,"name":"Predavac","latitude":"45.93583000","longitude":"16.78333000"},"rovi\u0161\u0107e":{"id":54869,"name":"Rovi\u0161\u0107e","latitude":"45.94472000","longitude":"16.73500000"},"\u0160androvac":{"id":55028,"name":"\u0160androvac","latitude":"45.90556000","longitude":"17.02111000"},"severin":{"id":54886,"name":"Severin","latitude":"45.84152000","longitude":"16.96950000"},"sira\u010d":{"id":54891,"name":"Sira\u010d","latitude":"45.52333000","longitude":"17.25500000"},"velikapisanica":{"id":54960,"name":"Velika Pisanica","latitude":"45.80160000","longitude":"17.06551000"},"velikigr\u0111evac":{"id":54962,"name":"Veliki Gr\u0111evac","latitude":"45.75028000","longitude":"17.04750000"},"\u017ddralovi":{"id":55038,"name":"\u017ddralovi","latitude":"45.87639000","longitude":"16.87500000"},"zrinskitopolovac":{"id":55013,"name":"Zrinski Topolovac","latitude":"46.02120000","longitude":"16.75509000"}}},"brod-posavina":{"id":737,"name":"Brod-Posavina","state_code":"12","latitude":"45.26379510","longitude":"17.32645620","type":"county","cities":{"batrina":{"id":54387,"name":"Batrina","latitude":"45.18944000","longitude":"17.66639000"},"brodskivaro\u0161":{"id":54425,"name":"Brodski Varo\u0161","latitude":"45.18111000","longitude":"17.97861000"},"bukovlje":{"id":54434,"name":"Bukovlje","latitude":"45.18528000","longitude":"18.07000000"},"cernik":{"id":54441,"name":"Cernik","latitude":"45.28861000","longitude":"17.38194000"},"davor":{"id":54450,"name":"Davor","latitude":"45.11528000","longitude":"17.51639000"},"donjiandrijevci":{"id":54460,"name":"Donji Andrijevci","latitude":"45.18833000","longitude":"18.29972000"},"gar\u010din":{"id":54490,"name":"Gar\u010din","latitude":"45.18278000","longitude":"18.18306000"},"gornjibogi\u0107evci":{"id":54498,"name":"Gornji Bogi\u0107evci","latitude":"45.25572000","longitude":"17.23454000"},"gradnovagradi\u0161ka":{"id":54534,"name":"Grad Nova Gradi\u0161ka","latitude":"45.26667000","longitude":"17.40000000"},"gradslavonskibrod":{"id":54551,"name":"Grad Slavonski Brod","latitude":"45.16267000","longitude":"18.03062000"},"gundinci":{"id":54590,"name":"Gundinci","latitude":"45.15833000","longitude":"18.49139000"},"korenica":{"id":54661,"name":"Korenica","latitude":"45.22472000","longitude":"18.16556000"},"kru\u0161evica":{"id":54672,"name":"Kru\u0161evica","latitude":"45.07750000","longitude":"18.48278000"},"lu\u017eani":{"id":54708,"name":"Lu\u017eani","latitude":"45.16806000","longitude":"17.70694000"},"novagradi\u0161ka":{"id":54757,"name":"Nova Gradi\u0161ka","latitude":"45.25500000","longitude":"17.38306000"},"oku\u010dani":{"id":54774,"name":"Oku\u010dani","latitude":"45.26034000","longitude":"17.19925000"},"oprisavci":{"id":54778,"name":"Oprisavci","latitude":"45.15111000","longitude":"18.22972000"},"oriovac":{"id":54790,"name":"Oriovac","latitude":"45.16611000","longitude":"17.76000000"},"podvinje":{"id":54819,"name":"Podvinje","latitude":"45.19028000","longitude":"18.02694000"},"re\u0161etari":{"id":54862,"name":"Re\u0161etari","latitude":"45.26232000","longitude":"17.42346000"},"ru\u0161\u010dica":{"id":54874,"name":"Ru\u0161\u010dica","latitude":"45.14667000","longitude":"18.07944000"},"sibinj":{"id":54887,"name":"Sibinj","latitude":"45.19167000","longitude":"17.90806000"},"sikirevci":{"id":54889,"name":"Sikirevci","latitude":"45.10889000","longitude":"18.46444000"},"slavonskibrod":{"id":54897,"name":"Slavonski Brod","latitude":"45.16028000","longitude":"18.01556000"},"slobodnica":{"id":54899,"name":"Slobodnica","latitude":"45.16222000","longitude":"17.93278000"},"stariperkovci":{"id":54910,"name":"Stari Perkovci","latitude":"45.21750000","longitude":"18.34861000"},"velikakopanica":{"id":54957,"name":"Velika Kopanica","latitude":"45.15611000","longitude":"18.39306000"},"vrpolje":{"id":54995,"name":"Vrpolje","latitude":"45.21056000","longitude":"18.40556000"}}},"dubrovnik-neretva":{"id":728,"name":"Dubrovnik-Neretva","state_code":"19","latitude":"43.07665880","longitude":"17.52684710","type":"county","cities":{"cavtat":{"id":54437,"name":"Cavtat","latitude":"42.58111000","longitude":"18.21806000"},"\u010ciba\u010da":{"id":55022,"name":"\u010ciba\u010da","latitude":"42.62889000","longitude":"18.17111000"},"dubrova\u010dkoprimorje":{"id":54471,"name":"Dubrova\u010dko primorje","latitude":"42.78988000","longitude":"17.86240000"},"graddubrovnik":{"id":54513,"name":"Grad Dubrovnik","latitude":"42.64861000","longitude":"18.09397000"},"gradkor\u010dula":{"id":54525,"name":"Grad Kor\u010dula","latitude":"42.95693000","longitude":"17.13181000"},"gradplo\u010de":{"id":54544,"name":"Grad Plo\u010de","latitude":"43.06667000","longitude":"17.43333000"},"komin":{"id":54653,"name":"Komin","latitude":"43.04083000","longitude":"17.53694000"},"konavle":{"id":54656,"name":"Konavle","latitude":"42.54010000","longitude":"18.33944000"},"kor\u010dula":{"id":54662,"name":"Kor\u010dula","latitude":"42.96038000","longitude":"17.13525000"},"lastovo":{"id":54684,"name":"Lastovo","latitude":"42.76757000","longitude":"16.89708000"},"lumbarda":{"id":54704,"name":"Lumbarda","latitude":"42.92278000","longitude":"17.16722000"},"metkovi\u0107":{"id":54728,"name":"Metkovi\u0107","latitude":"43.05417000","longitude":"17.64833000"},"mljet":{"id":54736,"name":"Mljet","latitude":"42.74439000","longitude":"17.53645000"},"moko\u0161ica":{"id":54737,"name":"Moko\u0161ica","latitude":"42.67556000","longitude":"18.09028000"},"op\u0107inalastovo":{"id":54785,"name":"Op\u0107ina Lastovo","latitude":"42.75000000","longitude":"16.90000000"},"opuzen":{"id":54780,"name":"Opuzen","latitude":"43.01528000","longitude":"17.56556000"},"orebi\u0107":{"id":54787,"name":"Orebi\u0107","latitude":"42.98556000","longitude":"17.17472000"},"podgora":{"id":54813,"name":"Podgora","latitude":"42.84861000","longitude":"17.83639000"},"pojezerje":{"id":54821,"name":"Pojezerje","latitude":"43.15741000","longitude":"17.45152000"},"slivno":{"id":54898,"name":"Slivno","latitude":"42.95864000","longitude":"17.54431000"},"smokvica":{"id":54900,"name":"Smokvica","latitude":"42.93056000","longitude":"16.89639000"},"ston":{"id":54914,"name":"Ston","latitude":"42.83861000","longitude":"17.69639000"},"velaluka":{"id":54954,"name":"Vela Luka","latitude":"42.96333000","longitude":"16.72250000"},"za\u017eablje":{"id":55007,"name":"Za\u017eablje","latitude":"43.01113000","longitude":"17.65683000"},"\u017drnovo":{"id":55041,"name":"\u017drnovo","latitude":"42.95111000","longitude":"17.11417000"},"\u017dupadubrova\u010dka":{"id":55042,"name":"\u017dupa dubrova\u010dka","latitude":"42.62683000","longitude":"18.19475000"}}},"istria":{"id":743,"name":"Istria","state_code":"18","latitude":"45.12864550","longitude":"13.90154200","type":"county","cities":{"bale":{"id":54384,"name":"Bale","latitude":"45.04056000","longitude":"13.78361000"},"bale-valle":{"id":54385,"name":"Bale-Valle","latitude":"45.04089000","longitude":"13.78565000"},"brtonigla":{"id":54426,"name":"Brtonigla","latitude":"45.38139000","longitude":"13.62944000"},"brtonigla-verteneglio":{"id":54427,"name":"Brtonigla-Verteneglio","latitude":"45.37918000","longitude":"13.62554000"},"buje":{"id":54432,"name":"Buje","latitude":"45.41000000","longitude":"13.66194000"},"buje-buie":{"id":54433,"name":"Buje-Buie","latitude":"45.40790000","longitude":"13.65914000"},"buzet":{"id":54436,"name":"Buzet","latitude":"45.40944000","longitude":"13.96667000"},"fa\u017eana":{"id":54479,"name":"Fa\u017eana","latitude":"44.92750000","longitude":"13.80361000"},"fa\u017eana-fasana":{"id":54480,"name":"Fa\u017eana-Fasana","latitude":"44.92822000","longitude":"13.80548000"},"funtana":{"id":54483,"name":"Funtana","latitude":"45.17472000","longitude":"13.60500000"},"funtana-fontane":{"id":54484,"name":"Funtana-Fontane","latitude":"45.17483000","longitude":"13.60627000"},"gali\u017eana":{"id":54487,"name":"Gali\u017eana","latitude":"44.93167000","longitude":"13.86861000"},"gradbuzet":{"id":54506,"name":"Grad Buzet","latitude":"45.41667000","longitude":"13.96667000"},"gradlabin":{"id":54530,"name":"Grad Labin","latitude":"45.08333000","longitude":"14.13333000"},"gradpazin":{"id":54542,"name":"Grad Pazin","latitude":"45.23333000","longitude":"13.93333000"},"gro\u017enjan":{"id":54585,"name":"Gro\u017enjan","latitude":"45.37889000","longitude":"13.72389000"},"gro\u017enjan-grisignana":{"id":54586,"name":"Gro\u017enjan-Grisignana","latitude":"45.37728000","longitude":"13.72145000"},"kanfanar":{"id":54629,"name":"Kanfanar","latitude":"45.12194000","longitude":"13.83917000"},"karojba":{"id":54634,"name":"Karojba","latitude":"45.30083000","longitude":"13.82306000"},"ka\u0161telir-labinci":{"id":54644,"name":"Ka\u0161telir-Labinci","latitude":"45.30277000","longitude":"13.68841000"},"labin":{"id":54681,"name":"Labin","latitude":"45.09500000","longitude":"14.11972000"},"li\u017enjan":{"id":54691,"name":"Li\u017enjan","latitude":"44.82833000","longitude":"13.95694000"},"li\u017enjan-lisignano":{"id":54692,"name":"Li\u017enjan-Lisignano","latitude":"44.82765000","longitude":"13.96028000"},"lupoglav":{"id":54706,"name":"Lupoglav","latitude":"45.35204000","longitude":"14.10846000"},"mar\u010dana":{"id":54722,"name":"Mar\u010dana","latitude":"44.95528000","longitude":"13.95389000"},"medulin":{"id":54727,"name":"Medulin","latitude":"44.82250000","longitude":"13.93500000"},"motovun":{"id":54739,"name":"Motovun","latitude":"45.33667000","longitude":"13.82861000"},"motovun-montona":{"id":54740,"name":"Motovun-Montona","latitude":"45.33633000","longitude":"13.82977000"},"novigrad":{"id":54761,"name":"Novigrad","latitude":"45.31500000","longitude":"13.55806000"},"novigrad-cittanova":{"id":54763,"name":"Novigrad-Cittanova","latitude":"45.31669000","longitude":"13.56155000"},"op\u0107inalani\u0161\u0107e":{"id":54784,"name":"Op\u0107ina Lani\u0161\u0107e","latitude":"45.43520000","longitude":"14.08196000"},"oprtalj-portole":{"id":54779,"name":"Oprtalj-Portole","latitude":"45.38226000","longitude":"13.82406000"},"pazin":{"id":54800,"name":"Pazin","latitude":"45.24028000","longitude":"13.93667000"},"pore\u010d":{"id":54826,"name":"Pore\u010d","latitude":"45.22567000","longitude":"13.59511000"},"pore\u010d-parenzo":{"id":54827,"name":"Pore\u010d-Parenzo","latitude":"45.22717000","longitude":"13.59653000"},"pula":{"id":54844,"name":"Pula","latitude":"44.86833000","longitude":"13.84806000"},"pula-pola":{"id":54845,"name":"Pula-Pola","latitude":"44.86711000","longitude":"13.84882000"},"rabac":{"id":54850,"name":"Rabac","latitude":"45.07944000","longitude":"14.15750000"},"ra\u0161a":{"id":54855,"name":"Ra\u0161a","latitude":"45.08028000","longitude":"14.07889000"},"rovinj":{"id":54867,"name":"Rovinj","latitude":"45.08000000","longitude":"13.64000000"},"rovinj-rovigno":{"id":54868,"name":"Rovinj-Rovigno","latitude":"45.08190000","longitude":"13.63970000"},"svetanedelja":{"id":54925,"name":"Sveta Nedelja","latitude":"45.14932000","longitude":"14.09889000"},"svetilovre\u010d":{"id":54931,"name":"Sveti Lovre\u010d","latitude":"45.17770000","longitude":"13.74317000"},"tar":{"id":54933,"name":"Tar","latitude":"45.30083000","longitude":"13.62528000"},"tar-vabriga-torreabrega":{"id":54934,"name":"Tar-Vabriga-Torre Abrega","latitude":"45.29946000","longitude":"13.62489000"},"umag":{"id":54949,"name":"Umag","latitude":"45.43139000","longitude":"13.52389000"},"umag-umago":{"id":54950,"name":"Umag-Umago","latitude":"45.43462000","longitude":"13.52589000"},"valbandon":{"id":54951,"name":"Valbandon","latitude":"44.91879000","longitude":"13.81344000"},"vine\u017e":{"id":54967,"name":"Vine\u017e","latitude":"45.09806000","longitude":"14.10694000"},"vi\u0161njan-visignano":{"id":54977,"name":"Vi\u0161njan-Visignano","latitude":"45.27614000","longitude":"13.72128000"},"vi\u017einada-visinada":{"id":54979,"name":"Vi\u017einada-Visinada","latitude":"45.33126000","longitude":"13.75943000"},"vodnjan":{"id":54982,"name":"Vodnjan","latitude":"44.95944000","longitude":"13.85167000"},"vodnjan-dignano":{"id":54983,"name":"Vodnjan-Dignano","latitude":"44.96187000","longitude":"13.85041000"},"vrsar":{"id":54996,"name":"Vrsar","latitude":"45.14917000","longitude":"13.60528000"},"vrsar-orsera":{"id":54997,"name":"Vrsar-Orsera","latitude":"45.15074000","longitude":"13.60558000"},"\u017dminj":{"id":55039,"name":"\u017dminj","latitude":"45.14278000","longitude":"13.90889000"}}},"karlovac":{"id":5069,"name":"Karlovac","state_code":"04","latitude":"45.26133520","longitude":"15.52542016","type":"county"},"koprivnica-kri\u017eevci":{"id":742,"name":"Koprivnica-Kri\u017eevci","state_code":"06","latitude":"46.15689190","longitude":"16.83908260","type":"county","cities":{"drnje":{"id":54469,"name":"Drnje","latitude":"46.20694000","longitude":"16.91694000"},"\u0110elekovec":{"id":55024,"name":"\u0110elekovec","latitude":"46.24989000","longitude":"16.87011000"},"\u0110ur\u0111evac":{"id":55027,"name":"\u0110ur\u0111evac","latitude":"46.03972000","longitude":"17.07168000"},"ferdinandovac":{"id":54481,"name":"Ferdinandovac","latitude":"46.05000000","longitude":"17.20000000"},"gola":{"id":54492,"name":"Gola","latitude":"46.19583000","longitude":"17.05806000"},"gornjarijeka":{"id":54496,"name":"Gornja Rijeka","latitude":"46.10977000","longitude":"16.39079000"},"gradkoprivnica":{"id":54524,"name":"Grad Koprivnica","latitude":"46.16667000","longitude":"16.83333000"},"gradkri\u017eevci":{"id":54527,"name":"Grad Kri\u017eevci","latitude":"46.03333000","longitude":"16.56667000"},"hlebine":{"id":54594,"name":"Hlebine","latitude":"46.15694000","longitude":"16.96278000"},"kalinovac":{"id":54626,"name":"Kalinovac","latitude":"46.02944000","longitude":"17.11556000"},"koprivnica":{"id":54659,"name":"Koprivnica","latitude":"46.16278000","longitude":"16.82750000"},"koprivni\u010dkiivanec":{"id":54660,"name":"Koprivni\u010dki Ivanec","latitude":"46.19907000","longitude":"16.81629000"},"kri\u017eevci":{"id":54670,"name":"Kri\u017eevci","latitude":"46.02194000","longitude":"16.54250000"},"legrad":{"id":54685,"name":"Legrad","latitude":"46.29750000","longitude":"16.85667000"},"molve":{"id":54738,"name":"Molve","latitude":"46.10917000","longitude":"17.03167000"},"novovirje":{"id":54765,"name":"Novo Virje","latitude":"46.09834000","longitude":"17.15215000"},"peteranec":{"id":54803,"name":"Peteranec","latitude":"46.19222000","longitude":"16.89167000"},"rasinja":{"id":54854,"name":"Rasinja","latitude":"46.18389000","longitude":"16.70667000"},"reka":{"id":54857,"name":"Reka","latitude":"46.13028000","longitude":"16.76694000"},"sigetec":{"id":54888,"name":"Sigetec","latitude":"46.18833000","longitude":"16.93583000"},"virje":{"id":54972,"name":"Virje","latitude":"46.06722000","longitude":"16.99000000"}}},"krapina-zagorje":{"id":729,"name":"Krapina-Zagorje","state_code":"02","latitude":"46.10133930","longitude":"15.88096930","type":"county","cities":{"bedekov\u010dina":{"id":54390,"name":"Bedekov\u010dina","latitude":"46.04111000","longitude":"15.99639000"},"budin\u0161\u010dina":{"id":54430,"name":"Budin\u0161\u010dina","latitude":"46.12785000","longitude":"16.20415000"},"\u0110urmanec":{"id":55026,"name":"\u0110urmanec","latitude":"46.19708000","longitude":"15.83786000"},"graddonjastubica":{"id":54510,"name":"Grad Donja Stubica","latitude":"45.97955000","longitude":"15.97069000"},"gradklanjec":{"id":54523,"name":"Grad Klanjec","latitude":"46.04977000","longitude":"15.74615000"},"gradkrapina":{"id":54526,"name":"Grad Krapina","latitude":"46.15968000","longitude":"15.87258000"},"gradzabok":{"id":54566,"name":"Grad Zabok","latitude":"46.02808000","longitude":"15.90855000"},"gradzlatar":{"id":54568,"name":"Grad Zlatar","latitude":"46.09198000","longitude":"16.07695000"},"jesenje":{"id":54622,"name":"Jesenje","latitude":"46.20724000","longitude":"15.88194000"},"klanjec":{"id":54648,"name":"Klanjec","latitude":"46.04982000","longitude":"15.74418000"},"konj\u0161\u010dina":{"id":54657,"name":"Konj\u0161\u010dina","latitude":"46.05435000","longitude":"16.17763000"},"krapina":{"id":54667,"name":"Krapina","latitude":"46.16083000","longitude":"15.87889000"},"kumrovec":{"id":54674,"name":"Kumrovec","latitude":"46.07750000","longitude":"15.67556000"},"ma\u010de":{"id":54725,"name":"Ma\u010de","latitude":"46.09472000","longitude":"16.03528000"},"marijabistrica":{"id":54714,"name":"Marija Bistrica","latitude":"46.00611000","longitude":"16.11111000"},"mihovljan":{"id":54731,"name":"Mihovljan","latitude":"46.13306000","longitude":"15.97222000"},"oroslavje":{"id":54791,"name":"Oroslavje","latitude":"45.99672000","longitude":"15.91507000"},"pregrada":{"id":54832,"name":"Pregrada","latitude":"46.16417000","longitude":"15.75083000"},"radoboj":{"id":54851,"name":"Radoboj","latitude":"46.16639000","longitude":"15.92361000"},"stubi\u010dketoplice":{"id":54918,"name":"Stubi\u010dke Toplice","latitude":"45.97585000","longitude":"15.93238000"},"svetikri\u017eza\u010dretje":{"id":54930,"name":"Sveti Kri\u017e Za\u010dretje","latitude":"46.08224000","longitude":"15.90704000"},"zabok":{"id":55001,"name":"Zabok","latitude":"46.02944000","longitude":"15.91500000"},"zlatar":{"id":55010,"name":"Zlatar","latitude":"46.09417000","longitude":"16.07083000"},"zlatarbistrica":{"id":55011,"name":"Zlatar Bistrica","latitude":"46.04788000","longitude":"16.08527000"}}},"lika-senj":{"id":731,"name":"Lika-Senj","state_code":"09","latitude":"44.61922180","longitude":"15.47016080","type":"county","cities":{"brinje":{"id":54422,"name":"Brinje","latitude":"45.00250000","longitude":"15.13389000"},"gospi\u0107":{"id":54501,"name":"Gospi\u0107","latitude":"44.54611000","longitude":"15.37472000"},"karlobag":{"id":54633,"name":"Karlobag","latitude":"44.52750000","longitude":"15.07389000"},"li\u010dkiosik":{"id":54690,"name":"Li\u010dki Osik","latitude":"44.60389000","longitude":"15.42472000"},"novalja":{"id":54758,"name":"Novalja","latitude":"44.55778000","longitude":"14.88667000"},"oto\u010dac":{"id":54796,"name":"Oto\u010dac","latitude":"44.86944000","longitude":"15.23750000"},"peru\u0161i\u0107":{"id":54802,"name":"Peru\u0161i\u0107","latitude":"44.64944000","longitude":"15.38333000"},"plitvi\u010dkajezera":{"id":54812,"name":"Plitvi\u010dka Jezera","latitude":"44.88053000","longitude":"15.62123000"},"popova\u010da":{"id":54824,"name":"Popova\u010da","latitude":"44.63917000","longitude":"15.17917000"},"senj":{"id":54884,"name":"Senj","latitude":"44.98944000","longitude":"14.90583000"}}},"me\u0111imurje":{"id":726,"name":"Me\u0111imurje","state_code":"20","latitude":"46.37666440","longitude":"16.42132980","type":"county","cities":{"belica":{"id":54392,"name":"Belica","latitude":"46.40417000","longitude":"16.51833000"},"\u010cakovec":{"id":55015,"name":"\u010cakovec","latitude":"46.38444000","longitude":"16.43389000"},"dekanovec":{"id":54451,"name":"Dekanovec","latitude":"46.44861000","longitude":"16.58472000"},"doma\u0161inec":{"id":54455,"name":"Doma\u0161inec","latitude":"46.43250000","longitude":"16.60000000"},"gori\u010dan":{"id":54493,"name":"Gori\u010dan","latitude":"46.38417000","longitude":"16.68083000"},"grad\u010cakovec":{"id":54570,"name":"Grad \u010cakovec","latitude":"46.38583000","longitude":"16.43333000"},"hodo\u0161an":{"id":54595,"name":"Hodo\u0161an","latitude":"46.39528000","longitude":"16.64389000"},"ivanovec":{"id":54606,"name":"Ivanovec","latitude":"46.36833000","longitude":"16.47667000"},"kotoriba":{"id":54663,"name":"Kotoriba","latitude":"46.35500000","longitude":"16.81806000"},"kur\u0161anec":{"id":54675,"name":"Kur\u0161anec","latitude":"46.33028000","longitude":"16.40167000"},"lopatinec":{"id":54697,"name":"Lopatinec","latitude":"46.43333000","longitude":"16.38333000"},"ma\u010dkovec":{"id":54726,"name":"Ma\u010dkovec","latitude":"46.42417000","longitude":"16.43361000"},"malasubotica":{"id":54711,"name":"Mala Subotica","latitude":"46.37616000","longitude":"16.52893000"},"mihovljan":{"id":54730,"name":"Mihovljan","latitude":"46.40861000","longitude":"16.44806000"},"murskosredi\u0161\u0107e":{"id":54744,"name":"Mursko Sredi\u0161\u0107e","latitude":"46.50944000","longitude":"16.44111000"},"nedeli\u0161\u0107e":{"id":54749,"name":"Nedeli\u0161\u0107e","latitude":"46.37583000","longitude":"16.38750000"},"novoselorok":{"id":54764,"name":"Novo Selo Rok","latitude":"46.42839000","longitude":"16.46215000"},"orehovica":{"id":54788,"name":"Orehovica","latitude":"46.33167000","longitude":"16.50694000"},"peklenica":{"id":54801,"name":"Peklenica","latitude":"46.49528000","longitude":"16.47611000"},"podturen":{"id":54818,"name":"Podturen","latitude":"46.46472000","longitude":"16.54306000"},"prelog":{"id":54834,"name":"Prelog","latitude":"46.33500000","longitude":"16.61556000"},"pribislavec":{"id":54836,"name":"Pribislavec","latitude":"46.39250000","longitude":"16.48250000"},"\u0160enkovec":{"id":55029,"name":"\u0160enkovec","latitude":"46.40889000","longitude":"16.42167000"},"strahoninec":{"id":54915,"name":"Strahoninec","latitude":"46.36889000","longitude":"16.41500000"},"svetijurajnabregu":{"id":54929,"name":"Sveti Juraj na Bregu","latitude":"46.42853000","longitude":"16.38525000"},"vrati\u0161inec":{"id":54988,"name":"Vrati\u0161inec","latitude":"46.47806000","longitude":"16.45778000"}}},"osijek-baranja":{"id":740,"name":"Osijek-Baranja","state_code":"14","latitude":"45.55764280","longitude":"18.39421410","type":"county","cities":{"antunovac":{"id":54381,"name":"Antunovac","latitude":"45.49083000","longitude":"18.67500000"},"belimanastir":{"id":54391,"name":"Beli Manastir","latitude":"45.77000000","longitude":"18.60361000"},"beli\u0161\u0107e":{"id":54393,"name":"Beli\u0161\u0107e","latitude":"45.68028000","longitude":"18.40583000"},"bijelobrdo":{"id":54398,"name":"Bijelo Brdo","latitude":"45.51722000","longitude":"18.87083000"},"bilje":{"id":54399,"name":"Bilje","latitude":"45.60694000","longitude":"18.74389000"},"bistrinci":{"id":54402,"name":"Bistrinci","latitude":"45.69167000","longitude":"18.39861000"},"bizovac":{"id":54403,"name":"Bizovac","latitude":"45.59278000","longitude":"18.45889000"},"brijest":{"id":54421,"name":"Brijest","latitude":"45.52056000","longitude":"18.67194000"},"budrovci":{"id":54431,"name":"Budrovci","latitude":"45.27111000","longitude":"18.44861000"},"\u010ceminac":{"id":55020,"name":"\u010ceminac","latitude":"45.68639000","longitude":"18.66750000"},"\u010cepin":{"id":55021,"name":"\u010cepin","latitude":"45.52361000","longitude":"18.56333000"},"dalj":{"id":54447,"name":"Dalj","latitude":"45.48438000","longitude":"18.98610000"},"darda":{"id":54448,"name":"Darda","latitude":"45.62806000","longitude":"18.69972000"},"donjimiholjac":{"id":54461,"name":"Donji Miholjac","latitude":"45.76083000","longitude":"18.16722000"},"dra\u017e":{"id":54464,"name":"Dra\u017e","latitude":"45.84222000","longitude":"18.78861000"},"\u0110akovo":{"id":55023,"name":"\u0110akovo","latitude":"45.30833000","longitude":"18.41056000"},"\u0110ur\u0111enovac":{"id":55014,"name":"\u0110ur\u0111enovac","latitude":"45.54333000","longitude":"18.04583000"},"erdut":{"id":54476,"name":"Erdut","latitude":"45.52639000","longitude":"19.06028000"},"ernestinovo":{"id":54477,"name":"Ernestinovo","latitude":"45.45194000","longitude":"18.65917000"},"feri\u010danci":{"id":54482,"name":"Feri\u010danci","latitude":"45.52889000","longitude":"17.97583000"},"gorjani":{"id":54494,"name":"Gorjani","latitude":"45.39889000","longitude":"18.37222000"},"gradbelimanastir":{"id":54503,"name":"Grad Beli Manastir","latitude":"45.77219000","longitude":"18.61084000"},"graddonjimiholjac":{"id":54511,"name":"Grad Donji Miholjac","latitude":"45.75000000","longitude":"18.16667000"},"gradna\u0161ice":{"id":54533,"name":"Grad Na\u0161ice","latitude":"45.50000000","longitude":"18.10000000"},"gradosijek":{"id":54540,"name":"Grad Osijek","latitude":"45.58333000","longitude":"18.66667000"},"gradvalpovo":{"id":54556,"name":"Grad Valpovo","latitude":"45.66667000","longitude":"18.41667000"},"jagodnjak":{"id":54610,"name":"Jagodnjak","latitude":"45.69917000","longitude":"18.57694000"},"jelisavac":{"id":54619,"name":"Jelisavac","latitude":"45.52889000","longitude":"18.15611000"},"josipovac":{"id":54624,"name":"Josipovac","latitude":"45.58278000","longitude":"18.58139000"},"karanac":{"id":54632,"name":"Karanac","latitude":"45.76056000","longitude":"18.68444000"},"kne\u017eevivinogradi":{"id":54651,"name":"Kne\u017eevi Vinogradi","latitude":"45.75028000","longitude":"18.73306000"},"ko\u0161ka":{"id":54664,"name":"Ko\u0161ka","latitude":"45.54528000","longitude":"18.28583000"},"ku\u0161evac":{"id":54680,"name":"Ku\u0161evac","latitude":"45.34778000","longitude":"18.42889000"},"ladimirevci":{"id":54682,"name":"Ladimirevci","latitude":"45.62556000","longitude":"18.44861000"},"laslovo":{"id":54683,"name":"Laslovo","latitude":"45.41500000","longitude":"18.69611000"},"magadenovac":{"id":54709,"name":"Magadenovac","latitude":"45.66159000","longitude":"18.18679000"},"marijanci":{"id":54715,"name":"Marijanci","latitude":"45.66645000","longitude":"18.29284000"},"marjanci":{"id":54717,"name":"Marjanci","latitude":"45.66694000","longitude":"18.29222000"},"markovacna\u0161i\u010dki":{"id":54718,"name":"Markovac Na\u0161i\u010dki","latitude":"45.49389000","longitude":"18.12556000"},"martin":{"id":54720,"name":"Martin","latitude":"45.49222000","longitude":"18.06667000"},"na\u0161ice":{"id":54748,"name":"Na\u0161ice","latitude":"45.48861000","longitude":"18.08778000"},"osijek":{"id":54792,"name":"Osijek","latitude":"45.55111000","longitude":"18.69389000"},"petlovac":{"id":54804,"name":"Petlovac","latitude":"45.75833000","longitude":"18.52806000"},"petrijevci":{"id":54806,"name":"Petrijevci","latitude":"45.61278000","longitude":"18.53528000"},"pi\u0161korevci":{"id":54810,"name":"Pi\u0161korevci","latitude":"45.25528000","longitude":"18.40417000"},"podgora\u010d":{"id":54814,"name":"Podgora\u010d","latitude":"45.45861000","longitude":"18.22278000"},"podravskamoslavina":{"id":54816,"name":"Podravska Moslavina","latitude":"45.78456000","longitude":"17.98410000"},"sarva\u0161":{"id":54877,"name":"Sarva\u0161","latitude":"45.52722000","longitude":"18.83750000"},"satnica\u0110akova\u010dka":{"id":54878,"name":"Satnica \u0110akova\u010dka","latitude":"45.35367000","longitude":"18.37729000"},"semeljci":{"id":54883,"name":"Semeljci","latitude":"45.36056000","longitude":"18.54361000"},"\u0160irokopolje":{"id":55031,"name":"\u0160iroko Polje","latitude":"45.40528000","longitude":"18.47250000"},"\u0160odolovci":{"id":55034,"name":"\u0160odolovci","latitude":"45.40000000","longitude":"18.62028000"},"strizivojna":{"id":54916,"name":"Strizivojna","latitude":"45.22611000","longitude":"18.42389000"},"tenja":{"id":54935,"name":"Tenja","latitude":"45.49806000","longitude":"18.74722000"},"valpovo":{"id":54952,"name":"Valpovo","latitude":"45.66083000","longitude":"18.41861000"},"velimirovac":{"id":54963,"name":"Velimirovac","latitude":"45.52361000","longitude":"18.10944000"},"viljevo":{"id":54966,"name":"Viljevo","latitude":"45.75139000","longitude":"18.06306000"},"vi\u0161kovci":{"id":54975,"name":"Vi\u0161kovci","latitude":"45.34500000","longitude":"18.46222000"},"vi\u0161njevac":{"id":54978,"name":"Vi\u0161njevac","latitude":"45.56861000","longitude":"18.61389000"},"vladislavci":{"id":54980,"name":"Vladislavci","latitude":"45.45944000","longitude":"18.57417000"},"vuka":{"id":54999,"name":"Vuka","latitude":"45.43389000","longitude":"18.50500000"}}},"po\u017eega-slavonia":{"id":724,"name":"Po\u017eega-Slavonia","state_code":"11","latitude":"45.34178680","longitude":"17.81143590","type":"county","cities":{"brestovac":{"id":54415,"name":"Brestovac","latitude":"45.33056000","longitude":"17.59694000"},"gradpakrac":{"id":54541,"name":"Grad Pakrac","latitude":"45.43333000","longitude":"17.20000000"},"gradpo\u017eega":{"id":54545,"name":"Grad Po\u017eega","latitude":"45.33333000","longitude":"17.66667000"},"jak\u0161i\u0107":{"id":54612,"name":"Jak\u0161i\u0107","latitude":"45.35765000","longitude":"17.76502000"},"kaptol":{"id":54631,"name":"Kaptol","latitude":"45.43472000","longitude":"17.72611000"},"kutjevo":{"id":54677,"name":"Kutjevo","latitude":"45.42611000","longitude":"17.88250000"},"lipik":{"id":54688,"name":"Lipik","latitude":"45.41139000","longitude":"17.15222000"},"pakrac":{"id":54799,"name":"Pakrac","latitude":"45.43639000","longitude":"17.18889000"},"pleternica":{"id":54811,"name":"Pleternica","latitude":"45.28861000","longitude":"17.80639000"},"po\u017eega":{"id":54830,"name":"Po\u017eega","latitude":"45.34028000","longitude":"17.68528000"},"velika":{"id":54955,"name":"Velika","latitude":"45.45444000","longitude":"17.66139000"},"vidovci":{"id":54964,"name":"Vidovci","latitude":"45.33250000","longitude":"17.71472000"}}},"primorje-gorskikotar":{"id":735,"name":"Primorje-Gorski Kotar","state_code":"08","latitude":"45.31739960","longitude":"14.81674660","type":"county","cities":{"bakar":{"id":54383,"name":"Bakar","latitude":"45.30861000","longitude":"14.53028000"},"banjol":{"id":54386,"name":"Banjol","latitude":"44.75000000","longitude":"14.78333000"},"ba\u0161ka":{"id":54388,"name":"Ba\u0161ka","latitude":"44.97028000","longitude":"14.75333000"},"bribir":{"id":54420,"name":"Bribir","latitude":"45.16111000","longitude":"14.76472000"},"buzdohanj":{"id":54435,"name":"Buzdohanj","latitude":"45.34528000","longitude":"14.48833000"},"\u010cavle":{"id":55016,"name":"\u010cavle","latitude":"45.35194000","longitude":"14.48389000"},"cernik":{"id":54442,"name":"Cernik","latitude":"45.34361000","longitude":"14.50222000"},"cres":{"id":54444,"name":"Cres","latitude":"44.96111000","longitude":"14.40840000"},"crikvenica":{"id":54445,"name":"Crikvenica","latitude":"45.17722000","longitude":"14.69278000"},"delnice":{"id":54452,"name":"Delnice","latitude":"45.40083000","longitude":"14.79972000"},"dra\u017eice":{"id":54465,"name":"Dra\u017eice","latitude":"45.39083000","longitude":"14.47028000"},"drenova":{"id":54466,"name":"Drenova","latitude":"45.35000000","longitude":"14.43028000"},"fu\u017eine":{"id":54485,"name":"Fu\u017eine","latitude":"45.30528000","longitude":"14.71556000"},"grad\u010cabar":{"id":54569,"name":"Grad \u010cabar","latitude":"45.58333000","longitude":"14.58333000"},"gradcrikvenica":{"id":54507,"name":"Grad Crikvenica","latitude":"45.16667000","longitude":"14.70000000"},"graddelnice":{"id":54509,"name":"Grad Delnice","latitude":"45.39806000","longitude":"14.80111000"},"gradkrk":{"id":54528,"name":"Grad Krk","latitude":"45.02829000","longitude":"14.57233000"},"gradopatija":{"id":54538,"name":"Grad Opatija","latitude":"45.33333000","longitude":"14.26667000"},"gradrijeka":{"id":54546,"name":"Grad Rijeka","latitude":"45.32693000","longitude":"14.43758000"},"gradvrbovsko":{"id":54563,"name":"Grad Vrbovsko","latitude":"45.37542000","longitude":"15.07856000"},"hreljin":{"id":54598,"name":"Hreljin","latitude":"45.28250000","longitude":"14.59917000"},"jadranovo":{"id":54609,"name":"Jadranovo","latitude":"45.23111000","longitude":"14.61833000"},"kampor":{"id":54628,"name":"Kampor","latitude":"44.77500000","longitude":"14.71861000"},"kastav":{"id":54635,"name":"Kastav","latitude":"45.37528000","longitude":"14.34861000"},"klana":{"id":54647,"name":"Klana","latitude":"45.44694000","longitude":"14.37694000"},"kraljevica":{"id":54666,"name":"Kraljevica","latitude":"45.27395000","longitude":"14.56830000"},"krasica":{"id":54668,"name":"Krasica","latitude":"45.30972000","longitude":"14.55556000"},"krk":{"id":54671,"name":"Krk","latitude":"45.02744000","longitude":"14.57542000"},"lopar":{"id":54696,"name":"Lopar","latitude":"44.83250000","longitude":"14.73028000"},"lovran":{"id":54699,"name":"Lovran","latitude":"45.29194000","longitude":"14.27417000"},"malilo\u0161inj":{"id":54712,"name":"Mali Lo\u0161inj","latitude":"44.53056000","longitude":"14.46861000"},"malinska-duba\u0161nica":{"id":54713,"name":"Malinska-Duba\u0161nica","latitude":"45.12277000","longitude":"14.52873000"},"mar\u010delji":{"id":54723,"name":"Mar\u010delji","latitude":"45.39611000","longitude":"14.38944000"},"marini\u0107i":{"id":54716,"name":"Marini\u0107i","latitude":"45.36500000","longitude":"14.39389000"},"matulji":{"id":54724,"name":"Matulji","latitude":"45.36167000","longitude":"14.32500000"},"mihoti\u0107i":{"id":54729,"name":"Mihoti\u0107i","latitude":"45.36125000","longitude":"14.30553000"},"mrkopalj":{"id":54743,"name":"Mrkopalj","latitude":"45.31556000","longitude":"14.85528000"},"njivice":{"id":54755,"name":"Njivice","latitude":"45.15806000","longitude":"14.53861000"},"novivinodolski":{"id":54759,"name":"Novi Vinodolski","latitude":"45.12806000","longitude":"14.78889000"},"omi\u0161alj":{"id":54776,"name":"Omi\u0161alj","latitude":"45.21134000","longitude":"14.55495000"},"opatija":{"id":54777,"name":"Opatija","latitude":"45.33771000","longitude":"14.30515000"},"podhum":{"id":54815,"name":"Podhum","latitude":"45.38722000","longitude":"14.47944000"},"punat":{"id":54846,"name":"Punat","latitude":"45.01472000","longitude":"14.62889000"},"rab":{"id":54849,"name":"Rab","latitude":"44.75769000","longitude":"14.75906000"},"rijeka":{"id":54863,"name":"Rijeka","latitude":"45.32673000","longitude":"14.44241000"},"rube\u0161i":{"id":54870,"name":"Rube\u0161i","latitude":"45.36694000","longitude":"14.34806000"},"selce":{"id":54882,"name":"Selce","latitude":"45.15639000","longitude":"14.72111000"},"skrad":{"id":54893,"name":"Skrad","latitude":"45.42778000","longitude":"14.91111000"},"\u0160krljevo":{"id":55033,"name":"\u0160krljevo","latitude":"45.32053000","longitude":"14.53268000"},"supetarskadraga":{"id":54924,"name":"Supetarska Draga","latitude":"44.79750000","longitude":"14.72472000"},"vinodolskaop\u0107ina":{"id":54970,"name":"Vinodolska op\u0107ina","latitude":"45.22219000","longitude":"14.68941000"},"vi\u0161kovo":{"id":54976,"name":"Vi\u0161kovo","latitude":"45.37572000","longitude":"14.38400000"},"vrbnik":{"id":54990,"name":"Vrbnik","latitude":"45.07583000","longitude":"14.67250000"},"vrbovsko":{"id":54992,"name":"Vrbovsko","latitude":"45.36861000","longitude":"15.07833000"}}},"\u0160ibenik-knin":{"id":730,"name":"\u0160ibenik-Knin","state_code":"15","latitude":"43.92814850","longitude":"16.10376940","type":"county","cities":{"brodarica":{"id":54424,"name":"Brodarica","latitude":"43.68000000","longitude":"15.91972000"},"drni\u0161":{"id":54468,"name":"Drni\u0161","latitude":"43.86250000","longitude":"16.15556000"},"graddrni\u0161":{"id":54512,"name":"Grad Drni\u0161","latitude":"43.83333000","longitude":"16.16667000"},"grad\u0160ibenik":{"id":54572,"name":"Grad \u0160ibenik","latitude":"43.73576000","longitude":"15.89602000"},"kistanje":{"id":54646,"name":"Kistanje","latitude":"43.98278000","longitude":"15.96500000"},"knin":{"id":54652,"name":"Knin","latitude":"44.04063000","longitude":"16.19662000"},"murter":{"id":54745,"name":"Murter","latitude":"43.82043000","longitude":"15.58988000"},"murter-kornati":{"id":54746,"name":"Murter-Kornati","latitude":"43.80959000","longitude":"15.60024000"},"pirovac":{"id":54808,"name":"Pirovac","latitude":"43.81917000","longitude":"15.67278000"},"primo\u0161ten":{"id":54839,"name":"Primo\u0161ten","latitude":"43.58632000","longitude":"15.92302000"},"promina":{"id":54843,"name":"Promina","latitude":"43.95798000","longitude":"16.09737000"},"rogoznica":{"id":54864,"name":"Rogoznica","latitude":"43.52472000","longitude":"15.97000000"},"rogoznicaop\u0107ina":{"id":54865,"name":"Rogoznica Op\u0107ina","latitude":"43.53620000","longitude":"15.97086000"},"\u0160ibenik":{"id":55030,"name":"\u0160ibenik","latitude":"43.72722000","longitude":"15.90583000"},"skradin":{"id":54894,"name":"Skradin","latitude":"43.82028000","longitude":"15.92361000"},"tisno":{"id":54936,"name":"Tisno","latitude":"43.80417000","longitude":"15.64333000"},"tribunj":{"id":54940,"name":"Tribunj","latitude":"43.75547000","longitude":"15.74444000"},"vodice":{"id":54981,"name":"Vodice","latitude":"43.76083000","longitude":"15.78278000"}}},"sisak-moslavina":{"id":733,"name":"Sisak-Moslavina","state_code":"03","latitude":"45.38379260","longitude":"16.53809940","type":"county","cities":{"buda\u0161evo":{"id":54429,"name":"Buda\u0161evo","latitude":"45.47472000","longitude":"16.43667000"},"dvor":{"id":54475,"name":"Dvor","latitude":"45.07306000","longitude":"16.37083000"},"glina":{"id":54491,"name":"Glina","latitude":"45.33806000","longitude":"16.08806000"},"gradglina":{"id":54516,"name":"Grad Glina","latitude":"45.33333000","longitude":"16.10000000"},"gradhrvatskakostajnica":{"id":54518,"name":"Grad Hrvatska Kostajnica","latitude":"45.25000000","longitude":"16.56667000"},"gradkutina":{"id":54529,"name":"Grad Kutina","latitude":"45.50000000","longitude":"16.75000000"},"gradnovska":{"id":54536,"name":"Grad Novska","latitude":"45.33333000","longitude":"17.00000000"},"gradpetrinja":{"id":54543,"name":"Grad Petrinja","latitude":"45.43333000","longitude":"16.26667000"},"gradsisak":{"id":54549,"name":"Grad Sisak","latitude":"45.50000000","longitude":"16.36667000"},"gvozd":{"id":54592,"name":"Gvozd","latitude":"45.35305000","longitude":"15.86563000"},"hrvatskakostajnica":{"id":54600,"name":"Hrvatska Kostajnica","latitude":"45.23167000","longitude":"16.53917000"},"kutina":{"id":54676,"name":"Kutina","latitude":"45.47500000","longitude":"16.78194000"},"lekenik":{"id":54686,"name":"Lekenik","latitude":"45.58556000","longitude":"16.21139000"},"lipovljani":{"id":54689,"name":"Lipovljani","latitude":"45.39667000","longitude":"16.88972000"},"martinskaves":{"id":54721,"name":"Martinska Ves","latitude":"45.58670000","longitude":"16.37465000"},"novska":{"id":54768,"name":"Novska","latitude":"45.34056000","longitude":"16.97694000"},"op\u0107inadvor":{"id":54782,"name":"Op\u0107ina Dvor","latitude":"45.10000000","longitude":"16.30000000"},"op\u0107inagvozd":{"id":54783,"name":"Op\u0107ina Gvozd","latitude":"45.33333000","longitude":"15.90000000"},"petrinja":{"id":54807,"name":"Petrinja","latitude":"45.43750000","longitude":"16.29000000"},"popova\u010da":{"id":54825,"name":"Popova\u010da","latitude":"45.56972000","longitude":"16.62500000"},"repu\u0161nica":{"id":54859,"name":"Repu\u0161nica","latitude":"45.49278000","longitude":"16.73083000"},"sisak":{"id":54892,"name":"Sisak","latitude":"45.46611000","longitude":"16.37833000"},"sunja":{"id":54922,"name":"Sunja","latitude":"45.36850000","longitude":"16.56702000"},"voloder":{"id":54984,"name":"Voloder","latitude":"45.54806000","longitude":"16.67889000"}}},"split-dalmatia":{"id":725,"name":"Split-Dalmatia","state_code":"17","latitude":"43.52403280","longitude":"16.81783770","type":"county","cities":{"ba\u0161kavoda":{"id":54389,"name":"Ba\u0161ka Voda","latitude":"43.35694000","longitude":"16.95028000"},"bol":{"id":54407,"name":"Bol","latitude":"43.26194000","longitude":"16.65500000"},"brela":{"id":54414,"name":"Brela","latitude":"43.36889000","longitude":"16.93417000"},"brnaze":{"id":54423,"name":"Brnaze","latitude":"43.68000000","longitude":"16.64972000"},"dicmo":{"id":54454,"name":"Dicmo","latitude":"43.63678000","longitude":"16.58978000"},"donjivinjani":{"id":54463,"name":"Donji Vinjani","latitude":"43.44613000","longitude":"17.24064000"},"du\u0107e":{"id":54474,"name":"Du\u0107e","latitude":"43.44278000","longitude":"16.66833000"},"dugiratop\u0107ina":{"id":54472,"name":"Dugi Rat Op\u0107ina","latitude":"43.44923000","longitude":"16.64738000"},"dugopolje":{"id":54473,"name":"Dugopolje","latitude":"43.58056000","longitude":"16.60278000"},"gala":{"id":54486,"name":"Gala","latitude":"43.71500000","longitude":"16.72694000"},"grabovci":{"id":54502,"name":"Grabovci","latitude":"43.49278000","longitude":"17.20111000"},"gradhvar":{"id":54519,"name":"Grad Hvar","latitude":"43.17263000","longitude":"16.44550000"},"gradimotski":{"id":54520,"name":"Grad Imotski","latitude":"43.43333000","longitude":"17.16667000"},"gradmakarska":{"id":54532,"name":"Grad Makarska","latitude":"43.30000000","longitude":"17.03333000"},"gradomi\u0161":{"id":54537,"name":"Grad Omi\u0161","latitude":"43.46667000","longitude":"16.70000000"},"gradsinj":{"id":54548,"name":"Grad Sinj","latitude":"43.72285000","longitude":"16.65819000"},"gradsplit":{"id":54552,"name":"Grad Split","latitude":"43.50000000","longitude":"16.50000000"},"gradsupetar":{"id":54553,"name":"Grad Supetar","latitude":"43.38444000","longitude":"16.55528000"},"gradtrogir":{"id":54555,"name":"Grad Trogir","latitude":"43.52061000","longitude":"16.25144000"},"gradvis":{"id":54561,"name":"Grad Vis","latitude":"43.05315000","longitude":"16.18698000"},"gradvrgorac":{"id":54564,"name":"Grad Vrgorac","latitude":"43.20000000","longitude":"17.36667000"},"gradac":{"id":54574,"name":"Gradac","latitude":"43.10583000","longitude":"17.34167000"},"greda":{"id":54584,"name":"Greda","latitude":"43.61528000","longitude":"16.69361000"},"grubine":{"id":54587,"name":"Grubine","latitude":"43.42986000","longitude":"17.16292000"},"hrvace":{"id":54599,"name":"Hrvace","latitude":"43.76333000","longitude":"16.61500000"},"hvar":{"id":54601,"name":"Hvar","latitude":"43.17250000","longitude":"16.44278000"},"imotski":{"id":54603,"name":"Imotski","latitude":"43.44667000","longitude":"17.21667000"},"jelsa":{"id":54620,"name":"Jelsa","latitude":"43.16139000","longitude":"16.69306000"},"jesenice":{"id":54621,"name":"Jesenice","latitude":"43.46158000","longitude":"16.60197000"},"kamen":{"id":54627,"name":"Kamen","latitude":"43.51417000","longitude":"16.51472000"},"ka\u0161telgomilica":{"id":54637,"name":"Ka\u0161tel Gomilica","latitude":"43.55000000","longitude":"16.40000000"},"ka\u0161telkambelovac":{"id":54638,"name":"Ka\u0161tel Kambelovac","latitude":"43.55000000","longitude":"16.38333000"},"ka\u0161telluk\u0161i\u0107":{"id":54639,"name":"Ka\u0161tel Luk\u0161i\u0107","latitude":"43.55528000","longitude":"16.36750000"},"ka\u0161telnovi":{"id":54640,"name":"Ka\u0161tel Novi","latitude":"43.55000000","longitude":"16.33333000"},"ka\u0161tel\u0160tafili\u0107":{"id":54642,"name":"Ka\u0161tel \u0160tafili\u0107","latitude":"43.55000000","longitude":"16.33333000"},"ka\u0161telstari":{"id":54641,"name":"Ka\u0161tel Stari","latitude":"43.55000000","longitude":"16.35000000"},"ka\u0161tela":{"id":54643,"name":"Ka\u0161tela","latitude":"43.53865000","longitude":"16.30740000"},"klis":{"id":54650,"name":"Klis","latitude":"43.55944000","longitude":"16.51944000"},"komi\u017ea":{"id":54654,"name":"Komi\u017ea","latitude":"43.04306000","longitude":"16.09306000"},"ko\u0161ute":{"id":54665,"name":"Ko\u0161ute","latitude":"43.63083000","longitude":"16.69500000"},"lokvi\u010di\u0107i":{"id":54694,"name":"Lokvi\u010di\u0107i","latitude":"43.46428000","longitude":"17.09142000"},"lovre\u0107":{"id":54700,"name":"Lovre\u0107","latitude":"43.48761000","longitude":"16.98632000"},"makarska":{"id":54710,"name":"Makarska","latitude":"43.29694000","longitude":"17.01778000"},"milna":{"id":54733,"name":"Milna","latitude":"43.32667000","longitude":"16.45083000"},"mravince":{"id":54742,"name":"Mravince","latitude":"43.53333000","longitude":"16.52194000"},"mu\u0107":{"id":54747,"name":"Mu\u0107","latitude":"43.69328000","longitude":"16.47267000"},"nere\u017ei\u0161\u0107a":{"id":54752,"name":"Nere\u017ei\u0161\u0107a","latitude":"43.32959000","longitude":"16.57743000"},"okrug":{"id":54772,"name":"Okrug","latitude":"43.49638000","longitude":"16.26732000"},"okruggornji":{"id":54773,"name":"Okrug Gornji","latitude":"43.49473000","longitude":"16.26531000"},"omi\u0161":{"id":54775,"name":"Omi\u0161","latitude":"43.44472000","longitude":"16.68861000"},"otok":{"id":54795,"name":"Otok","latitude":"43.68661000","longitude":"16.73488000"},"podstrana":{"id":54817,"name":"Podstrana","latitude":"43.48668000","longitude":"16.55013000"},"postira":{"id":54829,"name":"Postira","latitude":"43.37551000","longitude":"16.63091000"},"prolo\u017eac":{"id":54842,"name":"Prolo\u017eac","latitude":"43.46690000","longitude":"17.15507000"},"pu\u010di\u0161\u0107a":{"id":54847,"name":"Pu\u010di\u0161\u0107a","latitude":"43.34778000","longitude":"16.73389000"},"runovi\u0107":{"id":54872,"name":"Runovi\u0107","latitude":"43.37667000","longitude":"17.23667000"},"runovi\u0107i":{"id":54873,"name":"Runovi\u0107i","latitude":"43.38704000","longitude":"17.23892000"},"seget":{"id":54879,"name":"Seget","latitude":"43.54305000","longitude":"16.21222000"},"segetvranjica":{"id":54880,"name":"Seget Vranjica","latitude":"43.50999000","longitude":"16.18704000"},"selca":{"id":54881,"name":"Selca","latitude":"43.29722000","longitude":"16.85083000"},"sinj":{"id":54890,"name":"Sinj","latitude":"43.70361000","longitude":"16.63944000"},"slatine":{"id":54896,"name":"Slatine","latitude":"43.49944000","longitude":"16.33333000"},"solin":{"id":54901,"name":"Solin","latitude":"43.54320000","longitude":"16.49314000"},"\u0160olta":{"id":55035,"name":"\u0160olta","latitude":"43.38714000","longitude":"16.28865000"},"split":{"id":54904,"name":"Split","latitude":"43.50891000","longitude":"16.43915000"},"srinjine":{"id":54906,"name":"Srinjine","latitude":"43.48333000","longitude":"16.60000000"},"starigrad":{"id":54907,"name":"Stari Grad","latitude":"43.18472000","longitude":"16.59528000"},"stobre\u010d":{"id":54913,"name":"Stobre\u010d","latitude":"43.50250000","longitude":"16.52222000"},"supetar":{"id":54923,"name":"Supetar","latitude":"43.38417000","longitude":"16.55083000"},"trilj":{"id":54941,"name":"Trilj","latitude":"43.61833000","longitude":"16.72417000"},"trogir":{"id":54942,"name":"Trogir","latitude":"43.51250000","longitude":"16.25167000"},"tu\u010depi":{"id":54946,"name":"Tu\u010depi","latitude":"43.27222000","longitude":"17.05444000"},"turjaci":{"id":54945,"name":"Turjaci","latitude":"43.65000000","longitude":"16.66917000"},"velikidrvenik":{"id":54961,"name":"Veliki Drvenik","latitude":"43.45000000","longitude":"16.15000000"},"vis":{"id":54974,"name":"Vis","latitude":"43.06194000","longitude":"16.18306000"},"vranjic":{"id":54987,"name":"Vranjic","latitude":"43.53333000","longitude":"16.46667000"},"vrgorac":{"id":54993,"name":"Vrgorac","latitude":"43.20583000","longitude":"17.37111000"},"vrlika":{"id":54994,"name":"Vrlika","latitude":"43.91098000","longitude":"16.39933000"},"zagvozd":{"id":55005,"name":"Zagvozd","latitude":"43.39750000","longitude":"17.05694000"},"zmijavci":{"id":55012,"name":"Zmijavci","latitude":"43.41083000","longitude":"17.20556000"},"\u017drnovnica":{"id":55040,"name":"\u017drnovnica","latitude":"43.52111000","longitude":"16.55917000"}}},"vara\u017edin":{"id":739,"name":"Vara\u017edin","state_code":"05","latitude":"46.23174730","longitude":"16.33605590","type":"county","cities":{"beretinec":{"id":54395,"name":"Beretinec","latitude":"46.25000000","longitude":"16.30000000"},"breznica":{"id":54416,"name":"Breznica","latitude":"46.07111000","longitude":"16.27111000"},"brezni\u010dkihum":{"id":54417,"name":"Brezni\u010dki Hum","latitude":"46.10722000","longitude":"16.27667000"},"cestica":{"id":54443,"name":"Cestica","latitude":"46.37167000","longitude":"16.12528000"},"donjeladanje":{"id":54459,"name":"Donje Ladanje","latitude":"46.30000000","longitude":"16.16667000"},"gornjevratno":{"id":54497,"name":"Gornje Vratno","latitude":"46.35917000","longitude":"16.15444000"},"gornjikneginec":{"id":54500,"name":"Gornji Kneginec","latitude":"46.25051000","longitude":"16.37555000"},"gradivanec":{"id":54521,"name":"Grad Ivanec","latitude":"46.23333000","longitude":"16.13333000"},"gradludbreg":{"id":54531,"name":"Grad Ludbreg","latitude":"46.25000000","longitude":"16.63333000"},"gradnovimarof":{"id":54535,"name":"Grad Novi Marof","latitude":"46.16667000","longitude":"16.33333000"},"gradvara\u017edin":{"id":54557,"name":"Grad Vara\u017edin","latitude":"46.30354000","longitude":"16.33444000"},"hra\u0161\u0107ica":{"id":54597,"name":"Hra\u0161\u0107ica","latitude":"46.32494000","longitude":"16.29427000"},"ivanec":{"id":54604,"name":"Ivanec","latitude":"46.22306000","longitude":"16.12000000"},"jalkovec":{"id":54613,"name":"Jalkovec","latitude":"46.28083000","longitude":"16.31972000"},"jal\u017eabet":{"id":54614,"name":"Jal\u017eabet","latitude":"46.26083000","longitude":"16.47500000"},"klenovnik":{"id":54649,"name":"Klenovnik","latitude":"46.27028000","longitude":"16.07000000"},"ku\u0107anmarof":{"id":54678,"name":"Ku\u0107an Marof","latitude":"46.28944000","longitude":"16.37222000"},"lepoglava":{"id":54687,"name":"Lepoglava","latitude":"46.21056000","longitude":"16.03556000"},"ljube\u0161\u0107ica":{"id":54693,"name":"Ljube\u0161\u0107ica","latitude":"46.16667000","longitude":"16.38333000"},"ludbreg":{"id":54701,"name":"Ludbreg","latitude":"46.25194000","longitude":"16.61472000"},"nedeljanec":{"id":54750,"name":"Nedeljanec","latitude":"46.28778000","longitude":"16.28333000"},"petrijanec":{"id":54805,"name":"Petrijanec","latitude":"46.34917000","longitude":"16.22500000"},"remetinec":{"id":54858,"name":"Remetinec","latitude":"46.18528000","longitude":"16.32778000"},"sra\u010dinec":{"id":54905,"name":"Sra\u010dinec","latitude":"46.32944000","longitude":"16.27889000"},"sveti\u0110ur\u0111":{"id":54932,"name":"Sveti \u0110ur\u0111","latitude":"46.28331000","longitude":"16.60438000"},"tu\u017eno":{"id":54947,"name":"Tu\u017eno","latitude":"46.25667000","longitude":"16.23500000"},"vara\u017edin":{"id":54953,"name":"Vara\u017edin","latitude":"46.30444000","longitude":"16.33778000"},"vidovec":{"id":54965,"name":"Vidovec","latitude":"46.28333000","longitude":"16.24111000"},"vinica":{"id":54968,"name":"Vinica","latitude":"46.33611000","longitude":"16.14944000"}}},"virovitica-podravina":{"id":732,"name":"Virovitica-Podravina","state_code":"10","latitude":"45.65579850","longitude":"17.79324720","type":"county","cities":{"\u010ca\u010dinci":{"id":55018,"name":"\u010ca\u010dinci","latitude":"45.60389000","longitude":"17.87028000"},"\u010ca\u0111avica":{"id":55019,"name":"\u010ca\u0111avica","latitude":"45.74417000","longitude":"17.85472000"},"crnac":{"id":54446,"name":"Crnac","latitude":"45.69611000","longitude":"17.93722000"},"gradorahovica":{"id":54539,"name":"Grad Orahovica","latitude":"45.53333000","longitude":"17.90000000"},"gradslatina":{"id":54550,"name":"Grad Slatina","latitude":"45.70000000","longitude":"17.70000000"},"gradvirovitica":{"id":54560,"name":"Grad Virovitica","latitude":"45.83167000","longitude":"17.38483000"},"gradina":{"id":54576,"name":"Gradina","latitude":"45.85423000","longitude":"17.51109000"},"mikleu\u0161":{"id":54732,"name":"Mikleu\u0161","latitude":"45.61861000","longitude":"17.80389000"},"novabukovica":{"id":54756,"name":"Nova Bukovica","latitude":"45.66472000","longitude":"17.76694000"},"orahovica":{"id":54786,"name":"Orahovica","latitude":"45.54000000","longitude":"17.88472000"},"pitoma\u010da":{"id":54809,"name":"Pitoma\u010da","latitude":"45.95056000","longitude":"17.22944000"},"rezovac":{"id":54861,"name":"Rezovac","latitude":"45.78333000","longitude":"17.41667000"},"slatina":{"id":54895,"name":"Slatina","latitude":"45.70333000","longitude":"17.70278000"},"sopje":{"id":54903,"name":"Sopje","latitude":"45.80111000","longitude":"17.74250000"},"\u0160pi\u0161i\u0107bukovica":{"id":55036,"name":"\u0160pi\u0161i\u0107 Bukovica","latitude":"45.85740000","longitude":"17.30089000"},"suhopolje":{"id":54920,"name":"Suhopolje","latitude":"45.79972000","longitude":"17.49917000"},"virovitica":{"id":54973,"name":"Virovitica","latitude":"45.83194000","longitude":"17.38389000"},"vo\u0107in":{"id":54985,"name":"Vo\u0107in","latitude":"45.61778000","longitude":"17.54778000"},"zdenci":{"id":55008,"name":"Zdenci","latitude":"45.58917000","longitude":"17.95028000"}}},"vukovar-syrmia":{"id":741,"name":"Vukovar-Syrmia","state_code":"16","latitude":"45.17735520","longitude":"18.80535270","type":"county","cities":{"andrija\u0161evci":{"id":54380,"name":"Andrija\u0161evci","latitude":"45.22472000","longitude":"18.73806000"},"babinagreda":{"id":54382,"name":"Babina Greda","latitude":"45.11722000","longitude":"18.53694000"},"bobota":{"id":54405,"name":"Bobota","latitude":"45.42111000","longitude":"18.85389000"},"bogdanovci":{"id":54406,"name":"Bogdanovci","latitude":"45.34083000","longitude":"18.93083000"},"borovo":{"id":54408,"name":"Borovo","latitude":"45.37639000","longitude":"18.96694000"},"borovoselo":{"id":54409,"name":"Borovo Selo","latitude":"45.40528000","longitude":"18.97583000"},"bo\u0161njaci":{"id":54410,"name":"Bo\u0161njaci","latitude":"45.05028000","longitude":"18.75556000"},"br\u0161adin":{"id":54428,"name":"Br\u0161adin","latitude":"45.36278000","longitude":"18.91111000"},"ceri\u0107":{"id":54439,"name":"Ceri\u0107","latitude":"45.31139000","longitude":"18.85611000"},"cerna":{"id":54440,"name":"Cerna","latitude":"45.18194000","longitude":"18.68944000"},"drenovci":{"id":54467,"name":"Drenovci","latitude":"44.91944000","longitude":"18.90284000"},"gradvinkovci":{"id":54559,"name":"Grad Vinkovci","latitude":"45.28044000","longitude":"18.80482000"},"gradvukovar":{"id":54565,"name":"Grad Vukovar","latitude":"45.33333000","longitude":"19.00000000"},"grad\u017dupanja":{"id":54573,"name":"Grad \u017dupanja","latitude":"45.07231000","longitude":"18.69513000"},"gradi\u0161te":{"id":54578,"name":"Gradi\u0161te","latitude":"45.14806000","longitude":"18.70667000"},"gunja":{"id":54591,"name":"Gunja","latitude":"44.88000000","longitude":"18.85333000"},"ilok":{"id":54602,"name":"Ilok","latitude":"45.22222000","longitude":"19.37694000"},"ivankovo":{"id":54605,"name":"Ivankovo","latitude":"45.28861000","longitude":"18.68389000"},"jarmina":{"id":54616,"name":"Jarmina","latitude":"45.31806000","longitude":"18.72917000"},"komletinci":{"id":54655,"name":"Komletinci","latitude":"45.14972000","longitude":"18.94917000"},"lovas":{"id":54698,"name":"Lovas","latitude":"45.22639000","longitude":"19.17111000"},"marku\u0161ica":{"id":54719,"name":"Marku\u0161ica","latitude":"45.37389000","longitude":"18.70583000"},"mirkovci":{"id":54734,"name":"Mirkovci","latitude":"45.26972000","longitude":"18.85111000"},"negoslavci":{"id":54751,"name":"Negoslavci","latitude":"45.27944000","longitude":"18.99667000"},"nijemci":{"id":54753,"name":"Nijemci","latitude":"45.14028000","longitude":"19.03556000"},"nu\u0161tar":{"id":54769,"name":"Nu\u0161tar","latitude":"45.33250000","longitude":"18.84139000"},"otok":{"id":54794,"name":"Otok","latitude":"45.14667000","longitude":"18.88389000"},"privlaka":{"id":54840,"name":"Privlaka","latitude":"45.19472000","longitude":"18.83750000"},"retkovci":{"id":54860,"name":"Retkovci","latitude":"45.23333000","longitude":"18.65306000"},"rokovci":{"id":54866,"name":"Rokovci","latitude":"45.23111000","longitude":"18.74389000"},"soljani":{"id":54902,"name":"Soljani","latitude":"44.95028000","longitude":"18.97028000"},"starijankovci":{"id":54909,"name":"Stari Jankovci","latitude":"45.26194000","longitude":"18.91444000"},"\u0160titar":{"id":55037,"name":"\u0160titar","latitude":"45.09556000","longitude":"18.64028000"},"tordinci":{"id":54938,"name":"Tordinci","latitude":"45.37028000","longitude":"18.79500000"},"tovarnik":{"id":54939,"name":"Tovarnik","latitude":"45.16500000","longitude":"19.15194000"},"trpinja":{"id":54943,"name":"Trpinja","latitude":"45.41917000","longitude":"18.89917000"},"vinkovci":{"id":54969,"name":"Vinkovci","latitude":"45.28833000","longitude":"18.80472000"},"vo\u0111inci":{"id":54986,"name":"Vo\u0111inci","latitude":"45.27556000","longitude":"18.60972000"},"vrbanja":{"id":54989,"name":"Vrbanja","latitude":"44.98079000","longitude":"18.92717000"},"vukovar":{"id":55000,"name":"Vukovar","latitude":"45.35161000","longitude":"19.00225000"},"\u017dupanja":{"id":55043,"name":"\u017dupanja","latitude":"45.07750000","longitude":"18.69750000"}}},"zadar":{"id":727,"name":"Zadar","state_code":"13","latitude":"44.14693900","longitude":"15.61649430","type":"county","cities":{"benkovac":{"id":54394,"name":"Benkovac","latitude":"44.03444000","longitude":"15.61278000"},"bibinje":{"id":54397,"name":"Bibinje","latitude":"44.07324000","longitude":"15.28288000"},"biogradnamoru":{"id":54400,"name":"Biograd na Moru","latitude":"43.94333000","longitude":"15.45194000"},"galovac":{"id":54488,"name":"Galovac","latitude":"44.07139000","longitude":"15.39333000"},"gornjikarin":{"id":54499,"name":"Gornji Karin","latitude":"44.13598000","longitude":"15.63423000"},"gra\u010dac":{"id":54582,"name":"Gra\u010dac","latitude":"44.29916000","longitude":"15.84752000"},"gradbiogradnamoru":{"id":54504,"name":"Grad Biograd na Moru","latitude":"43.93333000","longitude":"15.43333000"},"jasenice":{"id":54617,"name":"Jasenice","latitude":"44.22969000","longitude":"15.57514000"},"kali":{"id":54625,"name":"Kali","latitude":"44.06278000","longitude":"15.20556000"},"kru\u0161evo":{"id":54673,"name":"Kru\u0161evo","latitude":"44.18333000","longitude":"15.65000000"},"nin":{"id":54754,"name":"Nin","latitude":"44.24139000","longitude":"15.17833000"},"novigradop\u0107ina":{"id":54762,"name":"Novigrad Op\u0107ina","latitude":"44.19417000","longitude":"15.55667000"},"obrovac":{"id":54770,"name":"Obrovac","latitude":"44.20056000","longitude":"15.68222000"},"osljak":{"id":54793,"name":"Osljak","latitude":"44.07667000","longitude":"15.20722000"},"pag":{"id":54797,"name":"Pag","latitude":"44.44500000","longitude":"15.05750000"},"pako\u0161tane":{"id":54798,"name":"Pako\u0161tane","latitude":"43.91222000","longitude":"15.50889000"},"pola\u010da":{"id":54822,"name":"Pola\u010da","latitude":"44.01833000","longitude":"15.51750000"},"poli\u010dnik":{"id":54823,"name":"Poli\u010dnik","latitude":"44.17806000","longitude":"15.37556000"},"posedarje":{"id":54828,"name":"Posedarje","latitude":"44.21361000","longitude":"15.47667000"},"preko":{"id":54833,"name":"Preko","latitude":"44.08111000","longitude":"15.18750000"},"pridraga":{"id":54837,"name":"Pridraga","latitude":"44.16667000","longitude":"15.56667000"},"privlaka":{"id":54841,"name":"Privlaka","latitude":"44.26667000","longitude":"15.13333000"},"ra\u017eanac":{"id":54856,"name":"Ra\u017eanac","latitude":"44.28194000","longitude":"15.34806000"},"sali":{"id":54875,"name":"Sali","latitude":"43.93972000","longitude":"15.16333000"},"\u0160kabrnja":{"id":55032,"name":"\u0160kabrnja","latitude":"44.08949000","longitude":"15.45146000"},"starigrad":{"id":54911,"name":"Starigrad","latitude":"44.29601000","longitude":"15.43865000"},"suko\u0161an":{"id":54921,"name":"Suko\u0161an","latitude":"44.04696000","longitude":"15.31391000"},"svetifilipijakov":{"id":54928,"name":"Sveti Filip i Jakov","latitude":"43.96472000","longitude":"15.43000000"},"tkon":{"id":54937,"name":"Tkon","latitude":"43.91996000","longitude":"15.41639000"},"turanj":{"id":54944,"name":"Turanj","latitude":"43.97111000","longitude":"15.41139000"},"ugljan":{"id":54948,"name":"Ugljan","latitude":"44.13083000","longitude":"15.10306000"},"vir":{"id":54971,"name":"Vir","latitude":"44.29995000","longitude":"15.08663000"},"vrsi":{"id":54998,"name":"Vrsi","latitude":"44.26472000","longitude":"15.23250000"},"zadar":{"id":55002,"name":"Zadar","latitude":"44.11972000","longitude":"15.24222000"}}},"zagreb":{"id":738,"name":"Zagreb","state_code":"21","latitude":"45.81501080","longitude":"15.98191890","type":"city","cities":{"brezovica":{"id":54419,"name":"Brezovica","latitude":"45.72919000","longitude":"15.91069000"},"centar":{"id":54438,"name":"Centar","latitude":"45.81313000","longitude":"15.97753000"},"dubrava":{"id":54470,"name":"Dubrava","latitude":"45.83361000","longitude":"16.06361000"},"gradska\u010detvrtdonjigrad":{"id":54579,"name":"Gradska \u010detvrt Donji grad","latitude":"45.80834000","longitude":"15.96949000"},"gradska\u010detvrtgornjigrad-medvescak":{"id":54580,"name":"Gradska \u010detvrt Gornji Grad - Medvescak","latitude":"45.82820000","longitude":"15.97938000"},"gradska\u010detvrtpodsljeme":{"id":54581,"name":"Gradska \u010detvrt Podsljeme","latitude":"45.86097000","longitude":"15.97996000"},"horvati":{"id":54596,"name":"Horvati","latitude":"45.70000000","longitude":"15.81667000"},"jankomir":{"id":54615,"name":"Jankomir","latitude":"45.79167000","longitude":"15.90000000"},"je\u017edovec":{"id":54623,"name":"Je\u017edovec","latitude":"45.78333000","longitude":"15.85000000"},"ka\u0161ina":{"id":54636,"name":"Ka\u0161ina","latitude":"45.91134000","longitude":"16.12436000"},"lu\u010dko":{"id":54707,"name":"Lu\u010dko","latitude":"45.76111000","longitude":"15.87028000"},"novizagreb":{"id":54760,"name":"Novi Zagreb","latitude":"45.78333000","longitude":"15.98333000"},"odra":{"id":54771,"name":"Odra","latitude":"45.72979000","longitude":"15.99240000"},"sesvete":{"id":54885,"name":"Sesvete","latitude":"45.83333000","longitude":"16.13333000"},"stenjevec":{"id":54912,"name":"Stenjevec","latitude":"45.80846000","longitude":"15.88245000"},"strmec":{"id":54917,"name":"Strmec","latitude":"45.70843000","longitude":"15.91674000"},"zadvorsko":{"id":55003,"name":"Zadvorsko","latitude":"45.71978000","longitude":"15.90880000"},"zagreb":{"id":55004,"name":"Zagreb","latitude":"45.81444000","longitude":"15.97798000"}}}}}