{"id":202,"name":"Solomon Islands","iso3":"SLB","iso2":"SB","numeric_code":"090","phone_code":"677","capital":"Honiara","currency":"SBD","currency_name":"Solomon Islands dollar","currency_symbol":"Si$","tld":".sb","native":"Solomon Islands","region":"Oceania","region_id":5,"subregion":"Melanesia","subregion_id":20,"nationality":"Solomon Island","timezones":[{"zoneName":"Pacific/Guadalcanal","gmtOffset":39600,"gmtOffsetName":"UTC+11:00","abbreviation":"SBT","tzName":"Solomon Islands Time"}],"translations":{"ko":"\uc194\ub85c\ubaac \uc81c\ub3c4","pt-BR":"Ilhas Salom\u00e3o","pt":"Ilhas Salom\u00e3o","nl":"Salomonseilanden","hr":"Solomonski Otoci","fa":"\u062c\u0632\u0627\u06cc\u0631 \u0633\u0644\u06cc\u0645\u0627\u0646","de":"Salomonen","es":"Islas Salom\u00f3n","fr":"\u00celes Salomon","ja":"\u30bd\u30ed\u30e2\u30f3\u8af8\u5cf6","it":"Isole Salomone","zh-CN":"\u6240\u7f57\u95e8\u7fa4\u5c9b","tr":"Solomon Adalari","ru":"\u0421\u043e\u043b\u043e\u043c\u043e\u043d\u043e\u0432\u044b \u043e\u0441\u0442\u0440\u043e\u0432\u0430","uk":"\u0421\u043e\u043b\u043e\u043c\u043e\u043d\u043e\u0432\u0456 \u043e\u0441\u0442\u0440\u043e\u0432\u0438","pl":"Wyspy Salomona"},"latitude":"-8.00000000","longitude":"159.00000000","emoji":"\ud83c\uddf8\ud83c\udde7","emojiU":"U+1F1F8 U+1F1E7","states":{"centralprovince":{"id":4784,"name":"Central Province","state_code":"CE","latitude":null,"longitude":null,"type":null,"cities":{"tulagi":{"id":102905,"name":"Tulagi","latitude":"-9.10306000","longitude":"160.15056000"}}},"choiseulprovince":{"id":4781,"name":"Choiseul Province","state_code":"CH","latitude":"-7.05014940","longitude":"156.95114590","type":null},"guadalcanalprovince":{"id":4785,"name":"Guadalcanal Province","state_code":"GU","latitude":"-9.57732840","longitude":"160.14558050","type":null,"cities":{"honiara":{"id":102902,"name":"Honiara","latitude":"-9.43333000","longitude":"159.95000000"}}},"honiara":{"id":4778,"name":"Honiara","state_code":"CT","latitude":"-9.44563810","longitude":"159.97289990","type":null},"isabelprovince":{"id":4780,"name":"Isabel Province","state_code":"IS","latitude":"-8.05923530","longitude":"159.14470810","type":null,"cities":{"buala":{"id":102900,"name":"Buala","latitude":"-8.14497000","longitude":"159.59212000"}}},"makira-ulawaprovince":{"id":4782,"name":"Makira-Ulawa Province","state_code":"MK","latitude":"-10.57374470","longitude":"161.80969410","type":null,"cities":{"kirakira":{"id":102903,"name":"Kirakira","latitude":"-10.45442000","longitude":"161.92045000"}}},"malaitaprovince":{"id":4783,"name":"Malaita Province","state_code":"ML","latitude":"-8.94461680","longitude":"160.90712360","type":null,"cities":{"auki":{"id":102899,"name":"Auki","latitude":"-8.76778000","longitude":"160.69778000"}}},"rennellandbellonaprovince":{"id":4787,"name":"Rennell and Bellona Province","state_code":"RB","latitude":"-11.61314350","longitude":"160.16939490","type":null},"temotuprovince":{"id":4779,"name":"Temotu Province","state_code":"TE","latitude":"-10.68692900","longitude":"166.06239790","type":null,"cities":{"lata":{"id":102904,"name":"Lata","latitude":"-10.72500000","longitude":"165.79722000"}}},"westernprovince":{"id":4786,"name":"Western Province","state_code":"WE","latitude":null,"longitude":null,"type":null,"cities":{"gizo":{"id":102901,"name":"Gizo","latitude":"-8.10303000","longitude":"156.84186000"}}}}}