{"id":93,"name":"Guinea-Bissau","iso3":"GNB","iso2":"GW","numeric_code":"624","phone_code":"245","capital":"Bissau","currency":"XOF","currency_name":"West African CFA franc","currency_symbol":"CFA","tld":".gw","native":"Guin\u00e9-Bissau","region":"Africa","region_id":"1","subregion":"Western Africa","subregion_id":"3","nationality":"Bissau-Guinean","timezones":[{"zoneName":"Africa/Bissau","gmtOffset":0,"gmtOffsetName":"UTC\u00b100","abbreviation":"GMT","tzName":"Greenwich Mean Time"}],"translations":{"kr":"\uae30\ub2c8\ube44\uc0ac\uc6b0","pt-BR":"Guin\u00e9-Bissau","pt":"Guin\u00e9-Bissau","nl":"Guinee-Bissau","hr":"Gvineja Bisau","fa":"\u06af\u06cc\u0646\u0647 \u0628\u06cc\u0633\u0627\u0626\u0648","de":"Guinea-Bissau","es":"Guinea-Bis\u00e1u","fr":"Guin\u00e9e-Bissau","ja":"\u30ae\u30cb\u30a2\u30d3\u30b5\u30a6","it":"Guinea-Bissau","cn":"\u51e0\u5185\u4e9a\u6bd4\u7ecd","tr":"Gine-bissau","ru":"\u0413\u0432\u0438\u043d\u0435\u044f-\u0411\u0438\u0441\u0430\u0443","uk":"\u0413\u0432\u0456\u043d\u0435\u044f-\u0411\u0456\u0441\u0430\u0443","pl":"Gwinea Bissau"},"latitude":"12.00000000","longitude":"-15.00000000","emoji":"\ud83c\uddec\ud83c\uddfc","emojiU":"U+1F1EC U+1F1FC","states":{"bafat\u00e1":{"id":2720,"name":"Bafat\u00e1","state_code":"BA","latitude":"12.17352430","longitude":"-14.65295200","type":null,"cities":{"bafat\u00e1":{"id":53807,"name":"Bafat\u00e1","latitude":"12.16583000","longitude":"-14.66167000"},"contuboelsector":{"id":53815,"name":"Contuboel Sector","latitude":"12.55500000","longitude":"-14.64100000"}}},"biomboregion":{"id":2714,"name":"Biombo Region","state_code":"BM","latitude":"11.85290610","longitude":"-15.73511710","type":null,"cities":{"quinh\u00e1mel":{"id":53820,"name":"Quinh\u00e1mel","latitude":"11.88694000","longitude":"-15.85556000"}}},"bolamaregion":{"id":2722,"name":"Bolama Region","state_code":"BL","latitude":"11.14805910","longitude":"-16.13457050","type":null,"cities":{"bolama":{"id":53809,"name":"Bolama","latitude":"11.57694000","longitude":"-15.47611000"},"bubaque":{"id":53811,"name":"Bubaque","latitude":"11.28333000","longitude":"-15.83333000"}}},"cacheuregion":{"id":2713,"name":"Cacheu Region","state_code":"CA","latitude":"12.05514160","longitude":"-16.06401790","type":null,"cities":{"cacheu":{"id":53812,"name":"Cacheu","latitude":"12.27444000","longitude":"-16.16528000"},"canchungo":{"id":53813,"name":"Canchungo","latitude":"12.06722000","longitude":"-16.03333000"}}},"gab\u00faregion":{"id":2719,"name":"Gab\u00fa Region","state_code":"GA","latitude":"11.89624880","longitude":"-14.10013260","type":null,"cities":{"gab\u00fa":{"id":53817,"name":"Gab\u00fa","latitude":"12.28000000","longitude":"-14.22222000"}}},"lesteprovince":{"id":2721,"name":"Leste Province","state_code":"L","latitude":null,"longitude":null,"type":null},"norteprovince":{"id":2717,"name":"Norte Province","state_code":"N","latitude":"7.87218110","longitude":"123.88577470","type":null},"oioregion":{"id":2718,"name":"Oio Region","state_code":"OI","latitude":"12.27607090","longitude":"-15.31311850","type":null,"cities":{"bissor\u00e3":{"id":53808,"name":"Bissor\u00e3","latitude":"12.22306000","longitude":"-15.44750000"},"farim":{"id":53816,"name":"Farim","latitude":"12.48389000","longitude":"-15.22167000"},"mans\u00f4a":{"id":53818,"name":"Mans\u00f4a","latitude":"12.07333000","longitude":"-15.31889000"}}},"quinararegion":{"id":2715,"name":"Quinara Region","state_code":"QU","latitude":"11.79556200","longitude":"-15.17268160","type":null,"cities":{"buba":{"id":53810,"name":"Buba","latitude":"11.58889000","longitude":"-14.99583000"}}},"sulprovince":{"id":2716,"name":"Sul Province","state_code":"S","latitude":"-10.28665780","longitude":"20.71224650","type":null},"tombaliregion":{"id":2712,"name":"Tombali Region","state_code":"TO","latitude":"11.36326960","longitude":"-14.98561760","type":null,"cities":{"cati\u00f3":{"id":53814,"name":"Cati\u00f3","latitude":"11.28250000","longitude":"-15.25472000"},"quebo":{"id":53819,"name":"Quebo","latitude":"11.33333000","longitude":"-14.93333000"}}}}}