{"id":240,"name":"Vietnam","iso3":"VNM","iso2":"VN","numeric_code":"704","phone_code":"84","capital":"Hanoi","currency":"VND","currency_name":"Vietnamese \u0111\u1ed3ng","currency_symbol":"\u20ab","tld":".vn","native":"Vi\u1ec7t Nam","region":"Asia","region_id":"3","subregion":"South-Eastern Asia","subregion_id":"13","nationality":"Vietnamese","timezones":[{"zoneName":"Asia/Ho_Chi_Minh","gmtOffset":25200,"gmtOffsetName":"UTC+07:00","abbreviation":"ICT","tzName":"Indochina Time"}],"translations":{"kr":"\ubca0\ud2b8\ub0a8","pt-BR":"Vietn\u00e3","pt":"Vietname","nl":"Vietnam","hr":"Vijetnam","fa":"\u0648\u06cc\u062a\u0646\u0627\u0645","de":"Vietnam","es":"Vietnam","fr":"Vi\u00eat Nam","ja":"\u30d9\u30c8\u30ca\u30e0","it":"Vietnam","cn":"\u8d8a\u5357","tr":"Vietnam","ru":"\u0412\u044c\u0435\u0442\u043d\u0430\u043c","uk":"\u0412\u0027\u0454\u0442\u043d\u0430\u043c","pl":"Wietnam"},"latitude":"16.16666666","longitude":"107.83333333","emoji":"\ud83c\uddfb\ud83c\uddf3","emojiU":"U+1F1FB U+1F1F3","states":{"angiang":{"id":3794,"name":"An Giang","state_code":"44","latitude":"10.52158360","longitude":"105.12589550","type":null,"cities":{"chodok":{"id":130185,"name":"Cho Dok","latitude":"10.70000000","longitude":"105.11667000"},"huy\u1ec7nanph\u00fa":{"id":130211,"name":"Huy\u1ec7n An Ph\u00fa","latitude":"10.84274000","longitude":"105.08990000"},"huy\u1ec7nch\u00e2uph\u00fa":{"id":130248,"name":"Huy\u1ec7n Ch\u00e2u Ph\u00fa","latitude":"10.57166000","longitude":"105.16991000"},"huy\u1ec7nch\u1ee3m\u1edbi":{"id":130262,"name":"Huy\u1ec7n Ch\u1ee3 M\u1edbi","latitude":"10.47730000","longitude":"105.49092000"},"huy\u1ec7nph\u00fat\u00e2n":{"id":130401,"name":"Huy\u1ec7n Ph\u00fa T\u00e2n","latitude":"10.65716000","longitude":"105.28459000"},"huy\u1ec7ntrit\u00f4n":{"id":130461,"name":"Huy\u1ec7n Tri T\u00f4n","latitude":"10.41416000","longitude":"104.96136000"},"longxuy\u00ean":{"id":130569,"name":"Long Xuy\u00ean","latitude":"10.38639000","longitude":"105.43518000"},"longxuy\u00eancity":{"id":130570,"name":"Long Xuy\u00ean City","latitude":"10.36857000","longitude":"105.42340000"}}},"b\u00e0r\u1ecba-v\u0169ngt\u00e0u":{"id":3770,"name":"B\u00e0 R\u1ecba-V\u0169ng T\u00e0u","state_code":"43","latitude":"10.54173970","longitude":"107.24299760","type":null,"cities":{"c\u00f4ns\u01a1n":{"id":130189,"name":"C\u00f4n S\u01a1n","latitude":"8.68641000","longitude":"106.60824000"},"huy\u1ec7nch\u00e2u\u0110\u1ee9c":{"id":130255,"name":"Huy\u1ec7n Ch\u00e2u \u0110\u1ee9c","latitude":"10.65805000","longitude":"107.25098000"},"huy\u1ec7n\u0110\u1ea5t\u0110\u1ecf":{"id":130539,"name":"Huy\u1ec7n \u0110\u1ea5t \u0110\u1ecf","latitude":"10.48025000","longitude":"107.27879000"},"huy\u1ec7nt\u00e2nth\u00e0nh":{"id":130487,"name":"Huy\u1ec7n T\u00e2n Th\u00e0nh","latitude":"10.57381000","longitude":"107.10189000"},"huy\u1ec7nxuy\u00eanm\u1ed9c":{"id":130510,"name":"Huy\u1ec7n Xuy\u00ean M\u1ed9c","latitude":"10.63048000","longitude":"107.46568000"},"th\u00e0nhph\u1ed1v\u0169ngt\u00e0u":{"id":130604,"name":"Th\u00e0nh Ph\u1ed1 V\u0169ng T\u00e0u","latitude":"10.40239000","longitude":"107.14239000"},"th\u1ecbx\u00e3ph\u00fam\u1ef9":{"id":130613,"name":"Th\u1ecb X\u00e3 Ph\u00fa M\u1ef9","latitude":"10.56815000","longitude":"107.12999000"},"v\u0169ngt\u00e0u":{"id":130626,"name":"V\u0169ng T\u00e0u","latitude":"10.34599000","longitude":"107.08426000"}}},"b\u1eafcgiang":{"id":3815,"name":"B\u1eafc Giang","state_code":"54","latitude":"21.28199210","longitude":"106.19747690","type":null,"cities":{"b\u1eafcgiang":{"id":130177,"name":"B\u1eafc Giang","latitude":"21.27307000","longitude":"106.19460000"},"huy\u1ec7nl\u1ee5cnam":{"id":130353,"name":"Huy\u1ec7n L\u1ee5c Nam","latitude":"21.27548000","longitude":"106.46519000"},"huy\u1ec7nl\u1ee5cng\u1ea1n":{"id":130354,"name":"Huy\u1ec7n L\u1ee5c Ng\u1ea1n","latitude":"21.43719000","longitude":"106.65845000"},"huy\u1ec7ny\u00eanth\u1ebf":{"id":130521,"name":"Huy\u1ec7n Y\u00ean Th\u1ebf","latitude":"21.51667000","longitude":"106.11689000"}}},"b\u1eafck\u1ea1n":{"id":3822,"name":"B\u1eafc K\u1ea1n","state_code":"53","latitude":"22.30329230","longitude":"105.87600400","type":null,"cities":{"b\u1eafck\u1ea1n":{"id":130178,"name":"B\u1eafc K\u1ea1n","latitude":"22.14701000","longitude":"105.83481000"},"huy\u1ec7nbab\u1ec3":{"id":130213,"name":"Huy\u1ec7n Ba B\u1ec3","latitude":"22.41667000","longitude":"105.75000000"},"huy\u1ec7nb\u1ea1chth\u00f4ng":{"id":130228,"name":"Huy\u1ec7n B\u1ea1ch Th\u00f4ng","latitude":"22.25758000","longitude":"105.83295000"},"huy\u1ec7nch\u1ee3\u0110\u1ed3n":{"id":130263,"name":"Huy\u1ec7n Ch\u1ee3 \u0110\u1ed3n","latitude":"22.18681000","longitude":"105.57280000"},"huy\u1ec7nnar\u00ec":{"id":130374,"name":"Huy\u1ec7n Na R\u00ec","latitude":"22.17883000","longitude":"106.11221000"},"huy\u1ec7nng\u00e2ns\u01a1n":{"id":130387,"name":"Huy\u1ec7n Ng\u00e2n S\u01a1n","latitude":"22.42962000","longitude":"106.01030000"},"th\u1ecbx\u00e3b\u1eafck\u1ea1n":{"id":130608,"name":"Th\u1ecb X\u00e3 B\u1eafc K\u1ea1n","latitude":"22.14130000","longitude":"105.83867000"}}},"b\u1ea1cli\u00eau":{"id":3804,"name":"B\u1ea1c Li\u00eau","state_code":"55","latitude":"9.29400270","longitude":"105.72156630","type":null,"cities":{"b\u1ea1cli\u00eau":{"id":130175,"name":"B\u1ea1c Li\u00eau","latitude":"9.29414000","longitude":"105.72776000"},"huy\u1ec7ngi\u00e1rai":{"id":130289,"name":"Huy\u1ec7n Gi\u00e1 Rai","latitude":"9.27162000","longitude":"105.40017000"},"huy\u1ec7nh\u1ed3ngd\u00e2n":{"id":130318,"name":"Huy\u1ec7n H\u1ed3ng D\u00e2n","latitude":"9.53822000","longitude":"105.42242000"}}},"b\u1eafcninh":{"id":3791,"name":"B\u1eafc Ninh","state_code":"56","latitude":"21.12144400","longitude":"106.11105010","type":null,"cities":{"b\u1eafcninh":{"id":130179,"name":"B\u1eafc Ninh","latitude":"21.18608000","longitude":"106.07631000"},"cungki\u1ec7m":{"id":130186,"name":"Cung Ki\u1ec7m","latitude":"21.18697000","longitude":"106.16076000"},"huy\u1ec7ngiab\u00ecnh":{"id":130285,"name":"Huy\u1ec7n Gia B\u00ecnh","latitude":"21.07795000","longitude":"106.20903000"},"huy\u1ec7nthu\u1eadnth\u00e0nh":{"id":130441,"name":"Huy\u1ec7n Thu\u1eadn Th\u00e0nh","latitude":"21.04085000","longitude":"106.07515000"},"huy\u1ec7nti\u00eandu":{"id":130455,"name":"Huy\u1ec7n Ti\u00ean Du","latitude":"21.12195000","longitude":"106.03995000"},"huy\u1ec7ny\u00eanphong":{"id":130518,"name":"Huy\u1ec7n Y\u00ean Phong","latitude":"21.20676000","longitude":"105.99427000"}}},"b\u1ebfntre":{"id":3796,"name":"B\u1ebfn Tre","state_code":"50","latitude":"10.24335560","longitude":"106.37555100","type":null,"cities":{"\u1ea4pt\u00e2nng\u00e3i":{"id":130635,"name":"\u1ea4p T\u00e2n Ng\u00e3i","latitude":"10.23333000","longitude":"106.28333000"},"b\u1ebfntre":{"id":130180,"name":"B\u1ebfn Tre","latitude":"10.24147000","longitude":"106.37585000"},"huy\u1ec7nbatri":{"id":130215,"name":"Huy\u1ec7n Ba Tri","latitude":"10.06627000","longitude":"106.60554000"},"huy\u1ec7nb\u00ecnh\u0110\u1ea1i":{"id":130226,"name":"Huy\u1ec7n B\u00ecnh \u0110\u1ea1i","latitude":"10.19354000","longitude":"106.64455000"},"huy\u1ec7nch\u00e2uth\u00e0nh":{"id":130250,"name":"Huy\u1ec7n Ch\u00e2u Th\u00e0nh","latitude":"10.29212000","longitude":"106.30827000"},"huy\u1ec7nch\u1ee3l\u00e1ch":{"id":130261,"name":"Huy\u1ec7n Ch\u1ee3 L\u00e1ch","latitude":"10.22674000","longitude":"106.17077000"},"huy\u1ec7ngi\u1ed3ngtr\u00f4m":{"id":130291,"name":"Huy\u1ec7n Gi\u1ed3ng Tr\u00f4m","latitude":"10.15909000","longitude":"106.47004000"},"huy\u1ec7nth\u1ea1nhph\u00fa":{"id":130449,"name":"Huy\u1ec7n Th\u1ea1nh Ph\u00fa","latitude":"9.92993000","longitude":"106.54316000"}}},"b\u00ecnhd\u01b0\u01a1ng":{"id":3785,"name":"B\u00ecnh D\u01b0\u01a1ng","state_code":"57","latitude":"11.32540240","longitude":"106.47701700","type":null,"cities":{"d\u0129an":{"id":130198,"name":"D\u0129 An","latitude":"10.90682000","longitude":"106.76940000"},"th\u1ee7d\u1ea7um\u1ed9t":{"id":130616,"name":"Th\u1ee7 D\u1ea7u M\u1ed9t","latitude":"10.98040000","longitude":"106.65190000"}}},"b\u00ecnh\u0110\u1ecbnh":{"id":3830,"name":"B\u00ecnh \u0110\u1ecbnh","state_code":"31","latitude":"14.16653240","longitude":"108.90268300","type":null,"cities":{"huy\u1ec7nanl\u00e3o":{"id":130209,"name":"Huy\u1ec7n An L\u00e3o","latitude":"14.55676000","longitude":"108.80100000"},"huy\u1ec7nho\u00e0inh\u01a1n":{"id":130298,"name":"Huy\u1ec7n Ho\u00e0i Nh\u01a1n","latitude":"14.50535000","longitude":"109.02315000"},"huy\u1ec7nph\u00f9m\u1ef9":{"id":130397,"name":"Huy\u1ec7n Ph\u00f9 M\u1ef9","latitude":"14.22304000","longitude":"109.08611000"},"huy\u1ec7nt\u00e2ys\u01a1n":{"id":130490,"name":"Huy\u1ec7n T\u00e2y S\u01a1n","latitude":"13.94306000","longitude":"108.87999000"},"huy\u1ec7ntuyph\u01b0\u1edbc":{"id":130476,"name":"Huy\u1ec7n Tuy Ph\u01b0\u1edbc","latitude":"13.84564000","longitude":"109.15275000"},"huy\u1ec7nv\u0129nhth\u1ea1nh":{"id":130503,"name":"Huy\u1ec7n V\u0129nh Th\u1ea1nh","latitude":"14.21100000","longitude":"108.74389000"},"quinhon":{"id":130584,"name":"Qui Nhon","latitude":"13.77648000","longitude":"109.22367000"}}},"b\u00ecnhph\u01b0\u1edbc":{"id":3797,"name":"B\u00ecnh Ph\u01b0\u1edbc","state_code":"58","latitude":"11.75118940","longitude":"106.72346390","type":null,"cities":{"b\u00ecnhlong":{"id":130174,"name":"B\u00ecnh Long","latitude":"11.64711000","longitude":"106.60586000"},"donluan":{"id":130197,"name":"Don Luan","latitude":"11.53495000","longitude":"106.88324000"},"huy\u1ec7nb\u00f9\u0110\u1ed1p":{"id":130227,"name":"Huy\u1ec7n B\u00f9 \u0110\u1ed1p","latitude":"12.00374000","longitude":"106.81545000"},"huy\u1ec7nch\u01a1nth\u00e0nh":{"id":130256,"name":"Huy\u1ec7n Ch\u01a1n Th\u00e0nh","latitude":"11.46283000","longitude":"106.66655000"},"huy\u1ec7n\u0110\u1ed3ngph\u00fa":{"id":130547,"name":"Huy\u1ec7n \u0110\u1ed3ng Ph\u00fa","latitude":"11.50071000","longitude":"107.01192000"},"huy\u1ec7nh\u1edbnqu\u1ea3n":{"id":130319,"name":"Huy\u1ec7n H\u1edbn Qu\u1ea3n","latitude":"11.59718000","longitude":"106.62739000"},"th\u1ecbx\u00e3ph\u01b0\u1edbclong":{"id":130614,"name":"Th\u1ecb X\u00e3 Ph\u01b0\u1edbc Long","latitude":"11.81142000","longitude":"106.99670000"}}},"b\u00ecnhthu\u1eadn":{"id":3787,"name":"B\u00ecnh Thu\u1eadn","state_code":"40","latitude":"11.09037030","longitude":"108.07207810","type":null,"cities":{"huy\u1ec7nb\u1eafcb\u00ecnh":{"id":130233,"name":"Huy\u1ec7n B\u1eafc B\u00ecnh","latitude":"11.27571000","longitude":"108.38506000"},"huy\u1ec7nh\u00e0mt\u00e2n":{"id":130304,"name":"Huy\u1ec7n H\u00e0m T\u00e2n","latitude":"10.76856000","longitude":"107.64233000"},"huy\u1ec7nh\u00e0mthu\u1eadnb\u1eafc":{"id":130302,"name":"Huy\u1ec7n H\u00e0m Thu\u1eadn B\u1eafc","latitude":"11.14703000","longitude":"108.08172000"},"huy\u1ec7nh\u00e0mthu\u1eadnnam":{"id":130303,"name":"Huy\u1ec7n H\u00e0m Thu\u1eadn Nam","latitude":"10.92101000","longitude":"107.93325000"},"huy\u1ec7nt\u00e1nhlinh":{"id":130479,"name":"Huy\u1ec7n T\u00e1nh Linh","latitude":"11.11367000","longitude":"107.68427000"},"huy\u1ec7ntuyphong":{"id":130475,"name":"Huy\u1ec7n Tuy Phong","latitude":"11.34746000","longitude":"108.70466000"},"lagi":{"id":130567,"name":"La Gi","latitude":"10.65993000","longitude":"107.77206000"},"phanthi\u1ebft":{"id":130579,"name":"Phan Thi\u1ebft","latitude":"10.92889000","longitude":"108.10208000"},"th\u00e0nhph\u1ed1phanthi\u1ebft":{"id":130601,"name":"Th\u00e0nh Ph\u1ed1 Phan Thi\u1ebft","latitude":"10.93700000","longitude":"108.15778000"}}},"c\u00e0mau":{"id":3778,"name":"C\u00e0 Mau","state_code":"59","latitude":"9.15267280","longitude":"105.19607950","type":null,"cities":{"c\u00e0mau":{"id":130187,"name":"C\u00e0 Mau","latitude":"9.17682000","longitude":"105.15242000"},"huy\u1ec7nc\u00e1in\u01b0\u1edbc":{"id":130267,"name":"Huy\u1ec7n C\u00e1i N\u01b0\u1edbc","latitude":"9.00094000","longitude":"105.04201000"},"huy\u1ec7n\u0110\u1ea7md\u01a1i":{"id":130540,"name":"Huy\u1ec7n \u0110\u1ea7m D\u01a1i","latitude":"8.96029000","longitude":"105.24107000"},"huyennamcan":{"id":130204,"name":"Huyen Nam Can","latitude":"8.81531000","longitude":"105.05574000"},"huy\u1ec7nth\u1edbib\u00ecnh":{"id":130453,"name":"Huy\u1ec7n Th\u1edbi B\u00ecnh","latitude":"9.35790000","longitude":"105.16023000"}}},"c\u1ea7nth\u01a1":{"id":4925,"name":"C\u1ea7n Th\u01a1","state_code":"CT","latitude":"10.03418510","longitude":"105.72255070","type":null,"cities":{"c\u1ea7nth\u01a1":{"id":148322,"name":"C\u1ea7n Th\u01a1","latitude":"10.11667000","longitude":"105.50000000"},"c\u1edd\u0110\u1ecf":{"id":148323,"name":"C\u1edd \u0110\u1ecf","latitude":"10.09472222","longitude":"105.43194444"},"th\u1edbilai":{"id":148324,"name":"Th\u1edbi Lai","latitude":"10.06305556","longitude":"105.56083333"},"v\u0129nhth\u1ea1nh":{"id":148325,"name":"V\u0129nh Th\u1ea1nh","latitude":"10.21916667","longitude":"105.40111111"}}},"caob\u1eb1ng":{"id":3782,"name":"Cao B\u1eb1ng","state_code":"04","latitude":"22.63568900","longitude":"106.25221430","type":null,"cities":{"caob\u1eb1ng":{"id":130183,"name":"Cao B\u1eb1ng","latitude":"22.66568000","longitude":"106.25786000"},"huy\u1ec7nb\u1ea3olac":{"id":130229,"name":"Huy\u1ec7n B\u1ea3o Lac","latitude":"22.90085000","longitude":"105.73332000"},"huy\u1ec7nb\u1ea3ol\u00e2m":{"id":130231,"name":"Huy\u1ec7n B\u1ea3o L\u00e2m","latitude":"22.87041000","longitude":"105.48780000"},"huy\u1ec7nh\u1ea1lang":{"id":130313,"name":"Huy\u1ec7n H\u1ea1 Lang","latitude":"22.70933000","longitude":"106.67657000"},"huy\u1ec7nh\u00e0qu\u1ea3ng":{"id":130300,"name":"Huy\u1ec7n H\u00e0 Qu\u1ea3ng","latitude":"22.90763000","longitude":"106.12487000"},"huy\u1ec7nnguy\u00eanb\u00ecnh":{"id":130386,"name":"Huy\u1ec7n Nguy\u00ean B\u00ecnh","latitude":"22.62400000","longitude":"105.93248000"},"huyenphuchoa":{"id":130206,"name":"Huyen Phuc Hoa","latitude":"22.53840000","longitude":"106.51039000"},"huy\u1ec7nth\u1ea1chan":{"id":130446,"name":"Huy\u1ec7n Th\u1ea1ch An","latitude":"22.47654000","longitude":"106.34237000"},"huy\u1ec7nth\u00f4ngn\u00f4ng":{"id":130444,"name":"Huy\u1ec7n Th\u00f4ng N\u00f4ng","latitude":"22.80735000","longitude":"105.95846000"},"huy\u1ec7ntr\u00e0l\u0129nh":{"id":130466,"name":"Huy\u1ec7n Tr\u00e0 L\u0129nh","latitude":"22.80961000","longitude":"106.32543000"},"huy\u1ec7ntr\u00f9ngkh\u00e1nh":{"id":130469,"name":"Huy\u1ec7n Tr\u00f9ng Kh\u00e1nh","latitude":"22.83333000","longitude":"106.56074000"}}},"\u0110\u00e0n\u1eb5ng":{"id":3806,"name":"\u0110\u00e0 N\u1eb5ng","state_code":"DN","latitude":"16.05440680","longitude":"108.20216670","type":null,"cities":{"danang":{"id":130195,"name":"Da Nang","latitude":"16.06778000","longitude":"108.22083000"}}},"\u0110\u1eafkl\u1eafk":{"id":3829,"name":"\u0110\u1eafk L\u1eafk","state_code":"33","latitude":"12.71001160","longitude":"108.23775190","type":null,"cities":{"bu\u00f4nmathu\u1ed9t":{"id":130173,"name":"Bu\u00f4n Ma Thu\u1ed9t","latitude":"12.66747000","longitude":"108.03775000"},"huy\u1ec7nbu\u00f4n\u0110\u00f4n":{"id":130217,"name":"Huy\u1ec7n Bu\u00f4n \u0110\u00f4n","latitude":"12.90396000","longitude":"107.73870000"},"huy\u1ec7neah\u0027leo":{"id":130283,"name":"Huy\u1ec7n Ea H\u0027Leo","latitude":"13.31814000","longitude":"108.07148000"},"huy\u1ec7neas\u00fap":{"id":130284,"name":"Huy\u1ec7n Ea S\u00fap","latitude":"13.18279000","longitude":"107.79954000"}}},"\u0110\u1eafkn\u00f4ng":{"id":3823,"name":"\u0110\u1eafk N\u00f4ng","state_code":"72","latitude":"12.26464760","longitude":"107.60980600","type":null,"cities":{"huy\u1ec7nc\u01b0j\u00fat":{"id":130269,"name":"Huy\u1ec7n C\u01b0 J\u00fat","latitude":"12.69591000","longitude":"107.76316000"},"huy\u1ec7n\u0110\u1eafkr\u2019l\u1ea5p":{"id":130544,"name":"Huy\u1ec7n \u0110\u1eafk R\u2019L\u1ea5p","latitude":"11.87990000","longitude":"107.52244000"},"huy\u1ec7nkr\u00f4ngn\u00f4":{"id":130333,"name":"Huy\u1ec7n Kr\u00f4ng N\u00f4","latitude":"12.36285000","longitude":"107.83445000"}}},"\u0110i\u1ec7nbi\u00ean":{"id":3773,"name":"\u0110i\u1ec7n Bi\u00ean","state_code":"71","latitude":"21.80423090","longitude":"103.10765250","type":null,"cities":{"dienbienphu":{"id":130196,"name":"Dien Bien Phu","latitude":"21.38602000","longitude":"103.02301000"},"huy\u1ec7n\u0110i\u1ec7nbi\u00ean\u0110\u00f4ng":{"id":130528,"name":"Huy\u1ec7n \u0110i\u1ec7n Bi\u00ean \u0110\u00f4ng","latitude":"21.25266000","longitude":"103.26900000"},"huy\u1ec7nm\u01b0\u1eddngnh\u00e9":{"id":130365,"name":"Huy\u1ec7n M\u01b0\u1eddng Nh\u00e9","latitude":"22.10353000","longitude":"102.58465000"},"huy\u1ec7nt\u1ee7ach\u00f9a":{"id":130493,"name":"Huy\u1ec7n T\u1ee7a Ch\u00f9a","latitude":"21.95357000","longitude":"103.37332000"},"huy\u1ec7ntu\u1ea7ngi\u00e1o":{"id":130478,"name":"Huy\u1ec7n Tu\u1ea7n Gi\u00e1o","latitude":"21.69481000","longitude":"103.41758000"},"th\u1ecbx\u00e3m\u01b0\u00f2nglay":{"id":130611,"name":"Th\u1ecb X\u00e3 M\u01b0\u00f2ng Lay","latitude":"22.03374000","longitude":"103.12331000"}}},"\u0110\u1ed3ngnai":{"id":3821,"name":"\u0110\u1ed3ng Nai","state_code":"39","latitude":"11.06863050","longitude":"107.16759760","type":null,"cities":{"bi\u00eanh\u00f2a":{"id":130172,"name":"Bi\u00ean H\u00f2a","latitude":"10.94469000","longitude":"106.82432000"},"huy\u1ec7n\u0110\u1ecbnhqu\u00e1n":{"id":130546,"name":"Huy\u1ec7n \u0110\u1ecbnh Qu\u00e1n","latitude":"11.21866000","longitude":"107.33959000"},"huy\u1ec7nlongth\u00e0nh":{"id":130344,"name":"Huy\u1ec7n Long Th\u00e0nh","latitude":"10.76162000","longitude":"107.02688000"},"huy\u1ec7nt\u00e2nph\u00fa":{"id":130485,"name":"Huy\u1ec7n T\u00e2n Ph\u00fa","latitude":"11.39867000","longitude":"107.39976000"},"huy\u1ec7nth\u1ed1ngnh\u1ea5t":{"id":130452,"name":"Huy\u1ec7n Th\u1ed1ng Nh\u1ea5t","latitude":"10.97764000","longitude":"107.15909000"},"huy\u1ec7ntr\u1ea3ngbom":{"id":130471,"name":"Huy\u1ec7n Tr\u1ea3ng Bom","latitude":"10.96624000","longitude":"107.03614000"},"huy\u1ec7nv\u0129nhc\u1eedu":{"id":130498,"name":"Huy\u1ec7n V\u0129nh C\u1eedu","latitude":"11.25725000","longitude":"107.02773000"}}},"\u0110\u1ed3ngth\u00e1p":{"id":3769,"name":"\u0110\u1ed3ng Th\u00e1p","state_code":"45","latitude":"10.49379890","longitude":"105.68817880","type":null,"cities":{"caol\u00e3nh":{"id":130184,"name":"Cao L\u00e3nh","latitude":"10.46017000","longitude":"105.63294000"},"huy\u1ec7nch\u00e2uth\u00e0nh":{"id":130253,"name":"Huy\u1ec7n Ch\u00e2u Th\u00e0nh","latitude":"10.22543000","longitude":"105.82380000"},"huy\u1ec7nlaivung":{"id":130340,"name":"Huy\u1ec7n Lai Vung","latitude":"10.24051000","longitude":"105.66327000"},"huy\u1ec7nl\u1ea5pv\u00f2":{"id":130351,"name":"Huy\u1ec7n L\u1ea5p V\u00f2","latitude":"10.35918000","longitude":"105.60611000"},"huy\u1ec7ntamn\u00f4ng":{"id":130430,"name":"Huy\u1ec7n Tam N\u00f4ng","latitude":"10.72761000","longitude":"105.52522000"},"huy\u1ec7nt\u00e2nh\u1ed3ng":{"id":130483,"name":"Huy\u1ec7n T\u00e2n H\u1ed3ng","latitude":"10.87089000","longitude":"105.49104000"},"huy\u1ec7nthanhb\u00ecnh":{"id":130435,"name":"Huy\u1ec7n Thanh B\u00ecnh","latitude":"10.60137000","longitude":"105.47811000"},"huy\u1ec7nth\u00e1pm\u01b0\u1eddi":{"id":130443,"name":"Huy\u1ec7n Th\u00e1p M\u01b0\u1eddi","latitude":"10.54398000","longitude":"105.81875000"},"sadec":{"id":130589,"name":"Sa Dec","latitude":"10.29085000","longitude":"105.75635000"},"sadeccity":{"id":130590,"name":"Sa Dec city","latitude":"10.30550000","longitude":"105.74757000"},"th\u1ecbtr\u1ea5nt\u00e2nth\u00e0nh":{"id":130607,"name":"Th\u1ecb Tr\u1ea5n T\u00e2n Th\u00e0nh","latitude":"10.25616000","longitude":"105.59280000"}}},"gialai":{"id":3813,"name":"Gia Lai","state_code":"30","latitude":"13.80789430","longitude":"108.10937500","type":null,"cities":{"huy\u1ec7nch\u01b0p\u0103h":{"id":130258,"name":"Huy\u1ec7n Ch\u01b0 P\u0103h","latitude":"14.15941000","longitude":"107.98411000"},"huy\u1ec7nch\u01b0pr\u00f4ng":{"id":130257,"name":"Huy\u1ec7n Ch\u01b0 Pr\u00f4ng","latitude":"13.59976000","longitude":"107.81099000"},"huy\u1ec7nch\u01b0s\u00ea":{"id":130259,"name":"Huy\u1ec7n Ch\u01b0 S\u00ea","latitude":"13.74254000","longitude":"108.08663000"},"huy\u1ec7n\u0110\u1ee9cc\u01a1":{"id":130549,"name":"Huy\u1ec7n \u0110\u1ee9c C\u01a1","latitude":"13.78454000","longitude":"107.66970000"},"huy\u1ec7niagrai":{"id":130320,"name":"Huy\u1ec7n Ia Grai","latitude":"13.98937000","longitude":"107.73740000"},"huy\u1ec7nkbang":{"id":130322,"name":"Huy\u1ec7n KBang","latitude":"14.30506000","longitude":"108.49779000"},"huy\u1ec7nk\u00f4ngchro":{"id":130335,"name":"Huy\u1ec7n K\u00f4ng Chro","latitude":"13.73519000","longitude":"108.59697000"},"huy\u1ec7nkr\u00f4ngpa":{"id":130334,"name":"Huy\u1ec7n Kr\u00f4ng Pa","latitude":"13.23152000","longitude":"108.65494000"},"huy\u1ec7nmangyang":{"id":130358,"name":"Huy\u1ec7n Mang Yang","latitude":"13.92840000","longitude":"108.30246000"},"pleiku":{"id":130583,"name":"Pleiku","latitude":"13.98333000","longitude":"108.00000000"}}},"h\u00e0giang":{"id":3779,"name":"H\u00e0 Giang","state_code":"03","latitude":"22.80255880","longitude":"104.97844940","type":null,"cities":{"h\u00e0giang":{"id":130555,"name":"H\u00e0 Giang","latitude":"22.82333000","longitude":"104.98357000"},"huy\u1ec7nb\u1eafcm\u00ea":{"id":130235,"name":"Huy\u1ec7n B\u1eafc M\u00ea","latitude":"22.75477000","longitude":"105.29023000"},"huy\u1ec7nb\u1eafcquang":{"id":130236,"name":"Huy\u1ec7n B\u1eafc Quang","latitude":"22.42301000","longitude":"104.91831000"},"huy\u1ec7n\u0110\u1ed3ngv\u0103n":{"id":130548,"name":"Huy\u1ec7n \u0110\u1ed3ng V\u0103n","latitude":"23.25449000","longitude":"105.27626000"},"huy\u1ec7nquangb\u00ecnh":{"id":130406,"name":"Huy\u1ec7n Quang B\u00ecnh","latitude":"22.41507000","longitude":"104.66018000"},"huy\u1ec7nv\u1ecbxuy\u00ean":{"id":130508,"name":"Huy\u1ec7n V\u1ecb Xuy\u00ean","latitude":"22.73096000","longitude":"104.90827000"},"huy\u1ec7nx\u00ednm\u1ea7n":{"id":130511,"name":"Huy\u1ec7n X\u00edn M\u1ea7n","latitude":"22.64148000","longitude":"104.52089000"},"huy\u1ec7ny\u00eanminh":{"id":130516,"name":"Huy\u1ec7n Y\u00ean Minh","latitude":"23.06992000","longitude":"105.17865000"}}},"h\u00e0nam":{"id":3802,"name":"H\u00e0 Nam","state_code":"63","latitude":"20.58351960","longitude":"105.92299000","type":null,"cities":{"huy\u1ec7nb\u00ecnhl\u1ee5c":{"id":130223,"name":"Huy\u1ec7n B\u00ecnh L\u1ee5c","latitude":"20.50126000","longitude":"106.02959000"},"huy\u1ec7nduyti\u00ean":{"id":130280,"name":"Huy\u1ec7n Duy Ti\u00ean","latitude":"20.62803000","longitude":"105.96193000"},"huy\u1ec7nkimb\u1ea3ng":{"id":130326,"name":"Huy\u1ec7n Kim B\u1ea3ng","latitude":"20.57254000","longitude":"105.85043000"},"huy\u1ec7nl\u00fdnh\u00e2n":{"id":130347,"name":"Huy\u1ec7n L\u00fd Nh\u00e2n","latitude":"20.56422000","longitude":"106.09455000"},"huy\u1ec7nthanhli\u00eam":{"id":130437,"name":"Huy\u1ec7n Thanh Li\u00eam","latitude":"20.46249000","longitude":"105.92100000"},"ph\u1ee7l\u00fd":{"id":130582,"name":"Ph\u1ee7 L\u00fd","latitude":"20.54531000","longitude":"105.91221000"}}},"h\u00e0n\u1ed9i":{"id":3810,"name":"H\u00e0 N\u1ed9i","state_code":"HN","latitude":"21.02776440","longitude":"105.83415980","type":null,"cities":{"h\u00e0\u0110\u00f4ng":{"id":130558,"name":"H\u00e0 \u0110\u00f4ng","latitude":"20.97136000","longitude":"105.77876000"},"hanoi":{"id":130201,"name":"Hanoi","latitude":"21.02450000","longitude":"105.84117000"},"huy\u1ec7nqu\u1ed1coai":{"id":130412,"name":"Huy\u1ec7n Qu\u1ed1c Oai","latitude":"20.97060000","longitude":"105.61127000"},"qu\u1eadnba\u0110\u00ecnh":{"id":130586,"name":"Qu\u1eadn Ba \u0110\u00ecnh","latitude":"21.03587000","longitude":"105.82163000"},"qu\u1eadnh\u00e0\u0110\u00f4ng":{"id":130587,"name":"Qu\u1eadn H\u00e0 \u0110\u00f4ng","latitude":"20.95482000","longitude":"105.76851000"},"s\u01a1nt\u00e2y":{"id":130595,"name":"S\u01a1n T\u00e2y","latitude":"21.14053000","longitude":"105.50686000"}}},"h\u00e0t\u0129nh":{"id":3816,"name":"H\u00e0 T\u0129nh","state_code":"23","latitude":"18.35595370","longitude":"105.88774940","type":null,"cities":{"h\u00e0t\u0129nh":{"id":130557,"name":"H\u00e0 T\u0129nh","latitude":"18.34282000","longitude":"105.90569000"},"huy\u1ec7nc\u1ea9mxuy\u00ean":{"id":130277,"name":"Huy\u1ec7n C\u1ea9m Xuy\u00ean","latitude":"18.19059000","longitude":"106.00186000"},"huy\u1ec7ncanl\u1ed9c":{"id":130243,"name":"Huy\u1ec7n Can L\u1ed9c","latitude":"18.44414000","longitude":"105.76350000"},"huy\u1ec7n\u00d0\u1ee9cth\u1ecd":{"id":130525,"name":"Huy\u1ec7n \u00d0\u1ee9c Th\u1ecd","latitude":"18.49699000","longitude":"105.61016000"},"huy\u1ec7nk\u1ef3anh":{"id":130337,"name":"Huy\u1ec7n K\u1ef3 Anh","latitude":"18.05805000","longitude":"106.24580000"},"huy\u1ec7nnghixu\u00e2n":{"id":130382,"name":"Huy\u1ec7n Nghi Xu\u00e2n","latitude":"18.62419000","longitude":"105.76829000"},"huy\u1ec7nth\u1ea1chh\u00e0":{"id":130447,"name":"Huy\u1ec7n Th\u1ea1ch H\u00e0","latitude":"18.35091000","longitude":"105.81123000"}}},"h\u1ea3id\u01b0\u01a1ng":{"id":3827,"name":"H\u1ea3i D\u01b0\u01a1ng","state_code":"61","latitude":"20.93734130","longitude":"106.31455420","type":null,"cities":{"h\u1ea3id\u01b0\u01a1ng":{"id":130562,"name":"H\u1ea3i D\u01b0\u01a1ng","latitude":"20.94099000","longitude":"106.33302000"},"huy\u1ec7nb\u00ecnhgiang":{"id":130221,"name":"Huy\u1ec7n B\u00ecnh Giang","latitude":"20.87586000","longitude":"106.19138000"},"huy\u1ec7nc\u1ea9mgi\u00e0ng":{"id":130274,"name":"Huy\u1ec7n C\u1ea9m Gi\u00e0ng","latitude":"20.95000000","longitude":"106.21667000"},"huy\u1ec7ngial\u1ed9c":{"id":130286,"name":"Huy\u1ec7n Gia L\u1ed9c","latitude":"20.85164000","longitude":"106.29130000"},"huy\u1ec7nkinhm\u00f4n":{"id":130329,"name":"Huy\u1ec7n Kinh M\u00f4n","latitude":"21.01634000","longitude":"106.50384000"},"huy\u1ec7nnams\u00e1ch":{"id":130376,"name":"Huy\u1ec7n Nam S\u00e1ch","latitude":"21.00484000","longitude":"106.34042000"},"huy\u1ec7nthanhmi\u1ec7n":{"id":130438,"name":"Huy\u1ec7n Thanh Mi\u1ec7n","latitude":"20.77953000","longitude":"106.22218000"},"th\u1ecbx\u00e3ch\u00edlinh":{"id":130609,"name":"Th\u1ecb X\u00e3 Ch\u00ed Linh","latitude":"21.13722000","longitude":"106.39638000"}}},"h\u1ea3iph\u00f2ng":{"id":3783,"name":"H\u1ea3i Ph\u00f2ng","state_code":"HP","latitude":"20.84491150","longitude":"106.68808410","type":null,"cities":{"c\u00e1tb\u00e0":{"id":130188,"name":"C\u00e1t B\u00e0","latitude":"20.72779000","longitude":"107.04819000"},"haiphong":{"id":130200,"name":"Haiphong","latitude":"20.86481000","longitude":"106.68345000"}}},"h\u1eadugiang":{"id":3777,"name":"H\u1eadu Giang","state_code":"73","latitude":"9.75789800","longitude":"105.64125270","type":null,"cities":{"huy\u1ec7nch\u00e2uth\u00e0nha":{"id":130254,"name":"Huy\u1ec7n Ch\u00e2u Th\u00e0nh A","latitude":"9.93056000","longitude":"105.64194000"},"v\u1ecbthanh":{"id":130627,"name":"V\u1ecb Thanh","latitude":"9.78449000","longitude":"105.47012000"}}},"h\u1ed3ch\u00edminh":{"id":3811,"name":"H\u1ed3 Ch\u00ed Minh","state_code":"SG","latitude":"10.82309890","longitude":"106.62966380","type":null,"cities":{"c\u1ea7ngi\u1edd":{"id":130191,"name":"C\u1ea7n Gi\u1edd","latitude":"10.41115000","longitude":"106.95474000"},"c\u1ee7chi":{"id":130194,"name":"C\u1ee7 Chi","latitude":"10.97333000","longitude":"106.49325000"},"hochiminhcity":{"id":130202,"name":"Ho Chi Minh City","latitude":"10.82302000","longitude":"106.62965000"}}},"h\u00f2ab\u00ecnh":{"id":3799,"name":"H\u00f2a B\u00ecnh","state_code":"14","latitude":"20.68612650","longitude":"105.31311850","type":null,"cities":{"h\u00f2ab\u00ecnh":{"id":130559,"name":"H\u00f2a B\u00ecnh","latitude":"20.81717000","longitude":"105.33759000"},"huy\u1ec7ncaophong":{"id":130245,"name":"Huy\u1ec7n Cao Phong","latitude":"20.69532000","longitude":"105.33559000"},"huy\u1ec7nk\u1ef3s\u01a1n":{"id":130338,"name":"Huy\u1ec7n K\u1ef3 S\u01a1n","latitude":"20.89631000","longitude":"105.39659000"},"huy\u1ec7nl\u1ea1cth\u1ee7y":{"id":130350,"name":"Huy\u1ec7n L\u1ea1c Th\u1ee7y","latitude":"20.49794000","longitude":"105.74092000"},"huy\u1ec7nl\u01b0\u01a1ngs\u01a1n":{"id":130349,"name":"Huy\u1ec7n L\u01b0\u01a1ng S\u01a1n","latitude":"20.87650000","longitude":"105.51219000"},"huy\u1ec7nt\u00e2nl\u1ea1c":{"id":130484,"name":"Huy\u1ec7n T\u00e2n L\u1ea1c","latitude":"20.60557000","longitude":"105.23399000"}}},"h\u01b0ngy\u00ean":{"id":3768,"name":"H\u01b0ng Y\u00ean","state_code":"66","latitude":"20.85257110","longitude":"106.01699710","type":null,"cities":{"h\u01b0ngy\u00ean":{"id":130560,"name":"H\u01b0ng Y\u00ean","latitude":"20.64637000","longitude":"106.05112000"},"huy\u1ec7n\u00c2nthi":{"id":130523,"name":"Huy\u1ec7n \u00c2n Thi","latitude":"20.81086000","longitude":"106.09995000"},"huy\u1ec7nkho\u00e1ich\u00e2u":{"id":130323,"name":"Huy\u1ec7n Kho\u00e1i Ch\u00e2u","latitude":"20.82170000","longitude":"105.97455000"},"huy\u1ec7nkim\u0110\u1ed9ng":{"id":130328,"name":"Huy\u1ec7n Kim \u0110\u1ed9ng","latitude":"20.74645000","longitude":"106.03632000"},"huy\u1ec7nm\u1ef9h\u00e0o":{"id":130369,"name":"Huy\u1ec7n M\u1ef9 H\u00e0o","latitude":"20.93210000","longitude":"106.10630000"},"huy\u1ec7nph\u00f9c\u1eeb":{"id":130396,"name":"Huy\u1ec7n Ph\u00f9 C\u1eeb","latitude":"20.70997000","longitude":"106.19744000"},"huy\u1ec7nti\u00eanl\u1eef":{"id":130456,"name":"Huy\u1ec7n Ti\u00ean L\u1eef","latitude":"20.68490000","longitude":"106.12513000"}}},"kh\u00e1nhh\u00f2a":{"id":3793,"name":"Kh\u00e1nh H\u00f2a","state_code":"34","latitude":"12.25850980","longitude":"109.05260760","type":null,"cities":{"camranh":{"id":130182,"name":"Cam Ranh","latitude":"11.92144000","longitude":"109.15913000"},"huy\u1ec7ndi\u00eankh\u00e1nh":{"id":130278,"name":"Huy\u1ec7n Di\u00ean Kh\u00e1nh","latitude":"12.27341000","longitude":"109.03890000"},"huy\u1ec7nkh\u00e1nhs\u01a1n":{"id":130324,"name":"Huy\u1ec7n Kh\u00e1nh S\u01a1n","latitude":"12.02858000","longitude":"108.90814000"},"huy\u1ec7nkh\u00e1nhv\u0129nh":{"id":130325,"name":"Huy\u1ec7n Kh\u00e1nh V\u0129nh","latitude":"12.30593000","longitude":"108.83073000"},"huy\u1ec7nv\u1ea1nninh":{"id":130506,"name":"Huy\u1ec7n V\u1ea1n Ninh","latitude":"12.72344000","longitude":"109.24586000"},"nhatrang":{"id":130576,"name":"Nha Trang","latitude":"12.24507000","longitude":"109.19432000"},"th\u00e0nhph\u1ed1camranh":{"id":130598,"name":"Th\u00e0nh Ph\u1ed1 Cam Ranh","latitude":"11.90707000","longitude":"109.14861000"},"th\u00e0nhph\u1ed1nhatrang":{"id":130600,"name":"Th\u00e0nh Ph\u1ed1 Nha Trang","latitude":"12.25458000","longitude":"109.16655000"},"th\u1ecbx\u00e3ninhh\u00f2a":{"id":130612,"name":"Th\u1ecb X\u00e3 Ninh H\u00f2a","latitude":"12.53796000","longitude":"109.06057000"}}},"ki\u00eangiang":{"id":3800,"name":"Ki\u00ean Giang","state_code":"47","latitude":"9.82495870","longitude":"105.12589550","type":null,"cities":{"d\u01b0\u01a1ng\u0110\u00f4ng":{"id":130199,"name":"D\u01b0\u01a1ng \u0110\u00f4ng","latitude":"10.21716000","longitude":"103.95929000"},"h\u00e0ti\u00ean":{"id":130556,"name":"H\u00e0 Ti\u00ean","latitude":"10.38310000","longitude":"104.48753000"},"huy\u1ec7nanbi\u00ean":{"id":130208,"name":"Huy\u1ec7n An Bi\u00ean","latitude":"9.81291000","longitude":"105.05230000"},"huy\u1ec7nanminh":{"id":130210,"name":"Huy\u1ec7n An Minh","latitude":"9.66704000","longitude":"104.94848000"},"huy\u1ec7nch\u00e2uth\u00e0nh":{"id":130249,"name":"Huy\u1ec7n Ch\u00e2u Th\u00e0nh","latitude":"9.94372000","longitude":"105.16868000"},"huy\u1ec7ngi\u1ed3ngri\u1ec1ng":{"id":130290,"name":"Huy\u1ec7n Gi\u1ed3ng Ri\u1ec1ng","latitude":"9.91224000","longitude":"105.37311000"},"huy\u1ec7ng\u00f2quao":{"id":130295,"name":"Huy\u1ec7n G\u00f2 Quao","latitude":"9.74027000","longitude":"105.29766000"},"huy\u1ec7nh\u00f2n\u0110\u1ea5t":{"id":130307,"name":"Huy\u1ec7n H\u00f2n \u0110\u1ea5t","latitude":"10.22908000","longitude":"104.95280000"},"huy\u1ec7nki\u00eanh\u1ea3i":{"id":130330,"name":"Huy\u1ec7n Ki\u00ean H\u1ea3i","latitude":"9.83971000","longitude":"104.61560000"},"huy\u1ec7nph\u00faqu\u1ed1c":{"id":130400,"name":"Huy\u1ec7n Ph\u00fa Qu\u1ed1c","latitude":"10.25516000","longitude":"104.01455000"},"huy\u1ec7nt\u00e2nhi\u1ec7p":{"id":130481,"name":"Huy\u1ec7n T\u00e2n Hi\u1ec7p","latitude":"10.09540000","longitude":"105.25936000"},"huy\u1ec7nv\u0129nhthu\u1eadn":{"id":130502,"name":"Huy\u1ec7n V\u0129nh Thu\u1eadn","latitude":"9.53306000","longitude":"105.24490000"},"kienluongtown":{"id":130564,"name":"Kien Luong Town","latitude":"10.24892000","longitude":"104.59000000"},"r\u1ea1chgi\u00e1":{"id":130588,"name":"R\u1ea1ch Gi\u00e1","latitude":"10.01245000","longitude":"105.08091000"}}},"kontum":{"id":3772,"name":"Kon Tum","state_code":"28","latitude":"14.34974030","longitude":"108.00046060","type":null,"cities":{"huy\u1ec7n\u0110\u1eafkglei":{"id":130542,"name":"Huy\u1ec7n \u0110\u1eafk Glei","latitude":"15.11358000","longitude":"107.75093000"},"huy\u1ec7n\u0110\u1eafkh\u00e0":{"id":130543,"name":"Huy\u1ec7n \u0110\u1eafk H\u00e0","latitude":"14.60326000","longitude":"107.98547000"},"huy\u1ec7n\u0110\u1eafkt\u00f4":{"id":130545,"name":"Huy\u1ec7n \u0110\u1eafk T\u00f4","latitude":"14.70087000","longitude":"107.80816000"},"huy\u1ec7niah\u0027drai":{"id":130321,"name":"Huy\u1ec7n Ia H\u0027Drai","latitude":"14.06032000","longitude":"107.46243000"},"huy\u1ec7nkonpl\u00f4ng":{"id":130332,"name":"Huy\u1ec7n Kon Pl\u00f4ng","latitude":"14.75620000","longitude":"108.32057000"},"huy\u1ec7nng\u1ecdch\u1ed3i":{"id":130388,"name":"Huy\u1ec7n Ng\u1ecdc H\u1ed3i","latitude":"14.71940000","longitude":"107.62636000"},"huy\u1ec7nsath\u1ea7y":{"id":130419,"name":"Huy\u1ec7n Sa Th\u1ea7y","latitude":"14.32050000","longitude":"107.59862000"},"kontum":{"id":130565,"name":"Kon Tum","latitude":"14.35451000","longitude":"108.00759000"}}},"laich\u00e2u":{"id":3825,"name":"Lai Ch\u00e2u","state_code":"01","latitude":"22.38622270","longitude":"103.47026310","type":null,"cities":{"huy\u1ec7nm\u01b0\u00f2ngt\u00e8":{"id":130361,"name":"Huy\u1ec7n M\u01b0\u00f2ng T\u00e8","latitude":"22.37443000","longitude":"102.73835000"},"huy\u1ec7ntam\u0110\u01b0\u1eddng":{"id":130431,"name":"Huy\u1ec7n Tam \u0110\u01b0\u1eddng","latitude":"22.35391000","longitude":"103.59342000"},"huy\u1ec7nthanuy\u00ean":{"id":130433,"name":"Huy\u1ec7n Than Uy\u00ean","latitude":"21.91424000","longitude":"103.82857000"}}},"l\u00e2m\u0110\u1ed3ng":{"id":3818,"name":"L\u00e2m \u0110\u1ed3ng","state_code":"35","latitude":"11.57527910","longitude":"108.14286690","type":null,"cities":{"b\u1ea3ol\u1ed9c":{"id":130176,"name":"B\u1ea3o L\u1ed9c","latitude":"11.54798000","longitude":"107.80772000"},"\u0110amrong":{"id":130632,"name":"\u0110am Rong","latitude":"12.05409000","longitude":"108.14941000"},"\u0110inhv\u0103n":{"id":130633,"name":"\u0110inh V\u0103n","latitude":"11.78624000","longitude":"108.24282000"},"\u0110\u01b0ctr\u1ecdng":{"id":130634,"name":"\u0110\u01b0c Tr\u1ecdng","latitude":"11.73559000","longitude":"108.37330000"},"\u00d0\u00e0l\u1ea1t":{"id":130630,"name":"\u00d0\u00e0 L\u1ea1t","latitude":"11.94646000","longitude":"108.44193000"},"huy\u1ec7nb\u1ea3ol\u00e2m":{"id":130230,"name":"Huy\u1ec7n B\u1ea3o L\u00e2m","latitude":"11.71163000","longitude":"107.75338000"},"huy\u1ec7n\u0110\u1ea1huoai":{"id":130536,"name":"Huy\u1ec7n \u0110\u1ea1 Huoai","latitude":"11.42465000","longitude":"107.63825000"},"huy\u1ec7n\u0110\u1ea1t\u1ebbh":{"id":130537,"name":"Huy\u1ec7n \u0110\u1ea1 T\u1ebbh","latitude":"11.58446000","longitude":"107.52792000"},"huy\u1ec7n\u0110\u01a1nd\u01b0\u01a1ng":{"id":130535,"name":"Huy\u1ec7n \u0110\u01a1n D\u01b0\u01a1ng","latitude":"11.75308000","longitude":"108.55397000"},"huy\u1ec7n\u0110\u1ee9ctr\u1ecdng":{"id":130553,"name":"Huy\u1ec7n \u0110\u1ee9c Tr\u1ecdng","latitude":"11.62686000","longitude":"108.35330000"},"huy\u1ec7nl\u00e2mh\u00e0":{"id":130346,"name":"Huy\u1ec7n L\u00e2m H\u00e0","latitude":"11.81890000","longitude":"108.21215000"}}},"l\u1ea1ngs\u01a1n":{"id":3792,"name":"L\u1ea1ng S\u01a1n","state_code":"09","latitude":"21.85370800","longitude":"106.76151900","type":null,"cities":{"huy\u1ec7nb\u1eafcs\u01a1n":{"id":130237,"name":"Huy\u1ec7n B\u1eafc S\u01a1n","latitude":"21.83801000","longitude":"106.27690000"},"huy\u1ec7nb\u00ecnhgia":{"id":130220,"name":"Huy\u1ec7n B\u00ecnh Gia","latitude":"22.07281000","longitude":"106.30410000"},"huy\u1ec7ncaol\u1ed9c":{"id":130244,"name":"Huy\u1ec7n Cao L\u1ed9c","latitude":"21.89857000","longitude":"106.85435000"},"huy\u1ec7nchil\u0103ng":{"id":130246,"name":"Huy\u1ec7n Chi L\u0103ng","latitude":"21.67602000","longitude":"106.62925000"},"huy\u1ec7n\u0110\u00ecnhl\u1eadp":{"id":130531,"name":"Huy\u1ec7n \u0110\u00ecnh L\u1eadp","latitude":"21.54210000","longitude":"107.12925000"},"huy\u1ec7nh\u0169ul\u0169ng":{"id":130308,"name":"Huy\u1ec7n H\u0169u L\u0169ng","latitude":"21.54474000","longitude":"106.34386000"},"huy\u1ec7nv\u1eb7nquan":{"id":130507,"name":"Huy\u1ec7n V\u1eb7n Quan","latitude":"21.83333000","longitude":"106.54942000"},"l\u1ea1ngs\u01a1n":{"id":130572,"name":"L\u1ea1ng S\u01a1n","latitude":"21.85264000","longitude":"106.76101000"}}},"l\u00e0ocai":{"id":3817,"name":"L\u00e0o Cai","state_code":"02","latitude":"22.48094310","longitude":"103.97549590","type":null,"cities":{"huy\u1ec7nb\u1eafch\u00e0":{"id":130234,"name":"Huy\u1ec7n B\u1eafc H\u00e0","latitude":"22.50998000","longitude":"104.30769000"},"huy\u1ec7nb\u1ea3oy\u00ean":{"id":130232,"name":"Huy\u1ec7n B\u1ea3o Y\u00ean","latitude":"22.26109000","longitude":"104.46424000"},"huy\u1ec7nb\u00e1tx\u00e1t":{"id":130219,"name":"Huy\u1ec7n B\u00e1t X\u00e1t","latitude":"22.56767000","longitude":"103.71339000"},"huy\u1ec7nm\u01b0\u1eddngkh\u01b0\u01a1ng":{"id":130362,"name":"Huy\u1ec7n M\u01b0\u1eddng Kh\u01b0\u01a1ng","latitude":"22.67111000","longitude":"104.11772000"},"huy\u1ec7nsapa":{"id":130418,"name":"Huy\u1ec7n Sa Pa","latitude":"22.33769000","longitude":"103.84037000"},"huy\u1ec7nsimacai":{"id":130420,"name":"Huy\u1ec7n Si Ma Cai","latitude":"22.67161000","longitude":"104.27326000"},"huy\u1ec7nv\u0103nb\u00e0n":{"id":130495,"name":"Huy\u1ec7n V\u0103n B\u00e0n","latitude":"22.07002000","longitude":"104.18122000"},"l\u00e0ocai":{"id":130571,"name":"L\u00e0o Cai","latitude":"22.48556000","longitude":"103.97066000"},"laoch\u1ea3i":{"id":130568,"name":"Lao Ch\u1ea3i","latitude":"22.31377000","longitude":"103.86844000"},"sapa":{"id":130591,"name":"Sa Pa","latitude":"22.34023000","longitude":"103.84415000"}}},"longan":{"id":3808,"name":"Long An","state_code":"41","latitude":"10.56071680","longitude":"106.64976230","type":null,"cities":{"c\u1ea7ngiu\u1ed9c":{"id":130190,"name":"C\u1ea7n Giu\u1ed9c","latitude":"10.60857000","longitude":"106.67135000"},"huy\u1ec7nb\u1ebfnl\u1ee9c":{"id":130240,"name":"Huy\u1ec7n B\u1ebfn L\u1ee9c","latitude":"10.68858000","longitude":"106.45484000"},"huy\u1ec7nc\u1ea7n\u0110\u01b0\u1edbc":{"id":130271,"name":"Huy\u1ec7n C\u1ea7n \u0110\u01b0\u1edbc","latitude":"10.54148000","longitude":"106.59636000"},"huy\u1ec7nc\u1ea7ngiu\u1ed9c":{"id":130270,"name":"Huy\u1ec7n C\u1ea7n Giu\u1ed9c","latitude":"10.57742000","longitude":"106.67279000"},"huy\u1ec7nch\u00e2uth\u00e0nh":{"id":130251,"name":"Huy\u1ec7n Ch\u00e2u Th\u00e0nh","latitude":"10.45214000","longitude":"106.49015000"},"huy\u1ec7n\u0110\u1ee9ch\u00f2a":{"id":130551,"name":"Huy\u1ec7n \u0110\u1ee9c H\u00f2a","latitude":"10.87838000","longitude":"106.42422000"},"huy\u1ec7n\u0110\u1ee9chu\u1ec7":{"id":130550,"name":"Huy\u1ec7n \u0110\u1ee9c Hu\u1ec7","latitude":"10.86473000","longitude":"106.25914000"},"huy\u1ec7nm\u1ed9ch\u00f3a":{"id":130368,"name":"Huy\u1ec7n M\u1ed9c H\u00f3a","latitude":"10.75166000","longitude":"106.01729000"},"huy\u1ec7nt\u00e2nh\u01b0ng":{"id":130482,"name":"Huy\u1ec7n T\u00e2n H\u01b0ng","latitude":"10.83380000","longitude":"105.68848000"},"huy\u1ec7nt\u00e2nth\u1ea1nh":{"id":130488,"name":"Huy\u1ec7n T\u00e2n Th\u1ea1nh","latitude":"10.60351000","longitude":"105.96576000"},"huy\u1ec7nt\u00e2ntr\u1ee5":{"id":130489,"name":"Huy\u1ec7n T\u00e2n Tr\u1ee5","latitude":"10.53182000","longitude":"106.51644000"},"huy\u1ec7nth\u1ea1nhh\u00f3a":{"id":130448,"name":"Huy\u1ec7n Th\u1ea1nh H\u00f3a","latitude":"10.66667000","longitude":"106.16667000"},"huy\u1ec7nth\u1ee7th\u1eeba":{"id":130454,"name":"Huy\u1ec7n Th\u1ee7 Th\u1eeba","latitude":"10.65639000","longitude":"106.34580000"},"huy\u1ec7nv\u0129nhh\u01b0ng":{"id":130499,"name":"Huy\u1ec7n V\u0129nh H\u01b0ng","latitude":"10.88299000","longitude":"105.80364000"},"t\u00e2nan":{"id":130620,"name":"T\u00e2n An","latitude":"10.53589000","longitude":"106.41366000"}}},"nam\u0110\u1ecbnh":{"id":3789,"name":"Nam \u0110\u1ecbnh","state_code":"67","latitude":"20.43882250","longitude":"106.16210530","type":null,"cities":{"huy\u1ec7ngiaoth\u1ee7y":{"id":130287,"name":"Huy\u1ec7n Giao Th\u1ee7y","latitude":"20.25706000","longitude":"106.46245000"},"huy\u1ec7nh\u1ea3ih\u1eadu":{"id":130315,"name":"Huy\u1ec7n H\u1ea3i H\u1eadu","latitude":"20.15057000","longitude":"106.27161000"},"huy\u1ec7nm\u1ef9l\u1ed9c":{"id":130370,"name":"Huy\u1ec7n M\u1ef9 L\u1ed9c","latitude":"20.46079000","longitude":"106.12319000"},"huy\u1ec7nnamtr\u1ef1c":{"id":130377,"name":"Huy\u1ec7n Nam Tr\u1ef1c","latitude":"20.34106000","longitude":"106.20821000"},"huy\u1ec7nngh\u0129ah\u01b0ng":{"id":130384,"name":"Huy\u1ec7n Ngh\u0129a H\u01b0ng","latitude":"20.10598000","longitude":"106.17345000"},"huy\u1ec7ntr\u1ef1cninh":{"id":130474,"name":"Huy\u1ec7n Tr\u1ef1c Ninh","latitude":"20.25690000","longitude":"106.24582000"},"huy\u1ec7nv\u1ee5b\u1ea3n":{"id":130509,"name":"Huy\u1ec7n V\u1ee5 B\u1ea3n","latitude":"20.37705000","longitude":"106.09707000"},"huy\u1ec7n\u00ddy\u00ean":{"id":130526,"name":"Huy\u1ec7n \u00dd Y\u00ean","latitude":"20.31669000","longitude":"106.02327000"},"nam\u0110\u1ecbnh":{"id":130575,"name":"Nam \u0110\u1ecbnh","latitude":"20.43389000","longitude":"106.17729000"}}},"ngh\u1ec7an":{"id":3780,"name":"Ngh\u1ec7 An","state_code":"22","latitude":"19.23424890","longitude":"104.92003650","type":null,"cities":{"huy\u1ec7nanhs\u01a1n":{"id":130212,"name":"Huy\u1ec7n Anh S\u01a1n","latitude":"18.92902000","longitude":"105.08294000"},"huy\u1ec7nconcu\u00f4ng":{"id":130264,"name":"Huy\u1ec7n Con Cu\u00f4ng","latitude":"19.03898000","longitude":"104.80353000"},"huy\u1ec7ndi\u1ec5nch\u00e2u":{"id":130279,"name":"Huy\u1ec7n Di\u1ec5n Ch\u00e2u","latitude":"18.98892000","longitude":"105.57625000"},"huy\u1ec7n\u0110\u00f4l\u01b0\u01a1ng":{"id":130532,"name":"Huy\u1ec7n \u0110\u00f4 L\u01b0\u01a1ng","latitude":"18.89259000","longitude":"105.34027000"},"huy\u1ec7nh\u01b0ngnguy\u00ean":{"id":130310,"name":"Huy\u1ec7n H\u01b0ng Nguy\u00ean","latitude":"18.67811000","longitude":"105.62523000"},"huy\u1ec7nk\u1ef3s\u01a1n":{"id":130339,"name":"Huy\u1ec7n K\u1ef3 S\u01a1n","latitude":"19.42397000","longitude":"104.22199000"},"huy\u1ec7nnam\u0110\u00e0n":{"id":130378,"name":"Huy\u1ec7n Nam \u0110\u00e0n","latitude":"18.67041000","longitude":"105.52575000"},"huy\u1ec7nnghil\u1ed9c":{"id":130381,"name":"Huy\u1ec7n Nghi L\u1ed9c","latitude":"18.83131000","longitude":"105.62411000"},"huy\u1ec7nngh\u0129a\u0110\u00e0n":{"id":130385,"name":"Huy\u1ec7n Ngh\u0129a \u0110\u00e0n","latitude":"19.38234000","longitude":"105.44072000"},"huy\u1ec7nqu\u1ebfphong":{"id":130411,"name":"Huy\u1ec7n Qu\u1ebf Phong","latitude":"19.70177000","longitude":"104.87913000"},"huy\u1ec7nqu\u1ef3ch\u00e2u":{"id":130413,"name":"Huy\u1ec7n Qu\u1ef3 Ch\u00e2u","latitude":"19.55707000","longitude":"105.09173000"},"huy\u1ec7nqu\u1ef3h\u1ee3p":{"id":130414,"name":"Huy\u1ec7n Qu\u1ef3 H\u1ee3p","latitude":"19.32514000","longitude":"105.16009000"},"huy\u1ec7nqu\u1ef3nhl\u01b0u":{"id":130415,"name":"Huy\u1ec7n Qu\u1ef3nh L\u01b0u","latitude":"19.22717000","longitude":"105.64354000"},"huy\u1ec7nthanhch\u01b0\u01a1ng":{"id":130436,"name":"Huy\u1ec7n Thanh Ch\u01b0\u01a1ng","latitude":"18.73929000","longitude":"105.24053000"},"huy\u1ec7nt\u01b0\u01a1ngd\u01b0\u01a1ng":{"id":130492,"name":"Huy\u1ec7n T\u01b0\u01a1ng D\u01b0\u01a1ng","latitude":"19.30979000","longitude":"104.57788000"},"huy\u1ec7ny\u00eanth\u00e0nh":{"id":130520,"name":"Huy\u1ec7n Y\u00ean Th\u00e0nh","latitude":"19.02724000","longitude":"105.43649000"},"vinh":{"id":130622,"name":"Vinh","latitude":"18.67337000","longitude":"105.69232000"},"y\u00eanvinh":{"id":130629,"name":"Y\u00ean Vinh","latitude":"18.66667000","longitude":"105.66667000"}}},"ninhb\u00ecnh":{"id":3786,"name":"Ninh B\u00ecnh","state_code":"18","latitude":"20.25061490","longitude":"105.97445360","type":null,"cities":{"huy\u1ec7nhoal\u01b0":{"id":130297,"name":"Huy\u1ec7n Hoa L\u01b0","latitude":"20.25391000","longitude":"105.90789000"},"huy\u1ec7nkims\u01a1n":{"id":130327,"name":"Huy\u1ec7n Kim S\u01a1n","latitude":"20.06034000","longitude":"106.09863000"},"huy\u1ec7nnhoquan":{"id":130390,"name":"Huy\u1ec7n Nho Quan","latitude":"20.27606000","longitude":"105.75442000"},"huy\u1ec7ny\u00eankh\u00e1nh":{"id":130513,"name":"Huy\u1ec7n Y\u00ean Kh\u00e1nh","latitude":"20.19017000","longitude":"106.09605000"},"huy\u1ec7ny\u00eanm\u00f4":{"id":130517,"name":"Huy\u1ec7n Y\u00ean M\u00f4","latitude":"20.12984000","longitude":"106.00199000"},"ninhb\u00ecnh":{"id":130577,"name":"Ninh B\u00ecnh","latitude":"20.25809000","longitude":"105.97965000"}}},"ninhthu\u1eadn":{"id":3788,"name":"Ninh Thu\u1eadn","state_code":"36","latitude":"11.67387670","longitude":"108.86295720","type":null,"cities":{"phanrang-th\u00e1pch\u00e0m":{"id":130578,"name":"Phan Rang-Th\u00e1p Ch\u00e0m","latitude":"11.56432000","longitude":"108.98858000"}}},"ph\u00fath\u1ecd":{"id":3801,"name":"Ph\u00fa Th\u1ecd","state_code":"68","latitude":"21.26844300","longitude":"105.20455730","type":null,"cities":{"huy\u1ec7nc\u1ea9mkh\u00ea":{"id":130275,"name":"Huy\u1ec7n C\u1ea9m Kh\u00ea","latitude":"21.40683000","longitude":"105.09845000"},"huy\u1ec7n\u0110oanh\u00f9ng":{"id":130530,"name":"Huy\u1ec7n \u0110oan H\u00f9ng","latitude":"21.61776000","longitude":"105.16110000"},"huy\u1ec7nh\u1ea1h\u00f2a":{"id":130312,"name":"Huy\u1ec7n H\u1ea1 H\u00f2a","latitude":"21.57763000","longitude":"104.99464000"},"huyenlamthao":{"id":130203,"name":"Huyen Lam Thao","latitude":"21.29971000","longitude":"105.31119000"},"huy\u1ec7nthanhba":{"id":130434,"name":"Huy\u1ec7n Thanh Ba","latitude":"21.47816000","longitude":"105.15881000"},"huy\u1ec7ny\u00eanl\u1eadp":{"id":130515,"name":"Huy\u1ec7n Y\u00ean L\u1eadp","latitude":"21.35569000","longitude":"105.00493000"},"th\u00e0nhph\u1ed1vi\u1ec7ttr\u00ec":{"id":130603,"name":"Th\u00e0nh Ph\u1ed1 Vi\u1ec7t Tr\u00ec","latitude":"21.32958000","longitude":"105.39217000"},"th\u1ecbx\u00e3ph\u00fath\u1ecd":{"id":130615,"name":"Th\u1ecb x\u00e3 Ph\u00fa Th\u1ecd","latitude":"21.41664000","longitude":"105.23636000"},"vi\u1ec7ttr\u00ec":{"id":130623,"name":"Vi\u1ec7t Tr\u00ec","latitude":"21.32274000","longitude":"105.40198000"}}},"ph\u00fay\u00ean":{"id":3824,"name":"Ph\u00fa Y\u00ean","state_code":"32","latitude":"13.08818610","longitude":"109.09287640","type":null,"cities":{"huy\u1ec7ns\u01a1nh\u00f2a":{"id":130425,"name":"Huy\u1ec7n S\u01a1n H\u00f2a","latitude":"13.15868000","longitude":"108.97281000"},"huy\u1ec7ns\u00f4nghinh":{"id":130421,"name":"Huy\u1ec7n S\u00f4ng Hinh","latitude":"12.91667000","longitude":"108.91667000"},"s\u00f4ngc\u1ea7u":{"id":130593,"name":"S\u00f4ng C\u1ea7u","latitude":"13.45560000","longitude":"109.22348000"},"tuyh\u00f2a":{"id":130618,"name":"Tuy H\u00f2a","latitude":"13.09546000","longitude":"109.32094000"}}},"qu\u1ea3ngb\u00ecnh":{"id":3809,"name":"Qu\u1ea3ng B\u00ecnh","state_code":"24","latitude":"17.61027150","longitude":"106.34874740","type":null,"cities":{"huy\u1ec7nl\u1ec7th\u1ee7y":{"id":130352,"name":"Huy\u1ec7n L\u1ec7 Th\u1ee7y","latitude":"17.11239000","longitude":"106.70471000"},"huy\u1ec7nqu\u1ea3ngninh":{"id":130407,"name":"Huy\u1ec7n Qu\u1ea3ng Ninh","latitude":"17.27067000","longitude":"106.51387000"},"huy\u1ec7nqu\u1ea3ngtr\u1ea1ch":{"id":130408,"name":"Huy\u1ec7n Qu\u1ea3ng Tr\u1ea1ch","latitude":"17.83447000","longitude":"106.36705000"},"huy\u1ec7ntuy\u00eanh\u00f3a":{"id":130477,"name":"Huy\u1ec7n Tuy\u00ean H\u00f3a","latitude":"17.91323000","longitude":"106.02678000"},"kwangbinh":{"id":130566,"name":"Kwang Binh","latitude":"17.46885000","longitude":"106.62226000"}}},"qu\u1ea3ngnam":{"id":3776,"name":"Qu\u1ea3ng Nam","state_code":"27","latitude":"15.53935380","longitude":"108.01910200","type":null,"cities":{"h\u1ed9ian":{"id":130563,"name":"H\u1ed9i An","latitude":"15.87944000","longitude":"108.33500000"},"huy\u1ec7nduyxuy\u00ean":{"id":130281,"name":"Huy\u1ec7n Duy Xuy\u00ean","latitude":"15.78970000","longitude":"108.20247000"},"huy\u1ec7n\u0110\u1ea1il\u1ed9c":{"id":130538,"name":"Huy\u1ec7n \u0110\u1ea1i L\u1ed9c","latitude":"15.83721000","longitude":"107.97894000"},"huy\u1ec7n\u0110i\u1ec7nb\u00e0n":{"id":130529,"name":"Huy\u1ec7n \u0110i\u1ec7n B\u00e0n","latitude":"15.89917000","longitude":"108.22470000"},"huy\u1ec7nhi\u1ec7p\u0110\u1ee9c":{"id":130296,"name":"Huy\u1ec7n Hi\u1ec7p \u0110\u1ee9c","latitude":"15.53857000","longitude":"108.09539000"},"huy\u1ec7nnamgiang":{"id":130375,"name":"Huy\u1ec7n Nam Giang","latitude":"15.63201000","longitude":"107.60267000"},"huy\u1ec7nn\u00faith\u00e0nh":{"id":130394,"name":"Huy\u1ec7n N\u00fai Th\u00e0nh","latitude":"15.43345000","longitude":"108.57438000"},"huy\u1ec7nph\u01b0\u1edbcs\u01a1n":{"id":130403,"name":"Huy\u1ec7n Ph\u01b0\u1edbc S\u01a1n","latitude":"15.38806000","longitude":"107.85766000"},"huy\u1ec7nti\u00eanph\u01b0\u1edbc":{"id":130457,"name":"Huy\u1ec7n Ti\u00ean Ph\u01b0\u1edbc","latitude":"15.47090000","longitude":"108.28257000"},"huy\u1ec7ntr\u00e0my":{"id":130467,"name":"Huy\u1ec7n Tr\u00e0 My","latitude":"15.25000000","longitude":"108.08333000"},"tamk\u1ef3":{"id":130596,"name":"Tam K\u1ef3","latitude":"15.57364000","longitude":"108.47403000"}}},"qu\u1ea3ngng\u00e3i":{"id":3828,"name":"Qu\u1ea3ng Ng\u00e3i","state_code":"29","latitude":"15.12138730","longitude":"108.80441450","type":null,"cities":{"huy\u1ec7nbat\u01a1":{"id":130216,"name":"Huy\u1ec7n Ba T\u01a1","latitude":"14.73973000","longitude":"108.69326000"},"huy\u1ec7nb\u00ecnhs\u01a1n":{"id":130224,"name":"Huy\u1ec7n B\u00ecnh S\u01a1n","latitude":"15.31899000","longitude":"108.76383000"},"huy\u1ec7n\u0110\u1ee9cph\u1ed5":{"id":130552,"name":"Huy\u1ec7n \u0110\u1ee9c Ph\u1ed5","latitude":"14.78000000","longitude":"108.97857000"},"huy\u1ec7nl\u00fds\u01a1n":{"id":130348,"name":"Huy\u1ec7n L\u00fd S\u01a1n","latitude":"15.40608000","longitude":"109.09707000"},"huy\u1ec7nminhlong":{"id":130359,"name":"Huy\u1ec7n Minh Long","latitude":"14.95375000","longitude":"108.67724000"},"huy\u1ec7nm\u1ed9\u0110\u1ee9c":{"id":130366,"name":"Huy\u1ec7n M\u1ed9 \u0110\u1ee9c","latitude":"14.95515000","longitude":"108.88841000"},"huy\u1ec7nngh\u0129ah\u00e0nh":{"id":130383,"name":"Huy\u1ec7n Ngh\u0129a H\u00e0nh","latitude":"14.98712000","longitude":"108.80036000"},"huy\u1ec7ns\u01a1nh\u00e0":{"id":130424,"name":"Huy\u1ec7n S\u01a1n H\u00e0","latitude":"14.98427000","longitude":"108.53643000"},"huy\u1ec7ns\u01a1nt\u00e2y":{"id":130426,"name":"Huy\u1ec7n S\u01a1n T\u00e2y","latitude":"14.96392000","longitude":"108.36419000"},"huy\u1ec7ns\u01a1nt\u1ecbnh":{"id":130427,"name":"Huy\u1ec7n S\u01a1n T\u1ecbnh","latitude":"15.19090000","longitude":"108.74295000"},"huy\u1ec7ntr\u00e0b\u1ed3ng":{"id":130464,"name":"Huy\u1ec7n Tr\u00e0 B\u1ed3ng","latitude":"15.23752000","longitude":"108.52633000"},"huy\u1ec7nt\u01b0ngh\u0129a":{"id":130491,"name":"Huy\u1ec7n T\u01b0 Ngh\u0129a","latitude":"15.09499000","longitude":"108.77053000"},"qu\u1ea3ngng\u00e3i":{"id":130585,"name":"Qu\u1ea3ng Ng\u00e3i","latitude":"15.12047000","longitude":"108.79232000"}}},"qu\u1ea3ngninh":{"id":3814,"name":"Qu\u1ea3ng Ninh","state_code":"13","latitude":"21.00638200","longitude":"107.29251440","type":null,"cities":{"c\u1ea9mph\u1ea3":{"id":130192,"name":"C\u1ea9m Ph\u1ea3","latitude":"21.01004000","longitude":"107.27345000"},"c\u1ea9mph\u1ea3mines":{"id":130193,"name":"C\u1ea9m Ph\u1ea3 Mines","latitude":"21.01667000","longitude":"107.30000000"},"h\u1ea1long":{"id":130561,"name":"H\u1ea1 Long","latitude":"20.95045000","longitude":"107.07336000"},"huy\u1ec7nbach\u1ebd":{"id":130214,"name":"Huy\u1ec7n Ba Ch\u1ebd","latitude":"21.29503000","longitude":"107.19298000"},"huy\u1ec7nb\u00ecnhli\u00eau":{"id":130222,"name":"Huy\u1ec7n B\u00ecnh Li\u00eau","latitude":"21.54389000","longitude":"107.44047000"},"huy\u1ec7nc\u00f4t\u00f4":{"id":130268,"name":"Huy\u1ec7n C\u00f4 T\u00f4","latitude":"21.05418000","longitude":"107.80698000"},"huy\u1ec7n\u0110\u1ea7mh\u00e0":{"id":130541,"name":"Huy\u1ec7n \u0110\u1ea7m H\u00e0","latitude":"21.39689000","longitude":"107.56175000"},"huy\u1ec7n\u0110\u00f4ngtri\u1ec1u":{"id":130534,"name":"Huy\u1ec7n \u0110\u00f4ng Tri\u1ec1u","latitude":"21.11043000","longitude":"106.59662000"},"huy\u1ec7nh\u1ea3ih\u00e0":{"id":130314,"name":"Huy\u1ec7n H\u1ea3i H\u00e0","latitude":"21.49537000","longitude":"107.66790000"},"huy\u1ec7nho\u00e0nhb\u1ed3":{"id":130299,"name":"Huy\u1ec7n Ho\u00e0nh B\u1ed3","latitude":"21.11888000","longitude":"107.03149000"},"huy\u1ec7nti\u00eany\u00ean":{"id":130458,"name":"Huy\u1ec7n Ti\u00ean Y\u00ean","latitude":"21.37571000","longitude":"107.37468000"},"huy\u1ec7nv\u00e2n\u0110\u1ed3n":{"id":130494,"name":"Huy\u1ec7n V\u00e2n \u0110\u1ed3n","latitude":"21.04921000","longitude":"107.50971000"},"m\u00f3ngc\u00e1i":{"id":130573,"name":"M\u00f3ng C\u00e1i","latitude":"21.52471000","longitude":"107.96619000"},"th\u00e0nhph\u1ed1u\u00f4ngb\u00ed":{"id":130602,"name":"Th\u00e0nh Ph\u1ed1 U\u00f4ng B\u00ed","latitude":"21.03433000","longitude":"106.77049000"}}},"qu\u1ea3ngtr\u1ecb":{"id":3803,"name":"Qu\u1ea3ng Tr\u1ecb","state_code":"25","latitude":"16.74030740","longitude":"107.18546790","type":null,"cities":{"\u00d0\u00f4ngh\u00e0":{"id":130631,"name":"\u00d0\u00f4ng H\u00e0","latitude":"16.81625000","longitude":"107.10031000"},"huy\u1ec7ncaml\u1ed9":{"id":130242,"name":"Huy\u1ec7n Cam L\u1ed9","latitude":"16.79335000","longitude":"106.96175000"},"huy\u1ec7n\u0110akr\u00f4ng":{"id":130527,"name":"Huy\u1ec7n \u0110a Kr\u00f4ng","latitude":"16.55543000","longitude":"106.97208000"},"huy\u1ec7ngiolinh":{"id":130288,"name":"Huy\u1ec7n Gio Linh","latitude":"16.91667000","longitude":"107.00000000"},"huy\u1ec7nh\u1ea3il\u0103ng":{"id":130316,"name":"Huy\u1ec7n H\u1ea3i L\u0103ng","latitude":"16.67574000","longitude":"107.23388000"},"huy\u1ec7nh\u01b0\u1edbngh\u00f3a":{"id":130311,"name":"Huy\u1ec7n H\u01b0\u1edbng H\u00f3a","latitude":"16.70132000","longitude":"106.67036000"},"huy\u1ec7ntri\u1ec7uphong":{"id":130462,"name":"Huy\u1ec7n Tri\u1ec7u Phong","latitude":"16.78132000","longitude":"107.16034000"},"huy\u1ec7nv\u0129nhlinh":{"id":130500,"name":"Huy\u1ec7n V\u0129nh Linh","latitude":"17.01600000","longitude":"106.93384000"}}},"s\u00f3ctr\u0103ng":{"id":3819,"name":"S\u00f3c Tr\u0103ng","state_code":"52","latitude":"9.60252100","longitude":"105.97390490","type":null,"cities":{"huy\u1ec7nk\u1ebfs\u00e1ch":{"id":130336,"name":"Huy\u1ec7n K\u1ebf S\u00e1ch","latitude":"9.81771000","longitude":"105.94190000"},"huy\u1ec7nlongph\u00fa":{"id":130343,"name":"Huy\u1ec7n Long Ph\u00fa","latitude":"9.63715000","longitude":"106.08226000"},"huy\u1ec7nm\u1ef9t\u00fa":{"id":130371,"name":"Huy\u1ec7n M\u1ef9 T\u00fa","latitude":"9.60849000","longitude":"105.80681000"},"huy\u1ec7nm\u1ef9xuy\u00ean":{"id":130372,"name":"Huy\u1ec7n M\u1ef9 Xuy\u00ean","latitude":"9.44200000","longitude":"105.88546000"},"huyennganam":{"id":130205,"name":"Huyen Nga Nam","latitude":"9.56127000","longitude":"105.59476000"},"huy\u1ec7nth\u1ea1nhtr\u1ecb":{"id":130450,"name":"Huy\u1ec7n Th\u1ea1nh Tr\u1ecb","latitude":"9.46939000","longitude":"105.71196000"},"s\u00f3ctr\u0103ng":{"id":130592,"name":"S\u00f3c Tr\u0103ng","latitude":"9.59995000","longitude":"105.97193000"}}},"s\u01a1nla":{"id":3812,"name":"S\u01a1n La","state_code":"05","latitude":"21.10222840","longitude":"103.72891670","type":null,"cities":{"huy\u1ec7nb\u1eafcy\u00ean":{"id":130238,"name":"Huy\u1ec7n B\u1eafc Y\u00ean","latitude":"21.25042000","longitude":"104.38501000"},"huy\u1ec7nmais\u01a1n":{"id":130356,"name":"Huy\u1ec7n Mai S\u01a1n","latitude":"21.15884000","longitude":"104.04821000"},"huy\u1ec7nm\u1ed9cch\u00e2u":{"id":130367,"name":"Huy\u1ec7n M\u1ed9c Ch\u00e2u","latitude":"21.83333000","longitude":"104.75000000"},"huy\u1ec7nm\u01b0\u1eddngla":{"id":130363,"name":"Huy\u1ec7n M\u01b0\u1eddng La","latitude":"21.52960000","longitude":"104.11113000"},"huy\u1ec7nph\u00f9y\u00ean":{"id":130398,"name":"Huy\u1ec7n Ph\u00f9 Y\u00ean","latitude":"21.21412000","longitude":"104.68993000"},"huy\u1ec7nqu\u1ef3nhnhai":{"id":130416,"name":"Huy\u1ec7n Qu\u1ef3nh Nhai","latitude":"21.77224000","longitude":"103.64920000"},"huy\u1ec7ns\u00f4ngm\u00e3":{"id":130422,"name":"Huy\u1ec7n S\u00f4ng M\u00e3","latitude":"21.06971000","longitude":"103.68727000"},"huy\u1ec7nthu\u1eadnch\u00e2u":{"id":130440,"name":"Huy\u1ec7n Thu\u1eadn Ch\u00e2u","latitude":"21.42319000","longitude":"103.64408000"},"huy\u1ec7ny\u00eanch\u00e2u":{"id":130512,"name":"Huy\u1ec7n Y\u00ean Ch\u00e2u","latitude":"21.00500000","longitude":"104.33264000"},"s\u01a1nla":{"id":130594,"name":"S\u01a1n La","latitude":"21.32560000","longitude":"103.91882000"}}},"t\u00e2yninh":{"id":3826,"name":"T\u00e2y Ninh","state_code":"37","latitude":"11.33515540","longitude":"106.10988540","type":null,"cities":{"huy\u1ec7nb\u1ebfnc\u1ea7u":{"id":130239,"name":"Huy\u1ec7n B\u1ebfn C\u1ea7u","latitude":"11.12889000","longitude":"106.14296000"},"huy\u1ec7nd\u01b0\u01a1ngminhch\u00e2u":{"id":130282,"name":"Huy\u1ec7n D\u01b0\u01a1ng Minh Ch\u00e2u","latitude":"11.31833000","longitude":"106.25697000"},"huy\u1ec7ng\u00f2d\u1ea7u":{"id":130294,"name":"Huy\u1ec7n G\u00f2 D\u1ea7u","latitude":"11.15737000","longitude":"106.27307000"},"huy\u1ec7nh\u00f2ath\u00e0nh":{"id":130306,"name":"Huy\u1ec7n H\u00f2a Th\u00e0nh","latitude":"11.26706000","longitude":"106.14486000"},"huy\u1ec7nt\u00e2nch\u00e2u":{"id":130480,"name":"Huy\u1ec7n T\u00e2n Ch\u00e2u","latitude":"11.58739000","longitude":"106.28270000"},"huy\u1ec7ntr\u1ea3ngb\u00e0ng":{"id":130472,"name":"Huy\u1ec7n Tr\u1ea3ng B\u00e0ng","latitude":"11.05720000","longitude":"106.37539000"},"ph\u00fakh\u01b0\u01a1ng":{"id":130581,"name":"Ph\u00fa Kh\u01b0\u01a1ng","latitude":"11.28333000","longitude":"106.13333000"},"t\u00e2yninh":{"id":130621,"name":"T\u00e2y Ninh","latitude":"11.31004000","longitude":"106.09828000"}}},"th\u00e1ib\u00ecnh":{"id":3775,"name":"Th\u00e1i B\u00ecnh","state_code":"20","latitude":"20.44634710","longitude":"106.33658280","type":null,"cities":{"huy\u1ec7n\u00d0\u00f4ngh\u01b0ng":{"id":130524,"name":"Huy\u1ec7n \u00d0\u00f4ng H\u01b0ng","latitude":"20.54388000","longitude":"106.34090000"},"huy\u1ec7nh\u01b0ngh\u00e0":{"id":130309,"name":"Huy\u1ec7n H\u01b0ng H\u00e0","latitude":"20.59464000","longitude":"106.21230000"},"huy\u1ec7nki\u1ebfnx\u01b0\u01a1ng":{"id":130331,"name":"Huy\u1ec7n Ki\u1ebfn X\u01b0\u01a1ng","latitude":"20.40081000","longitude":"106.42032000"},"huy\u1ec7nqu\u1ef3nhph\u1ee5":{"id":130417,"name":"Huy\u1ec7n Qu\u1ef3nh Ph\u1ee5","latitude":"20.65095000","longitude":"106.36359000"},"huy\u1ec7nth\u00e1ith\u1ee5y":{"id":130442,"name":"Huy\u1ec7n Th\u00e1i Th\u1ee5y","latitude":"20.53916000","longitude":"106.51688000"},"huy\u1ec7nti\u1ec1nh\u1ea3i":{"id":130459,"name":"Huy\u1ec7n Ti\u1ec1n H\u1ea3i","latitude":"20.38465000","longitude":"106.52882000"},"huy\u1ec7nv\u0169th\u01b0":{"id":130504,"name":"Huy\u1ec7n V\u0169 Th\u01b0","latitude":"20.43732000","longitude":"106.26529000"},"th\u00e1ib\u00ecnh":{"id":130605,"name":"Th\u00e1i B\u00ecnh","latitude":"20.45000000","longitude":"106.34002000"}}},"th\u00e1inguy\u00ean":{"id":3807,"name":"Th\u00e1i Nguy\u00ean","state_code":"69","latitude":"21.56715590","longitude":"105.82520380","type":null,"cities":{"th\u00e1inguy\u00ean":{"id":130606,"name":"Th\u00e1i Nguy\u00ean","latitude":"21.59422000","longitude":"105.84817000"}}},"thanhh\u00f3a":{"id":3771,"name":"Thanh H\u00f3a","state_code":"21","latitude":"19.80669200","longitude":"105.78518160","type":null,"cities":{"b\u1ec9ms\u01a1n":{"id":130181,"name":"B\u1ec9m S\u01a1n","latitude":"20.07806000","longitude":"105.86028000"},"huy\u1ec7nb\u00e1th\u01b0\u1edbc":{"id":130218,"name":"Huy\u1ec7n B\u00e1 Th\u01b0\u1edbc","latitude":"20.35767000","longitude":"105.25301000"},"huy\u1ec7nc\u1ea9mth\u1ee7y":{"id":130276,"name":"Huy\u1ec7n C\u1ea9m Th\u1ee7y","latitude":"20.19586000","longitude":"105.46817000"},"huy\u1ec7n\u0110\u00f4ngs\u01a1n":{"id":130533,"name":"Huy\u1ec7n \u0110\u00f4ng S\u01a1n","latitude":"19.79742000","longitude":"105.72465000"},"huy\u1ec7nh\u00e0trung":{"id":130301,"name":"Huy\u1ec7n H\u00e0 Trung","latitude":"20.02654000","longitude":"105.81931000"},"huy\u1ec7nh\u1eadul\u1ed9c":{"id":130317,"name":"Huy\u1ec7n H\u1eadu L\u1ed9c","latitude":"19.93337000","longitude":"105.88894000"},"huy\u1ec7nlangch\u00e1nh":{"id":130341,"name":"Huy\u1ec7n Lang Ch\u00e1nh","latitude":"20.15926000","longitude":"105.15071000"},"huy\u1ec7nm\u01b0\u1eddngl\u00e1t":{"id":130364,"name":"Huy\u1ec7n M\u01b0\u1eddng L\u00e1t","latitude":"20.52763000","longitude":"104.62941000"},"huy\u1ec7nngas\u01a1n":{"id":130380,"name":"Huy\u1ec7n Nga S\u01a1n","latitude":"20.01561000","longitude":"105.98975000"},"huy\u1ec7nng\u1ecdcl\u1eb7c":{"id":130389,"name":"Huy\u1ec7n Ng\u1ecdc L\u1eb7c","latitude":"20.06777000","longitude":"105.37386000"},"huy\u1ec7nnh\u01b0thanh":{"id":130391,"name":"Huy\u1ec7n Nh\u01b0 Thanh","latitude":"19.57798000","longitude":"105.55616000"},"huy\u1ec7nnh\u01b0xu\u00e2n":{"id":130392,"name":"Huy\u1ec7n Nh\u01b0 Xu\u00e2n","latitude":"19.62527000","longitude":"105.38856000"},"huy\u1ec7nn\u00f4ngc\u1ed1ng":{"id":130393,"name":"Huy\u1ec7n N\u00f4ng C\u1ed1ng","latitude":"19.61376000","longitude":"105.68279000"},"huy\u1ec7nquanh\u00f3a":{"id":130404,"name":"Huy\u1ec7n Quan H\u00f3a","latitude":"20.47565000","longitude":"104.95335000"},"huy\u1ec7nquans\u01a1n":{"id":130405,"name":"Huy\u1ec7n Quan S\u01a1n","latitude":"20.25758000","longitude":"104.83416000"},"huy\u1ec7nqu\u1ea3ngx\u01b0\u01a1ng":{"id":130409,"name":"Huy\u1ec7n Qu\u1ea3ng X\u01b0\u01a1ng","latitude":"19.70252000","longitude":"105.79298000"},"huy\u1ec7nthi\u1ec7uh\u00f3a":{"id":130439,"name":"Huy\u1ec7n Thi\u1ec7u H\u00f3a","latitude":"19.89713000","longitude":"105.68144000"},"huy\u1ec7nth\u1ecdxu\u00e2n":{"id":130451,"name":"Huy\u1ec7n Th\u1ecd Xu\u00e2n","latitude":"19.93114000","longitude":"105.48284000"},"huy\u1ec7nth\u01b0\u1eddngxu\u00e2n":{"id":130445,"name":"Huy\u1ec7n Th\u01b0\u1eddng Xu\u00e2n","latitude":"19.93684000","longitude":"105.24109000"},"huy\u1ec7ntri\u1ec7us\u01a1n":{"id":130463,"name":"Huy\u1ec7n Tri\u1ec7u S\u01a1n","latitude":"19.82578000","longitude":"105.58293000"},"huy\u1ec7nv\u0129nhl\u1ed9c":{"id":130501,"name":"Huy\u1ec7n V\u0129nh L\u1ed9c","latitude":"20.03482000","longitude":"105.65755000"},"huy\u1ec7ny\u00ean\u0110\u1ecbnh":{"id":130522,"name":"Huy\u1ec7n Y\u00ean \u0110\u1ecbnh","latitude":"19.98666000","longitude":"105.61482000"},"thanhh\u00f3a":{"id":130597,"name":"Thanh H\u00f3a","latitude":"19.80000000","longitude":"105.76667000"}}},"th\u1eebathi\u00ean-hu\u1ebf":{"id":3798,"name":"Th\u1eeba Thi\u00ean-Hu\u1ebf","state_code":"26","latitude":"16.46739700","longitude":"107.59053260","type":null,"cities":{"hu\u1ebf":{"id":130554,"name":"Hu\u1ebf","latitude":"16.46190000","longitude":"107.59546000"},"huy\u1ec7nal\u01b0\u1edbi":{"id":130207,"name":"Huy\u1ec7n A L\u01b0\u1edbi","latitude":"16.23422000","longitude":"107.30650000"},"huy\u1ec7nnam\u0110\u00f4ng":{"id":130379,"name":"Huy\u1ec7n Nam \u0110\u00f4ng","latitude":"16.12396000","longitude":"107.69270000"},"huy\u1ec7nphong\u0110i\u1ec1n":{"id":130395,"name":"Huy\u1ec7n Phong \u0110i\u1ec1n","latitude":"16.48769000","longitude":"107.28889000"},"huy\u1ec7nph\u00fal\u1ed9c":{"id":130399,"name":"Huy\u1ec7n Ph\u00fa L\u1ed9c","latitude":"16.27066000","longitude":"107.88545000"},"huy\u1ec7nph\u00favang":{"id":130402,"name":"Huy\u1ec7n Ph\u00fa Vang","latitude":"16.47007000","longitude":"107.71458000"},"huy\u1ec7nqu\u1ea3ng\u00d0i\u1ec1n":{"id":130410,"name":"Huy\u1ec7n Qu\u1ea3ng \u00d0i\u1ec1n","latitude":"16.57941000","longitude":"107.49370000"}}},"ti\u1ec1ngiang":{"id":3781,"name":"Ti\u1ec1n Giang","state_code":"46","latitude":"10.44933240","longitude":"106.34205040","type":null,"cities":{"huy\u1ec7nc\u00e1ib\u00e8":{"id":130266,"name":"Huy\u1ec7n C\u00e1i B\u00e8","latitude":"10.38824000","longitude":"105.94620000"},"huy\u1ec7ncail\u1eady":{"id":130241,"name":"Huy\u1ec7n Cai L\u1eady","latitude":"10.38943000","longitude":"106.06774000"},"huy\u1ec7nch\u00e2uth\u00e0nh":{"id":130252,"name":"Huy\u1ec7n Ch\u00e2u Th\u00e0nh","latitude":"10.38600000","longitude":"106.27311000"},"huy\u1ec7nch\u1ee3g\u1ea1o":{"id":130260,"name":"Huy\u1ec7n Ch\u1ee3 G\u1ea1o","latitude":"10.37373000","longitude":"106.44341000"},"huy\u1ec7ng\u00f2c\u00f4ng\u0110\u00f4ng":{"id":130293,"name":"Huy\u1ec7n G\u00f2 C\u00f4ng \u0110\u00f4ng","latitude":"10.36784000","longitude":"106.74592000"},"huy\u1ec7ng\u00f2c\u00f4ngt\u00e2y":{"id":130292,"name":"Huy\u1ec7n G\u00f2 C\u00f4ng T\u00e2y","latitude":"10.34527000","longitude":"106.59851000"},"huy\u1ec7nt\u00e2nph\u01b0\u1edbc":{"id":130486,"name":"Huy\u1ec7n T\u00e2n Ph\u01b0\u1edbc","latitude":"10.51489000","longitude":"106.23312000"},"m\u1ef9tho":{"id":130574,"name":"M\u1ef9 Tho","latitude":"10.36004000","longitude":"106.35996000"},"th\u00e0nhph\u1ed1m\u1ef9tho":{"id":130599,"name":"Th\u00e0nh Ph\u1ed1 M\u1ef9 Tho","latitude":"10.36221000","longitude":"106.36824000"},"th\u1ecbx\u00e3g\u00f2c\u00f4ng":{"id":130610,"name":"Th\u1ecb X\u00e3 G\u00f2 C\u00f4ng","latitude":"10.40005000","longitude":"106.65847000"}}},"tr\u00e0vinh":{"id":3805,"name":"Tr\u00e0 Vinh","state_code":"51","latitude":"9.81274100","longitude":"106.29929120","type":null,"cities":{"huy\u1ec7nc\u00e0nglong":{"id":130265,"name":"Huy\u1ec7n C\u00e0ng Long","latitude":"9.95883000","longitude":"106.21395000"},"huy\u1ec7nc\u1ea7uk\u00e8":{"id":130272,"name":"Huy\u1ec7n C\u1ea7u K\u00e8","latitude":"9.86738000","longitude":"106.07916000"},"huy\u1ec7nc\u1ea7ungang":{"id":130273,"name":"Huy\u1ec7n C\u1ea7u Ngang","latitude":"9.77186000","longitude":"106.43654000"},"huy\u1ec7nti\u1ec3uc\u1ea7n":{"id":130460,"name":"Huy\u1ec7n Ti\u1ec3u C\u1ea7n","latitude":"9.80350000","longitude":"106.20594000"},"huy\u1ec7ntr\u00e0c\u00fa":{"id":130465,"name":"Huy\u1ec7n Tr\u00e0 C\u00fa","latitude":"9.69706000","longitude":"106.29423000"},"tr\u00e0vinh":{"id":130617,"name":"Tr\u00e0 Vinh","latitude":"9.94719000","longitude":"106.34225000"}}},"tuy\u00eanquang":{"id":3795,"name":"Tuy\u00ean Quang","state_code":"07","latitude":"21.77672460","longitude":"105.22801960","type":null,"cities":{"huy\u1ec7nchi\u00eamh\u00f3a":{"id":130247,"name":"Huy\u1ec7n Chi\u00eam H\u00f3a","latitude":"22.17895000","longitude":"105.27671000"},"huy\u1ec7nh\u00e0my\u00ean":{"id":130305,"name":"Huy\u1ec7n H\u00e0m Y\u00ean","latitude":"22.10935000","longitude":"105.01630000"},"huy\u1ec7nl\u00e2mb\u00ecnh":{"id":130345,"name":"Huy\u1ec7n L\u00e2m B\u00ecnh","latitude":"22.46411000","longitude":"105.21903000"},"huy\u1ec7nnahang":{"id":130373,"name":"Huy\u1ec7n Na Hang","latitude":"22.47522000","longitude":"105.48380000"},"huy\u1ec7ns\u01a1nd\u01b0\u01a1ng":{"id":130423,"name":"Huy\u1ec7n S\u01a1n D\u01b0\u01a1ng","latitude":"21.63623000","longitude":"105.38901000"},"huy\u1ec7ny\u00eans\u01a1n":{"id":130519,"name":"Huy\u1ec7n Y\u00ean S\u01a1n","latitude":"21.88363000","longitude":"105.27656000"},"tuy\u00eanquang":{"id":130619,"name":"Tuy\u00ean Quang","latitude":"21.82356000","longitude":"105.21424000"}}},"v\u0129nhlong":{"id":3790,"name":"V\u0129nh Long","state_code":"49","latitude":"10.23957400","longitude":"105.95719280","type":null,"cities":{"huy\u1ec7nlongh\u1ed3":{"id":130342,"name":"Huy\u1ec7n Long H\u1ed3","latitude":"10.21640000","longitude":"105.98483000"},"huy\u1ec7nmangth\u00edt":{"id":130357,"name":"Huy\u1ec7n Mang Th\u00edt","latitude":"10.18731000","longitude":"106.07472000"},"huy\u1ec7ntamb\u00ecnh":{"id":130428,"name":"Huy\u1ec7n Tam B\u00ecnh","latitude":"10.08127000","longitude":"105.95352000"},"huy\u1ec7ntr\u00e0\u00d4n":{"id":130468,"name":"Huy\u1ec7n Tr\u00e0 \u00d4n","latitude":"9.97522000","longitude":"106.00957000"},"huy\u1ec7nv\u0169ngli\u00eam":{"id":130505,"name":"Huy\u1ec7n V\u0169ng Li\u00eam","latitude":"10.08717000","longitude":"106.16038000"},"v\u0129nhlong":{"id":130624,"name":"V\u0129nh Long","latitude":"10.25369000","longitude":"105.97220000"}}},"v\u0129nhph\u00fac":{"id":3774,"name":"V\u0129nh Ph\u00fac","state_code":"70","latitude":"21.36088050","longitude":"105.54743730","type":null,"cities":{"huy\u1ec7nb\u00ecnhxuy\u00ean":{"id":130225,"name":"Huy\u1ec7n B\u00ecnh Xuy\u00ean","latitude":"21.30561000","longitude":"105.66225000"},"huy\u1ec7ntamd\u01b0\u01a1ng":{"id":130429,"name":"Huy\u1ec7n Tam D\u01b0\u01a1ng","latitude":"21.36189000","longitude":"105.55690000"},"huy\u1ec7ntam\u0110\u1ea3o":{"id":130432,"name":"Huy\u1ec7n Tam \u0110\u1ea3o","latitude":"21.45690000","longitude":"105.59460000"},"huy\u1ec7ny\u00eanl\u1ea1c":{"id":130514,"name":"Huy\u1ec7n Y\u00ean L\u1ea1c","latitude":"21.21845000","longitude":"105.57586000"},"v\u0129nhy\u00ean":{"id":130625,"name":"V\u0129nh Y\u00ean","latitude":"21.30891000","longitude":"105.60489000"}}},"y\u00eanb\u00e1i":{"id":3784,"name":"Y\u00ean B\u00e1i","state_code":"06","latitude":"21.71676890","longitude":"104.89858780","type":null,"cities":{"huy\u1ec7nl\u1ee5cy\u00ean":{"id":130355,"name":"Huy\u1ec7n L\u1ee5c Y\u00ean","latitude":"22.10235000","longitude":"104.72538000"},"huy\u1ec7nm\u00f9cangch\u1ea3i":{"id":130360,"name":"Huy\u1ec7n M\u00f9 Cang Ch\u1ea3i","latitude":"21.78815000","longitude":"104.11998000"},"huy\u1ec7ntr\u1ea1mt\u1ea5u":{"id":130470,"name":"Huy\u1ec7n Tr\u1ea1m T\u1ea5u","latitude":"21.48553000","longitude":"104.42756000"},"huy\u1ec7ntr\u1ea5ny\u00ean":{"id":130473,"name":"Huy\u1ec7n Tr\u1ea5n Y\u00ean","latitude":"21.66586000","longitude":"104.79702000"},"huy\u1ec7nv\u0103nch\u1ea5n":{"id":130496,"name":"Huy\u1ec7n V\u0103n Ch\u1ea5n","latitude":"21.55722000","longitude":"104.64038000"},"huy\u1ec7nv\u0103ny\u00ean":{"id":130497,"name":"Huy\u1ec7n V\u0103n Y\u00ean","latitude":"21.90022000","longitude":"104.56669000"},"y\u00eanb\u00e1i":{"id":130628,"name":"Y\u00ean B\u00e1i","latitude":"21.72288000","longitude":"104.91130000"}}}}}