{"id":242,"name":"Virgin Islands (US)","iso3":"VIR","iso2":"VI","numeric_code":"850","phonecode":"1","capital":"Charlotte Amalie","currency":"USD","currency_name":"United States dollar","currency_symbol":"$","tld":".vi","native":"United States Virgin Islands","region":"Americas","region_id":2,"subregion":"Caribbean","subregion_id":7,"nationality":"U.S. Virgin Island","timezones":[{"zoneName":"America/St_Thomas","gmtOffset":-14400,"gmtOffsetName":"UTC-04:00","abbreviation":"AST","tzName":"Atlantic Standard Time"}],"translations":{"ko":"\ubbf8\uad6d\ub839 \ubc84\uc9c4\uc544\uc77c\ub79c\ub4dc","pt-BR":"Ilhas Virgens Americanas","pt":"Ilhas Virgens Americanas","nl":"Verenigde Staten Maagdeneilanden","fa":"\u062c\u0632\u0627\u06cc\u0631 \u0648\u06cc\u0631\u062c\u06cc\u0646 \u0622\u0645\u0631\u06cc\u06a9\u0627","de":"Amerikanische Jungferninseln","es":"Islas V\u00edrgenes de los Estados Unidos","fr":"\u00celes Vierges des \u00c9tats-Unis","ja":"\u30a2\u30e1\u30ea\u30ab\u9818\u30f4\u30a1\u30fc\u30b8\u30f3\u8af8\u5cf6","it":"Isole Vergini americane","zh-CN":"\u7ef4\u5c14\u4eac\u7fa4\u5c9b\uff08\u7f8e\u56fd\uff09","tr":"Abd Virjin Adalari","ru":"\u0412\u0438\u0440\u0433\u0438\u043d\u0441\u043a\u0438\u0435 \u043e\u0441\u0442\u0440\u043e\u0432\u0430 (\u0421\u0428\u0410)","uk":"\u0412\u0456\u0440\u0433\u0456\u043d\u0441\u044c\u043a\u0456 \u043e\u0441\u0442\u0440\u043e\u0432\u0438 (\u0421\u0428\u0410)","pl":"Wyspy Dziewicze (USA)"},"latitude":"18.34000000","longitude":"-64.93000000","emoji":"\ud83c\uddfb\ud83c\uddee","emojiU":"U+1F1FB U+1F1EE","states":{"saintcroix":{"id":5074,"name":"Saint Croix","state_code":"SC","latitude":"17.72935200","longitude":"-64.73437050","type":"district","cities":{"christiansted":{"id":149573,"name":"Christiansted","latitude":"17.74403640","longitude":"-64.71060860"},"eastend":{"id":149574,"name":"East End","latitude":"17.75238820","longitude":"-64.67030100"},"frederiksted":{"id":149575,"name":"Frederiksted","latitude":"17.71246910","longitude":"-64.88671920"},"goodhope":{"id":149572,"name":"Good Hope","latitude":"17.72234420","longitude":"-64.71724940"},"northcentral":{"id":149576,"name":"Northcentral","latitude":"17.75011450","longitude":"-64.82384910"},"northwest":{"id":149577,"name":"Northwest","latitude":"17.73827820","longitude":"-64.89063470"},"sionfarm":{"id":149578,"name":"Sion Farm","latitude":"17.75432760","longitude":"-64.77946110"},"southcentral":{"id":149579,"name":"Southcentral","latitude":"17.70649170","longitude":"-64.81448650"},"southwest":{"id":149580,"name":"Southwest","latitude":"17.69177870","longitude":"-64.93559390"}}},"saintjohn":{"id":5073,"name":"Saint John","state_code":"SJ","latitude":"18.33561690","longitude":"-64.80028000","type":"district","cities":{"central":{"id":149568,"name":"Central","latitude":"18.33568380","longitude":"-64.79470780"},"coralbay":{"id":149569,"name":"Coral Bay","latitude":"18.34800890","longitude":"-64.72196820"},"cruzbay":{"id":149570,"name":"Cruz Bay","latitude":"18.31820370","longitude":"-64.80242110"},"eastend":{"id":149571,"name":"East End","latitude":"18.34036470","longitude":"-64.68062660"}}},"saintthomas":{"id":5072,"name":"Saint Thomas","state_code":"ST","latitude":"18.34284590","longitude":"-65.07701800","type":"district","cities":{"charlotteamalie":{"id":149561,"name":"Charlotte Amalie","latitude":"18.34127610","longitude":"-64.94838690"},"eastend":{"id":149562,"name":"East End","latitude":"18.32901620","longitude":"-64.87047310"},"northside":{"id":149563,"name":"Northside","latitude":"18.37380810","longitude":"-64.95589090"},"southside":{"id":149564,"name":"Southside","latitude":"18.30529120","longitude":"-64.91724450"},"tutu":{"id":149565,"name":"Tutu","latitude":"18.33884270","longitude":"-64.89530720"},"waterisland":{"id":149566,"name":"Water Island","latitude":"18.32086530","longitude":"-64.96932630"},"westend":{"id":149567,"name":"West End","latitude":"18.37243670","longitude":"-65.06490130"}}}}}