{"id":108,"name":"Jamaica","iso3":"JAM","iso2":"JM","numeric_code":"388","phone_code":"1","capital":"Kingston","currency":"JMD","currency_name":"Jamaican dollar","currency_symbol":"J$","tld":".jm","native":"Jamaica","region":"Americas","region_id":2,"subregion":"Caribbean","subregion_id":7,"nationality":"Jamaican","timezones":[{"zoneName":"America/Jamaica","gmtOffset":-18000,"gmtOffsetName":"UTC-05:00","abbreviation":"EST","tzName":"Eastern Standard Time (North America"}],"translations":{"ko":"\uc790\uba54\uc774\uce74","pt-BR":"Jamaica","pt":"Jamaica","nl":"Jamaica","hr":"Jamajka","fa":"\u062c\u0627\u0645\u0627\u0626\u06cc\u06a9\u0627","de":"Jamaika","es":"Jamaica","fr":"Jama\u00efque","ja":"\u30b8\u30e3\u30de\u30a4\u30ab","it":"Giamaica","zh-CN":"\u7259\u4e70\u52a0","tr":"Jamaika","ru":"\u042f\u043c\u0430\u0439\u043a\u0430","uk":"\u042f\u043c\u0430\u0439\u043a\u0430","pl":"Jamajka"},"latitude":"18.25000000","longitude":"-77.50000000","emoji":"\ud83c\uddef\ud83c\uddf2","emojiU":"U+1F1EF U+1F1F2","states":{"clarendonparish":{"id":3753,"name":"Clarendon Parish","state_code":"13","latitude":"17.95571830","longitude":"-77.24051530","type":null,"cities":{"aenontown":{"id":62295,"name":"Aenon Town","latitude":"18.21027000","longitude":"-77.39851000"},"alley":{"id":62302,"name":"Alley","latitude":"17.79036000","longitude":"-77.27085000"},"alston":{"id":62307,"name":"Alston","latitude":"18.17639000","longitude":"-77.43468000"},"ashley":{"id":62319,"name":"Ashley","latitude":"18.01440000","longitude":"-77.34019000"},"banks":{"id":62331,"name":"Banks","latitude":"17.83222000","longitude":"-77.30731000"},"beckfordkraal":{"id":62344,"name":"Beckford Kraal","latitude":"18.08545000","longitude":"-77.32399000"},"brandonhill":{"id":62387,"name":"Brandon Hill","latitude":"18.15110000","longitude":"-77.23663000"},"brixtonhill":{"id":62391,"name":"Brixton Hill","latitude":"18.02039000","longitude":"-77.31744000"},"bucknor":{"id":62397,"name":"Bucknor","latitude":"18.00619000","longitude":"-77.23749000"},"buckscommon":{"id":62398,"name":"Bucks Common","latitude":"17.98228000","longitude":"-77.23846000"},"bushypark":{"id":62406,"name":"Bushy Park","latitude":"17.98243000","longitude":"-77.25135000"},"chapelton":{"id":62446,"name":"Chapelton","latitude":"18.08333000","longitude":"-77.26667000"},"chateau":{"id":62449,"name":"Chateau","latitude":"17.98972000","longitude":"-77.18737000"},"cockpit":{"id":62462,"name":"Cockpit","latitude":"17.88872000","longitude":"-77.15835000"},"coffeepiece":{"id":62463,"name":"Coffee Piece","latitude":"18.13835000","longitude":"-77.40648000"},"colonelsridge":{"id":62466,"name":"Colonels Ridge","latitude":"18.13525000","longitude":"-77.25550000"},"coxswain":{"id":62485,"name":"Coxswain","latitude":"18.10272000","longitude":"-77.23444000"},"croftshill":{"id":62489,"name":"Crofts Hill","latitude":"18.13268000","longitude":"-77.20507000"},"crookedriver":{"id":62491,"name":"Crooked River","latitude":"18.14289000","longitude":"-77.30000000"},"cumberland":{"id":62496,"name":"Cumberland","latitude":"18.10522000","longitude":"-77.41617000"},"curatoehill":{"id":62497,"name":"Curatoe Hill","latitude":"17.93982000","longitude":"-77.24836000"},"dawkins":{"id":62504,"name":"Dawkins","latitude":"18.05540000","longitude":"-77.33303000"},"effortville":{"id":62533,"name":"Effortville","latitude":"17.99270000","longitude":"-77.21860000"},"fourpaths":{"id":62565,"name":"Four Paths","latitude":"17.97089000","longitude":"-77.29599000"},"frankfield":{"id":62566,"name":"Frankfield","latitude":"18.14971000","longitude":"-77.36498000"},"freetown":{"id":62570,"name":"Freetown","latitude":"17.92192000","longitude":"-77.14781000"},"gimme-me-bit":{"id":62585,"name":"Gimme-me-bit","latitude":"17.88946000","longitude":"-77.28469000"},"glenmuir":{"id":62590,"name":"Glenmuir","latitude":"17.96801000","longitude":"-77.25394000"},"grantham":{"id":62602,"name":"Grantham","latitude":"18.15839000","longitude":"-77.39643000"},"gravelhill":{"id":62606,"name":"Gravel Hill","latitude":"17.90968000","longitude":"-77.33354000"},"hayes":{"id":62638,"name":"Hayes","latitude":"17.87569000","longitude":"-77.23711000"},"hazard":{"id":62640,"name":"Hazard","latitude":"17.95382000","longitude":"-77.23147000"},"inverness":{"id":62661,"name":"Inverness","latitude":"17.91195000","longitude":"-77.19032000"},"jameshill":{"id":62670,"name":"James Hill","latitude":"18.18750000","longitude":"-77.33700000"},"johnshall":{"id":62676,"name":"Johns Hall","latitude":"18.18876000","longitude":"-77.38063000"},"kellits":{"id":62683,"name":"Kellits","latitude":"18.16184000","longitude":"-77.27049000"},"limit":{"id":62712,"name":"Limit","latitude":"18.15287000","longitude":"-77.47121000"},"lioneltown":{"id":62715,"name":"Lionel Town","latitude":"17.81007000","longitude":"-77.24061000"},"longvillepark":{"id":62727,"name":"Longville Park","latitude":"17.91188000","longitude":"-77.15983000"},"longwood":{"id":62728,"name":"Longwood","latitude":"17.80754000","longitude":"-77.28728000"},"maypen":{"id":62764,"name":"May Pen","latitude":"17.96454000","longitude":"-77.24515000"},"maypenproper":{"id":62765,"name":"May Pen Proper","latitude":"17.97034000","longitude":"-77.23911000"},"milkriver":{"id":62776,"name":"Milk River","latitude":"17.87560000","longitude":"-77.35139000"},"mineralheights":{"id":62777,"name":"Mineral Heights","latitude":"17.94183000","longitude":"-77.23276000"},"mitchelltown":{"id":62778,"name":"Mitchell Town","latitude":"17.81281000","longitude":"-77.20531000"},"moores":{"id":62788,"name":"Moores","latitude":"18.02926000","longitude":"-77.18540000"},"morgansforest":{"id":62790,"name":"Morgans Forest","latitude":"18.19088000","longitude":"-77.41021000"},"morganspass":{"id":62791,"name":"Morgans Pass","latitude":"18.12123000","longitude":"-77.27493000"},"mountairy":{"id":62793,"name":"Mount Airy","latitude":"18.01843000","longitude":"-77.36357000"},"newdenbigh":{"id":62812,"name":"New Denbigh","latitude":"17.98563000","longitude":"-77.27104000"},"newlongsville":{"id":62817,"name":"New Longsville","latitude":"18.03072000","longitude":"-77.23048000"},"olddenbigh":{"id":62836,"name":"Old Denbigh","latitude":"17.96116000","longitude":"-77.26701000"},"orangehill":{"id":62846,"name":"Orange Hill","latitude":"18.11788000","longitude":"-77.35942000"},"osbournestore":{"id":62847,"name":"Osbourne Store","latitude":"17.95892000","longitude":"-77.32827000"},"paisley":{"id":62848,"name":"Paisley","latitude":"17.96293000","longitude":"-77.22368000"},"palmerscross":{"id":62849,"name":"Palmers Cross","latitude":"17.95000000","longitude":"-77.20338000"},"partofbananaground":{"id":62858,"name":"Part of Banana Ground","latitude":"18.08022000","longitude":"-77.40971000"},"partofdouglascastle":{"id":62859,"name":"Part of Douglas Castle","latitude":"18.18703000","longitude":"-77.27538000"},"partofkellits":{"id":62861,"name":"Part of Kellits","latitude":"18.17159000","longitude":"-77.25120000"},"peckham":{"id":62871,"name":"Peckham","latitude":"18.17147000","longitude":"-77.39766000"},"pennants":{"id":62875,"name":"Pennants","latitude":"18.11025000","longitude":"-77.31306000"},"pleasantvalley":{"id":62886,"name":"Pleasant Valley","latitude":"18.01101000","longitude":"-77.29027000"},"portlandcottage":{"id":62897,"name":"Portland Cottage","latitude":"17.74620000","longitude":"-77.18772000"},"porus":{"id":62901,"name":"Porus","latitude":"18.05202000","longitude":"-77.40007000"},"racecourse":{"id":62910,"name":"Race Course","latitude":"17.84019000","longitude":"-77.28223000"},"richmondpark":{"id":62930,"name":"Richmond Park","latitude":"18.05172000","longitude":"-77.37642000"},"ritchies":{"id":62934,"name":"Ritchies","latitude":"18.13904000","longitude":"-77.42893000"},"rock":{"id":62942,"name":"Rock","latitude":"17.99122000","longitude":"-77.33702000"},"rockriver":{"id":62944,"name":"Rock River","latitude":"18.06548000","longitude":"-77.19707000"},"rockypoint":{"id":62946,"name":"Rocky Point","latitude":"17.77695000","longitude":"-77.24816000"},"saltriver":{"id":62964,"name":"Salt River","latitude":"17.84143000","longitude":"-77.17413000"},"sandybay":{"id":62969,"name":"Sandy Bay","latitude":"17.95105000","longitude":"-77.16225000"},"sanguinetti":{"id":62970,"name":"Sanguinetti","latitude":"18.15585000","longitude":"-77.42938000"},"sedgepond":{"id":62984,"name":"Sedgepond","latitude":"17.84753000","longitude":"-77.32638000"},"silenthill":{"id":62992,"name":"Silent Hill","latitude":"18.19152000","longitude":"-77.45918000"},"smithville":{"id":62998,"name":"Smithville","latitude":"18.11977000","longitude":"-77.38561000"},"spaldings":{"id":63006,"name":"Spaldings","latitude":"18.16875000","longitude":"-77.45798000"},"summerfield":{"id":63040,"name":"Summerfield","latitude":"18.09433000","longitude":"-77.28429000"},"thompsontown":{"id":63048,"name":"Thompson Town","latitude":"18.08968000","longitude":"-77.37186000"},"tollgate":{"id":63053,"name":"Tollgate","latitude":"17.97195000","longitude":"-77.36566000"},"treadlight":{"id":63061,"name":"Treadlight","latitude":"17.99264000","longitude":"-77.25531000"},"trouthall":{"id":63067,"name":"Trout Hall","latitude":"18.13779000","longitude":"-77.33299000"},"turners":{"id":63071,"name":"Turners","latitude":"18.06647000","longitude":"-77.23523000"},"waterlane":{"id":63087,"name":"Water Lane","latitude":"17.82452000","longitude":"-77.25946000"},"woodhall":{"id":63119,"name":"Woodhall","latitude":"18.04757000","longitude":"-77.27575000"},"yorktown":{"id":63127,"name":"York Town","latitude":"17.92515000","longitude":"-77.30002000"}}},"hanoverparish":{"id":3749,"name":"Hanover Parish","state_code":"09","latitude":"18.40977070","longitude":"-78.13363800","type":null,"cities":{"askenish":{"id":62322,"name":"Askenish","latitude":"18.38492000","longitude":"-78.14910000"},"cacoon":{"id":62409,"name":"Cacoon","latitude":"18.41642000","longitude":"-78.20730000"},"cacooncastle":{"id":62410,"name":"Cacoon Castle","latitude":"18.40247000","longitude":"-78.01336000"},"cascade":{"id":62422,"name":"Cascade","latitude":"18.39747000","longitude":"-78.10337000"},"cashhill":{"id":62425,"name":"Cash Hill","latitude":"18.36920000","longitude":"-78.10938000"},"cauldwell":{"id":62432,"name":"Cauldwell","latitude":"18.38583000","longitude":"-78.24110000"},"chamberspen":{"id":62443,"name":"Chambers Pen","latitude":"18.40520000","longitude":"-78.15975000"},"chestercastle":{"id":62452,"name":"Chester Castle","latitude":"18.33822000","longitude":"-77.94722000"},"copse":{"id":62479,"name":"Copse","latitude":"18.39466000","longitude":"-77.97678000"},"cousinscove":{"id":62484,"name":"Cousins Cove","latitude":"18.42425000","longitude":"-78.23752000"},"dias":{"id":62512,"name":"Dias","latitude":"18.39379000","longitude":"-78.18562000"},"greatvalley":{"id":62608,"name":"Great Valley","latitude":"18.41169000","longitude":"-78.05023000"},"greenisland":{"id":62610,"name":"Green Island","latitude":"18.38399000","longitude":"-78.27015000"},"haddington":{"id":62620,"name":"Haddington","latitude":"18.42043000","longitude":"-78.00383000"},"hopewell":{"id":62657,"name":"Hopewell","latitude":"18.44321000","longitude":"-78.02636000"},"jericho":{"id":62672,"name":"Jericho","latitude":"18.43744000","longitude":"-78.13028000"},"kendal":{"id":62685,"name":"Kendal","latitude":"18.36287000","longitude":"-78.22720000"},"kingsvale":{"id":62693,"name":"Kingsvale","latitude":"18.38087000","longitude":"-78.20523000"},"lancesbay":{"id":62702,"name":"Lances Bay","latitude":"18.43819000","longitude":"-78.21442000"},"logwood":{"id":62723,"name":"Logwood","latitude":"18.34878000","longitude":"-78.29620000"},"lucea":{"id":62731,"name":"Lucea","latitude":"18.45095000","longitude":"-78.17356000"},"luceaeast":{"id":62732,"name":"Lucea East","latitude":"18.42198000","longitude":"-78.16675000"},"luceawest":{"id":62733,"name":"Lucea West","latitude":"18.44238000","longitude":"-78.18663000"},"marchtown":{"id":62752,"name":"March Town","latitude":"18.32951000","longitude":"-78.27656000"},"maryland":{"id":62758,"name":"Maryland","latitude":"18.38679000","longitude":"-78.12825000"},"mountpeto":{"id":62799,"name":"Mount Peto","latitude":"18.35747000","longitude":"-78.02289000"},"orangebay":{"id":62844,"name":"Orange Bay","latitude":"18.34266000","longitude":"-78.32005000"},"pellriver":{"id":62873,"name":"Pell River","latitude":"18.37886000","longitude":"-78.21904000"},"pondside":{"id":62890,"name":"Pondside","latitude":"18.40222000","longitude":"-78.07344000"},"ramble":{"id":62913,"name":"Ramble","latitude":"18.34674000","longitude":"-77.98802000"},"rockspring":{"id":62945,"name":"Rock Spring","latitude":"18.34797000","longitude":"-78.24392000"},"sandybay":{"id":62968,"name":"Sandy Bay","latitude":"18.43750000","longitude":"-78.08383000"},"santoy":{"id":62972,"name":"Santoy","latitude":"18.35875000","longitude":"-78.28386000"},"success":{"id":63038,"name":"Success","latitude":"18.37729000","longitude":"-78.05105000"},"woodlands":{"id":63120,"name":"Woodlands","latitude":"18.44555000","longitude":"-77.99963000"},"woodsville":{"id":63123,"name":"Woodsville","latitude":"18.36950000","longitude":"-78.07217000"}}},"kingstonparish":{"id":3748,"name":"Kingston Parish","state_code":"01","latitude":"17.96832710","longitude":"-76.78270200","type":null,"cities":{"allmantown":{"id":62305,"name":"Allman Town","latitude":"17.98297000","longitude":"-76.78685000"},"bournemouthgardens":{"id":62380,"name":"Bournemouth Gardens","latitude":"17.97009000","longitude":"-76.76266000"},"campbelltown":{"id":62416,"name":"Campbell Town","latitude":"17.97914000","longitude":"-76.78134000"},"centraldowntown":{"id":62439,"name":"Central Down Town","latitude":"17.96958000","longitude":"-76.79264000"},"d\u0027aguilartown/rennocklodge":{"id":62498,"name":"D\u0027Aguilar Town/ Rennock Lodge","latitude":"17.97001000","longitude":"-76.73701000"},"denhamtown":{"id":62509,"name":"Denham Town","latitude":"17.97812000","longitude":"-76.79984000"},"eastdowntown":{"id":62530,"name":"East Down Town","latitude":"17.97197000","longitude":"-76.78471000"},"fletchersland":{"id":62558,"name":"Fletchers Land","latitude":"17.97968000","longitude":"-76.79100000"},"franklyntown":{"id":62567,"name":"Franklyn Town","latitude":"17.97787000","longitude":"-76.77339000"},"hannahtown/craigtown":{"id":62629,"name":"Hannah Town/ Craig Town","latitude":"17.97998000","longitude":"-76.79430000"},"johnsontown":{"id":62679,"name":"Johnson Town","latitude":"17.97771000","longitude":"-76.75593000"},"kingston":{"id":62691,"name":"Kingston","latitude":"17.99702000","longitude":"-76.79358000"},"kingstongardens":{"id":62692,"name":"Kingston Gardens","latitude":"17.97836000","longitude":"-76.78681000"},"manleymeadows":{"id":62748,"name":"Manley Meadows","latitude":"17.96907000","longitude":"-76.77116000"},"newporteast":{"id":62825,"name":"Newport East","latitude":"17.97421000","longitude":"-76.80663000"},"newtonsquare":{"id":62827,"name":"Newton Square","latitude":"17.97352000","longitude":"-76.77207000"},"normangardens":{"id":62831,"name":"Norman Gardens","latitude":"17.97803000","longitude":"-76.75940000"},"passmoretown":{"id":62866,"name":"Passmore Town","latitude":"17.97301000","longitude":"-76.77650000"},"portroyal":{"id":62895,"name":"Port Royal","latitude":"17.93738000","longitude":"-76.84062000"},"raetown":{"id":62911,"name":"Rae Town","latitude":"17.96773000","longitude":"-76.77965000"},"rollingtontown":{"id":62949,"name":"Rollington Town","latitude":"17.97687000","longitude":"-76.76523000"},"southside":{"id":63005,"name":"Southside","latitude":"17.96569000","longitude":"-76.78624000"},"springfield":{"id":63016,"name":"Springfield","latitude":"17.97117000","longitude":"-76.75607000"},"tivoligardens":{"id":63052,"name":"Tivoli Gardens","latitude":"17.97326000","longitude":"-76.80090000"},"westdowntown":{"id":63096,"name":"West Down Town","latitude":"17.97294000","longitude":"-76.79704000"}}},"manchesterparish":{"id":3754,"name":"Manchester Parish","state_code":"12","latitude":"18.06696540","longitude":"-77.51607880","type":null,"cities":{"alligatorpond":{"id":62304,"name":"Alligator Pond","latitude":"17.88369000","longitude":"-77.56068000"},"asia/pratville":{"id":62321,"name":"Asia/Pratville","latitude":"17.91584000","longitude":"-77.41563000"},"auchtembeddie":{"id":62323,"name":"Auchtembeddie","latitude":"18.22543000","longitude":"-77.60361000"},"bellefield":{"id":62349,"name":"Bellefield","latitude":"18.09266000","longitude":"-77.44004000"},"bethany":{"id":62354,"name":"Bethany","latitude":"18.15373000","longitude":"-77.55032000"},"bluemountain":{"id":62366,"name":"Blue Mountain","latitude":"18.07095000","longitude":"-77.42840000"},"bombay":{"id":62374,"name":"Bombay","latitude":"18.11780000","longitude":"-77.44940000"},"butt-up":{"id":62407,"name":"Butt-Up","latitude":"17.97313000","longitude":"-77.57777000"},"cedargrove":{"id":62437,"name":"Cedar Grove","latitude":"18.01225000","longitude":"-77.49630000"},"chantilly":{"id":62444,"name":"Chantilly","latitude":"18.10447000","longitude":"-77.46625000"},"christiana":{"id":62453,"name":"Christiana","latitude":"18.18015000","longitude":"-77.49045000"},"chudleigh":{"id":62454,"name":"Chudleigh","latitude":"18.15148000","longitude":"-77.50707000"},"cobbla":{"id":62460,"name":"Cobbla","latitude":"18.14060000","longitude":"-77.46998000"},"coleyville":{"id":62465,"name":"Coleyville","latitude":"18.19993000","longitude":"-77.51924000"},"comfort":{"id":62467,"name":"Comfort","latitude":"18.05390000","longitude":"-77.42477000"},"comforthall":{"id":62470,"name":"Comfort Hall","latitude":"18.18789000","longitude":"-77.61041000"},"content":{"id":62474,"name":"Content","latitude":"18.07444000","longitude":"-77.45116000"},"craighead":{"id":62486,"name":"Craig Head","latitude":"18.23658000","longitude":"-77.56295000"},"crosskeys":{"id":62492,"name":"Cross Keys","latitude":"17.90727000","longitude":"-77.50111000"},"devon":{"id":62510,"name":"Devon","latitude":"18.16595000","longitude":"-77.52507000"},"downs":{"id":62517,"name":"Downs","latitude":"17.95004000","longitude":"-77.57313000"},"ellenstreet":{"id":62536,"name":"Ellen Street","latitude":"17.96796000","longitude":"-77.43931000"},"evergreen":{"id":62543,"name":"Evergreen","latitude":"18.15096000","longitude":"-77.59965000"},"fairfield":{"id":62547,"name":"Fairfield","latitude":"18.03117000","longitude":"-77.57535000"},"frenchpark":{"id":62571,"name":"French Park","latitude":"17.95572000","longitude":"-77.54471000"},"george\u0027svalley":{"id":62581,"name":"George\u0027s Valley","latitude":"18.03172000","longitude":"-77.48081000"},"goodintent":{"id":62595,"name":"Good Intent","latitude":"18.20806000","longitude":"-77.57086000"},"greenvale":{"id":62613,"name":"Greenvale","latitude":"18.03928000","longitude":"-77.53239000"},"groveplace":{"id":62617,"name":"Grove Place","latitude":"18.10467000","longitude":"-77.52923000"},"grovetown":{"id":62618,"name":"Grove Town","latitude":"17.88606000","longitude":"-77.45882000"},"harmons":{"id":62633,"name":"Harmons","latitude":"17.98171000","longitude":"-77.41208000"},"harrywatch":{"id":62635,"name":"Harry Watch","latitude":"18.17314000","longitude":"-77.57611000"},"hatfield":{"id":62636,"name":"Hatfield","latitude":"18.01557000","longitude":"-77.54009000"},"heartease":{"id":62641,"name":"Heartease","latitude":"18.04878000","longitude":"-77.48238000"},"hibernia":{"id":62646,"name":"Hibernia","latitude":"18.17575000","longitude":"-77.54830000"},"huntley":{"id":62659,"name":"Huntley","latitude":"18.06647000","longitude":"-77.58171000"},"kendal":{"id":62686,"name":"Kendal","latitude":"18.08318000","longitude":"-77.50320000"},"knockpatrick":{"id":62697,"name":"Knockpatrick","latitude":"17.99027000","longitude":"-77.49270000"},"lancaster":{"id":62701,"name":"Lancaster","latitude":"17.93603000","longitude":"-77.46134000"},"litchfield":{"id":62716,"name":"Litchfield","latitude":"18.13502000","longitude":"-77.52448000"},"maidstone":{"id":62740,"name":"Maidstone","latitude":"18.10165000","longitude":"-77.57284000"},"mandeville":{"id":62745,"name":"Mandeville","latitude":"18.04168000","longitude":"-77.50714000"},"mandevilleproper":{"id":62746,"name":"Mandeville Proper","latitude":"18.04453000","longitude":"-77.50574000"},"marliehill":{"id":62753,"name":"Marlie Hill","latitude":"17.86692000","longitude":"-77.50835000"},"mayday":{"id":62763,"name":"May Day","latitude":"18.00951000","longitude":"-77.47606000"},"medina":{"id":62769,"name":"Medina","latitude":"18.12236000","longitude":"-77.59643000"},"miketown":{"id":62773,"name":"Mike Town","latitude":"18.04253000","longitude":"-77.55490000"},"milegully":{"id":62775,"name":"Mile Gully","latitude":"18.13395000","longitude":"-77.56556000"},"newforest":{"id":62813,"name":"New Forest","latitude":"17.92010000","longitude":"-77.55867000"},"newgreen":{"id":62814,"name":"New Green","latitude":"18.07663000","longitude":"-77.52569000"},"newport":{"id":62824,"name":"Newport","latitude":"17.96293000","longitude":"-77.50486000"},"oldengland":{"id":62837,"name":"Old England","latitude":"17.98503000","longitude":"-77.46017000"},"partofbananaground":{"id":62856,"name":"Part Of Banana Ground","latitude":"18.07912000","longitude":"-77.42134000"},"partofgutters":{"id":62857,"name":"Part Of Gutters","latitude":"18.00642000","longitude":"-77.57903000"},"partofspaldings":{"id":62864,"name":"Part of Spaldings","latitude":"18.15819000","longitude":"-77.46627000"},"pike":{"id":62882,"name":"Pike","latitude":"18.23229000","longitude":"-77.53790000"},"plowden":{"id":62887,"name":"Plowden","latitude":"17.89178000","longitude":"-77.53846000"},"porus":{"id":62900,"name":"Porus","latitude":"18.03535000","longitude":"-77.41166000"},"prospect":{"id":62905,"name":"Prospect","latitude":"17.98244000","longitude":"-77.56775000"},"richmond":{"id":62929,"name":"Richmond","latitude":"18.02560000","longitude":"-77.46337000"},"robinshall":{"id":62941,"name":"Robins Hall","latitude":"18.20405000","longitude":"-77.55007000"},"rosehill":{"id":62953,"name":"Rose Hill","latitude":"17.92471000","longitude":"-77.52340000"},"royalflat":{"id":62958,"name":"Royal Flat","latitude":"18.04965000","longitude":"-77.46830000"},"scottspass":{"id":62978,"name":"Scotts Pass","latitude":"17.99920000","longitude":"-77.39820000"},"snowdon":{"id":63000,"name":"Snowdon","latitude":"17.94198000","longitude":"-77.49137000"},"somerset":{"id":63002,"name":"Somerset","latitude":"18.08036000","longitude":"-77.54306000"},"springground":{"id":63014,"name":"Spring Ground","latitude":"18.16233000","longitude":"-77.47977000"},"spurtree":{"id":63018,"name":"Spur Tree","latitude":"18.00650000","longitude":"-77.55664000"},"st.paul\u0027s":{"id":63025,"name":"St. Paul\u0027s","latitude":"18.13144000","longitude":"-77.61200000"},"swaby\u0027shope":{"id":63043,"name":"Swaby\u0027s Hope","latitude":"17.98608000","longitude":"-77.53326000"},"tophill":{"id":63055,"name":"Top Hill","latitude":"18.11622000","longitude":"-77.50344000"},"victoriatown":{"id":63076,"name":"Victoria Town","latitude":"17.90472000","longitude":"-77.37795000"},"walderston":{"id":63080,"name":"Walderston","latitude":"18.11637000","longitude":"-77.48614000"},"watham":{"id":63092,"name":"Watham","latitude":"18.00675000","longitude":"-77.51873000"},"williamsfield":{"id":63107,"name":"Williamsfield","latitude":"18.06664000","longitude":"-77.46582000"}}},"portlandparish":{"id":3752,"name":"Portland Parish","state_code":"04","latitude":"18.08442740","longitude":"-76.41002670","type":null,"cities":{"balcarres":{"id":62327,"name":"Balcarres","latitude":"18.16735000","longitude":"-76.72061000"},"bangorridge":{"id":62330,"name":"Bangor Ridge","latitude":"18.13637000","longitude":"-76.68903000"},"belvedere":{"id":62351,"name":"Belvedere","latitude":"18.20772000","longitude":"-76.69671000"},"blackhill":{"id":62362,"name":"Black Hill","latitude":"18.21786000","longitude":"-76.59758000"},"boundbrook":{"id":62378,"name":"Boundbrook","latitude":"18.17573000","longitude":"-76.47079000"},"breastworks":{"id":62388,"name":"Breastworks","latitude":"18.16000000","longitude":"-76.46612000"},"buffbay":{"id":62399,"name":"Buff Bay","latitude":"18.23287000","longitude":"-76.66118000"},"bybrook":{"id":62408,"name":"Bybrook","latitude":"18.14641000","longitude":"-76.65726000"},"cascade":{"id":62423,"name":"Cascade","latitude":"18.09377000","longitude":"-76.71223000"},"castlecomfort":{"id":62427,"name":"Castle Comfort","latitude":"18.14217000","longitude":"-76.34634000"},"centralportantonio":{"id":62440,"name":"Central Port Antonio","latitude":"18.18763000","longitude":"-76.45343000"},"charlestown":{"id":62447,"name":"Charles Town","latitude":"18.20526000","longitude":"-76.66390000"},"clavertycottage":{"id":62458,"name":"Claverty Cottage","latitude":"18.14876000","longitude":"-76.63923000"},"comfortcastle":{"id":62468,"name":"Comfort Castle","latitude":"18.04833000","longitude":"-76.41614000"},"drapers":{"id":62518,"name":"Drapers","latitude":"18.17121000","longitude":"-76.40612000"},"durham":{"id":62528,"name":"Durham","latitude":"18.08566000","longitude":"-76.51562000"},"fairyhill":{"id":62548,"name":"Fairy Hill","latitude":"18.16508000","longitude":"-76.36595000"},"fellowship":{"id":62552,"name":"Fellowship","latitude":"18.12783000","longitude":"-76.47202000"},"fruitfulvale":{"id":62575,"name":"Fruitfulvale","latitude":"18.10891000","longitude":"-76.58617000"},"hectorsriver":{"id":62642,"name":"Hectors River","latitude":"18.00089000","longitude":"-76.27055000"},"hopebay":{"id":62652,"name":"Hope Bay","latitude":"18.18754000","longitude":"-76.57579000"},"kensington":{"id":62687,"name":"Kensington","latitude":"18.06765000","longitude":"-76.30053000"},"longbay":{"id":62724,"name":"Long Bay","latitude":"18.08581000","longitude":"-76.32515000"},"longroad":{"id":62726,"name":"Long Road","latitude":"18.00864000","longitude":"-76.29482000"},"manchioneal":{"id":62744,"name":"Manchioneal","latitude":"18.04444000","longitude":"-76.27735000"},"mooretown":{"id":62787,"name":"Moore Town","latitude":"18.07767000","longitude":"-76.42577000"},"mountpleasant":{"id":62800,"name":"Mount Pleasant","latitude":"18.16325000","longitude":"-76.50472000"},"nonsuch":{"id":62829,"name":"Nonsuch","latitude":"18.13819000","longitude":"-76.40467000"},"norwich":{"id":62832,"name":"Norwich","latitude":"18.18819000","longitude":"-76.47705000"},"orangebay":{"id":62843,"name":"Orange Bay","latitude":"18.20306000","longitude":"-76.62250000"},"portantonio":{"id":62892,"name":"Port Antonio","latitude":"18.17615000","longitude":"-76.45090000"},"prospect":{"id":62904,"name":"Prospect","latitude":"18.17481000","longitude":"-76.43550000"},"rockhall":{"id":62943,"name":"Rock Hall","latitude":"18.16170000","longitude":"-76.53050000"},"sherwoodforest":{"id":62989,"name":"Sherwood Forest","latitude":"18.15428000","longitude":"-76.37821000"},"shirleycastle":{"id":62990,"name":"Shirley Castle","latitude":"18.15657000","longitude":"-76.61112000"},"skibo":{"id":62994,"name":"Skibo","latitude":"18.17318000","longitude":"-76.62752000"},"snowhill":{"id":62999,"name":"Snow Hill","latitude":"18.19474000","longitude":"-76.49350000"},"springhill":{"id":63015,"name":"Spring Hill","latitude":"18.12591000","longitude":"-76.72909000"},"st.margaret\u0027sbay":{"id":63024,"name":"St. Margaret\u0027s Bay","latitude":"18.19084000","longitude":"-76.52888000"},"swiftriver":{"id":63045,"name":"Swift River","latitude":"18.15770000","longitude":"-76.57869000"},"tranquility":{"id":63060,"name":"Tranquility","latitude":"18.18028000","longitude":"-76.68150000"},"windsor":{"id":63113,"name":"Windsor","latitude":"18.10673000","longitude":"-76.44631000"},"windsorcastle":{"id":63114,"name":"Windsor Castle","latitude":"18.24888000","longitude":"-76.69029000"},"windsorforest":{"id":63115,"name":"Windsor Forest","latitude":"18.12057000","longitude":"-76.33876000"}}},"saintandrew":{"id":3751,"name":"Saint Andrew","state_code":"02","latitude":"37.22451030","longitude":"-95.70211890","type":null,"cities":{"arcadia":{"id":62316,"name":"Arcadia","latitude":"18.03737000","longitude":"-76.78201000"},"arlenegardens":{"id":62317,"name":"Arlene Gardens","latitude":"18.03713000","longitude":"-76.81791000"},"arnettgardens":{"id":62318,"name":"Arnett Gardens","latitude":"17.99150000","longitude":"-76.79829000"},"augusttown":{"id":62324,"name":"August Town","latitude":"17.99556000","longitude":"-76.73673000"},"barbican":{"id":62334,"name":"Barbican","latitude":"18.03549000","longitude":"-76.76987000"},"beverleyhills":{"id":62357,"name":"Beverley Hills","latitude":"18.00833000","longitude":"-76.76208000"},"bito":{"id":62361,"name":"Bito","latitude":"17.97363000","longitude":"-76.66625000"},"bloxborough":{"id":62365,"name":"Bloxborough","latitude":"17.99581000","longitude":"-76.64767000"},"boucherpark":{"id":62377,"name":"Boucher Park","latitude":"18.00344000","longitude":"-76.81257000"},"brandonhill":{"id":62385,"name":"Brandon Hill","latitude":"18.14822000","longitude":"-76.80513000"},"bullbay/sevenmile":{"id":62400,"name":"Bull Bay/ Seven Mile","latitude":"17.95247000","longitude":"-76.68404000"},"caneriver":{"id":62417,"name":"Cane River","latitude":"17.98098000","longitude":"-76.68624000"},"cassiapark":{"id":62426,"name":"Cassia Park","latitude":"18.02047000","longitude":"-76.80665000"},"cavaliers":{"id":62433,"name":"Cavaliers","latitude":"18.09677000","longitude":"-76.84321000"},"cherrygardens":{"id":62450,"name":"Cherry Gardens","latitude":"18.04963000","longitude":"-76.77867000"},"cockburngardens":{"id":62461,"name":"Cockburn Gardens","latitude":"18.00357000","longitude":"-76.82435000"},"constantspring":{"id":62471,"name":"Constant Spring","latitude":"18.05078000","longitude":"-76.79372000"},"constantspringgardens":{"id":62472,"name":"Constant Spring Gardens","latitude":"18.02942000","longitude":"-76.79956000"},"constitutionhill":{"id":62473,"name":"Constitution Hill","latitude":"18.01488000","longitude":"-76.70515000"},"contentgap":{"id":62476,"name":"Content Gap","latitude":"18.04082000","longitude":"-76.69070000"},"coorevillegardens":{"id":62478,"name":"Cooreville Gardens","latitude":"18.02244000","longitude":"-76.84852000"},"crossroads":{"id":62493,"name":"Cross Roads","latitude":"17.99454000","longitude":"-76.78810000"},"dallas":{"id":62499,"name":"Dallas","latitude":"17.98463000","longitude":"-76.71256000"},"delacreepark/uniongardens":{"id":62506,"name":"Delacree Park/ Union Gardens","latitude":"17.99210000","longitude":"-76.82240000"},"delacreepen":{"id":62507,"name":"Delacree Pen","latitude":"17.99579000","longitude":"-76.81709000"},"drewsland":{"id":62519,"name":"Drewsland","latitude":"18.02381000","longitude":"-76.82626000"},"drumblair":{"id":62520,"name":"Drumblair","latitude":"18.02354000","longitude":"-76.78759000"},"duhaneypark":{"id":62523,"name":"Duhaney Park","latitude":"18.03086000","longitude":"-76.84617000"},"eastwoodparkgardens":{"id":62531,"name":"Eastwood Park Gardens","latitude":"18.01891000","longitude":"-76.80072000"},"ellestonflats/monacommons":{"id":62537,"name":"Elleston Flats/ Mona Commons","latitude":"18.00945000","longitude":"-76.74034000"},"ferry":{"id":62554,"name":"Ferry","latitude":"18.02771000","longitude":"-76.86720000"},"foresthillsgardens":{"id":62562,"name":"Forest Hills Gardens","latitude":"18.03848000","longitude":"-76.82868000"},"foresthills/plantationheight":{"id":62563,"name":"Forest Hills/ Plantation Height","latitude":"18.04300000","longitude":"-76.85140000"},"goldenspring":{"id":62594,"name":"Golden Spring","latitude":"18.09446000","longitude":"-76.79727000"},"gordontown":{"id":62598,"name":"Gordon Town","latitude":"18.03762000","longitude":"-76.72353000"},"grantspen":{"id":62603,"name":"Grants Pen","latitude":"18.03258000","longitude":"-76.78887000"},"greenwichtown/newportwest":{"id":62614,"name":"Greenwich Town/ Newport West","latitude":"17.98438000","longitude":"-76.82559000"},"halfwaytree":{"id":62623,"name":"Half Way Tree","latitude":"18.01248000","longitude":"-76.79928000"},"half-way-tree":{"id":62624,"name":"Half-Way-Tree","latitude":"18.01259000","longitude":"-76.79582000"},"harbourview":{"id":62630,"name":"Harbour View","latitude":"17.95146000","longitude":"-76.71662000"},"havendale":{"id":62637,"name":"Havendale","latitude":"18.05429000","longitude":"-76.80870000"},"hermitage":{"id":62644,"name":"Hermitage","latitude":"17.98351000","longitude":"-76.74102000"},"hopepastures/utech":{"id":62653,"name":"Hope Pastures/ UTECH","latitude":"18.02306000","longitude":"-76.74987000"},"hopetavern":{"id":62654,"name":"Hope Tavern","latitude":"18.01233000","longitude":"-76.73202000"},"hughenden":{"id":62658,"name":"Hughenden","latitude":"18.03037000","longitude":"-76.81728000"},"irishtown":{"id":62663,"name":"Irish Town","latitude":"18.06234000","longitude":"-76.70262000"},"jackshill":{"id":62667,"name":"Jacks Hill","latitude":"18.03872000","longitude":"-76.74892000"},"jonestown":{"id":62681,"name":"Jones Town","latitude":"17.98422000","longitude":"-76.79691000"},"kencot":{"id":62684,"name":"Kencot","latitude":"18.00041000","longitude":"-76.79835000"},"kintyre":{"id":62695,"name":"Kintyre","latitude":"18.02133000","longitude":"-76.72688000"},"lawrencetavern":{"id":62703,"name":"Lawrence Tavern","latitude":"18.13742000","longitude":"-76.84736000"},"liguanea":{"id":62708,"name":"Liguanea","latitude":"18.02097000","longitude":"-76.76827000"},"majesticgardens":{"id":62741,"name":"Majestic Gardens","latitude":"18.00023000","longitude":"-76.83295000"},"manningshill":{"id":62749,"name":"Mannings Hill","latitude":"18.07052000","longitude":"-76.81288000"},"manningshill(rural)":{"id":62750,"name":"Mannings Hill (Rural)","latitude":"18.08169000","longitude":"-76.82328000"},"marverley":{"id":62757,"name":"Marverley","latitude":"18.02676000","longitude":"-76.82652000"},"maryland":{"id":62759,"name":"Maryland","latitude":"18.05166000","longitude":"-76.74320000"},"mavisbank":{"id":62761,"name":"Mavis Bank","latitude":"18.03333000","longitude":"-76.66667000"},"maxfieldpark":{"id":62762,"name":"Maxfield Park","latitude":"17.99937000","longitude":"-76.80800000"},"meadowbrook":{"id":62766,"name":"Meadowbrook","latitude":"18.04708000","longitude":"-76.81553000"},"meadowbrookestate":{"id":62767,"name":"Meadowbrook Estate","latitude":"18.03738000","longitude":"-76.82964000"},"molynesfourroads":{"id":62780,"name":"Molynes Four Roads","latitude":"18.01035000","longitude":"-76.81112000"},"molynesgardens":{"id":62781,"name":"Molynes Gardens","latitude":"18.01980000","longitude":"-76.81621000"},"monaheights":{"id":62782,"name":"Mona Heights","latitude":"18.01331000","longitude":"-76.75086000"},"mountjames":{"id":62796,"name":"Mount James","latitude":"18.12069000","longitude":"-76.77394000"},"mountainviewgardens":{"id":62804,"name":"Mountain View Gardens","latitude":"17.99186000","longitude":"-76.76070000"},"nannyville":{"id":62810,"name":"Nannyville","latitude":"17.99677000","longitude":"-76.76949000"},"newhaven":{"id":62815,"name":"New Haven","latitude":"18.02953000","longitude":"-76.85425000"},"newkingston":{"id":62816,"name":"New Kingston","latitude":"18.00747000","longitude":"-76.78319000"},"norbrook":{"id":62830,"name":"Norbrook","latitude":"18.05483000","longitude":"-76.78498000"},"oaklands":{"id":62834,"name":"Oaklands","latitude":"18.03558000","longitude":"-76.79563000"},"papine":{"id":62851,"name":"Papine","latitude":"18.01536000","longitude":"-76.73868000"},"parksroad":{"id":62853,"name":"Parks Road","latitude":"18.09802000","longitude":"-76.85941000"},"patrickcity":{"id":62867,"name":"Patrick City","latitude":"18.03185000","longitude":"-76.83774000"},"pembrokehall":{"id":62874,"name":"Pembroke Hall","latitude":"18.03113000","longitude":"-76.83003000"},"penwood":{"id":62876,"name":"Penwood","latitude":"18.01952000","longitude":"-76.83094000"},"queensborough/tunbridge":{"id":62908,"name":"Queensborough/ Tunbridge","latitude":"18.04289000","longitude":"-76.82119000"},"redhills(rural)":{"id":62917,"name":"Red Hills (Rural)","latitude":"18.06777000","longitude":"-76.86093000"},"redhillsgardens":{"id":62918,"name":"Red Hills Gardens","latitude":"18.03000000","longitude":"-76.80994000"},"redhills/sterlingcastle":{"id":62919,"name":"Red Hills/ Sterling Castle","latitude":"18.05946000","longitude":"-76.84028000"},"richmondpark":{"id":62931,"name":"Richmond Park","latitude":"18.00560000","longitude":"-76.80464000"},"rivertoncity":{"id":62938,"name":"Riverton City","latitude":"18.01443000","longitude":"-76.84897000"},"roehampton":{"id":62947,"name":"Roehampton","latitude":"18.04320000","longitude":"-76.80841000"},"rosetown":{"id":62955,"name":"Rose Town","latitude":"17.98697000","longitude":"-76.80726000"},"seaviewgardens":{"id":62982,"name":"Seaview Gardens","latitude":"18.00619000","longitude":"-76.84106000"},"seawardpen":{"id":62983,"name":"Seaward Pen","latitude":"18.01900000","longitude":"-76.82368000"},"seymourlands":{"id":62986,"name":"Seymour Lands","latitude":"18.01291000","longitude":"-76.77706000"},"st.peter\u0027s":{"id":63026,"name":"St. Peter\u0027s","latitude":"18.07881000","longitude":"-76.67202000"},"stadiumgardens":{"id":63028,"name":"Stadium Gardens","latitude":"17.99501000","longitude":"-76.77644000"},"stonyhill":{"id":63033,"name":"Stony Hill","latitude":"18.07916000","longitude":"-76.78473000"},"swallowfield":{"id":63044,"name":"Swallowfield","latitude":"18.00486000","longitude":"-76.77439000"},"templehall":{"id":63047,"name":"Temple Hall","latitude":"18.10471000","longitude":"-76.81818000"},"threeoaks/glendale":{"id":63051,"name":"Three Oaks/ Glendale","latitude":"18.03128000","longitude":"-76.82447000"},"towerhill":{"id":63056,"name":"Tower Hill","latitude":"18.01183000","longitude":"-76.82807000"},"trafalgarpark":{"id":63059,"name":"Trafalgar Park","latitude":"18.01280000","longitude":"-76.78465000"},"trenchtown":{"id":63063,"name":"Trench Town","latitude":"17.98743000","longitude":"-76.80118000"},"university":{"id":63074,"name":"University","latitude":"18.00094000","longitude":"-76.74769000"},"vineyardtown":{"id":63077,"name":"Vineyard Town","latitude":"17.98690000","longitude":"-76.77059000"},"walthamgardens":{"id":63082,"name":"Waltham Gardens","latitude":"18.01085000","longitude":"-76.82049000"},"washingtongardens":{"id":63085,"name":"Washington Gardens","latitude":"18.02174000","longitude":"-76.84020000"},"waterhouse":{"id":63090,"name":"Waterhouse","latitude":"18.01231000","longitude":"-76.83505000"},"whitehall":{"id":63102,"name":"Whitehall","latitude":"18.03838000","longitude":"-76.80583000"},"whitfieldtown":{"id":63104,"name":"Whitfield Town","latitude":"17.99212000","longitude":"-76.80910000"},"wiltongardens/rema":{"id":63111,"name":"Wilton Gardens/ Rema","latitude":"17.98287000","longitude":"-76.80422000"},"woodford":{"id":63117,"name":"Woodford","latitude":"18.07362000","longitude":"-76.74632000"},"woodfordpark":{"id":63118,"name":"Woodford Park","latitude":"17.98712000","longitude":"-76.78117000"},"zaidiegardens":{"id":63128,"name":"Zaidie Gardens","latitude":"18.02566000","longitude":"-76.80978000"}}},"saintannparish":{"id":3744,"name":"Saint Ann Parish","state_code":"06","latitude":"37.28714520","longitude":"-77.41035330","type":null,"cities":{"aboukir":{"id":62291,"name":"Aboukir","latitude":"18.25090000","longitude":"-77.34327000"},"alderton":{"id":62300,"name":"Alderton","latitude":"18.28706000","longitude":"-77.20832000"},"alexandria":{"id":62301,"name":"Alexandria","latitude":"18.30411000","longitude":"-77.35311000"},"alva":{"id":62308,"name":"Alva","latitude":"18.29679000","longitude":"-77.31717000"},"bamboo":{"id":62329,"name":"Bamboo","latitude":"18.39216000","longitude":"-77.26429000"},"beechertown":{"id":62345,"name":"Beecher Town","latitude":"18.38465000","longitude":"-77.11617000"},"bensonton":{"id":62352,"name":"Bensonton","latitude":"18.22315000","longitude":"-77.20861000"},"blackstonedge":{"id":62364,"name":"Blackstonedge","latitude":"18.27357000","longitude":"-77.04254000"},"bohemia":{"id":62373,"name":"Bohemia","latitude":"18.21239000","longitude":"-77.46954000"},"borobridge":{"id":62376,"name":"Borobridge","latitude":"18.19779000","longitude":"-77.42755000"},"brownstown":{"id":62396,"name":"Browns Town","latitude":"18.38464000","longitude":"-77.35286000"},"calderwood":{"id":62412,"name":"Calderwood","latitude":"18.25641000","longitude":"-77.27144000"},"cascade":{"id":62424,"name":"Cascade","latitude":"18.23209000","longitude":"-77.46255000"},"cavevalley":{"id":62435,"name":"Cave Valley","latitude":"18.23268000","longitude":"-77.36337000"},"chalkyhill":{"id":62442,"name":"Chalky Hill","latitude":"18.37964000","longitude":"-77.17520000"},"chester":{"id":62451,"name":"Chester","latitude":"18.44786000","longitude":"-77.26503000"},"claremont":{"id":62456,"name":"Claremont","latitude":"18.32556000","longitude":"-77.20643000"},"colegate":{"id":62464,"name":"Cole Gate","latitude":"18.37967000","longitude":"-77.08518000"},"contentgarden":{"id":62477,"name":"Content Garden","latitude":"18.40977000","longitude":"-77.07540000"},"cuffieridge":{"id":62494,"name":"Cuffie Ridge","latitude":"18.22793000","longitude":"-77.42054000"},"discoverybay":{"id":62514,"name":"Discovery Bay","latitude":"18.43725000","longitude":"-77.41815000"},"epworth":{"id":62542,"name":"Epworth","latitude":"18.36083000","longitude":"-77.13342000"},"exchange":{"id":62545,"name":"Exchange","latitude":"18.37265000","longitude":"-77.06572000"},"faith\u0027spen":{"id":62549,"name":"Faith\u0027s Pen","latitude":"18.22963000","longitude":"-77.08804000"},"gibraltar":{"id":62583,"name":"Gibraltar","latitude":"18.35079000","longitude":"-77.42142000"},"goldengrove":{"id":62593,"name":"Golden Grove","latitude":"18.32956000","longitude":"-77.12256000"},"greatpond":{"id":62607,"name":"Great Pond","latitude":"18.40227000","longitude":"-77.08511000"},"higginland":{"id":62647,"name":"Higgin Land","latitude":"18.34119000","longitude":"-77.27072000"},"hindstown":{"id":62650,"name":"Hinds Town","latitude":"18.35425000","longitude":"-77.09812000"},"inverness":{"id":62662,"name":"Inverness","latitude":"18.27531000","longitude":"-77.36862000"},"limehall":{"id":62710,"name":"Lime Hall","latitude":"18.39742000","longitude":"-77.21051000"},"limetreegardens":{"id":62711,"name":"Lime Tree Gardens","latitude":"18.34545000","longitude":"-77.38645000"},"lintonpark":{"id":62714,"name":"Linton Park","latitude":"18.26081000","longitude":"-77.42221000"},"macknie":{"id":62737,"name":"Macknie","latitude":"18.21191000","longitude":"-77.28016000"},"madras":{"id":62738,"name":"Madras","latitude":"18.29112000","longitude":"-77.44875000"},"mansfield":{"id":62751,"name":"Mansfield","latitude":"18.40265000","longitude":"-77.09488000"},"moneague":{"id":62783,"name":"Moneague","latitude":"18.28307000","longitude":"-77.13855000"},"mountmoriah":{"id":62798,"name":"Mount Moriah","latitude":"18.20617000","longitude":"-77.44094000"},"mountzion":{"id":62803,"name":"Mount Zion","latitude":"18.43377000","longitude":"-77.28028000"},"ochorios":{"id":62835,"name":"Ocho Rios","latitude":"18.40760000","longitude":"-77.10312000"},"parrytown":{"id":62855,"name":"Parry Town","latitude":"18.38359000","longitude":"-77.10345000"},"philadelphia":{"id":62881,"name":"Philadelphia","latitude":"18.40005000","longitude":"-77.32735000"},"pimentowalk":{"id":62883,"name":"Pimento Walk","latitude":"18.39578000","longitude":"-77.11383000"},"priory":{"id":62903,"name":"Priory","latitude":"18.43660000","longitude":"-77.24551000"},"riverhead":{"id":62935,"name":"River Head","latitude":"18.26030000","longitude":"-77.07782000"},"runawaybay":{"id":62959,"name":"Runaway Bay","latitude":"18.45962000","longitude":"-77.33570000"},"saintann\u2019sbay":{"id":62962,"name":"Saint Ann\u2019s Bay","latitude":"18.43581000","longitude":"-77.20098000"},"st.ann\u0027sbay":{"id":63019,"name":"St. Ann\u0027s Bay","latitude":"18.42989000","longitude":"-77.20775000"},"st.d\u0027acre":{"id":63020,"name":"St. D\u0027Acre","latitude":"18.33300000","longitude":"-77.36297000"},"steertown":{"id":63029,"name":"Steer Town","latitude":"18.42852000","longitude":"-77.17101000"},"sturgetown":{"id":63037,"name":"Sturge Town","latitude":"18.41631000","longitude":"-77.31988000"},"walkerswood":{"id":63081,"name":"Walkers Wood","latitude":"18.31939000","longitude":"-77.07082000"},"watttown":{"id":63093,"name":"Watt Town","latitude":"18.29427000","longitude":"-77.41466000"},"yorkcastle":{"id":63126,"name":"York Castle","latitude":"18.27515000","longitude":"-77.22923000"}}},"saintcatherineparish":{"id":3746,"name":"Saint Catherine Parish","state_code":"14","latitude":"18.03641340","longitude":"-77.05644640","type":null,"cities":{"aboverocks":{"id":62292,"name":"Above Rocks","latitude":"18.11432000","longitude":"-76.87590000"},"bartons":{"id":62338,"name":"Bartons","latitude":"18.02895000","longitude":"-77.13322000"},"bellasgate":{"id":62348,"name":"Bellas Gate","latitude":"18.04715000","longitude":"-77.14906000"},"bogwalk":{"id":62372,"name":"Bogwalk","latitude":"18.10468000","longitude":"-76.98792000"},"braeton":{"id":62382,"name":"Braeton","latitude":"17.94174000","longitude":"-76.88635000"},"bridgeport":{"id":62389,"name":"Bridgeport","latitude":"17.96264000","longitude":"-76.87809000"},"brownshill":{"id":62395,"name":"Browns Hill","latitude":"18.05358000","longitude":"-77.11855000"},"caymanas":{"id":62436,"name":"Caymanas","latitude":"18.03824000","longitude":"-76.89833000"},"centralvillage":{"id":62441,"name":"Central Village","latitude":"17.99992000","longitude":"-76.92393000"},"crescent":{"id":62488,"name":"Crescent","latitude":"18.03621000","longitude":"-76.97626000"},"cromarty":{"id":62490,"name":"Cromarty","latitude":"17.95840000","longitude":"-76.98457000"},"cumberland":{"id":62495,"name":"Cumberland","latitude":"17.97650000","longitude":"-76.88208000"},"edgewater":{"id":62532,"name":"Edgewater","latitude":"17.96448000","longitude":"-76.86547000"},"ensom":{"id":62540,"name":"Ensom","latitude":"18.01778000","longitude":"-76.96221000"},"ewarton":{"id":62544,"name":"Ewarton","latitude":"18.18333000","longitude":"-77.08536000"},"gingerridge":{"id":62587,"name":"Ginger Ridge","latitude":"18.07688000","longitude":"-77.16865000"},"glengoffe":{"id":62589,"name":"Glengoffe","latitude":"18.15214000","longitude":"-76.89057000"},"goldenacres":{"id":62591,"name":"Golden Acres","latitude":"18.01950000","longitude":"-76.98040000"},"greaterportmore":{"id":62609,"name":"Greater Portmore","latitude":"17.95228000","longitude":"-76.91133000"},"greendale":{"id":62612,"name":"Greendale","latitude":"18.01251000","longitude":"-76.94831000"},"gregorypark":{"id":62616,"name":"Gregory Park","latitude":"17.99490000","longitude":"-76.88302000"},"hamptongreen":{"id":62628,"name":"Hampton Green","latitude":"18.00544000","longitude":"-76.96818000"},"harewood":{"id":62631,"name":"Harewood","latitude":"18.17277000","longitude":"-76.94395000"},"harkershall":{"id":62632,"name":"Harkers Hall","latitude":"18.13149000","longitude":"-76.91350000"},"hellshire":{"id":62643,"name":"Hellshire","latitude":"17.89669000","longitude":"-76.96187000"},"independencecity":{"id":62660,"name":"Independence City","latitude":"17.97783000","longitude":"-76.87498000"},"keystone":{"id":62689,"name":"Keystone","latitude":"18.01652000","longitude":"-76.93525000"},"kitsontown":{"id":62696,"name":"Kitson Town","latitude":"18.03487000","longitude":"-77.04028000"},"linstead":{"id":62713,"name":"Linstead","latitude":"18.13683000","longitude":"-77.03171000"},"lluidasvale":{"id":62722,"name":"Lluidas Vale","latitude":"18.14977000","longitude":"-77.16853000"},"naggohead":{"id":62808,"name":"Naggo Head","latitude":"17.96415000","longitude":"-76.88820000"},"oldharbour":{"id":62838,"name":"Old Harbour","latitude":"17.94144000","longitude":"-77.10898000"},"oldharbourbay":{"id":62839,"name":"Old Harbour Bay","latitude":"17.90918000","longitude":"-77.09718000"},"oldharbourroad":{"id":62840,"name":"Old Harbour Road","latitude":"17.95797000","longitude":"-77.02730000"},"partofguyshill":{"id":62860,"name":"Part of Guys Hill","latitude":"18.24525000","longitude":"-76.99081000"},"partofkeystone":{"id":62862,"name":"Part of Keystone","latitude":"18.03965000","longitude":"-76.95113000"},"partofrockhall":{"id":62863,"name":"Part of Rock Hall","latitude":"18.09119000","longitude":"-76.88804000"},"passagefort":{"id":62865,"name":"Passage Fort","latitude":"17.97788000","longitude":"-76.86793000"},"peartreegrove":{"id":62870,"name":"Pear Tree Grove","latitude":"18.22515000","longitude":"-76.95293000"},"pointhill":{"id":62888,"name":"Point Hill","latitude":"18.09361000","longitude":"-77.10480000"},"portmore":{"id":62898,"name":"Portmore","latitude":"17.95032000","longitude":"-76.88215000"},"redwood":{"id":62920,"name":"Redwood","latitude":"18.21026000","longitude":"-76.98536000"},"riversdale":{"id":62937,"name":"Riversdale","latitude":"18.17802000","longitude":"-76.96636000"},"sligoville":{"id":62995,"name":"Sligoville","latitude":"18.08203000","longitude":"-76.93991000"},"spanishtown":{"id":63007,"name":"Spanish Town","latitude":"17.99107000","longitude":"-76.95742000"},"spanishtowncentral":{"id":63008,"name":"Spanish Town Central","latitude":"17.98014000","longitude":"-76.92294000"},"st.john\u0027seast":{"id":63021,"name":"St. John\u0027s East","latitude":"18.00090000","longitude":"-76.97466000"},"st.john\u0027swest":{"id":63022,"name":"St. John\u0027s West","latitude":"18.00539000","longitude":"-77.00755000"},"troja":{"id":63066,"name":"Troja","latitude":"18.20485000","longitude":"-76.93196000"},"waterford":{"id":63089,"name":"Waterford","latitude":"17.99340000","longitude":"-76.86090000"},"watermount":{"id":63091,"name":"Watermount","latitude":"18.06686000","longitude":"-77.09112000"},"westcumberland":{"id":63095,"name":"West Cumberland","latitude":"17.97890000","longitude":"-76.88662000"},"willowdene":{"id":63108,"name":"Willowdene","latitude":"17.99189000","longitude":"-76.98199000"}}},"saintelizabethparish":{"id":3743,"name":"Saint Elizabeth Parish","state_code":"11","latitude":"38.99253080","longitude":"-94.58992000","type":null,"cities":{"aberdeen":{"id":62290,"name":"Aberdeen","latitude":"18.20508000","longitude":"-77.67932000"},"accompong":{"id":62293,"name":"Accompong","latitude":"18.22985000","longitude":"-77.74816000"},"alligatorpond":{"id":62303,"name":"Alligator Pond","latitude":"17.86932000","longitude":"-77.56769000"},"balaclava":{"id":62326,"name":"Balaclava","latitude":"18.17228000","longitude":"-77.64375000"},"ballardsvalley":{"id":62328,"name":"Ballards  Valley","latitude":"17.87949000","longitude":"-77.63086000"},"barbaryhall":{"id":62333,"name":"Barbary Hall","latitude":"17.96800000","longitude":"-77.77961000"},"bigwoods":{"id":62360,"name":"Bigwoods","latitude":"17.93338000","longitude":"-77.71897000"},"blackriver":{"id":62363,"name":"Black River","latitude":"18.02636000","longitude":"-77.84873000"},"bogue":{"id":62371,"name":"Bogue","latitude":"18.13619000","longitude":"-77.66970000"},"braesriver":{"id":62381,"name":"Braes River","latitude":"18.09351000","longitude":"-77.66487000"},"brighton":{"id":62390,"name":"Brighton","latitude":"18.14836000","longitude":"-77.85604000"},"brompton":{"id":62393,"name":"Brompton","latitude":"18.06795000","longitude":"-77.88821000"},"bullsavanna":{"id":62401,"name":"Bull Savanna","latitude":"17.88678000","longitude":"-77.59022000"},"bullsavannah":{"id":62402,"name":"Bull Savannah","latitude":"17.88056000","longitude":"-77.59000000"},"burntsavannah":{"id":62405,"name":"Burnt Savannah","latitude":"18.03177000","longitude":"-77.74936000"},"carisbrook":{"id":62419,"name":"Carisbrook","latitude":"18.14742000","longitude":"-77.77367000"},"cotterwood":{"id":62483,"name":"Cotterwood","latitude":"18.09492000","longitude":"-77.91553000"},"crawford":{"id":62487,"name":"Crawford","latitude":"18.05060000","longitude":"-77.91596000"},"elderslie":{"id":62534,"name":"Elderslie","latitude":"18.22416000","longitude":"-77.79381000"},"fullerswood":{"id":62577,"name":"Fullerswood","latitude":"18.01527000","longitude":"-77.77572000"},"giddyhall":{"id":62584,"name":"Giddy Hall","latitude":"18.09702000","longitude":"-77.86764000"},"gingerhill":{"id":62586,"name":"Ginger Hill","latitude":"18.19180000","longitude":"-77.84867000"},"goshen":{"id":62599,"name":"Goshen","latitude":"18.04964000","longitude":"-77.64136000"},"holland":{"id":62651,"name":"Holland","latitude":"18.10358000","longitude":"-77.80164000"},"hopeton":{"id":62655,"name":"Hopeton","latitude":"17.95626000","longitude":"-77.66239000"},"junction":{"id":62682,"name":"Junction","latitude":"17.91467000","longitude":"-77.59894000"},"lacovia":{"id":62699,"name":"Lacovia","latitude":"18.08844000","longitude":"-77.75350000"},"leeds":{"id":62705,"name":"Leeds","latitude":"18.01399000","longitude":"-77.68374000"},"lititz":{"id":62717,"name":"Lititz","latitude":"17.94033000","longitude":"-77.59511000"},"maggotty":{"id":62739,"name":"Maggotty","latitude":"18.17343000","longitude":"-77.76681000"},"malvern":{"id":62743,"name":"Malvern","latitude":"17.96667000","longitude":"-77.70000000"},"merrywood":{"id":62770,"name":"Merrywood","latitude":"18.21793000","longitude":"-77.83773000"},"middlequarters":{"id":62771,"name":"Middle Quarters","latitude":"18.11455000","longitude":"-77.83808000"},"mountainside":{"id":62805,"name":"Mountainside","latitude":"17.98077000","longitude":"-77.74786000"},"mulgrave":{"id":62806,"name":"Mulgrave","latitude":"18.21164000","longitude":"-77.82018000"},"myersville":{"id":62807,"name":"Myersville","latitude":"17.99699000","longitude":"-77.62425000"},"nain":{"id":62809,"name":"Nain","latitude":"17.96526000","longitude":"-77.60528000"},"newmarket":{"id":62818,"name":"New Market","latitude":"18.15362000","longitude":"-77.90962000"},"newell":{"id":62823,"name":"Newell","latitude":"17.92103000","longitude":"-77.74653000"},"newton":{"id":62826,"name":"Newton","latitude":"18.11095000","longitude":"-77.72352000"},"parottee":{"id":62854,"name":"Parottee","latitude":"17.96174000","longitude":"-77.81774000"},"pedroplains":{"id":62872,"name":"Pedro Plains","latitude":"17.88569000","longitude":"-77.71337000"},"pepper":{"id":62877,"name":"Pepper","latitude":"18.02105000","longitude":"-77.61284000"},"pisgah":{"id":62884,"name":"Pisgah","latitude":"18.19605000","longitude":"-77.88671000"},"pondside":{"id":62889,"name":"Pondside","latitude":"17.98153000","longitude":"-77.79450000"},"potsdam":{"id":62902,"name":"Potsdam","latitude":"17.91872000","longitude":"-77.66869000"},"quickstep":{"id":62909,"name":"Quick Step","latitude":"18.23281000","longitude":"-77.67831000"},"redbank":{"id":62915,"name":"Red Bank","latitude":"17.93776000","longitude":"-77.62585000"},"retirement":{"id":62923,"name":"Retirement","latitude":"18.20740000","longitude":"-77.76698000"},"rosehall":{"id":62951,"name":"Rose Hall","latitude":"17.92654000","longitude":"-77.64153000"},"russels":{"id":62960,"name":"Russels","latitude":"17.98638000","longitude":"-77.65065000"},"santacruz":{"id":62971,"name":"Santa Cruz","latitude":"18.05336000","longitude":"-77.69836000"},"scholefield":{"id":62976,"name":"Scholefield","latitude":"18.02375000","longitude":"-77.71884000"},"siloah":{"id":62993,"name":"Siloah","latitude":"18.16334000","longitude":"-77.71061000"},"slipe":{"id":62996,"name":"Slipe","latitude":"18.05740000","longitude":"-77.79687000"},"southfield":{"id":63004,"name":"Southfield","latitude":"17.88212000","longitude":"-77.66988000"},"springfield":{"id":63017,"name":"Springfield","latitude":"18.17662000","longitude":"-77.87392000"},"thornton":{"id":63049,"name":"Thornton","latitude":"18.19564000","longitude":"-77.72246000"},"tophill":{"id":63054,"name":"Top Hill","latitude":"17.89317000","longitude":"-77.63793000"},"treasurebeach":{"id":63062,"name":"Treasure Beach","latitude":"17.89550000","longitude":"-77.76051000"},"warminister":{"id":63083,"name":"Warminister","latitude":"17.96238000","longitude":"-77.63956000"},"watchwell":{"id":63086,"name":"Watchwell","latitude":"17.93876000","longitude":"-77.77250000"},"whitehill":{"id":63100,"name":"White Hill","latitude":"18.15646000","longitude":"-77.81067000"}}},"saintjamesparish":{"id":3745,"name":"Saint James Parish","state_code":"08","latitude":"30.01792920","longitude":"-90.79132270","type":null,"cities":{"adelphi":{"id":62294,"name":"Adelphi","latitude":"18.45060000","longitude":"-77.78590000"},"albion":{"id":62298,"name":"Albion","latitude":"18.48471000","longitude":"-77.91408000"},"anchovy":{"id":62312,"name":"Anchovy","latitude":"18.41030000","longitude":"-77.93166000"},"arcadia":{"id":62315,"name":"Arcadia","latitude":"18.24993000","longitude":"-77.79228000"},"barretttown":{"id":62337,"name":"Barrett Town","latitude":"18.50871000","longitude":"-77.79625000"},"bickersteth":{"id":62358,"name":"Bickersteth","latitude":"18.36335000","longitude":"-77.93651000"},"bogue":{"id":62370,"name":"Bogue","latitude":"18.43722000","longitude":"-77.92022000"},"brandonhill":{"id":62386,"name":"Brandon Hill","latitude":"18.47767000","longitude":"-77.91117000"},"cambridge":{"id":62415,"name":"Cambridge","latitude":"18.31308000","longitude":"-77.89546000"},"canterbury":{"id":62418,"name":"Canterbury","latitude":"18.47919000","longitude":"-77.91655000"},"catadupa":{"id":62429,"name":"Catadupa","latitude":"18.28052000","longitude":"-77.86579000"},"catherinehall":{"id":62430,"name":"Catherine Hall","latitude":"18.46258000","longitude":"-77.92286000"},"catherinemount":{"id":62431,"name":"Catherine Mount","latitude":"18.45672000","longitude":"-77.89691000"},"comforthall":{"id":62469,"name":"Comfort Hall","latitude":"18.41270000","longitude":"-77.91814000"},"coralgardens":{"id":62480,"name":"Coral Gardens","latitude":"18.50791000","longitude":"-77.88034000"},"cornwall":{"id":62481,"name":"Cornwall","latitude":"18.48930000","longitude":"-77.81016000"},"downtownmontegobay":{"id":62516,"name":"Down Town Montego Bay","latitude":"18.47726000","longitude":"-77.92031000"},"dumfries":{"id":62525,"name":"Dumfries","latitude":"18.42973000","longitude":"-77.75593000"},"fairfield":{"id":62546,"name":"Fairfield","latitude":"18.45079000","longitude":"-77.91235000"},"farmheights":{"id":62551,"name":"Farm Heights","latitude":"18.46869000","longitude":"-77.87760000"},"flagstaff":{"id":62555,"name":"Flagstaff","latitude":"18.35412000","longitude":"-77.77132000"},"flamstead":{"id":62556,"name":"Flamstead","latitude":"18.31409000","longitude":"-77.81316000"},"flankers":{"id":62557,"name":"Flankers","latitude":"18.50265000","longitude":"-77.90831000"},"flowerhill":{"id":62560,"name":"Flower Hill","latitude":"18.48426000","longitude":"-77.83913000"},"friendship":{"id":62572,"name":"Friendship","latitude":"18.44590000","longitude":"-77.86242000"},"garlands":{"id":62579,"name":"Garlands","latitude":"18.27811000","longitude":"-77.78908000"},"glendevon":{"id":62588,"name":"Glendevon","latitude":"18.48488000","longitude":"-77.89710000"},"goodwill":{"id":62597,"name":"Goodwill","latitude":"18.46950000","longitude":"-77.75646000"},"granville":{"id":62604,"name":"Granville","latitude":"18.44191000","longitude":"-77.89402000"},"greenpond":{"id":62611,"name":"Green Pond","latitude":"18.47361000","longitude":"-77.87779000"},"greenwood":{"id":62615,"name":"Greenwood","latitude":"18.49768000","longitude":"-77.75243000"},"hopeton":{"id":62656,"name":"Hopeton","latitude":"18.39858000","longitude":"-77.86826000"},"ironshore":{"id":62664,"name":"Ironshore","latitude":"18.51323000","longitude":"-77.85108000"},"irwin":{"id":62665,"name":"Irwin","latitude":"18.44949000","longitude":"-77.87722000"},"john\u0027shall":{"id":62675,"name":"John\u0027s Hall","latitude":"18.42849000","longitude":"-77.85010000"},"lilliput":{"id":62709,"name":"Lilliput","latitude":"18.50591000","longitude":"-77.77686000"},"lottery":{"id":62730,"name":"Lottery","latitude":"18.41499000","longitude":"-77.80696000"},"maldon":{"id":62742,"name":"Maldon","latitude":"18.33831000","longitude":"-77.80998000"},"maroontown":{"id":62754,"name":"Maroon Town","latitude":"18.34464000","longitude":"-77.79544000"},"mocho":{"id":62779,"name":"Mocho","latitude":"18.29135000","longitude":"-77.82580000"},"montegobay":{"id":62784,"name":"Montego Bay","latitude":"18.47116000","longitude":"-77.91883000"},"montegohill":{"id":62785,"name":"Montego Hill","latitude":"18.48038000","longitude":"-77.88150000"},"montpelier":{"id":62786,"name":"Montpelier","latitude":"18.37612000","longitude":"-77.91357000"},"mountcarey":{"id":62794,"name":"Mount Carey","latitude":"18.38888000","longitude":"-77.94374000"},"mounthoreb":{"id":62795,"name":"Mount Horeb","latitude":"18.33322000","longitude":"-77.86675000"},"mountsalem":{"id":62801,"name":"Mount Salem","latitude":"18.46601000","longitude":"-77.90793000"},"niagara":{"id":62828,"name":"Niagara","latitude":"18.26534000","longitude":"-77.81879000"},"norwood":{"id":62833,"name":"Norwood","latitude":"18.49217000","longitude":"-77.88634000"},"orange":{"id":62842,"name":"Orange","latitude":"18.45395000","longitude":"-77.82779000"},"paradise":{"id":62852,"name":"Paradise","latitude":"18.49401000","longitude":"-77.90982000"},"pitfour":{"id":62885,"name":"Pitfour","latitude":"18.43206000","longitude":"-77.89007000"},"portobello":{"id":62899,"name":"Porto Bello","latitude":"18.46607000","longitude":"-77.86989000"},"reading":{"id":62914,"name":"Reading","latitude":"18.43723000","longitude":"-77.94730000"},"retirement":{"id":62922,"name":"Retirement","latitude":"18.43742000","longitude":"-77.88004000"},"retrieve":{"id":62926,"name":"Retrieve","latitude":"18.28901000","longitude":"-77.90081000"},"roehampton":{"id":62948,"name":"Roehampton","latitude":"18.39897000","longitude":"-77.89926000"},"rosehall":{"id":62950,"name":"Rose Hall","latitude":"18.51228000","longitude":"-77.81833000"},"roseheights":{"id":62952,"name":"Rose Heights","latitude":"18.46945000","longitude":"-77.89533000"},"rosemountgarden":{"id":62954,"name":"Rose Mount Garden","latitude":"18.46394000","longitude":"-77.89397000"},"rosemount":{"id":62956,"name":"Rosemount","latitude":"18.47484000","longitude":"-77.89216000"},"saltspring":{"id":62965,"name":"Salt Spring","latitude":"18.48687000","longitude":"-77.86554000"},"sevenrivers":{"id":62985,"name":"Seven Rivers","latitude":"18.34702000","longitude":"-77.91378000"},"somerton":{"id":63003,"name":"Somerton","latitude":"18.40496000","longitude":"-77.77071000"},"spotvalley":{"id":63010,"name":"Spot Valley","latitude":"18.47869000","longitude":"-77.79106000"},"stonehenge":{"id":63032,"name":"Stonehenge","latitude":"18.24231000","longitude":"-77.85042000"},"summerhill":{"id":63039,"name":"Summer Hill","latitude":"18.37360000","longitude":"-77.79350000"},"sunderland":{"id":63041,"name":"Sunderland","latitude":"18.39794000","longitude":"-77.82734000"},"tangleriver":{"id":63046,"name":"Tangle River","latitude":"18.34337000","longitude":"-77.83621000"},"towerhill/moyhall":{"id":63057,"name":"Tower Hill/Moy Hall","latitude":"18.44044000","longitude":"-77.96022000"},"tucker":{"id":63070,"name":"Tucker","latitude":"18.44900000","longitude":"-77.89438000"},"unityhall":{"id":63073,"name":"Unity Hall","latitude":"18.43304000","longitude":"-77.97684000"},"vaughnsfield":{"id":63075,"name":"Vaughnsfield","latitude":"18.32135000","longitude":"-77.78051000"},"welcomehall":{"id":63094,"name":"Welcome Hall","latitude":"18.36898000","longitude":"-77.83673000"},"westgreen":{"id":63097,"name":"West Green","latitude":"18.46244000","longitude":"-77.91757000"}}},"saintmaryparish":{"id":3747,"name":"Saint Mary Parish","state_code":"05","latitude":"36.09252200","longitude":"-95.97384400","type":null,"cities":{"amieltown":{"id":62309,"name":"Amiel Town","latitude":"18.34027000","longitude":"-76.97612000"},"annottobay":{"id":62313,"name":"Annotto Bay","latitude":"18.27170000","longitude":"-76.76523000"},"baileysvale":{"id":62325,"name":"Baileys Vale","latitude":"18.34527000","longitude":"-76.92593000"},"baxtermountain":{"id":62342,"name":"Baxter Mountain","latitude":"18.20405000","longitude":"-76.77198000"},"belfield":{"id":62347,"name":"Belfield","latitude":"18.27347000","longitude":"-76.83574000"},"bonnygate":{"id":62375,"name":"Bonnygate","latitude":"18.32869000","longitude":"-76.94606000"},"brainerd":{"id":62383,"name":"Brainerd","latitude":"18.16988000","longitude":"-76.86890000"},"broadgate":{"id":62392,"name":"Broadgate","latitude":"18.22847000","longitude":"-76.80788000"},"camberwell":{"id":62414,"name":"Camberwell","latitude":"18.23930000","longitude":"-76.78088000"},"carronhall":{"id":62421,"name":"Carron Hall","latitude":"18.27797000","longitude":"-76.95246000"},"castleton":{"id":62428,"name":"Castleton","latitude":"18.17618000","longitude":"-76.78340000"},"charlestown":{"id":62448,"name":"Charles Town","latitude":"18.38918000","longitude":"-77.03978000"},"clonmel":{"id":62459,"name":"Clonmel","latitude":"18.24281000","longitude":"-76.83137000"},"devonpen":{"id":62511,"name":"Devon Pen","latitude":"18.21561000","longitude":"-76.82440000"},"dover":{"id":62515,"name":"Dover","latitude":"18.25534000","longitude":"-76.70811000"},"enfield":{"id":62539,"name":"Enfield","latitude":"18.22036000","longitude":"-76.73745000"},"epson":{"id":62541,"name":"Epson","latitude":"18.25220000","longitude":"-76.72641000"},"flintriver":{"id":62559,"name":"Flint River","latitude":"18.23790000","longitude":"-76.92173000"},"freehill":{"id":62568,"name":"Free Hill","latitude":"18.35439000","longitude":"-76.94317000"},"friendshipgap":{"id":62573,"name":"Friendship Gap","latitude":"18.19719000","longitude":"-76.81960000"},"galina":{"id":62578,"name":"Galina","latitude":"18.40265000","longitude":"-76.90041000"},"gayle":{"id":62580,"name":"Gayle","latitude":"18.34278000","longitude":"-77.00211000"},"guyshill":{"id":62619,"name":"Guys Hill","latitude":"18.26243000","longitude":"-76.99561000"},"hampstead":{"id":62626,"name":"Hampstead","latitude":"18.32051000","longitude":"-76.90477000"},"highgate":{"id":62648,"name":"Highgate","latitude":"18.27739000","longitude":"-76.89554000"},"islington":{"id":62666,"name":"Islington","latitude":"18.32160000","longitude":"-76.84102000"},"jacksriver":{"id":62668,"name":"Jacks River","latitude":"18.37220000","longitude":"-76.94101000"},"jefferytown":{"id":62671,"name":"Jeffery Town","latitude":"18.28956000","longitude":"-77.00343000"},"labyrinth":{"id":62698,"name":"Labyrinth","latitude":"18.34419000","longitude":"-77.03227000"},"longroad":{"id":62725,"name":"Long Road","latitude":"18.21337000","longitude":"-76.75009000"},"luckyhill":{"id":62734,"name":"Lucky Hill","latitude":"18.30252000","longitude":"-77.01678000"},"mangovalley":{"id":62747,"name":"Mango Valley","latitude":"18.37481000","longitude":"-76.97694000"},"martin":{"id":62756,"name":"Martin","latitude":"18.30118000","longitude":"-76.87257000"},"masonhall":{"id":62760,"name":"Mason Hall","latitude":"18.39662000","longitude":"-76.92063000"},"milegully":{"id":62774,"name":"Mile Gully","latitude":"18.31801000","longitude":"-76.96051000"},"oracabessa":{"id":62841,"name":"Oracabessa","latitude":"18.40319000","longitude":"-76.94641000"},"portmaria":{"id":62893,"name":"Port Maria","latitude":"18.36849000","longitude":"-76.88946000"},"prospect":{"id":62906,"name":"Prospect","latitude":"18.41273000","longitude":"-77.04119000"},"retreat":{"id":62924,"name":"Retreat","latitude":"18.37865000","longitude":"-77.01590000"},"richmond":{"id":62928,"name":"Richmond","latitude":"18.21113000","longitude":"-76.88301000"},"robinsbay":{"id":62940,"name":"Robins Bay","latitude":"18.31236000","longitude":"-76.81783000"},"sandside":{"id":62967,"name":"Sandside","latitude":"18.33888000","longitude":"-76.89551000"},"scottshall":{"id":62977,"name":"Scotts Hall","latitude":"18.19083000","longitude":"-76.83942000"},"woodpark":{"id":63121,"name":"Woodpark","latitude":"18.29734000","longitude":"-76.98114000"},"woodside":{"id":63122,"name":"Woodside","latitude":"18.25258000","longitude":"-76.92679000"}}},"saintthomasparish":{"id":3750,"name":"Saint Thomas Parish","state_code":"03","latitude":"41.44253890","longitude":"-81.74022180","type":null,"cities":{"airycastle":{"id":62296,"name":"Airy Castle","latitude":"17.92506000","longitude":"-76.34216000"},"albion":{"id":62299,"name":"Albion","latitude":"17.90119000","longitude":"-76.60761000"},"amityhall":{"id":62311,"name":"Amity Hall","latitude":"17.96759000","longitude":"-76.25698000"},"arcadia":{"id":62314,"name":"Arcadia","latitude":"17.92230000","longitude":"-76.30030000"},"baptist":{"id":62332,"name":"Baptist","latitude":"17.87666000","longitude":"-76.57837000"},"barkinglodge":{"id":62335,"name":"Barking Lodge","latitude":"17.89279000","longitude":"-76.28922000"},"bath":{"id":62339,"name":"Bath","latitude":"17.94820000","longitude":"-76.34916000"},"bethel":{"id":62355,"name":"Bethel","latitude":"17.98527000","longitude":"-76.58050000"},"cedarvalley":{"id":62438,"name":"Cedar Valley","latitude":"18.02815000","longitude":"-76.59556000"},"churchcorner":{"id":62455,"name":"Church Corner","latitude":"17.88718000","longitude":"-76.41898000"},"dalvey":{"id":62500,"name":"Dalvey","latitude":"17.90241000","longitude":"-76.25001000"},"danverspen":{"id":62502,"name":"Danvers Pen","latitude":"17.92880000","longitude":"-76.47586000"},"duckenfield":{"id":62522,"name":"Duckenfield","latitude":"17.92205000","longitude":"-76.22657000"},"duhaneypen":{"id":62524,"name":"Duhaney Pen","latitude":"17.89402000","longitude":"-76.43193000"},"easington":{"id":62529,"name":"Easington","latitude":"17.92397000","longitude":"-76.58824000"},"elevenmiles":{"id":62535,"name":"Eleven Miles","latitude":"17.93745000","longitude":"-76.64337000"},"fonthill":{"id":62561,"name":"Font Hill","latitude":"17.94055000","longitude":"-76.51169000"},"goldengrove":{"id":62592,"name":"Golden Grove","latitude":"17.93361000","longitude":"-76.27254000"},"hagleygap":{"id":62622,"name":"Hagley Gap","latitude":"18.04845000","longitude":"-76.62777000"},"hamptoncourt":{"id":62627,"name":"Hampton Court","latitude":"17.91782000","longitude":"-76.26131000"},"hayfield":{"id":62639,"name":"Hayfield","latitude":"17.98199000","longitude":"-76.36841000"},"hillside":{"id":62649,"name":"Hillside","latitude":"17.99619000","longitude":"-76.49082000"},"johnstown":{"id":62677,"name":"Johns Town","latitude":"17.89659000","longitude":"-76.36136000"},"johnsonmountain":{"id":62678,"name":"Johnson Mountain","latitude":"17.98091000","longitude":"-76.31986000"},"jonespen":{"id":62680,"name":"Jones Pen","latitude":"17.95068000","longitude":"-76.54775000"},"leithhall":{"id":62706,"name":"Leith Hall","latitude":"17.87973000","longitude":"-76.34331000"},"llandewey":{"id":62719,"name":"Llandewey","latitude":"17.94477000","longitude":"-76.62245000"},"lloyds":{"id":62721,"name":"Lloyds","latitude":"17.91504000","longitude":"-76.54085000"},"lyssons":{"id":62735,"name":"Lyssons","latitude":"17.88708000","longitude":"-76.37961000"},"middleton":{"id":62772,"name":"Middleton","latitude":"17.93971000","longitude":"-76.43558000"},"morantbay":{"id":62789,"name":"Morant Bay","latitude":"17.88145000","longitude":"-76.40927000"},"mountlebanus":{"id":62797,"name":"Mount Lebanus","latitude":"17.97544000","longitude":"-76.53891000"},"newmonkland":{"id":62820,"name":"New Monkland","latitude":"17.99158000","longitude":"-76.57333000"},"pamphret":{"id":62850,"name":"Pamphret","latitude":"17.87570000","longitude":"-76.51736000"},"peartree":{"id":62869,"name":"Pear Tree","latitude":"17.91162000","longitude":"-76.31676000"},"poormanscorner":{"id":62891,"name":"Poormans Corner","latitude":"17.89152000","longitude":"-76.58351000"},"portmorant":{"id":62894,"name":"Port Morant","latitude":"17.89947000","longitude":"-76.34286000"},"prospect":{"id":62907,"name":"Prospect","latitude":"17.87404000","longitude":"-76.34956000"},"ramble":{"id":62912,"name":"Ramble","latitude":"17.96791000","longitude":"-76.62630000"},"retreat":{"id":62925,"name":"Retreat","latitude":"17.87760000","longitude":"-76.36795000"},"richmondvale":{"id":62932,"name":"Richmond Vale","latitude":"17.97435000","longitude":"-76.59044000"},"riverhead":{"id":62936,"name":"River Head","latitude":"17.99237000","longitude":"-76.61082000"},"rowlandsfield":{"id":62957,"name":"Rowlandsfield","latitude":"17.97355000","longitude":"-76.28781000"},"seaforth":{"id":62980,"name":"Seaforth","latitude":"17.94421000","longitude":"-76.45661000"},"somerset":{"id":63001,"name":"Somerset","latitude":"18.00976000","longitude":"-76.54595000"},"springbank":{"id":63011,"name":"Spring Bank","latitude":"17.95995000","longitude":"-76.32596000"},"springgarden":{"id":63012,"name":"Spring Garden","latitude":"17.91749000","longitude":"-76.42978000"},"sunninghill":{"id":63042,"name":"Sunning Hill","latitude":"17.95612000","longitude":"-76.40931000"},"trinityville":{"id":63065,"name":"Trinityville","latitude":"17.95720000","longitude":"-76.49420000"},"wheelerfield":{"id":63098,"name":"Wheelerfield","latitude":"17.95874000","longitude":"-76.29623000"},"whitehall":{"id":63099,"name":"White Hall","latitude":"17.99805000","longitude":"-76.43105000"},"whitehorses":{"id":63101,"name":"White Horses","latitude":"17.89620000","longitude":"-76.47076000"},"wilmington":{"id":63109,"name":"Wilmington","latitude":"17.92856000","longitude":"-76.38962000"},"winchester":{"id":63112,"name":"Winchester","latitude":"17.94177000","longitude":"-76.29823000"},"yallahs":{"id":63124,"name":"Yallahs","latitude":"17.87480000","longitude":"-76.56245000"},"york":{"id":63125,"name":"York","latitude":"17.92849000","longitude":"-76.43983000"}}},"trelawnyparish":{"id":3755,"name":"Trelawny Parish","state_code":"07","latitude":"18.35261430","longitude":"-77.60778650","type":null,"cities":{"alberttown":{"id":62297,"name":"Albert Town","latitude":"18.29434000","longitude":"-77.54239000"},"alps":{"id":62306,"name":"Alps","latitude":"18.35498000","longitude":"-77.50897000"},"bountyhall":{"id":62379,"name":"Bounty Hall","latitude":"18.45801000","longitude":"-77.71663000"},"brampton":{"id":62384,"name":"Brampton","latitude":"18.44262000","longitude":"-77.46424000"},"bunkershill":{"id":62403,"name":"Bunkers Hill","latitude":"18.36198000","longitude":"-77.68612000"},"clarkstown":{"id":62457,"name":"Clarks Town","latitude":"18.42244000","longitude":"-77.53328000"},"danieltown":{"id":62501,"name":"Daniel Town","latitude":"18.46395000","longitude":"-77.61592000"},"deeside":{"id":62505,"name":"Deeside","latitude":"18.35976000","longitude":"-77.73721000"},"duanvale":{"id":62521,"name":"Duanvale","latitude":"18.40267000","longitude":"-77.59615000"},"duncans":{"id":62526,"name":"Duncans","latitude":"18.46800000","longitude":"-77.53633000"},"falmouth":{"id":62550,"name":"Falmouth","latitude":"18.49358000","longitude":"-77.65587000"},"freemanshall":{"id":62569,"name":"Freemans Hall","latitude":"18.28384000","longitude":"-77.50180000"},"granville":{"id":62605,"name":"Granville","latitude":"18.45053000","longitude":"-77.68847000"},"hampden":{"id":62625,"name":"Hampden","latitude":"18.44217000","longitude":"-77.73203000"},"jacksontown":{"id":62669,"name":"Jackson Town","latitude":"18.41781000","longitude":"-77.48458000"},"joehut":{"id":62674,"name":"Joe Hut","latitude":"18.26742000","longitude":"-77.49616000"},"kinloss":{"id":62694,"name":"Kinloss","latitude":"18.39641000","longitude":"-77.56968000"},"lorrimers":{"id":62729,"name":"Lorrimers","latitude":"18.23026000","longitude":"-77.49207000"},"marthabrae":{"id":62755,"name":"Martha Brae","latitude":"18.46960000","longitude":"-77.65909000"},"perthtown":{"id":62878,"name":"Perth Town","latitude":"18.43106000","longitude":"-77.62583000"},"refuge":{"id":62921,"name":"Refuge","latitude":"18.45101000","longitude":"-77.57751000"},"riobueno":{"id":62933,"name":"Rio Bueno","latitude":"18.46406000","longitude":"-77.48042000"},"saltmarsh":{"id":62963,"name":"Salt Marsh","latitude":"18.48423000","longitude":"-77.71184000"},"samuelsprospect":{"id":62966,"name":"Samuels Prospect","latitude":"18.45103000","longitude":"-77.51440000"},"sawyers":{"id":62975,"name":"Sawyers","latitude":"18.37880000","longitude":"-77.49689000"},"sherwoodcontent":{"id":62988,"name":"Sherwood Content","latitude":"18.38227000","longitude":"-77.63643000"},"spicyhill":{"id":63009,"name":"Spicy Hill","latitude":"18.45763000","longitude":"-77.54751000"},"springgarden":{"id":63013,"name":"Spring Garden","latitude":"18.29368000","longitude":"-77.56698000"},"st.vincent":{"id":63027,"name":"St. Vincent","latitude":"18.33424000","longitude":"-77.54790000"},"stettin":{"id":63030,"name":"Stettin","latitude":"18.28224000","longitude":"-77.54095000"},"stewarttown":{"id":63031,"name":"Stewart Town","latitude":"18.39887000","longitude":"-77.45187000"},"troy":{"id":63068,"name":"Troy","latitude":"18.24924000","longitude":"-77.60978000"},"ulsterspring":{"id":63072,"name":"Ulster Spring","latitude":"18.32113000","longitude":"-77.49681000"},"wait-a-bit":{"id":63078,"name":"Wait-A-Bit","latitude":"18.25332000","longitude":"-77.50837000"},"wakefield":{"id":63079,"name":"Wakefield","latitude":"18.41460000","longitude":"-77.70908000"},"warsop":{"id":63084,"name":"Warsop","latitude":"18.26178000","longitude":"-77.56774000"},"wilson\u0027srun":{"id":63110,"name":"Wilson\u0027s Run","latitude":"18.28468000","longitude":"-77.69323000"},"wirefence":{"id":63116,"name":"Wirefence","latitude":"18.25310000","longitude":"-77.53276000"}}},"westmorelandparish":{"id":3742,"name":"Westmoreland Parish","state_code":"10","latitude":"18.29443780","longitude":"-78.15644320","type":null,"cities":{"12thstreet":{"id":62289,"name":"12th Street","latitude":"18.21097000","longitude":"-78.13603000"},"amity":{"id":62310,"name":"Amity","latitude":"18.27361000","longitude":"-77.89805000"},"ashton":{"id":62320,"name":"Ashton","latitude":"18.23139000","longitude":"-77.92074000"},"barneyside":{"id":62336,"name":"Barneyside","latitude":"18.27670000","longitude":"-77.96964000"},"bath":{"id":62340,"name":"Bath","latitude":"18.25734000","longitude":"-78.11751000"},"bathmountain":{"id":62341,"name":"Bath Mountain","latitude":"18.34428000","longitude":"-78.09928000"},"beaufort":{"id":62343,"name":"Beaufort","latitude":"18.23417000","longitude":"-77.95007000"},"beestonspring":{"id":62346,"name":"Beeston Spring","latitude":"18.16012000","longitude":"-77.97545000"},"belvedere":{"id":62350,"name":"Belvedere","latitude":"18.25219000","longitude":"-77.93208000"},"berkshire":{"id":62353,"name":"Berkshire","latitude":"18.21293000","longitude":"-77.90373000"},"betheltown":{"id":62356,"name":"Bethel Town","latitude":"18.29503000","longitude":"-77.95112000"},"bigbridge":{"id":62359,"name":"Big Bridge","latitude":"18.23318000","longitude":"-78.16717000"},"bluefields":{"id":62367,"name":"Bluefields","latitude":"18.16602000","longitude":"-78.02702000"},"bog":{"id":62368,"name":"Bog","latitude":"18.15631000","longitude":"-77.94364000"},"broughton":{"id":62394,"name":"Broughton","latitude":"18.21747000","longitude":"-78.22894000"},"burntsavannah":{"id":62404,"name":"Burnt Savannah","latitude":"18.31676000","longitude":"-78.12628000"},"cairncurran":{"id":62411,"name":"Cairn Curran","latitude":"18.22840000","longitude":"-78.01130000"},"caledonia":{"id":62413,"name":"Caledonia","latitude":"18.25866000","longitude":"-78.01173000"},"carmel":{"id":62420,"name":"Carmel","latitude":"18.17326000","longitude":"-77.93929000"},"cave":{"id":62434,"name":"Cave","latitude":"18.21019000","longitude":"-78.04070000"},"chantilly":{"id":62445,"name":"Chantilly","latitude":"18.23059000","longitude":"-78.12462000"},"content":{"id":62475,"name":"Content","latitude":"18.18288000","longitude":"-77.99915000"},"cornwallmountian":{"id":62482,"name":"Cornwall Mountian","latitude":"18.28722000","longitude":"-77.98674000"},"darliston":{"id":62503,"name":"Darliston","latitude":"18.23731000","longitude":"-77.97626000"},"delveland":{"id":62508,"name":"Delveland","latitude":"18.29709000","longitude":"-78.23962000"},"dillionbigwoods":{"id":62513,"name":"Dillion Bigwoods","latitude":"18.20944000","longitude":"-77.99078000"},"dundee":{"id":62527,"name":"Dundee","latitude":"18.23679000","longitude":"-77.88698000"},"enfield":{"id":62538,"name":"Enfield","latitude":"18.21404000","longitude":"-77.95270000"},"ferris":{"id":62553,"name":"Ferris","latitude":"18.22265000","longitude":"-78.05588000"},"fortwilliams":{"id":62564,"name":"Fort Williams","latitude":"18.29834000","longitude":"-78.06331000"},"frome":{"id":62574,"name":"Frome","latitude":"18.27974000","longitude":"-78.14903000"},"fullersfield":{"id":62576,"name":"Fullersfield","latitude":"18.29890000","longitude":"-78.19976000"},"georgesplain":{"id":62582,"name":"Georges Plain","latitude":"18.27650000","longitude":"-78.13118000"},"gooden\u0027sriver":{"id":62596,"name":"Gooden\u0027s River","latitude":"18.24223000","longitude":"-78.12840000"},"grange":{"id":62600,"name":"Grange","latitude":"18.33161000","longitude":"-78.08036000"},"grangehill":{"id":62601,"name":"Grange Hill","latitude":"18.33083000","longitude":"-78.18398000"},"haddo":{"id":62621,"name":"Haddo","latitude":"18.28606000","longitude":"-78.01893000"},"harmonytown":{"id":62634,"name":"Harmony Town","latitude":"18.21987000","longitude":"-78.13687000"},"hertford":{"id":62645,"name":"Hertford","latitude":"18.27181000","longitude":"-78.09078000"},"jerusalem":{"id":62673,"name":"Jerusalem","latitude":"18.32458000","longitude":"-78.21563000"},"kentucky":{"id":62688,"name":"Kentucky","latitude":"18.19931000","longitude":"-78.01767000"},"kilmarnoch":{"id":62690,"name":"Kilmarnoch","latitude":"18.12407000","longitude":"-77.92774000"},"lambsriver":{"id":62700,"name":"Lambs River","latitude":"18.26823000","longitude":"-77.91414000"},"leamington":{"id":62704,"name":"Leamington","latitude":"18.21352000","longitude":"-77.92743000"},"lenoxbigwoods":{"id":62707,"name":"Lenox Bigwoods","latitude":"18.21392000","longitude":"-77.97214000"},"littlelondon":{"id":62718,"name":"Little London","latitude":"18.24523000","longitude":"-78.22653000"},"llandilo":{"id":62720,"name":"Llandilo","latitude":"18.23439000","longitude":"-78.13895000"},"mackfield":{"id":62736,"name":"Mackfield","latitude":"18.31163000","longitude":"-78.02471000"},"mearnsville":{"id":62768,"name":"Mearnsville","latitude":"18.18856000","longitude":"-78.02870000"},"mountairy":{"id":62792,"name":"Mount Airy","latitude":"18.24738000","longitude":"-78.32279000"},"mountstewart":{"id":62802,"name":"Mount Stewart","latitude":"18.30411000","longitude":"-77.99274000"},"negril":{"id":62811,"name":"Negril","latitude":"18.26844000","longitude":"-78.34810000"},"newmarketoval":{"id":62819,"name":"New Market Oval","latitude":"18.21370000","longitude":"-78.13813000"},"newroads":{"id":62821,"name":"New Roads","latitude":"18.19124000","longitude":"-77.93608000"},"newworks":{"id":62822,"name":"New Works","latitude":"18.17248000","longitude":"-77.96645000"},"orangehill":{"id":62845,"name":"Orange Hill","latitude":"18.23418000","longitude":"-78.30277000"},"paulisland":{"id":62868,"name":"Paul Island","latitude":"18.27200000","longitude":"-78.18614000"},"petersfield":{"id":62879,"name":"Petersfield","latitude":"18.26588000","longitude":"-78.05755000"},"petersville":{"id":62880,"name":"Petersville","latitude":"18.13700000","longitude":"-77.95046000"},"portersmountain":{"id":62896,"name":"Porters Mountain","latitude":"18.32909000","longitude":"-78.04910000"},"redhills":{"id":62916,"name":"Red Hills","latitude":"18.30550000","longitude":"-78.11280000"},"revival":{"id":62927,"name":"Revival","latitude":"18.24255000","longitude":"-78.28437000"},"roaringriver":{"id":62939,"name":"Roaring River","latitude":"18.30118000","longitude":"-78.04324000"},"russia":{"id":62961,"name":"Russia","latitude":"18.21649000","longitude":"-78.12361000"},"savanna-la-mar":{"id":62973,"name":"Savanna-la-Mar","latitude":"18.21895000","longitude":"-78.13320000"},"savannah-la-marbusinessdist.":{"id":62974,"name":"Savannah-la-mar Business Dist.","latitude":"18.21962000","longitude":"-78.13034000"},"seafordtown":{"id":62979,"name":"Seaford Town","latitude":"18.24339000","longitude":"-77.90504000"},"seatoncrescent":{"id":62981,"name":"Seaton Crescent","latitude":"18.21675000","longitude":"-78.13603000"},"shefield":{"id":62987,"name":"Shefield","latitude":"18.28412000","longitude":"-78.29169000"},"shoalingrotto":{"id":62991,"name":"Shoalin Grotto","latitude":"18.22059000","longitude":"-78.14019000"},"smithfield":{"id":62997,"name":"Smithfield","latitude":"18.22275000","longitude":"-78.08785000"},"st.leonards":{"id":63023,"name":"St. Leonards","latitude":"18.25533000","longitude":"-77.88889000"},"strathbogie":{"id":63034,"name":"Strathbogie","latitude":"18.23855000","longitude":"-78.11714000"},"strawberry":{"id":63035,"name":"Strawberry","latitude":"18.30676000","longitude":"-78.08945000"},"struie":{"id":63036,"name":"Struie","latitude":"18.25317000","longitude":"-77.95656000"},"threemileriver":{"id":63050,"name":"Three Mile River","latitude":"18.25706000","longitude":"-78.14275000"},"townhead":{"id":63058,"name":"Town Head","latitude":"18.33898000","longitude":"-78.13569000"},"truro":{"id":63069,"name":"Truro","latitude":"18.31301000","longitude":"-78.15489000"},"waterworks":{"id":63088,"name":"Water Works","latitude":"18.23319000","longitude":"-78.04296000"},"whitehouse":{"id":63103,"name":"Whitehouse","latitude":"18.10275000","longitude":"-77.95697000"},"whithorn":{"id":63105,"name":"Whithorn","latitude":"18.27111000","longitude":"-78.03811000"},"williamsfield":{"id":63106,"name":"Williamsfield","latitude":"18.33393000","longitude":"-78.06957000"}}}}}