{"id":78,"name":"French Southern Territories","iso3":"ATF","iso2":"TF","numeric_code":"260","phone_code":"262","capital":"Port-aux-Francais","currency":"EUR","currency_name":"Euro","currency_symbol":"\u20ac","tld":".tf","native":"Territoire des Terres australes et antarctiques fr","region":"Africa","region_id":"1","subregion":"Southern Africa","subregion_id":"5","nationality":"French Southern Territories","timezones":[{"zoneName":"Indian/Kerguelen","gmtOffset":18000,"gmtOffsetName":"UTC+05:00","abbreviation":"TFT","tzName":"French Southern and Antarctic Time"}],"translations":{"kr":"\ud504\ub791\uc2a4\ub839 \ub0a8\ubc29 \ubc0f \ub0a8\uadf9","pt-BR":"Terras Austrais e Ant\u00e1rticas Francesas","pt":"Terras Austrais e Ant\u00e1rticas Francesas","nl":"Franse Gebieden in de zuidelijke Indische Oceaan","hr":"Francuski ju\u017eni i antarkti\u010dki teritoriji","fa":"\u0633\u0631\u0632\u0645\u06cc\u0646\u200c\u0647\u0627\u06cc \u062c\u0646\u0648\u0628\u06cc \u0648 \u062c\u0646\u0648\u0628\u06af\u0627\u0646\u06cc \u0641\u0631\u0627\u0646\u0633\u0647","de":"Franz\u00f6sische S\u00fcd- und Antarktisgebiete","es":"Tierras Australes y Ant\u00e1rticas Francesas","fr":"Terres australes et antarctiques fran\u00e7aises","ja":"\u30d5\u30e9\u30f3\u30b9\u9818\u5357\u65b9\u30fb\u5357\u6975\u5730\u57df","it":"Territori Francesi del Sud","cn":"\u6cd5\u5c5e\u5357\u90e8\u9886\u5730","tr":"Fransiz G\u00fcney Topraklari"},"latitude":"-49.25000000","longitude":"69.16700000","emoji":"\ud83c\uddf9\ud83c\uddeb","emojiU":"U+1F1F9 U+1F1EB"}