{"id":33,"name":"Brunei","iso3":"BRN","iso2":"BN","numeric_code":"096","phone_code":"673","capital":"Bandar Seri Begawan","currency":"BND","currency_name":"Brunei dollar","currency_symbol":"B$","tld":".bn","native":"Negara Brunei Darussalam","region":"Asia","region_id":"3","subregion":"South-Eastern Asia","subregion_id":"13","nationality":"Bruneian","timezones":[{"zoneName":"Asia/Brunei","gmtOffset":28800,"gmtOffsetName":"UTC+08:00","abbreviation":"BNT","tzName":"Brunei Darussalam Time"}],"translations":{"kr":"\ube0c\ub8e8\ub098\uc774","pt-BR":"Brunei","pt":"Brunei","nl":"Brunei","hr":"Brunej","fa":"\u0628\u0631\u0648\u0646\u0626\u06cc","de":"Brunei","es":"Brunei","fr":"Brunei","ja":"\u30d6\u30eb\u30cd\u30a4\u30fb\u30c0\u30eb\u30b5\u30e9\u30fc\u30e0","it":"Brunei","cn":"\u6587\u83b1","tr":"Brunei","ru":"\u0411\u0440\u0443\u043d\u0435\u0439","uk":"\u0411\u0440\u0443\u043d\u0435\u0439","pl":"Brunei"},"latitude":"4.50000000","longitude":"114.66666666","emoji":"\ud83c\udde7\ud83c\uddf3","emojiU":"U+1F1E7 U+1F1F3","states":{"belaitdistrict":{"id":1217,"name":"Belait District","state_code":"BE","latitude":"4.37507490","longitude":"114.61928990","type":null,"cities":{"kualabelait":{"id":9820,"name":"Kuala Belait","latitude":"4.58361000","longitude":"114.23120000"},"seria":{"id":9823,"name":"Seria","latitude":"4.60637000","longitude":"114.32476000"}}},"brunei-muaradistrict":{"id":1216,"name":"Brunei-Muara District","state_code":"BM","latitude":"4.93112060","longitude":"114.95168690","type":null,"cities":{"bandarseribegawan":{"id":9816,"name":"Bandar Seri Begawan","latitude":"4.89035000","longitude":"114.94006000"},"berakasa":{"id":9818,"name":"Berakas A","latitude":"4.97032000","longitude":"114.92989000"},"kapok":{"id":9819,"name":"Kapok","latitude":"5.02447000","longitude":"115.04664000"},"mentiri":{"id":9821,"name":"Mentiri","latitude":"4.97058000","longitude":"115.02078000"},"serasa":{"id":9822,"name":"Serasa","latitude":"5.01718000","longitude":"115.05841000"}}},"temburongdistrict":{"id":1218,"name":"Temburong District","state_code":"TE","latitude":"4.62041280","longitude":"115.14148400","type":null,"cities":{"bangar":{"id":9817,"name":"Bangar","latitude":"4.70861000","longitude":"115.07167000"}}},"tutongdistrict":{"id":1219,"name":"Tutong District","state_code":"TU","latitude":"4.71403730","longitude":"114.66679390","type":null,"cities":{"tutong":{"id":9824,"name":"Tutong","latitude":"4.80278000","longitude":"114.64917000"}}}}}