{"id":190,"name":"Saint-Martin (French part)","iso3":"MAF","iso2":"MF","numeric_code":"663","phonecode":"590","capital":"Marigot","currency":"EUR","currency_name":"Euro","currency_symbol":"\u20ac","tld":".mf","native":"Saint-Martin","region":"Americas","region_id":2,"subregion":"Caribbean","subregion_id":7,"nationality":"Saint-Martinoise","timezones":[{"zoneName":"America/Marigot","gmtOffset":-14400,"gmtOffsetName":"UTC-04:00","abbreviation":"AST","tzName":"Atlantic Standard Time"}],"translations":{"ko":"\uc138\uc778\ud2b8\ub9c8\ud2f4 \uc12c","pt-BR":"Saint Martin","pt":"Ilha S\u00e3o Martinho","nl":"Saint-Martin","hr":"Sveti Martin","fa":"\u0633\u06cc\u0646\u062a \u0645\u0627\u0631\u062a\u0646","de":"Saint Martin","es":"Saint Martin","fr":"Saint-Martin","ja":"\u30b5\u30f3\u30fb\u30de\u30eb\u30bf\u30f3\uff08\u30d5\u30e9\u30f3\u30b9\u9818\uff09","it":"Saint Martin","zh-CN":"\u5bc6\u514b\u7f57\u5c3c\u897f\u4e9a","tr":"Saint Martin","ru":"\u0421\u0435\u043d-\u041c\u0430\u0440\u0442\u0435\u043d (\u0444\u0440\u0430\u043d\u0446\u0443\u0437\u0441\u043a\u0430\u044f \u0447\u0430\u0441\u0442\u044c)","uk":"\u0421\u0435\u043d-\u041c\u0430\u0440\u0442\u0435\u043d (\u0444\u0440\u0430\u043d\u0446\u0443\u0437\u044c\u043a\u0430 \u0447\u0430\u0441\u0442\u0438\u043d\u0430)","pl":"Saint-Martin (cz\u0119\u015b\u0107 francuska)"},"latitude":"18.08333333","longitude":"-63.95000000","emoji":"\ud83c\uddf2\ud83c\uddeb","emojiU":"U+1F1F2 U+1F1EB"}