{"id":16,"name":"Azerbaijan","iso3":"AZE","iso2":"AZ","numeric_code":"031","phone_code":"994","capital":"Baku","currency":"AZN","currency_name":"Azerbaijani manat","currency_symbol":"m","tld":".az","native":"Az\u0259rbaycan","region":"Asia","region_id":"3","subregion":"Western Asia","subregion_id":"11","nationality":"Azerbaijani, Azeri","timezones":[{"zoneName":"Asia/Baku","gmtOffset":14400,"gmtOffsetName":"UTC+04:00","abbreviation":"AZT","tzName":"Azerbaijan Time"}],"translations":{"kr":"\uc544\uc81c\ub974\ubc14\uc774\uc794","pt-BR":"Azerbaij\u00e3o","pt":"Azerbaij\u00e3o","nl":"Azerbeidzjan","hr":"Azerbajd\u017ean","fa":"\u0622\u0630\u0631\u0628\u0627\u06cc\u062c\u0627\u0646","de":"Aserbaidschan","es":"Azerbaiy\u00e1n","fr":"Azerba\u00efdjan","ja":"\u30a2\u30bc\u30eb\u30d0\u30a4\u30b8\u30e3\u30f3","it":"Azerbaijan","cn":"\u963f\u585e\u62dc\u7586","tr":"Azerbaycan","ru":"\u0410\u0437\u0435\u0440\u0431\u0430\u0439\u0434\u0436\u0430\u043d","uk":"\u0410\u0437\u0435\u0440\u0431\u0430\u0439\u0434\u0436\u0430\u043d","pl":"Azerbejd\u017can"},"latitude":"40.50000000","longitude":"47.50000000","emoji":"\ud83c\udde6\ud83c\uddff","emojiU":"U+1F1E6 U+1F1FF","states":{"absherondistrict":{"id":540,"name":"Absheron District","state_code":"ABS","latitude":"40.36296930","longitude":"49.27368150","type":null,"cities":{"ceyranbatan":{"id":8069,"name":"Ceyranbatan","latitude":"40.54194000","longitude":"49.66073000"},"digah":{"id":8073,"name":"Digah","latitude":"40.49257000","longitude":"49.87477000"},"gyuzdek":{"id":8085,"name":"Gyuzdek","latitude":"40.37444000","longitude":"49.68194000"},"khirdalan":{"id":8099,"name":"Khirdalan","latitude":"40.44808000","longitude":"49.75502000"},"qobu":{"id":8148,"name":"Qobu","latitude":"40.40472000","longitude":"49.71306000"},"saray":{"id":8169,"name":"Saray","latitude":"40.53299000","longitude":"49.71681000"}}},"agdamdistrict":{"id":559,"name":"Agdam District","state_code":"AGM","latitude":"39.99318530","longitude":"46.99495620","type":null,"cities":{"a\u011fdam":{"id":8049,"name":"A\u011fdam","latitude":"39.99096000","longitude":"46.92736000"}}},"agdashdistrict":{"id":553,"name":"Agdash District","state_code":"AGS","latitude":"40.63354270","longitude":"47.46743100","type":null,"cities":{"a\u011fda\u015f":{"id":8050,"name":"A\u011fda\u015f","latitude":"40.64699000","longitude":"47.47380000"}}},"aghjabadidistrict":{"id":577,"name":"Aghjabadi District","state_code":"AGC","latitude":"28.78918410","longitude":"77.51607880","type":null,"cities":{"agdzhabedy":{"id":8037,"name":"Agdzhabedy","latitude":"40.05015000","longitude":"47.45937000"},"av\u015far":{"id":8048,"name":"Av\u015far","latitude":"39.97389000","longitude":"47.42389000"}}},"agstafadistrict":{"id":543,"name":"Agstafa District","state_code":"AGA","latitude":"41.26559330","longitude":"45.51342910","type":null,"cities":{"aghstafa":{"id":8038,"name":"Aghstafa","latitude":"41.11889000","longitude":"45.45389000"},"salo\u011flu":{"id":8163,"name":"Salo\u011flu","latitude":"41.27524000","longitude":"45.35293000"},"vur\u011fun":{"id":8188,"name":"Vur\u011fun","latitude":"41.09524000","longitude":"45.47111000"}}},"agsudistrict":{"id":547,"name":"Agsu District","state_code":"AGU","latitude":"40.52833390","longitude":"48.36508350","type":null,"cities":{"aghsu":{"id":8039,"name":"Aghsu","latitude":"40.57028000","longitude":"48.40087000"}}},"astaradistrict":{"id":528,"name":"Astara District","state_code":"AST","latitude":"38.49378450","longitude":"48.69443650","type":null,"cities":{"astara":{"id":8047,"name":"Astara","latitude":"38.45598000","longitude":"48.87498000"},"kizhaba":{"id":8103,"name":"Kizhaba","latitude":"38.53461000","longitude":"48.80546000"}}},"babekdistrict":{"id":575,"name":"Babek District","state_code":"BAB","latitude":"39.15076130","longitude":"45.44853680","type":null},"baku":{"id":552,"name":"Baku","state_code":"BA","latitude":"40.40926170","longitude":"49.86709240","type":null,"cities":{"amirdzhan":{"id":8042,"name":"Amirdzhan","latitude":"40.42639000","longitude":"49.98361000"},"badamdar":{"id":8051,"name":"Badamdar","latitude":"40.34024000","longitude":"49.80450000"},"bak\u0131xanov":{"id":8053,"name":"Bak\u0131xanov","latitude":"40.41894000","longitude":"49.96693000"},"baku":{"id":8052,"name":"Baku","latitude":"40.37767000","longitude":"49.89201000"},"balakhani":{"id":8054,"name":"Balakhani","latitude":"40.46344000","longitude":"49.91893000"},"bilajari":{"id":8060,"name":"Bilajari","latitude":"40.44440000","longitude":"49.80566000"},"bilajer":{"id":8061,"name":"Bilajer","latitude":"40.56441000","longitude":"50.04002000"},"binagadi":{"id":8062,"name":"Binagadi","latitude":"40.46602000","longitude":"49.82783000"},"binyselo":{"id":8063,"name":"Biny Selo","latitude":"40.45076000","longitude":"50.08686000"},"buzovna":{"id":8066,"name":"Buzovna","latitude":"40.51903000","longitude":"50.11438000"},"h\u00f6vsan":{"id":8093,"name":"H\u00f6vsan","latitude":"40.37444000","longitude":"50.08528000"},"khodzhi-gasan":{"id":8100,"name":"Khodzhi-Gasan","latitude":"40.41293000","longitude":"49.76904000"},"korg\u00f6z":{"id":8104,"name":"Korg\u00f6z","latitude":"40.30446000","longitude":"49.62360000"},"l\u00f6kbatan":{"id":8111,"name":"L\u00f6kbatan","latitude":"40.32560000","longitude":"49.73376000"},"mardakan":{"id":8113,"name":"Mardakan","latitude":"40.49182000","longitude":"50.14292000"},"ma\u015fta\u011fa":{"id":8116,"name":"Ma\u015fta\u011fa","latitude":"40.52983000","longitude":"50.00616000"},"nardaran":{"id":8121,"name":"Nardaran","latitude":"40.55611000","longitude":"50.00556000"},"nizamirayonu":{"id":8123,"name":"Nizami Rayonu","latitude":"40.40970000","longitude":"49.91926000"},"pirallah\u0131":{"id":8131,"name":"Pirallah\u0131","latitude":"40.47013000","longitude":"50.32476000"},"puta":{"id":8134,"name":"Puta","latitude":"40.29667000","longitude":"49.66028000"},"qala":{"id":8136,"name":"Qala","latitude":"40.44256000","longitude":"50.16759000"},"qara\u00e7uxur":{"id":8142,"name":"Qara\u00e7uxur","latitude":"40.39667000","longitude":"49.97361000"},"qobustan":{"id":8149,"name":"Qobustan","latitude":"40.08238000","longitude":"49.41205000"},"ramana":{"id":8159,"name":"Ramana","latitude":"40.44222000","longitude":"49.98056000"},"sabun\u00e7u":{"id":8162,"name":"Sabun\u00e7u","latitude":"40.44250000","longitude":"49.94806000"},"sanqa\u00e7al":{"id":8168,"name":"Sanqa\u00e7al","latitude":"40.16991000","longitude":"49.46394000"},"t\u00fcrkan":{"id":8184,"name":"T\u00fcrkan","latitude":"40.36460000","longitude":"50.22075000"},"yenisuraxan\u0131":{"id":8197,"name":"Yeni Suraxan\u0131","latitude":"40.43026000","longitude":"50.03598000"},"zabrat":{"id":8201,"name":"Zabrat","latitude":"40.47746000","longitude":"49.94174000"},"zyrya":{"id":8205,"name":"Zyrya","latitude":"40.36613000","longitude":"50.29198000"}}},"balakandistrict":{"id":560,"name":"Balakan District","state_code":"BAL","latitude":"41.70375090","longitude":"46.40442130","type":null,"cities":{"belokany":{"id":8058,"name":"Belokany","latitude":"41.72626000","longitude":"46.40478000"},"qabaq\u00e7\u00f6l":{"id":8135,"name":"Qabaq\u00e7\u00f6l","latitude":"41.75259000","longitude":"46.27052000"}}},"bardadistrict":{"id":569,"name":"Barda District","state_code":"BAR","latitude":"40.37065550","longitude":"47.13789090","type":null,"cities":{"barda":{"id":8055,"name":"Barda","latitude":"40.37577000","longitude":"47.12619000"},"samuxlu":{"id":8167,"name":"Samuxlu","latitude":"40.50833000","longitude":"47.16917000"}}},"beylagandistrict":{"id":554,"name":"Beylagan District","state_code":"BEY","latitude":"39.77230730","longitude":"47.61541660","type":null,"cities":{"beylagan":{"id":8059,"name":"Beylagan","latitude":"39.77556000","longitude":"47.61861000"},"birincia\u015f\u0131ql\u0131":{"id":8064,"name":"Birinci A\u015f\u0131ql\u0131","latitude":"39.81917000","longitude":"47.67944000"},"d\u00fcnyamal\u0131lar":{"id":8078,"name":"D\u00fcnyamal\u0131lar","latitude":"39.77278000","longitude":"47.75889000"},"orjonikidze":{"id":8128,"name":"Orjonikidze","latitude":"39.63571000","longitude":"47.71199000"},"yuxar\u0131aran":{"id":8200,"name":"Yuxar\u0131 Aran","latitude":"39.73361000","longitude":"47.65500000"}}},"bilasuvardistrict":{"id":532,"name":"Bilasuvar District","state_code":"BIL","latitude":"39.45988330","longitude":"48.55098130","type":null,"cities":{"pushkino":{"id":8133,"name":"Pushkino","latitude":"39.45833000","longitude":"48.54500000"}}},"dashkasandistrict":{"id":561,"name":"Dashkasan District","state_code":"DAS","latitude":"40.52022570","longitude":"46.07793040","type":null,"cities":{"verkhniydashkesan":{"id":8187,"name":"Verkhniy Dashkesan","latitude":"40.49357000","longitude":"46.07175000"},"yukhary-dashkesan":{"id":8199,"name":"Yukhary-Dashkesan","latitude":"40.52393000","longitude":"46.08186000"}}},"fizulidistrict":{"id":527,"name":"Fizuli District","state_code":"FUZ","latitude":"39.53786050","longitude":"47.30338770","type":null,"cities":{"fizuli":{"id":8080,"name":"Fizuli","latitude":"39.60094000","longitude":"47.14529000"},"horadiz":{"id":8092,"name":"Horadiz","latitude":"39.45015000","longitude":"47.33496000"}}},"ganja":{"id":585,"name":"Ganja","state_code":"GA","latitude":"36.36873380","longitude":"-95.99857670","type":null,"cities":{"ganja":{"id":8081,"name":"Ganja","latitude":"40.68278000","longitude":"46.36056000"}}},"g\u0259d\u0259b\u0259y":{"id":589,"name":"G\u0259d\u0259b\u0259y","state_code":"GAD","latitude":"40.56996390","longitude":"45.81068830","type":null,"cities":{"ar\u0131qdam":{"id":8044,"name":"Ar\u0131qdam","latitude":"40.59313000","longitude":"45.79900000"},"ar\u0131q\u0131ran":{"id":8045,"name":"Ar\u0131q\u0131ran","latitude":"40.53971000","longitude":"45.61414000"},"b\u00f6y\u00fckqaramurad":{"id":8067,"name":"B\u00f6y\u00fck Qaramurad","latitude":"40.57626000","longitude":"45.63727000"},"kyadabek":{"id":8105,"name":"Kyadabek","latitude":"40.57055000","longitude":"45.81229000"},"novosaratovka":{"id":8124,"name":"Novosaratovka","latitude":"40.59811000","longitude":"45.60079000"}}},"gobustandistrict":{"id":573,"name":"Gobustan District","state_code":"QOB","latitude":"40.53261040","longitude":"48.92737500","type":null,"cities":{"qobustan":{"id":8150,"name":"Qobustan","latitude":"40.53360000","longitude":"48.92819000"}}},"goranboydistrict":{"id":551,"name":"Goranboy District","state_code":"GOR","latitude":"40.53805060","longitude":"46.59908910","type":null,"cities":{"goranboy":{"id":8084,"name":"Goranboy","latitude":"40.61028000","longitude":"46.78972000"},"q\u0131z\u0131lhac\u0131l\u0131":{"id":8158,"name":"Q\u0131z\u0131lhac\u0131l\u0131","latitude":"40.57362000","longitude":"46.84900000"}}},"goychay":{"id":531,"name":"Goychay","state_code":"GOY","latitude":"40.62361680","longitude":"47.74030340","type":null,"cities":{"geoktschai":{"id":8082,"name":"Geoktschai","latitude":"40.65055000","longitude":"47.74219000"}}},"goygoldistrict":{"id":574,"name":"Goygol District","state_code":"GYG","latitude":"40.55953780","longitude":"46.33149530","type":null,"cities":{"yelenendorf":{"id":8196,"name":"Yelenendorf","latitude":"40.58584000","longitude":"46.31890000"}}},"hajigabuldistrict":{"id":571,"name":"Hajigabul District","state_code":"HAC","latitude":"40.03937700","longitude":"48.92025330","type":null,"cities":{"hac\u0131qabul":{"id":8088,"name":"Hac\u0131qabul","latitude":"40.03874000","longitude":"48.94286000"},"mughan":{"id":8119,"name":"Mughan","latitude":"40.09902000","longitude":"48.81886000"}}},"imishlidistrict":{"id":544,"name":"Imishli District","state_code":"IMI","latitude":"39.86946860","longitude":"48.06652180","type":null,"cities":{"imishli":{"id":8094,"name":"Imishli","latitude":"39.87095000","longitude":"48.05995000"}}},"ismaillidistrict":{"id":564,"name":"Ismailli District","state_code":"ISM","latitude":"40.74299360","longitude":"48.21255560","type":null,"cities":{"basqal":{"id":8056,"name":"Basqal","latitude":"40.75520000","longitude":"48.39104000"},"\u0130smay\u0131ll\u0131":{"id":8210,"name":"\u0130smay\u0131ll\u0131","latitude":"40.78485000","longitude":"48.15141000"}}},"jabrayildistrict":{"id":570,"name":"Jabrayil District","state_code":"CAB","latitude":"39.26455440","longitude":"46.96215620","type":null,"cities":{"jebrail":{"id":8096,"name":"Jebrail","latitude":"39.39917000","longitude":"47.02835000"}}},"jalilabaddistrict":{"id":578,"name":"Jalilabad District","state_code":"CAL","latitude":"39.20516320","longitude":"48.51006040","type":null,"cities":{"jalilabad":{"id":8095,"name":"Jalilabad","latitude":"39.20963000","longitude":"48.49186000"},"prishibinskoye":{"id":8132,"name":"Prishibinskoye","latitude":"39.11998000","longitude":"48.59383000"}}},"julfadistrict":{"id":572,"name":"Julfa District","state_code":"CUL","latitude":"38.96049830","longitude":"45.62929390","type":null},"kalbajardistrict":{"id":525,"name":"Kalbajar District","state_code":"KAL","latitude":"40.10243290","longitude":"46.03648720","type":null,"cities":{"kerbakhiar":{"id":8098,"name":"Kerbakhiar","latitude":"40.10984000","longitude":"46.04446000"},"vank":{"id":8186,"name":"Vank","latitude":"40.05275000","longitude":"46.54419000"}}},"kangarlidistrict":{"id":567,"name":"Kangarli District","state_code":"KAN","latitude":"39.38719400","longitude":"45.16398520","type":null},"khachmazdistrict":{"id":590,"name":"Khachmaz District","state_code":"XAC","latitude":"41.45911680","longitude":"48.80206260","type":null,"cities":{"xa\u00e7maz":{"id":8189,"name":"Xa\u00e7maz","latitude":"41.46426000","longitude":"48.80565000"},"xudat":{"id":8191,"name":"Xudat","latitude":"41.63052000","longitude":"48.68161000"}}},"khizidistrict":{"id":537,"name":"Khizi District","state_code":"XIZ","latitude":"40.91094890","longitude":"49.07292640","type":null,"cities":{"alt\u0131a\u011fac":{"id":8041,"name":"Alt\u0131a\u011fac","latitude":"40.85785000","longitude":"48.93540000"},"khyzy":{"id":8101,"name":"Khyzy","latitude":"40.90847000","longitude":"49.07481000"},"kilyazi":{"id":8102,"name":"Kilyazi","latitude":"40.87392000","longitude":"49.34376000"},"\u015euraabad":{"id":8213,"name":"\u015euraabad","latitude":"40.81990000","longitude":"49.46774000"}}},"khojalidistrict":{"id":524,"name":"Khojali District","state_code":"XCI","latitude":"39.91325530","longitude":"46.79430500","type":null,"cities":{"askyaran":{"id":8046,"name":"Askyaran","latitude":"39.93910000","longitude":"46.83161000"},"xocal\u0131":{"id":8190,"name":"Xocal\u0131","latitude":"39.91297000","longitude":"46.79028000"}}},"kurdamirdistrict":{"id":549,"name":"Kurdamir District","state_code":"KUR","latitude":"40.36986510","longitude":"48.16446260","type":null,"cities":{"kyurdarmir":{"id":8106,"name":"Kyurdarmir","latitude":"40.34257000","longitude":"48.15649000"}}},"lachindistrict":{"id":541,"name":"Lachin District","state_code":"LAC","latitude":"39.63834140","longitude":"46.54608530","type":null,"cities":{"la\u00e7\u0131n":{"id":8109,"name":"La\u00e7\u0131n","latitude":"39.59881000","longitude":"46.55045000"}}},"lankaran":{"id":587,"name":"Lankaran","state_code":"LAN","latitude":"38.75286690","longitude":"48.84750150","type":null},"lankarandistrict":{"id":558,"name":"Lankaran District","state_code":"LA","latitude":"38.75286690","longitude":"48.84750150","type":null,"cities":{"haftoni":{"id":8090,"name":"Haftoni","latitude":"38.76325000","longitude":"48.76223000"},"lankaran":{"id":8108,"name":"Lankaran","latitude":"38.75428000","longitude":"48.85062000"}}},"lerikdistrict":{"id":546,"name":"Lerik District","state_code":"LER","latitude":"38.77361920","longitude":"48.41514830","type":null,"cities":{"lerik":{"id":8110,"name":"Lerik","latitude":"38.77388000","longitude":"48.41497000"}}},"martuni":{"id":568,"name":"Martuni","state_code":"XVD","latitude":"39.79146930","longitude":"47.11008140","type":null,"cities":{"hadrut":{"id":8089,"name":"Hadrut","latitude":"39.52003000","longitude":"47.03190000"},"novyykaranlug":{"id":8125,"name":"Novyy Karanlug","latitude":"39.79496000","longitude":"47.11170000"},"q\u0131rm\u0131z\u0131bazar":{"id":8155,"name":"Q\u0131rm\u0131z\u0131 Bazar","latitude":"39.67669000","longitude":"46.95123000"}}},"masallydistrict":{"id":555,"name":"Masally District","state_code":"MAS","latitude":"39.03407220","longitude":"48.65893540","type":null,"cities":{"boradigah":{"id":8065,"name":"Boradigah","latitude":"38.93013000","longitude":"48.70920000"},"masally":{"id":8115,"name":"Masally","latitude":"39.03532000","longitude":"48.66540000"}}},"mingachevir":{"id":580,"name":"Mingachevir","state_code":"MI","latitude":"40.77025630","longitude":"47.04960150","type":null,"cities":{"mingelchaur":{"id":8118,"name":"Mingelchaur","latitude":"40.76395000","longitude":"47.05953000"}}},"nakhchivanautonomousrepublic":{"id":562,"name":"Nakhchivan Autonomous Republic","state_code":"NX","latitude":"39.32568140","longitude":"45.49126480","type":null,"cities":{"cahri":{"id":8068,"name":"Cahri","latitude":"39.34837000","longitude":"45.41557000"},"\u00c7alxanqala":{"id":8206,"name":"\u00c7alxanqala","latitude":"39.44167000","longitude":"45.28333000"},"culfa":{"id":8071,"name":"Culfa","latitude":"38.95397000","longitude":"45.62961000"},"deste":{"id":8072,"name":"Deste","latitude":"38.88375000","longitude":"45.90963000"},"heydarabad":{"id":8091,"name":"Heydarabad","latitude":"39.72286000","longitude":"44.84846000"},"julfarayon":{"id":8097,"name":"Julfa Rayon","latitude":"39.16667000","longitude":"45.66667000"},"nakhchivan":{"id":8120,"name":"Nakhchivan","latitude":"39.20889000","longitude":"45.41222000"},"o\u011flanqala":{"id":8129,"name":"O\u011flanqala","latitude":"39.58694000","longitude":"45.04611000"},"ordubad":{"id":8126,"name":"Ordubad","latitude":"38.90961000","longitude":"46.02274000"},"ordubadrayon":{"id":8127,"name":"Ordubad Rayon","latitude":"39.08333000","longitude":"45.91667000"},"q\u0131vraq":{"id":8157,"name":"Q\u0131vraq","latitude":"39.39939000","longitude":"45.11513000"},"\u015eahbuz":{"id":8211,"name":"\u015eahbuz","latitude":"39.40722000","longitude":"45.57389000"},"sedarak":{"id":8170,"name":"Sedarak","latitude":"39.71427000","longitude":"44.88455000"},"shahbuzrayon":{"id":8172,"name":"Shahbuz Rayon","latitude":"39.41667000","longitude":"45.58333000"},"sharurcity":{"id":8175,"name":"Sharur City","latitude":"39.55298000","longitude":"44.97993000"},"sumbatan-diza":{"id":8179,"name":"Sumbatan-diza","latitude":"38.94804000","longitude":"45.82572000"},"tazakend":{"id":8181,"name":"Tazakend","latitude":"39.15459000","longitude":"45.44282000"},"yayc\u0131":{"id":8195,"name":"Yayc\u0131","latitude":"38.94052000","longitude":"45.73244000"}}},"neftchaladistrict":{"id":530,"name":"Neftchala District","state_code":"NEF","latitude":"39.38810520","longitude":"49.24137430","type":null,"cities":{"neft\u00e7ala":{"id":8122,"name":"Neft\u00e7ala","latitude":"39.37680000","longitude":"49.24700000"},"severo-vostotchnyibank":{"id":8171,"name":"Severo-Vostotchnyi Bank","latitude":"39.41117000","longitude":"49.24792000"},"sovetabad":{"id":8178,"name":"Sovetabad","latitude":"39.33667000","longitude":"49.21414000"},"x\u0131ll\u0131":{"id":8192,"name":"X\u0131ll\u0131","latitude":"39.43012000","longitude":"49.10166000"}}},"oghuzdistrict":{"id":556,"name":"Oghuz District","state_code":"OGU","latitude":"41.07279240","longitude":"47.46506720","type":null,"cities":{"o\u011fuz":{"id":8130,"name":"O\u011fuz","latitude":"41.07128000","longitude":"47.46528000"}}},"ordubaddistrict":{"id":534,"name":"Ordubad District","state_code":"ORD","latitude":"38.90216220","longitude":"46.02376250","type":null},"qabaladistrict":{"id":542,"name":"Qabala District","state_code":"QAB","latitude":"40.92539250","longitude":"47.80161060","type":null,"cities":{"qutqashen":{"id":8154,"name":"Qutqashen","latitude":"40.98247000","longitude":"47.84909000"}}},"qakhdistrict":{"id":526,"name":"Qakh District","state_code":"QAX","latitude":"41.42068270","longitude":"46.93201840","type":null,"cities":{"\u00c7inarl\u0131":{"id":8208,"name":"\u00c7inarl\u0131","latitude":"41.46965000","longitude":"46.91582000"},"qax":{"id":8144,"name":"Qax","latitude":"41.41826000","longitude":"46.92043000"},"qax\u0130ngiloy":{"id":8145,"name":"Qax \u0130ngiloy","latitude":"41.42412000","longitude":"46.93859000"},"qaxba\u015f":{"id":8146,"name":"Qaxba\u015f","latitude":"41.43254000","longitude":"46.96460000"}}},"qazakhdistrict":{"id":521,"name":"Qazakh District","state_code":"QAZ","latitude":"41.09710740","longitude":"45.35163310","type":null,"cities":{"qazax":{"id":8147,"name":"Qazax","latitude":"41.09246000","longitude":"45.36561000"}}},"qubadistrict":{"id":563,"name":"Quba District","state_code":"QBA","latitude":"41.15642420","longitude":"48.41350210","type":null,"cities":{"hac\u0131h\u00fcseynli":{"id":8087,"name":"Hac\u0131h\u00fcseynli","latitude":"41.45639000","longitude":"48.64889000"},"quba":{"id":8151,"name":"Quba","latitude":"41.36108000","longitude":"48.51341000"}}},"qubadlidistrict":{"id":548,"name":"Qubadli District","state_code":"QBI","latitude":"39.27139960","longitude":"46.63543120","type":null,"cities":{"qubadl\u0131":{"id":8152,"name":"Qubadl\u0131","latitude":"39.34441000","longitude":"46.58183000"}}},"qusardistrict":{"id":588,"name":"Qusar District","state_code":"QUS","latitude":"41.42668860","longitude":"48.43455770","type":null,"cities":{"qusar":{"id":8153,"name":"Qusar","latitude":"41.42750000","longitude":"48.43020000"},"samur":{"id":8165,"name":"Samur","latitude":"41.63671000","longitude":"48.43028000"}}},"saatlydistrict":{"id":557,"name":"Saatly District","state_code":"SAT","latitude":"39.90955030","longitude":"48.35951220","type":null,"cities":{"\u018fhm\u0259db\u0259yli":{"id":8214,"name":"\u018fhm\u0259db\u0259yli","latitude":"39.88074000","longitude":"48.39158000"},"saatl\u0131":{"id":8160,"name":"Saatl\u0131","latitude":"39.93214000","longitude":"48.36892000"}}},"sabirabaddistrict":{"id":565,"name":"Sabirabad District","state_code":"SAB","latitude":"39.98706630","longitude":"48.46925450","type":null,"cities":{"sabirabad":{"id":8161,"name":"Sabirabad","latitude":"40.00869000","longitude":"48.47701000"}}},"sadarakdistrict":{"id":522,"name":"Sadarak District","state_code":"SAD","latitude":"39.71051140","longitude":"44.88642770","type":null},"salyandistrict":{"id":545,"name":"Salyan District","state_code":"SAL","latitude":"28.35248110","longitude":"82.12784000","type":null,"cities":{"qara\u00e7ala":{"id":8141,"name":"Qara\u00e7ala","latitude":"39.81614000","longitude":"48.93792000"},"salyan":{"id":8164,"name":"Salyan","latitude":"39.59621000","longitude":"48.98479000"}}},"samukhdistrict":{"id":536,"name":"Samukh District","state_code":"SMX","latitude":"40.76046310","longitude":"46.40631810","type":null,"cities":{"qarayeri":{"id":8140,"name":"Qarayeri","latitude":"40.78674000","longitude":"46.31365000"},"q\u0131rm\u0131z\u0131samux":{"id":8156,"name":"Q\u0131rm\u0131z\u0131 Samux","latitude":"40.93972000","longitude":"46.37889000"},"samux":{"id":8166,"name":"Samux","latitude":"40.76485000","longitude":"46.40868000"}}},"shabrandistrict":{"id":591,"name":"Shabran District","state_code":"SBN","latitude":"41.22283760","longitude":"48.84573040","type":null,"cities":{"divichibazar":{"id":8074,"name":"Divichibazar","latitude":"41.20117000","longitude":"48.98712000"}}},"shahbuzdistrict":{"id":579,"name":"Shahbuz District","state_code":"SAH","latitude":"39.44521030","longitude":"45.65680090","type":null},"shaki":{"id":518,"name":"Shaki","state_code":"SA","latitude":"41.19747530","longitude":"47.15712410","type":null,"cities":{"sheki":{"id":8176,"name":"Sheki","latitude":"41.19194000","longitude":"47.17056000"}}},"shakidistrict":{"id":586,"name":"Shaki District","state_code":"SAK","latitude":"41.11346620","longitude":"47.13169270","type":null,"cities":{"ba\u015fg\u00f6yn\u00fck":{"id":8057,"name":"Ba\u015f G\u00f6yn\u00fck","latitude":"41.32582000","longitude":"47.11357000"}}},"shamakhidistrict":{"id":529,"name":"Shamakhi District","state_code":"SMI","latitude":"40.63187310","longitude":"48.63638010","type":null,"cities":{"shamakhi":{"id":8173,"name":"Shamakhi","latitude":"40.63141000","longitude":"48.64137000"}}},"shamkirdistrict":{"id":583,"name":"Shamkir District","state_code":"SKR","latitude":"40.82881440","longitude":"46.01668790","type":null,"cities":{"dolyar":{"id":8075,"name":"Dolyar","latitude":"40.86278000","longitude":"46.03493000"},"dzagam":{"id":8077,"name":"Dzagam","latitude":"40.90330000","longitude":"45.88564000"},"qas\u0131m\u0130smay\u0131lov":{"id":8143,"name":"Qas\u0131m \u0130smay\u0131lov","latitude":"40.81243000","longitude":"46.25938000"},"shamkhor":{"id":8174,"name":"Shamkhor","latitude":"40.82975000","longitude":"46.01780000"}}},"sharurdistrict":{"id":535,"name":"Sharur District","state_code":"SAR","latitude":"39.55363320","longitude":"44.98456800","type":null},"shirvan":{"id":520,"name":"Shirvan","state_code":"SR","latitude":"39.94697070","longitude":"48.92239190","type":null,"cities":{"\u015eirvan":{"id":8212,"name":"\u015eirvan","latitude":"39.93778000","longitude":"48.92900000"}}},"shushadistrict":{"id":592,"name":"Shusha District","state_code":"SUS","latitude":"39.75374380","longitude":"46.74647550","type":null,"cities":{"shushi":{"id":8177,"name":"Shushi","latitude":"39.76006000","longitude":"46.74989000"}}},"siazandistrict":{"id":584,"name":"Siazan District","state_code":"SIY","latitude":"41.07838330","longitude":"49.11184770","type":null,"cities":{"gilgil\u00e7ay":{"id":8083,"name":"Gilgil\u00e7ay","latitude":"41.13932000","longitude":"49.09038000"},"kyzyl-burun":{"id":8107,"name":"Kyzyl-Burun","latitude":"41.07811000","longitude":"49.11564000"}}},"sumqayit":{"id":582,"name":"Sumqayit","state_code":"SM","latitude":"40.58547650","longitude":"49.63174110","type":null,"cities":{"corat":{"id":8070,"name":"Corat","latitude":"40.57176000","longitude":"49.70509000"},"hac\u0131zeynalabdin":{"id":8086,"name":"Hac\u0131 Zeynalabdin","latitude":"40.62333000","longitude":"49.55861000"},"sumqay\u0131t":{"id":8180,"name":"Sumqay\u0131t","latitude":"40.58972000","longitude":"49.66861000"}}},"tartardistrict":{"id":519,"name":"Tartar District","state_code":"TAR","latitude":"40.34438750","longitude":"46.93765190","type":null,"cities":{"martakert":{"id":8114,"name":"Martakert","latitude":"40.21127000","longitude":"46.82135000"},"terter":{"id":8182,"name":"Terter","latitude":"40.34201000","longitude":"46.93161000"}}},"tovuzdistrict":{"id":533,"name":"Tovuz District","state_code":"TOV","latitude":"40.99545230","longitude":"45.61659070","type":null,"cities":{"\u00c7atax":{"id":8207,"name":"\u00c7atax","latitude":"40.72622000","longitude":"45.55919000"},"\u00c7obans\u0131\u011fnaq":{"id":8209,"name":"\u00c7obans\u0131\u011fnaq","latitude":"40.75244000","longitude":"45.70645000"},"dondarqu\u015f\u00e7u":{"id":8076,"name":"Dondar Qu\u015f\u00e7u","latitude":"40.95390000","longitude":"45.61942000"},"qaraxanl\u0131":{"id":8139,"name":"Qaraxanl\u0131","latitude":"41.04358000","longitude":"45.65527000"},"tovuz":{"id":8183,"name":"Tovuz","latitude":"40.99249000","longitude":"45.62838000"},"yan\u0131ql\u0131":{"id":8193,"name":"Yan\u0131ql\u0131","latitude":"40.84320000","longitude":"45.68030000"}}},"ujardistrict":{"id":539,"name":"Ujar District","state_code":"UCA","latitude":"40.50675250","longitude":"47.64896410","type":null,"cities":{"ujar":{"id":8185,"name":"Ujar","latitude":"40.51902000","longitude":"47.65423000"}}},"yardymlidistrict":{"id":550,"name":"Yardymli District","state_code":"YAR","latitude":"38.90589170","longitude":"48.24961270","type":null,"cities":{"yard\u0131ml\u0131":{"id":8194,"name":"Yard\u0131ml\u0131","latitude":"38.90771000","longitude":"48.24052000"}}},"yevlakh":{"id":538,"name":"Yevlakh","state_code":"YE","latitude":"40.61966380","longitude":"47.15003240","type":null,"cities":{"yevlakh":{"id":8198,"name":"Yevlakh","latitude":"40.61832000","longitude":"47.15014000"}}},"yevlakhdistrict":{"id":523,"name":"Yevlakh District","state_code":"YEV","latitude":"40.61966380","longitude":"47.15003240","type":null,"cities":{"aran":{"id":8043,"name":"Aran","latitude":"40.62528000","longitude":"46.97556000"},"qaramanl\u0131":{"id":8138,"name":"Qaramanl\u0131","latitude":"40.48135000","longitude":"46.99339000"}}},"zangilandistrict":{"id":581,"name":"Zangilan District","state_code":"ZAN","latitude":"39.08568990","longitude":"46.65247280","type":null,"cities":{"mincivan":{"id":8117,"name":"Mincivan","latitude":"39.03023000","longitude":"46.72329000"},"zangilan":{"id":8202,"name":"Zangilan","latitude":"39.08371000","longitude":"46.65988000"}}},"zaqataladistrict":{"id":566,"name":"Zaqatala District","state_code":"ZAQ","latitude":"41.59068890","longitude":"46.72403730","type":null,"cities":{"aliabad":{"id":8040,"name":"Aliabad","latitude":"41.48290000","longitude":"46.63483000"},"faldarl\u0131":{"id":8079,"name":"Faldarl\u0131","latitude":"41.46868000","longitude":"46.51579000"},"mamrux":{"id":8112,"name":"Mamrux","latitude":"41.54243000","longitude":"46.76700000"},"qandax":{"id":8137,"name":"Qandax","latitude":"41.47546000","longitude":"46.54128000"},"zaqatala":{"id":8203,"name":"Zaqatala","latitude":"41.63160000","longitude":"46.64479000"}}},"zardabdistrict":{"id":576,"name":"Zardab District","state_code":"ZAR","latitude":"40.21481140","longitude":"47.71494400","type":null,"cities":{"zardob":{"id":8204,"name":"Zardob","latitude":"40.21840000","longitude":"47.71214000"}}}}}