{"id":111,"name":"Jordan","iso3":"JOR","iso2":"JO","numeric_code":"400","phone_code":"962","capital":"Amman","currency":"JOD","currency_name":"Jordanian dinar","currency_symbol":"\u0627.\u062f","tld":".jo","native":"\u0627\u0644\u0623\u0631\u062f\u0646","region":"Asia","region_id":"3","subregion":"Western Asia","subregion_id":"11","nationality":"Jordanian","timezones":[{"zoneName":"Asia/Amman","gmtOffset":7200,"gmtOffsetName":"UTC+02:00","abbreviation":"EET","tzName":"Eastern European Time"}],"translations":{"kr":"\uc694\ub974\ub2e8","pt-BR":"Jord\u00e2nia","pt":"Jord\u00e2nia","nl":"Jordani\u00eb","hr":"Jordan","fa":"\u0627\u0631\u062f\u0646","de":"Jordanien","es":"Jordania","fr":"Jordanie","ja":"\u30e8\u30eb\u30c0\u30f3","it":"Giordania","cn":"\u7ea6\u65e6","tr":"\u00dcrd\u00fcn"},"latitude":"31.00000000","longitude":"36.00000000","emoji":"\ud83c\uddef\ud83c\uddf4","emojiU":"U+1F1EF U+1F1F4","states":{"ajloun":{"id":963,"name":"Ajloun","state_code":"AJ","latitude":"32.33255840","longitude":"35.75168440","type":null,"cities":{"\u2018ajl\u016bn":{"id":63206,"name":"\u2018Ajl\u016bn","latitude":"32.33326000","longitude":"35.75279000"},"\u2018anjarah":{"id":63207,"name":"\u2018Anjarah","latitude":"32.30630000","longitude":"35.75653000"},"\u2018aynjannah":{"id":63208,"name":"\u2018Ayn Jannah","latitude":"32.33466000","longitude":"35.76370000"},"\u1e28al\u0101wah":{"id":63202,"name":"\u1e28al\u0101wah","latitude":"32.38433000","longitude":"35.66167000"},"\u015eakhrah":{"id":63199,"name":"\u015eakhrah","latitude":"32.37087000","longitude":"35.84267000"}}},"amman":{"id":965,"name":"Amman","state_code":"AM","latitude":"31.94536330","longitude":"35.92838950","type":null,"cities":{"alj\u012bzah":{"id":63133,"name":"Al J\u012bzah","latitude":"31.69893000","longitude":"35.95530000"},"aljubayhah":{"id":63132,"name":"Al Jubayhah","latitude":"32.01071000","longitude":"35.89802000"},"amman":{"id":63141,"name":"Amman","latitude":"31.95522000","longitude":"35.94503000"},"\u1e28ayyalbunayy\u0101t":{"id":63203,"name":"\u1e28ayy al Bunayy\u0101t","latitude":"31.89603000","longitude":"35.88465000"},"\u1e28ayyalquwaysimah":{"id":63204,"name":"\u1e28ayy al Quwaysimah","latitude":"31.91037000","longitude":"35.94975000"},"j\u0101w\u0101":{"id":63162,"name":"J\u0101w\u0101","latitude":"31.85247000","longitude":"35.93928000"},"sa\u1e29\u0101b":{"id":63185,"name":"Sa\u1e29\u0101b","latitude":"31.87032000","longitude":"36.00479000"},"ummassumm\u0101q":{"id":63192,"name":"Umm as Summ\u0101q","latitude":"31.88542000","longitude":"35.85430000"},"w\u0101d\u012bass\u012br":{"id":63194,"name":"W\u0101d\u012b as S\u012br","latitude":"31.95450000","longitude":"35.81831000"}}},"aqaba":{"id":959,"name":"Aqaba","state_code":"AQ","latitude":"29.53208600","longitude":"35.00628210","type":null,"cities":{"aqaba":{"id":63142,"name":"Aqaba","latitude":"29.52667000","longitude":"35.00778000"},"talabay":{"id":63188,"name":"Tala Bay","latitude":"29.40842000","longitude":"34.97918000"}}},"balqa":{"id":961,"name":"Balqa","state_code":"BA","latitude":"32.03668060","longitude":"35.72884800","type":null,"cities":{"alkar\u0101mah":{"id":63134,"name":"Al Kar\u0101mah","latitude":"31.95439000","longitude":"35.58033000"},"assal\u0163":{"id":63145,"name":"As Sal\u0163","latitude":"32.03917000","longitude":"35.72722000"},"yarq\u0101":{"id":63195,"name":"Yarq\u0101","latitude":"31.97583000","longitude":"35.69638000"}}},"irbid":{"id":960,"name":"Irbid","state_code":"IR","latitude":"32.55696360","longitude":"35.84789650","type":null,"cities":{"arramth\u0101":{"id":63144,"name":"Ar Ramth\u0101","latitude":"32.55873000","longitude":"36.00816000"},"ashshajarah":{"id":63146,"name":"Ash Shajarah","latitude":"32.64391000","longitude":"35.94175000"},"a\u0163\u0162ayyibah":{"id":63151,"name":"A\u0163 \u0162ayyibah","latitude":"32.54304000","longitude":"35.71756000"},"a\u0163\u0162urrah":{"id":63152,"name":"A\u0163 \u0162urrah","latitude":"32.63979000","longitude":"35.98943000"},"ayd\u016bn":{"id":63148,"name":"Ayd\u016bn","latitude":"32.50528000","longitude":"35.85809000"},"bayt\u012adis":{"id":63155,"name":"Bayt \u012adis","latitude":"32.43775000","longitude":"35.69765000"},"bayty\u0101f\u0101":{"id":63154,"name":"Bayt Y\u0101f\u0101","latitude":"32.52253000","longitude":"35.78618000"},"dayry\u016bsuf":{"id":63158,"name":"Dayr Y\u016bsuf","latitude":"32.48701000","longitude":"35.79635000"},"\u1e28akam\u0101":{"id":63201,"name":"\u1e28akam\u0101","latitude":"32.59354000","longitude":"35.88320000"},"\u1e28\u0101tim":{"id":63205,"name":"\u1e28\u0101tim","latitude":"32.64492000","longitude":"35.77771000"},"irbid":{"id":63159,"name":"Irbid","latitude":"32.55556000","longitude":"35.85000000"},"judita":{"id":63161,"name":"Judita","latitude":"32.40792000","longitude":"35.70802000"},"kafrab\u012bl":{"id":63163,"name":"Kafr Ab\u012bl","latitude":"32.41752000","longitude":"35.66305000"},"kafrasad":{"id":63164,"name":"Kafr Asad","latitude":"32.59800000","longitude":"35.71266000"},"kafrsawm":{"id":63165,"name":"Kafr Sawm","latitude":"32.68527000","longitude":"35.80102000"},"kharj\u0101":{"id":63167,"name":"Kharj\u0101","latitude":"32.65988000","longitude":"35.88782000"},"kitim":{"id":63168,"name":"Kitim","latitude":"32.43834000","longitude":"35.89677000"},"kurayyimah":{"id":63169,"name":"Kurayyimah","latitude":"32.27639000","longitude":"35.59938000"},"malk\u0101":{"id":63172,"name":"Malk\u0101","latitude":"32.67645000","longitude":"35.74851000"},"qumaym":{"id":63176,"name":"Qumaym","latitude":"32.57174000","longitude":"35.73452000"},"sa\u1e29amalkaff\u0101r\u0101t":{"id":63184,"name":"Sa\u1e29am al Kaff\u0101r\u0101t","latitude":"32.69848000","longitude":"35.77438000"},"s\u0101l":{"id":63186,"name":"S\u0101l","latitude":"32.56897000","longitude":"35.91185000"},"\u015eamm\u0101":{"id":63200,"name":"\u015eamm\u0101","latitude":"32.57102000","longitude":"35.68984000"},"tibnah":{"id":63189,"name":"Tibnah","latitude":"32.47521000","longitude":"35.73056000"},"ummqays":{"id":63190,"name":"Umm Qays","latitude":"32.65348000","longitude":"35.68457000"},"waqq\u0101\u015f":{"id":63193,"name":"Waqq\u0101\u015f","latitude":"32.54214000","longitude":"35.60508000"},"za\u1e29ar":{"id":63197,"name":"Za\u1e29ar","latitude":"32.56670000","longitude":"35.77811000"}}},"jerash":{"id":966,"name":"Jerash","state_code":"JA","latitude":"32.27472370","longitude":"35.89609540","type":null,"cities":{"alkittah":{"id":63136,"name":"Al Kittah","latitude":"32.27685000","longitude":"35.84114000"},"bal\u012bl\u0101":{"id":63153,"name":"Bal\u012bl\u0101","latitude":"32.39109000","longitude":"35.93832000"},"burm\u0101":{"id":63156,"name":"Burm\u0101","latitude":"32.21930000","longitude":"35.78507000"},"jarash":{"id":63160,"name":"Jarash","latitude":"32.28082000","longitude":"35.89929000"},"qafqaf\u0101":{"id":63175,"name":"Qafqaf\u0101","latitude":"32.34851000","longitude":"35.93864000"},"raym\u016bn":{"id":63178,"name":"Raym\u016bn","latitude":"32.28202000","longitude":"35.82779000"},"sakib":{"id":63183,"name":"Sakib","latitude":"32.28431000","longitude":"35.80909000"},"s\u016bf":{"id":63187,"name":"S\u016bf","latitude":"32.31372000","longitude":"35.83713000"}}},"karak":{"id":956,"name":"Karak","state_code":"KA","latitude":"31.18535270","longitude":"35.70476820","type":null,"cities":{"\u2018ayy":{"id":63209,"name":"\u2018Ayy","latitude":"31.13371000","longitude":"35.64375000"},"\u2018izr\u0101":{"id":63210,"name":"\u2018Izr\u0101","latitude":"31.15889000","longitude":"35.69278000"},"adir":{"id":63129,"name":"Adir","latitude":"31.20217000","longitude":"35.76155000"},"alkhinz\u012brah":{"id":63135,"name":"Al Khinz\u012brah","latitude":"31.05056000","longitude":"35.60606000"},"almaz\u0101raljan\u016bb\u012b":{"id":63137,"name":"Al Maz\u0101r al Jan\u016bb\u012b","latitude":"31.06722000","longitude":"35.69486000"},"alqa\u015fr":{"id":63138,"name":"Al Qa\u015fr","latitude":"31.31407000","longitude":"35.74393000"},"arrabbah":{"id":63143,"name":"Ar Rabbah","latitude":"31.26923000","longitude":"35.73829000"},"karakcity":{"id":63166,"name":"Karak City","latitude":"31.16368000","longitude":"35.76204000"},"safi":{"id":63182,"name":"Safi","latitude":"31.03608000","longitude":"35.46544000"}}},"ma\u0027an":{"id":964,"name":"Ma\u0027an","state_code":"MN","latitude":"30.19267890","longitude":"35.72493190","type":null,"cities":{"aljafr":{"id":63131,"name":"Al Jafr","latitude":"30.31840000","longitude":"36.17775000"},"alquwayrah":{"id":63139,"name":"Al Quwayrah","latitude":"29.80045000","longitude":"35.31160000"},"ashshawbak":{"id":63147,"name":"Ash Shawbak","latitude":"30.52134000","longitude":"35.57135000"},"a\u0163\u0162ayyibah":{"id":63150,"name":"A\u0163 \u0162ayyibah","latitude":"30.25125000","longitude":"35.46570000"},"ma\u0027an":{"id":63170,"name":"Ma\u0027an","latitude":"30.19624000","longitude":"35.73405000"},"petra":{"id":63174,"name":"Petra","latitude":"30.32096000","longitude":"35.47895000"},"q\u012brmo\u0101v":{"id":63177,"name":"Q\u012br Mo\u0101v","latitude":"31.18248000","longitude":"35.69999000"}}},"madaba":{"id":958,"name":"Madaba","state_code":"MD","latitude":"31.71960970","longitude":"35.79327540","type":null,"cities":{"m\u0101dab\u0101":{"id":63173,"name":"M\u0101dab\u0101","latitude":"31.71599000","longitude":"35.79392000"}}},"mafraq":{"id":962,"name":"Mafraq","state_code":"MA","latitude":"32.34169230","longitude":"36.20201750","type":null,"cities":{"al\u1e28amr\u0101\u2019":{"id":63140,"name":"Al \u1e28amr\u0101\u2019","latitude":"32.44017000","longitude":"36.15265000"},"mafraq":{"id":63171,"name":"Mafraq","latitude":"32.34289000","longitude":"36.20804000"},"rehab":{"id":63179,"name":"Rehab","latitude":"32.32341000","longitude":"36.09087000"},"rukban":{"id":63180,"name":"Rukban","latitude":"33.31405000","longitude":"38.70342000"},"\u015eab\u1e29\u0101":{"id":63198,"name":"\u015eab\u1e29\u0101","latitude":"32.32696000","longitude":"36.50159000"},"ummalqi\u0163\u0163ayn":{"id":63191,"name":"Umm al Qi\u0163\u0163ayn","latitude":"32.31449000","longitude":"36.62826000"}}},"tafilah":{"id":957,"name":"Tafilah","state_code":"AT","latitude":"30.83380630","longitude":"35.61605130","type":null,"cities":{"a\u0163\u0162af\u012blah":{"id":63149,"name":"A\u0163 \u0162af\u012blah","latitude":"30.83752000","longitude":"35.60442000"},"bu\u015fayr\u0101":{"id":63157,"name":"Bu\u015fayr\u0101","latitude":"30.73256000","longitude":"35.60943000"}}},"zarqa":{"id":967,"name":"Zarqa","state_code":"AZ","latitude":"32.06085050","longitude":"36.09421210","type":null,"cities":{"alazraqashsham\u0101l\u012b":{"id":63130,"name":"Al Azraq ash Sham\u0101l\u012b","latitude":"31.88209000","longitude":"36.83017000"},"russeifa":{"id":63181,"name":"Russeifa","latitude":"32.01778000","longitude":"36.04639000"},"zarqa":{"id":63196,"name":"Zarqa","latitude":"32.07275000","longitude":"36.08796000"}}}}}