{"id":194,"name":"Saudi Arabia","iso3":"SAU","iso2":"SA","numeric_code":"682","phonecode":"966","capital":"Riyadh","currency":"SAR","currency_name":"Saudi riyal","currency_symbol":"\ufdfc","tld":".sa","native":"\u0627\u0644\u0645\u0645\u0644\u0643\u0629 \u0627\u0644\u0639\u0631\u0628\u064a\u0629 \u0627\u0644\u0633\u0639\u0648\u062f\u064a\u0629","region":"Asia","region_id":3,"subregion":"Western Asia","subregion_id":11,"nationality":"Saudi, Saudi Arabian","timezones":[{"zoneName":"Asia/Riyadh","gmtOffset":10800,"gmtOffsetName":"UTC+03:00","abbreviation":"AST","tzName":"Arabia Standard Time"}],"translations":{"ko":"\uc0ac\uc6b0\ub514\uc544\ub77c\ube44\uc544","pt-BR":"Ar\u00e1bia Saudita","pt":"Ar\u00e1bia Saudita","nl":"Saoedi-Arabi\u00eb","hr":"Saudijska Arabija","fa":"\u0639\u0631\u0628\u0633\u062a\u0627\u0646 \u0633\u0639\u0648\u062f\u06cc","de":"Saudi-Arabien","es":"Arabia Saud\u00ed","fr":"Arabie Saoudite","ja":"\u30b5\u30a6\u30b8\u30a2\u30e9\u30d3\u30a2","it":"Arabia Saudita","zh-CN":"\u6c99\u7279\u963f\u62c9\u4f2f","tr":"Suudi Arabistan","ru":"\u0421\u0430\u0443\u0434\u043e\u0432\u0441\u043a\u0430\u044f \u0410\u0440\u0430\u0432\u0438\u044f","uk":"\u0421\u0430\u0443\u0434\u0456\u0432\u0441\u044c\u043a\u0430 \u0410\u0440\u0430\u0432\u0456\u044f","pl":"Arabia Saudyjska"},"latitude":"25.00000000","longitude":"45.00000000","emoji":"\ud83c\uddf8\ud83c\udde6","emojiU":"U+1F1F8 U+1F1E6","states":{"\u0027asir":{"id":2853,"name":"\u0027Asir","state_code":"14","latitude":"19.09690620","longitude":"42.86378750","type":"region","cities":{"abha":{"id":102804,"name":"Abha","latitude":"18.21639000","longitude":"42.50528000"},"almaj\u0101ridah":{"id":102827,"name":"Al Maj\u0101ridah","latitude":"19.12361000","longitude":"41.91111000"},"alqahab":{"id":148594,"name":"Al Qahab","latitude":"18.92560000","longitude":"41.95500000"},"khamismushait":{"id":102861,"name":"Khamis Mushait","latitude":"18.30000000","longitude":"42.73333000"},"ma`riyah":{"id":148596,"name":"Ma`riyah","latitude":"18.85000000","longitude":"41.96670000"},"mifa":{"id":148597,"name":"Mifa","latitude":"18.89170000","longitude":"41.96330000"},"munayzir":{"id":148598,"name":"Munayzir","latitude":"18.94640000","longitude":"41.91640000"},"tab\u0101lah":{"id":102882,"name":"Tab\u0101lah","latitude":"19.95000000","longitude":"42.40000000"}}},"albahah":{"id":2859,"name":"Al Bahah","state_code":"11","latitude":"20.27227390","longitude":"41.44125100","type":"region","cities":{"albahah":{"id":102815,"name":"Al Bahah","latitude":"20.01288000","longitude":"41.46767000"},"almindak":{"id":102829,"name":"Al Mindak","latitude":"20.15880000","longitude":"41.28337000"},"hajrah":{"id":148708,"name":"Hajrah","latitude":"20.23333333","longitude":"41.05000000"}}},"aljawf":{"id":2857,"name":"Al Jawf","state_code":"12","latitude":"29.88735600","longitude":"39.32062410","type":"region","cities":{"alisawiyah":{"id":148588,"name":"Al Isawiyah","latitude":"30.71681000","longitude":"37.97767000"},"al-haditha":{"id":148589,"name":"Al-Haditha","latitude":"31.45601100","longitude":"37.14814000"},"halatammar":{"id":148590,"name":"Halat Ammar","latitude":"29.15944444","longitude":"36.07500000"},"qurayyat":{"id":102872,"name":"Qurayyat","latitude":"31.33176000","longitude":"37.34282000"},"sakakah":{"id":102877,"name":"Sakakah","latitude":"29.96974000","longitude":"40.20641000"},"\u015euwayr":{"id":102896,"name":"\u015euwayr","latitude":"30.11713000","longitude":"40.38925000"},"tabarjal":{"id":148591,"name":"Tabarjal","latitude":"30.50000000","longitude":"38.21670000"},"\u0162ubarjal":{"id":102898,"name":"\u0162ubarjal","latitude":"30.49987000","longitude":"38.21603000"}}},"almadinah":{"id":2851,"name":"Al Madinah","state_code":"03","latitude":"24.84039770","longitude":"39.32062410","type":"region","cities":{"`ajmiyah":{"id":148866,"name":"`Ajmiyah","latitude":"24.21670000","longitude":"38.50000000"},"`alya\u0027":{"id":148867,"name":"`Alya\u0027","latitude":"23.82360000","longitude":"38.88330000"},"`ushash":{"id":148868,"name":"`Ushash","latitude":"23.50000000","longitude":"38.91670000"},"`ushayrah":{"id":148869,"name":"`Ushayrah","latitude":"24.01860000","longitude":"39.67310000"},"ab\u016bshay\u0163\u0101nah":{"id":148804,"name":"Ab\u016b Shay\u0163\u0101nah","latitude":"23.86670000","longitude":"38.36670000"},"abyar\u0027ali":{"id":148803,"name":"Abyar \u0027Ali","latitude":"24.41666667","longitude":"39.55000000"},"addulu`":{"id":148805,"name":"Ad Dulu`","latitude":"24.76670000","longitude":"39.53330000"},"al`awali":{"id":148823,"name":"Al `Awali","latitude":"24.45000000","longitude":"39.61670000"},"al`uqul":{"id":148824,"name":"Al `Uqul","latitude":"24.50000000","longitude":"39.81670000"},"alakhal":{"id":148806,"name":"Al Akhal","latitude":"23.31560000","longitude":"39.85940000"},"albardiyah":{"id":148807,"name":"Al Bardiyah","latitude":"24.04390000","longitude":"39.60610000"},"albiqa\u0027":{"id":148808,"name":"Al Biqa\u0027","latitude":"24.38861111","longitude":"38.59888889"},"albustan":{"id":148809,"name":"Al Bustan","latitude":"23.27830000","longitude":"39.24280000"},"alfaqirah":{"id":148810,"name":"Al Faqirah","latitude":"23.42170000","longitude":"39.70970000"},"alfuraysh":{"id":148811,"name":"Al Furaysh","latitude":"24.22000000","longitude":"39.28140000"},"aljabriyah":{"id":148813,"name":"Al Jabriyah","latitude":"24.25000000","longitude":"38.51670000"},"aljissah":{"id":148814,"name":"Al Jissah","latitude":"23.33330000","longitude":"40.30000000"},"alkharma\u0027":{"id":148815,"name":"Al Kharma\u0027","latitude":"23.90000000","longitude":"38.90000000"},"almalbanah":{"id":148817,"name":"Al Malbanah","latitude":"23.18330000","longitude":"39.51670000"},"almufrihat":{"id":148818,"name":"Al Mufrihat","latitude":"24.35000000","longitude":"39.41670000"},"almultasa":{"id":148819,"name":"Al Multasa","latitude":"24.08330000","longitude":"38.15000000"},"almusayjid":{"id":148820,"name":"Al Musayjid","latitude":"24.08330000","longitude":"39.10000000"},"alwuday":{"id":148822,"name":"Al Wuday","latitude":"24.17890000","longitude":"39.54810000"},"al-jafr":{"id":148825,"name":"Al-Jafr","latitude":"25.41666667","longitude":"49.61666667"},"al-ula":{"id":102839,"name":"Al-Ula","latitude":"26.60853000","longitude":"37.92316000"},"assadayir":{"id":148827,"name":"As Sadayir","latitude":"24.25000000","longitude":"39.18330000"},"assafra\u0027":{"id":148828,"name":"As Safra\u0027","latitude":"24.01277778","longitude":"38.92277778"},"assumariyah":{"id":148829,"name":"As Sumariyah","latitude":"24.92140000","longitude":"39.61780000"},"assuwayriqiyah":{"id":148830,"name":"As Suwayriqiyah","latitude":"23.35000000","longitude":"40.31670000"},"ashshufayyah":{"id":148831,"name":"Ash Shufayyah","latitude":"23.81670000","longitude":"39.15000000"},"asira":{"id":148832,"name":"Asira","latitude":"24.33330000","longitude":"38.63330000"},"baq`a\u0027":{"id":148833,"name":"Baq`a\u0027","latitude":"24.21666667","longitude":"38.71666667"},"bartiyah":{"id":148834,"name":"Bartiyah","latitude":"24.28330000","longitude":"38.58330000"},"bi\u0027ralmashi":{"id":148835,"name":"Bi\u0027r al Mashi","latitude":"24.21666667","longitude":"39.55000000"},"birkah":{"id":148836,"name":"Birkah","latitude":"23.82030000","longitude":"38.85970000"},"far`":{"id":148839,"name":"Far`","latitude":"23.81670000","longitude":"38.86670000"},"fiji":{"id":148840,"name":"Fiji","latitude":"24.26666667","longitude":"38.56666667"},"harthiyah":{"id":148841,"name":"Harthiyah","latitude":"24.25000000","longitude":"38.55000000"},"haylatradialbaham":{"id":148843,"name":"Haylat Radi al Baham","latitude":"24.08390000","longitude":"39.72500000"},"husayniyah":{"id":148844,"name":"Husayniyah","latitude":"23.86666667","longitude":"38.90000000"},"jadidah":{"id":148845,"name":"Jadidah","latitude":"23.81670000","longitude":"38.83330000"},"khayffadil":{"id":148846,"name":"Khayf Fadil","latitude":"24.26670000","longitude":"38.56670000"},"madsus":{"id":148847,"name":"Madsus","latitude":"24.35000000","longitude":"38.55000000"},"mahattatalhafah":{"id":148848,"name":"Mahattat al Hafah","latitude":"23.75000000","longitude":"39.30000000"},"maqrah":{"id":148849,"name":"Maqrah","latitude":"24.41670000","longitude":"38.70000000"},"maqshush":{"id":148850,"name":"Maqshush","latitude":"23.58330000","longitude":"38.60000000"},"masahili":{"id":148851,"name":"Masahili","latitude":"24.03330000","longitude":"38.23330000"},"mawarah":{"id":148853,"name":"Mawarah","latitude":"24.20000000","longitude":"38.43330000"},"medina":{"id":102865,"name":"Medina","latitude":"24.46861000","longitude":"39.61417000"},"milhah":{"id":148854,"name":"Milhah","latitude":"24.05000000","longitude":"38.30000000"},"nujayl":{"id":148855,"name":"Nujayl","latitude":"24.26670000","longitude":"38.65000000"},"qaba\u0027":{"id":148856,"name":"Qaba\u0027","latitude":"24.40000000","longitude":"39.65000000"},"rayyis":{"id":148858,"name":"Rayyis","latitude":"23.56670000","longitude":"38.60000000"},"sha`tha\u0027":{"id":148859,"name":"Sha`tha\u0027","latitude":"24.23333333","longitude":"38.53333333"},"sidihamzah":{"id":148860,"name":"Sidi Hamzah","latitude":"24.50000000","longitude":"39.61670000"},"suqsuwayq":{"id":148861,"name":"Suq Suwayq","latitude":"24.36670000","longitude":"38.45000000"},"suqubiya":{"id":148862,"name":"Suqubiya","latitude":"24.23330000","longitude":"38.50000000"},"suwadah":{"id":148863,"name":"Suwadah","latitude":"24.03330000","longitude":"38.20000000"},"wasitah":{"id":148865,"name":"Wasitah","latitude":"23.88330000","longitude":"38.90000000"},"yanbu":{"id":102892,"name":"Yanbu","latitude":"24.08954000","longitude":"38.06180000"}}},"al-qassim":{"id":2861,"name":"Al-Qassim","state_code":"05","latitude":"26.20782600","longitude":"43.48373800","type":"region","cities":{"adhdhibiyah":{"id":102810,"name":"Adh Dhibiyah","latitude":"26.02700000","longitude":"43.15700000"},"albukayr\u012byah":{"id":102817,"name":"Al Bukayr\u012byah","latitude":"26.13915000","longitude":"43.65782000"},"alfuwayliq":{"id":102818,"name":"Al Fuwayliq","latitude":"26.44360000","longitude":"43.25164000"},"almithnab":{"id":102830,"name":"Al Mithnab","latitude":"25.86012000","longitude":"44.22228000"},"althybiyah":{"id":148575,"name":"Al Thybiyah","latitude":"26.02700000","longitude":"43.15700000"},"arrass":{"id":102841,"name":"Ar Rass","latitude":"25.86944000","longitude":"43.49730000"},"buraidah":{"id":148577,"name":"Buraidah","latitude":"26.33333333","longitude":"43.96666667"},"buraydah":{"id":102850,"name":"Buraydah","latitude":"26.32599000","longitude":"43.97497000"},"dukhnah":{"id":148578,"name":"Dukhnah","latitude":"25.35621000","longitude":"43.62268000"},"qiba":{"id":148580,"name":"Qiba","latitude":"27.40285000","longitude":"44.32770000"},"tan\u016bmah":{"id":102883,"name":"Tan\u016bmah","latitude":"27.10000000","longitude":"44.13333000"},"wedalnkil":{"id":102891,"name":"Wed Alnkil","latitude":"25.42670000","longitude":"42.83430000"}}},"easternprovince":{"id":2856,"name":"Eastern Province","state_code":"04","latitude":"24.04399320","longitude":"45.65892250","type":"region","cities":{"abqaiq":{"id":102805,"name":"Abqaiq","latitude":"25.93402000","longitude":"49.66880000"},"alawj\u0101m":{"id":102814,"name":"Al Awj\u0101m","latitude":"26.56324000","longitude":"49.94331000"},"alba\u0163\u0163\u0101l\u012byah":{"id":102816,"name":"Al Ba\u0163\u0163\u0101l\u012byah","latitude":"25.43333000","longitude":"49.63333000"},"alhuf\u016bf":{"id":102820,"name":"Al Huf\u016bf","latitude":"25.36467000","longitude":"49.58764000"},"aljafr":{"id":102821,"name":"Al Jafr","latitude":"25.37736000","longitude":"49.72154000"},"aljubayl":{"id":102823,"name":"Al Jubayl","latitude":"27.01740000","longitude":"49.62251000"},"alkhafj\u012b":{"id":102825,"name":"Al Khafj\u012b","latitude":"28.43905000","longitude":"48.49132000"},"almarkaz":{"id":102828,"name":"Al Markaz","latitude":"25.40000000","longitude":"49.73333000"},"almubarraz":{"id":102831,"name":"Al Mubarraz","latitude":"25.40768000","longitude":"49.59028000"},"almunayzilah":{"id":102832,"name":"Al Munayzilah","latitude":"25.38333000","longitude":"49.66667000"},"almu\u0163ayrif\u012b":{"id":102834,"name":"Al Mu\u0163ayrif\u012b","latitude":"25.47878000","longitude":"49.55824000"},"alq\u0101rah":{"id":102837,"name":"Al Q\u0101rah","latitude":"25.41667000","longitude":"49.66667000"},"alqa\u0163\u012bf":{"id":102835,"name":"Al Qa\u0163\u012bf","latitude":"26.56542000","longitude":"50.00890000"},"alqurayn":{"id":102836,"name":"Al Qurayn","latitude":"25.48333000","longitude":"49.60000000"},"alubaylah":{"id":148560,"name":"Al Ubaylah","latitude":"21.98417000","longitude":"50.93966000"},"al-awamiyah":{"id":148561,"name":"Al-Awamiyah","latitude":"26.58333300","longitude":"49.98333300"},"al-awjam":{"id":148562,"name":"Al-Awjam","latitude":"26.55830000","longitude":"49.95030000"},"al-mubarraz":{"id":148563,"name":"Al-Mubarraz","latitude":"25.44160000","longitude":"49.66420000"},"assaff\u0101n\u012byah":{"id":102843,"name":"As Saff\u0101n\u012byah","latitude":"27.97083000","longitude":"48.73000000"},"a\u0163\u0162araf":{"id":102848,"name":"A\u0163 \u0162araf","latitude":"25.36232000","longitude":"49.72757000"},"att\u016bb\u012b":{"id":102846,"name":"At T\u016bb\u012b","latitude":"26.55778000","longitude":"49.99167000"},"dammam":{"id":102851,"name":"Dammam","latitude":"26.43442000","longitude":"50.10326000"},"dhahran":{"id":102852,"name":"Dhahran","latitude":"26.28864000","longitude":"50.11396000"},"ha\u0027il":{"id":148564,"name":"Ha\u0027il ","latitude":"27.51666667","longitude":"41.68333333"},"hafaral-batin":{"id":102857,"name":"Hafar Al-Batin","latitude":"28.43279000","longitude":"45.97077000"},"haradh":{"id":148565,"name":"Haradh","latitude":"24.14555556","longitude":"49.06527778"},"julayjilah":{"id":102860,"name":"Julayjilah","latitude":"25.50000000","longitude":"49.60000000"},"khobar":{"id":102862,"name":"Khobar","latitude":"26.27944000","longitude":"50.20833000"},"mulayjah":{"id":102868,"name":"Mulayjah","latitude":"27.27103000","longitude":"48.42419000"},"nariyah":{"id":148568,"name":"Nariyah","latitude":"27.46990000","longitude":"48.48440000"},"qaisumah":{"id":102870,"name":"Qaisumah","latitude":"28.31117000","longitude":"46.12729000"},"ra\u1e29\u012bmah":{"id":102873,"name":"Ra\u1e29\u012bmah","latitude":"26.70791000","longitude":"50.06194000"},"\u015eafw\u00e1":{"id":102895,"name":"\u015eafw\u00e1","latitude":"26.64970000","longitude":"49.95522000"},"sayh\u0101t":{"id":148571,"name":"Sayh\u0101t","latitude":"26.47500000","longitude":"50.04166667"},"t\u0101r\u016bt":{"id":102888,"name":"T\u0101r\u016bt","latitude":"26.57330000","longitude":"50.04028000"},"udhailiyah":{"id":148573,"name":"Udhailiyah","latitude":"25.13330000","longitude":"49.30000000"},"ummass\u0101hik":{"id":102890,"name":"Umm as S\u0101hik","latitude":"26.65361000","longitude":"49.91639000"},"uqair":{"id":148574,"name":"Uqair","latitude":"25.64310000","longitude":"50.21440000"}}},"ha\u0027il":{"id":2855,"name":"Ha\u0027il","state_code":"06","latitude":"27.70761430","longitude":"41.91964710","type":"region","cities":{"jubbah":{"id":148582,"name":"Jubbah","latitude":"28.00620000","longitude":"40.94160000"},"mawqaq":{"id":148583,"name":"Mawqaq","latitude":"27.38398000","longitude":"41.17635000"},"qufar":{"id":148584,"name":"Qufar","latitude":"27.41534000","longitude":"41.61903000"},"simira":{"id":148585,"name":"Simira","latitude":"26.49418000","longitude":"42.12494000"}}},"jizan":{"id":2858,"name":"Jizan","state_code":"09","latitude":"17.17381760","longitude":"42.70761070","type":"region","cities":{"ab\u016b\u2018ar\u012bsh":{"id":102806,"name":"Ab\u016b \u2018Ar\u012bsh","latitude":"16.96887000","longitude":"42.83251000"},"aburadif":{"id":148745,"name":"Abu Radif","latitude":"16.61860000","longitude":"43.13110000"},"addarb":{"id":102807,"name":"Ad Darb","latitude":"17.72285000","longitude":"42.25261000"},"addur`iyah":{"id":148746,"name":"Ad Dur`iyah","latitude":"16.58420000","longitude":"42.84310000"},"adhdhagharir":{"id":148747,"name":"Adh Dhagharir","latitude":"16.67780000","longitude":"42.95920000"},"al`ulayin":{"id":148775,"name":"Al `Ulayin","latitude":"17.15000000","longitude":"43.17080000"},"al`usaylah":{"id":148776,"name":"Al `Usaylah","latitude":"16.92030000","longitude":"42.73530000"},"albadawi":{"id":148748,"name":"Al Badawi","latitude":"16.63330000","longitude":"42.86500000"},"alhadrur":{"id":148749,"name":"Al Hadrur","latitude":"16.54360000","longitude":"42.86720000"},"alhanashah":{"id":148750,"name":"Al Hanashah","latitude":"16.55810000","longitude":"42.76530000"},"alharani":{"id":148751,"name":"Al Harani","latitude":"16.77500000","longitude":"42.90970000"},"alhasamah":{"id":148752,"name":"Al Hasamah","latitude":"16.68333333","longitude":"42.92694444"},"alhijfar":{"id":148753,"name":"Al Hijfar","latitude":"16.54440000","longitude":"42.84720000"},"aljadi":{"id":148754,"name":"Al Jadi","latitude":"16.64500000","longitude":"42.99470000"},"aljar\u0101d\u012byah":{"id":102822,"name":"Al Jar\u0101d\u012byah","latitude":"16.57946000","longitude":"42.91240000"},"aljawah":{"id":148755,"name":"Al Jawah","latitude":"16.95670000","longitude":"43.02970000"},"aljirbah":{"id":148756,"name":"Al Jirbah","latitude":"16.92640000","longitude":"42.88610000"},"alkarbus":{"id":148757,"name":"Al Karbus","latitude":"16.87330000","longitude":"42.63170000"},"alkawahilah":{"id":148758,"name":"Al Kawahilah","latitude":"16.96140000","longitude":"42.67250000"},"alkhadra\u0027jizan":{"id":148759,"name":"Al Khadra\u0027 Jizan","latitude":"16.58583333","longitude":"42.96333333"},"alkharabahjizan":{"id":148760,"name":"Al Kharabah Jizan","latitude":"16.75580000","longitude":"42.95470000"},"alkharadilah":{"id":148761,"name":"Al Kharadilah","latitude":"16.92720000","longitude":"42.62640000"},"alkhashabiyah":{"id":148762,"name":"Al Khashabiyah","latitude":"16.94030000","longitude":"42.64310000"},"alkhubah":{"id":148763,"name":"Al Khubah","latitude":"16.78860000","longitude":"43.22190000"},"alkirs":{"id":148764,"name":"Al Kirs","latitude":"16.57720000","longitude":"42.94750000"},"alluqiyah":{"id":148765,"name":"Al Luqiyah","latitude":"16.66060000","longitude":"43.04000000"},"alma`ayin":{"id":148766,"name":"Al Ma`ayin","latitude":"16.61080000","longitude":"43.14720000"},"almadaya":{"id":148767,"name":"Al Madaya","latitude":"16.76970000","longitude":"42.73110000"},"almali":{"id":148768,"name":"Al Mali","latitude":"16.79530000","longitude":"42.95360000"},"almayasam":{"id":148769,"name":"Al Mayasam","latitude":"16.94780000","longitude":"42.72110000"},"alqa\u0027im":{"id":148770,"name":"Al Qa\u0027im","latitude":"16.71944444","longitude":"42.97666667"},"alquful":{"id":148771,"name":"Al Quful","latitude":"16.67330000","longitude":"43.07890000"},"alqurayb":{"id":148772,"name":"Al Qurayb","latitude":"16.97500000","longitude":"42.72530000"},"alquwah":{"id":148773,"name":"Al Quwah","latitude":"16.79940000","longitude":"43.22500000"},"alwasili":{"id":148774,"name":"Al Wasili","latitude":"16.94690000","longitude":"42.69030000"},"annajamiyah":{"id":148777,"name":"An Najamiyah","latitude":"16.56470000","longitude":"42.94390000"},"arrukubah":{"id":148778,"name":"Ar Rukubah","latitude":"16.62220000","longitude":"42.96750000"},"ashshuqayq":{"id":148779,"name":"Ash Shuqayq","latitude":"17.70305556","longitude":"42.02944444"},"bakhshatyamani":{"id":148780,"name":"Bakhshat Yamani","latitude":"16.89860000","longitude":"42.59890000"},"faras\u0101n":{"id":102854,"name":"Faras\u0101n","latitude":"16.70222000","longitude":"42.11833000"},"ghawiyah":{"id":148781,"name":"Ghawiyah","latitude":"16.56500000","longitude":"43.11080000"},"hamayyah":{"id":148782,"name":"Hamayyah","latitude":"16.98940000","longitude":"43.16030000"},"hamdah":{"id":148783,"name":"Hamdah","latitude":"16.76190000","longitude":"42.92220000"},"jizan":{"id":102859,"name":"Jizan","latitude":"16.88917000","longitude":"42.55111000"},"juhasaudiarabia":{"id":148784,"name":"Juha Saudi Arabia","latitude":"16.66940000","longitude":"42.89220000"},"ka`lul":{"id":148785,"name":"Ka`lul","latitude":"16.89750000","longitude":"42.84670000"},"khabathsa`id":{"id":148786,"name":"Khabath Sa`id","latitude":"16.99780000","longitude":"42.73220000"},"khalfah":{"id":148787,"name":"Khalfah","latitude":"16.55470000","longitude":"43.08940000"},"khatibsaudiarabia":{"id":148788,"name":"Khatib Saudi Arabia","latitude":"16.89610000","longitude":"41.85750000"},"khumsiyah":{"id":148789,"name":"Khumsiyah","latitude":"16.77140000","longitude":"42.80190000"},"khushaym":{"id":148790,"name":"Khushaym","latitude":"16.88000000","longitude":"43.13720000"},"mahatah":{"id":148791,"name":"Mahatah","latitude":"16.83330000","longitude":"43.16670000"},"malgocta":{"id":148792,"name":"Malgocta","latitude":"16.99777778","longitude":"42.67388889"},"misl\u012byah":{"id":102866,"name":"Misl\u012byah","latitude":"17.45988000","longitude":"42.55720000"},"mizhirah":{"id":102867,"name":"Mizhirah","latitude":"16.82611000","longitude":"42.73333000"},"mukambal":{"id":148793,"name":"Mukambal","latitude":"16.59360000","longitude":"43.03280000"},"mundaraq":{"id":148794,"name":"Mundaraq","latitude":"16.75420000","longitude":"43.14890000"},"muwassam":{"id":148795,"name":"Muwassam","latitude":"16.41670000","longitude":"42.82580000"},"qitabir":{"id":148796,"name":"Qitabir","latitude":"17.33330000","longitude":"43.25000000"},"quwayda\u0027":{"id":148797,"name":"Quwayda\u0027","latitude":"16.73333333","longitude":"42.89027778"},"rahwan":{"id":148798,"name":"Rahwan","latitude":"16.83330000","longitude":"43.21670000"},"rawkhah":{"id":148799,"name":"Rawkhah","latitude":"16.94780000","longitude":"42.79330000"},"\u015eaby\u0101":{"id":102894,"name":"\u015eaby\u0101","latitude":"17.14950000","longitude":"42.62537000"},"sadiliyah":{"id":148800,"name":"Sadiliyah","latitude":"16.92640000","longitude":"42.83000000"},"salamah":{"id":148801,"name":"Salamah","latitude":"16.97530000","longitude":"42.75640000"},"\u015e\u0101mitah":{"id":102897,"name":"\u015e\u0101mitah","latitude":"16.59601000","longitude":"42.94435000"}}},"makkah":{"id":2850,"name":"Makkah","state_code":"02","latitude":"21.52355840","longitude":"41.91964710","type":"region","cities":{"abu`urwah":{"id":148874,"name":"Abu `Urwah","latitude":"21.65000000","longitude":"39.70000000"},"abuhisani":{"id":148871,"name":"Abu Hisani","latitude":"21.73060000","longitude":"39.78330000"},"abuqirfah":{"id":148872,"name":"Abu Qirfah","latitude":"21.76670000","longitude":"39.68330000"},"abushu`ayb":{"id":148873,"name":"Abu Shu`ayb","latitude":"21.58330000","longitude":"39.70000000"},"addabbah":{"id":148875,"name":"Ad Dabbah","latitude":"21.71670000","longitude":"39.83330000"},"addawh":{"id":148876,"name":"Ad Dawh","latitude":"21.77220000","longitude":"39.70140000"},"addur":{"id":148877,"name":"Ad Dur","latitude":"21.81670000","longitude":"39.76670000"},"al\u0100b\u0101r":{"id":148935,"name":"Al \u0100b\u0101r","latitude":"21.09810000","longitude":"39.91030000"},"aladl":{"id":148878,"name":"Al Adl","latitude":"21.44361000","longitude":"39.85611000"},"alashraf":{"id":148879,"name":"Al Ashraf","latitude":"21.52360000","longitude":"39.61670000"},"albalad":{"id":148880,"name":"Al Balad","latitude":"21.48780000","longitude":"39.19360000"},"albarabir":{"id":148881,"name":"Al Barabir","latitude":"21.52030000","longitude":"39.63250000"},"albi\u0027ar":{"id":148882,"name":"Al Bi\u0027ar","latitude":"22.64972222","longitude":"39.67027778"},"albirk":{"id":148883,"name":"Al Birk","latitude":"18.21631000","longitude":"41.53593000"},"alburaykah":{"id":148884,"name":"Al Buraykah","latitude":"21.78610000","longitude":"39.71670000"},"alfawwarah":{"id":148885,"name":"Al Fawwarah","latitude":"21.83280000","longitude":"40.16110000"},"alfaydah":{"id":148886,"name":"Al Faydah","latitude":"21.98440000","longitude":"39.38470000"},"alfazz":{"id":148887,"name":"Al Fazz","latitude":"21.98330000","longitude":"39.52220000"},"algharith":{"id":148888,"name":"Al Gharith","latitude":"21.60000000","longitude":"41.88330000"},"alghassalah":{"id":148889,"name":"Al Ghassalah","latitude":"21.45000000","longitude":"39.86670000"},"alghulah":{"id":148890,"name":"Al Ghulah","latitude":"21.95000000","longitude":"39.31670000"},"alhad\u0101":{"id":102819,"name":"Al Had\u0101","latitude":"21.36753000","longitude":"40.28694000"},"alhalaqah":{"id":148891,"name":"Al Halaqah","latitude":"21.35000000","longitude":"40.45000000"},"alhamimah":{"id":148892,"name":"Al Hamimah","latitude":"21.51670000","longitude":"39.63330000"},"alharra\u0027makkah":{"id":148893,"name":"Al Harra\u0027 Makkah","latitude":"21.95000000","longitude":"39.48333333"},"alhawiyah":{"id":148894,"name":"Al Hawiyah","latitude":"21.42415000","longitude":"40.49303000"},"aliskan":{"id":148895,"name":"Al Iskan","latitude":"21.40000000","longitude":"39.78330000"},"aljadidah":{"id":148896,"name":"Al Jadidah","latitude":"21.67030000","longitude":"40.12640000"},"aljami`ah":{"id":148897,"name":"Al Jami`ah","latitude":"21.46670000","longitude":"39.25000000"},"aljid`":{"id":148898,"name":"Al Jid`","latitude":"21.93330000","longitude":"39.58330000"},"alju`ranah":{"id":148899,"name":"Al Ju`ranah","latitude":"21.56670000","longitude":"39.95000000"},"aljum\u016bm":{"id":102824,"name":"Al Jum\u016bm","latitude":"21.61694000","longitude":"39.69806000"},"alkhadra\u0027makkah":{"id":148900,"name":"Al Khadra\u0027 Makkah","latitude":"21.46777778","longitude":"39.90472222"},"alkhalas":{"id":148901,"name":"Al Khalas","latitude":"21.70000000","longitude":"39.80000000"},"alkhamrah":{"id":148902,"name":"Al Khamrah","latitude":"22.43330000","longitude":"39.46670000"},"alkhaydar":{"id":148903,"name":"Al Khaydar","latitude":"21.46940000","longitude":"40.63060000"},"alkhayf":{"id":148904,"name":"Al Khayf","latitude":"21.68330000","longitude":"39.73330000"},"alkhulasah":{"id":148905,"name":"Al Khulasah","latitude":"21.68330000","longitude":"39.91670000"},"alkidwah":{"id":148906,"name":"Al Kidwah","latitude":"21.78330000","longitude":"39.68330000"},"alkura`":{"id":148907,"name":"Al Kura`","latitude":"21.80000000","longitude":"39.13330000"},"alma`rash":{"id":148908,"name":"Al Ma`rash","latitude":"21.13330000","longitude":"40.60000000"},"almadiqmakkah":{"id":148909,"name":"Al Madiq Makkah","latitude":"21.67580000","longitude":"40.13080000"},"almaghal":{"id":148910,"name":"Al Maghal","latitude":"21.96670000","longitude":"39.55000000"},"almahjar":{"id":148911,"name":"Al Mahjar","latitude":"21.43330000","longitude":"39.20000000"},"almaqrah":{"id":148913,"name":"Al Maqrah","latitude":"21.26670000","longitude":"39.95000000"},"almasarrah":{"id":148914,"name":"Al Masarrah","latitude":"21.36670000","longitude":"40.46670000"},"almasfalah":{"id":148915,"name":"Al Masfalah","latitude":"21.41670000","longitude":"39.81670000"},"almashayikh":{"id":148916,"name":"Al Mashayikh","latitude":"21.35000000","longitude":"40.33330000"},"almathnah":{"id":148917,"name":"Al Mathnah","latitude":"21.26666667","longitude":"40.38333333"},"almubarak":{"id":148918,"name":"Al Mubarak","latitude":"21.70000000","longitude":"39.90000000"},"almudawwarah":{"id":148919,"name":"Al Mudawwarah","latitude":"21.26670000","longitude":"39.96670000"},"almulayha\u0027":{"id":148920,"name":"Al Mulayha\u0027","latitude":"21.80000000","longitude":"40.35000000"},"almundassah":{"id":148921,"name":"Al Mundassah","latitude":"21.63330000","longitude":"39.74860000"},"almuqayti`":{"id":148922,"name":"Al Muqayti`","latitude":"21.54860000","longitude":"39.78610000"},"almuqr":{"id":148923,"name":"Al Muqr","latitude":"22.00000000","longitude":"39.38330000"},"almuwayh":{"id":102833,"name":"Al Muwayh","latitude":"22.43333000","longitude":"41.75829000"},"alqadimah":{"id":148924,"name":"Al Qadimah","latitude":"22.35000000","longitude":"39.15000000"},"alqararah":{"id":148926,"name":"Al Qararah","latitude":"21.42890000","longitude":"39.82810000"},"alqaryat":{"id":148927,"name":"Al Qaryat","latitude":"21.46670000","longitude":"39.20000000"},"alqawba`iyah":{"id":148928,"name":"Al Qawba`iyah","latitude":"21.66670000","longitude":"39.98330000"},"alqirshan":{"id":148929,"name":"Al Qirshan","latitude":"21.56670000","longitude":"39.70000000"},"alqu`tubah":{"id":148930,"name":"Al Qu`tubah","latitude":"21.93330000","longitude":"40.36670000"},"alqufayf":{"id":148931,"name":"Al Qufayf","latitude":"21.83330000","longitude":"40.45000000"},"alqushashiyah":{"id":148932,"name":"Al Qushashiyah","latitude":"21.43330000","longitude":"39.83330000"},"alukhaydir":{"id":148933,"name":"Al Ukhaydir","latitude":"21.93330000","longitude":"40.01670000"},"alwaht":{"id":148934,"name":"Al Waht","latitude":"21.23330000","longitude":"40.35000000"},"arrabwahassufla":{"id":148936,"name":"Ar Rabwah as Sufla","latitude":"21.95530000","longitude":"39.43670000"},"arrafah":{"id":148937,"name":"Ar Rafah","latitude":"21.51670000","longitude":"40.20000000"},"arrawdahashshamaliyah":{"id":148938,"name":"Ar Rawdah ash Shamaliyah","latitude":"21.73330000","longitude":"39.96670000"},"arrudaymah":{"id":148939,"name":"Ar Rudaymah","latitude":"21.76670000","longitude":"39.68330000"},"arya`":{"id":148940,"name":"Arya`","latitude":"21.08560000","longitude":"40.62390000"},"assadr":{"id":148941,"name":"As Sadr","latitude":"21.51890000","longitude":"40.19750000"},"assamdashshamali":{"id":148942,"name":"As Samd ash Shamali","latitude":"21.67500000","longitude":"39.75000000"},"assaylalkabir":{"id":148943,"name":"As Sayl al Kabir","latitude":"21.62640000","longitude":"40.41530000"},"assaylassaghir":{"id":148944,"name":"As Sayl as Saghir","latitude":"21.50640000","longitude":"40.48220000"},"assifyani":{"id":148945,"name":"As Sifyani","latitude":"21.47560000","longitude":"39.84310000"},"assudayrahmakkah":{"id":148946,"name":"As Sudayrah Makkah","latitude":"21.36190000","longitude":"40.85470000"},"assuwadah":{"id":148947,"name":"As Suwadah","latitude":"21.13390000","longitude":"40.51170000"},"ashshaf\u0101":{"id":102845,"name":"Ash Shaf\u0101","latitude":"21.07210000","longitude":"40.31185000"},"ashshajwah":{"id":148948,"name":"Ash Shajwah","latitude":"21.66440000","longitude":"40.01140000"},"ashshamiyah":{"id":148949,"name":"Ash Shamiyah","latitude":"21.84110000","longitude":"39.52440000"},"ashshara\u0027i`":{"id":148950,"name":"Ash Shara\u0027i`","latitude":"21.46305556","longitude":"39.94611111"},"ashshaybi":{"id":148951,"name":"Ash Shaybi","latitude":"21.69580000","longitude":"39.94170000"},"ashshi`b":{"id":148952,"name":"Ash Shi`b","latitude":"21.96890000","longitude":"39.48610000"},"ashshishah":{"id":148953,"name":"Ash Shishah","latitude":"21.35030000","longitude":"39.89190000"},"ashshumaysi":{"id":148954,"name":"Ash Shumaysi","latitude":"21.58330000","longitude":"39.68330000"},"ashshuwaybit":{"id":148955,"name":"Ash Shuwaybit","latitude":"21.37970000","longitude":"40.51940000"},"attan`im":{"id":148956,"name":"At Tan`im","latitude":"21.48250000","longitude":"39.80500000"},"attarfa\u0027":{"id":148957,"name":"At Tarfa\u0027","latitude":"21.70638889","longitude":"39.87138889"},"atturqi":{"id":148958,"name":"At Turqi","latitude":"21.94920000","longitude":"39.41310000"},"azzaymah":{"id":148959,"name":"Az Zaymah","latitude":"21.61860000","longitude":"40.11330000"},"azzilal":{"id":148960,"name":"Az Zilal","latitude":"21.48890000","longitude":"39.59420000"},"azzughbah":{"id":148961,"name":"Az Zughbah","latitude":"21.71670000","longitude":"39.94580000"},"azzurra`":{"id":148962,"name":"Az Zurra`","latitude":"21.91060000","longitude":"39.40000000"},"azzuwayb":{"id":148963,"name":"Az Zuwayb","latitude":"21.91670000","longitude":"39.96940000"},"bahratalqadimah":{"id":148964,"name":"Bahrat al Qadimah","latitude":"21.41330000","longitude":"39.49390000"},"bahwil":{"id":148965,"name":"Bahwil","latitude":"22.42940000","longitude":"39.42940000"},"baranah":{"id":148966,"name":"Baranah","latitude":"21.55420000","longitude":"39.82220000"},"barzah":{"id":148967,"name":"Barzah","latitude":"21.98000000","longitude":"39.67560000"},"bashm":{"id":148968,"name":"Bashm","latitude":"21.48220000","longitude":"39.82080000"},"buraykah":{"id":148969,"name":"Buraykah","latitude":"22.34440000","longitude":"39.32000000"},"burayman":{"id":148970,"name":"Burayman","latitude":"21.63750000","longitude":"39.22640000"},"cityghran":{"id":148971,"name":"CITY GHRAN","latitude":"21.97380000","longitude":"39.36820000"},"dabyah":{"id":148972,"name":"Dabyah","latitude":"22.42470000","longitude":"39.44610000"},"dahaban":{"id":148973,"name":"Dahaban","latitude":"21.93333333","longitude":"39.11666667"},"dughaybjah":{"id":148974,"name":"Dughaybjah","latitude":"22.59030000","longitude":"41.35970000"},"fayd":{"id":148975,"name":"Fayd","latitude":"21.91720000","longitude":"39.38830000"},"ghran":{"id":102855,"name":"Ghran","latitude":"21.98027000","longitude":"39.36521000"},"hadda\u0027":{"id":148976,"name":"Hadda\u0027","latitude":"21.45027778","longitude":"39.55444444"},"haddatashsham":{"id":148977,"name":"Haddat ash Sham","latitude":"21.79670000","longitude":"39.68330000"},"hadhah":{"id":148978,"name":"Hadhah","latitude":"21.65250000","longitude":"40.01420000"},"hajur":{"id":148979,"name":"Hajur","latitude":"23.01780000","longitude":"39.73030000"},"halamah":{"id":148980,"name":"Halamah","latitude":"21.95420000","longitude":"39.70280000"},"husnah":{"id":148981,"name":"Husnah","latitude":"21.80000000","longitude":"39.59166667"},"jarwal":{"id":148982,"name":"Jarwal","latitude":"21.43330000","longitude":"39.81670000"},"jeddah":{"id":102858,"name":"Jeddah","latitude":"21.54238000","longitude":"39.19797000"},"julayyil":{"id":148983,"name":"Julayyil","latitude":"21.95830000","longitude":"39.75830000"},"khumrah":{"id":148985,"name":"Khumrah","latitude":"21.37280000","longitude":"39.22610000"},"kulakh":{"id":148986,"name":"Kulakh","latitude":"21.29640000","longitude":"40.79690000"},"madrakah":{"id":148988,"name":"Madrakah","latitude":"21.97970000","longitude":"39.98750000"},"mafruq":{"id":148989,"name":"Mafruq","latitude":"21.52220000","longitude":"40.17940000"},"malakan":{"id":148990,"name":"Malakan","latitude":"21.21580000","longitude":"39.95030000"},"mashajji":{"id":148991,"name":"Mashajji","latitude":"21.73890000","longitude":"39.96670000"},"masihatmahdalhayl":{"id":148992,"name":"Masihat Mahd al Hayl","latitude":"21.94170000","longitude":"39.88610000"},"maskar":{"id":148993,"name":"Maskar","latitude":"21.75000000","longitude":"40.31640000"},"matiyah":{"id":148994,"name":"Matiyah","latitude":"21.54170000","longitude":"39.81940000"},"mecca":{"id":102864,"name":"Mecca","latitude":"21.42664000","longitude":"39.82563000"},"mina":{"id":148996,"name":"Mina","latitude":"21.41333333","longitude":"39.89333333"},"murshidiyah":{"id":148998,"name":"Murshidiyah","latitude":"21.48890000","longitude":"39.79440000"},"mushrif":{"id":148999,"name":"Mushrif","latitude":"22.62920000","longitude":"41.35670000"},"nughayshiyah":{"id":149000,"name":"Nughayshiyah","latitude":"21.21670000","longitude":"40.75000000"},"nuzlatalfaqin":{"id":149001,"name":"Nuzlat al Faqin","latitude":"22.00000000","longitude":"39.41670000"},"qiya":{"id":149002,"name":"Qiya","latitude":"21.06670000","longitude":"41.01670000"},"quwayzah":{"id":149003,"name":"Quwayzah","latitude":"21.49030000","longitude":"39.27670000"},"r\u0101bigh":{"id":102875,"name":"R\u0101bigh","latitude":"22.79856000","longitude":"39.03493000"},"rabwahghran":{"id":149004,"name":"Rabwah Ghran","latitude":"21.98330000","longitude":"39.41670000"},"raqiyah":{"id":149005,"name":"Raqiyah","latitude":"21.76670000","longitude":"40.35000000"},"sabuhah":{"id":149006,"name":"Sabuhah","latitude":"21.58330000","longitude":"40.11670000"},"shi`b`amir":{"id":149007,"name":"Shi`b `amir","latitude":"21.43330000","longitude":"39.83330000"},"shira`ayn":{"id":149008,"name":"Shira`ayn","latitude":"21.28330000","longitude":"40.78330000"},"sulaym":{"id":149009,"name":"Sulaym","latitude":"22.58330000","longitude":"39.63330000"},"sumaymah":{"id":149010,"name":"Sumaymah","latitude":"21.25000000","longitude":"39.16670000"},"suways":{"id":149011,"name":"Suways","latitude":"21.95000000","longitude":"39.96670000"},"ta\u0027if":{"id":102884,"name":"Ta\u0027if","latitude":"21.27028000","longitude":"40.41583000"},"tharwah":{"id":149013,"name":"Tharwah","latitude":"21.51670000","longitude":"39.61670000"},"thuwal":{"id":149014,"name":"Thuwal","latitude":"22.28333333","longitude":"39.10000000"},"turabah":{"id":102886,"name":"Turabah","latitude":"21.21406000","longitude":"41.63310000"},"usfan":{"id":149015,"name":"Usfan","latitude":"21.92306000","longitude":"39.35594000"},"wadialjalil":{"id":149016,"name":"Wadi al Jalil","latitude":"21.46670000","longitude":"39.85000000"}}},"najran":{"id":2860,"name":"Najran","state_code":"10","latitude":"18.35146640","longitude":"45.60071080","type":"region","cities":{"najr\u0101n":{"id":102869,"name":"Najr\u0101n","latitude":"17.49326000","longitude":"44.12766000"}}},"northernborders":{"id":2854,"name":"Northern Borders","state_code":"08","latitude":"30.07991620","longitude":"42.86378750","type":"region","cities":{"arar":{"id":102842,"name":"Arar","latitude":"30.97531000","longitude":"41.03808000"},"nisab":{"id":148586,"name":"Nisab","latitude":"29.19274000","longitude":"44.71598000"},"turaif":{"id":102887,"name":"Turaif","latitude":"31.67252000","longitude":"38.66374000"},"ummradamah":{"id":148587,"name":"Umm Radamah","latitude":"28.67985000","longitude":"44.69549000"}}},"riyadh":{"id":2849,"name":"Riyadh","state_code":"01","latitude":"22.75543850","longitude":"46.20915470","type":"region","cities":{"addaw\u0101dim\u012b":{"id":102808,"name":"Ad Daw\u0101dim\u012b","latitude":"24.50772000","longitude":"44.39237000"},"addilam":{"id":102809,"name":"Ad Dilam","latitude":"23.99104000","longitude":"47.16181000"},"afif":{"id":102811,"name":"Afif","latitude":"23.90650000","longitude":"42.91724000"},"ainalbaraha":{"id":102812,"name":"Ain AlBaraha","latitude":"24.75806000","longitude":"43.77389000"},"alar\u0163\u0101w\u012byah":{"id":102813,"name":"Al Ar\u0163\u0101w\u012byah","latitude":"26.50387000","longitude":"45.34813000"},"albir":{"id":149017,"name":"Al Bir","latitude":"25.30000000","longitude":"45.96670000"},"alhair":{"id":149018,"name":"Al Hair","latitude":"24.39072000","longitude":"46.98677000"},"aljurayfah":{"id":149019,"name":"Al Jurayfah","latitude":"25.52932000","longitude":"45.25644000"},"alkharj":{"id":102826,"name":"Al Kharj","latitude":"24.15541000","longitude":"47.33457000"},"arrayn":{"id":149020,"name":"Ar Rayn","latitude":"23.54995000","longitude":"45.50463000"},"assalamiyah":{"id":149021,"name":"As Salamiyah","latitude":"24.20154000","longitude":"47.28872000"},"assulayyil":{"id":102844,"name":"As Sulayyil","latitude":"20.46067000","longitude":"45.57792000"},"azzulf\u012b":{"id":102847,"name":"Az Zulf\u012b","latitude":"26.29945000","longitude":"44.81542000"},"dawadmi":{"id":149022,"name":"Dawadmi","latitude":"24.50772000","longitude":"44.39237000"},"diriyah":{"id":149023,"name":"Diriyah","latitude":"24.75187000","longitude":"46.53874000"},"harmah":{"id":149024,"name":"Harmah","latitude":"25.91666667","longitude":"45.33333333"},"jalajil":{"id":149025,"name":"Jalajil","latitude":"25.66666667","longitude":"45.45000000"},"layla":{"id":149026,"name":"Layla","latitude":"22.28330000","longitude":"46.73330000"},"manfuha":{"id":149027,"name":"Manfuha","latitude":"24.59611111","longitude":"46.72722222"},"mar\u0101t":{"id":102863,"name":"Mar\u0101t","latitude":"25.07064000","longitude":"45.45775000"},"najan":{"id":149028,"name":"Najan","latitude":"24.07746000","longitude":"47.16590000"},"riyadh":{"id":102874,"name":"Riyadh","latitude":"24.68773000","longitude":"46.72185000"},"s\u0101jir":{"id":102880,"name":"S\u0101jir","latitude":"25.18251000","longitude":"44.59964000"},"shokhaib\u064d":{"id":102893,"name":"shokhaib\u064d","latitude":"24.49023000","longitude":"46.26871000"},"tumayr":{"id":102885,"name":"Tumayr","latitude":"25.70347000","longitude":"45.86835000"}}},"tabuk":{"id":2852,"name":"Tabuk","state_code":"07","latitude":"28.24533350","longitude":"37.63866220","type":"region","cities":{"alwajh":{"id":102838,"name":"Al Wajh","latitude":"26.24551000","longitude":"36.45249000"},"duba":{"id":102853,"name":"Duba","latitude":"27.35134000","longitude":"35.69014000"},"tabuk":{"id":102881,"name":"Tabuk","latitude":"28.39980000","longitude":"36.57151000"},"ummlajj":{"id":102889,"name":"Umm Lajj","latitude":"25.02126000","longitude":"37.26850000"}}}}}