{"id":236,"name":"Uzbekistan","iso3":"UZB","iso2":"UZ","numeric_code":"860","phone_code":"998","capital":"Tashkent","currency":"UZS","currency_name":"Uzbekistani so\u02bbm","currency_symbol":"\u043b\u0432","tld":".uz","native":"O\u2018zbekiston","region":"Asia","region_id":3,"subregion":"Central Asia","subregion_id":10,"nationality":"Uzbekistani, Uzbek","timezones":[{"zoneName":"Asia/Samarkand","gmtOffset":18000,"gmtOffsetName":"UTC+05:00","abbreviation":"UZT","tzName":"Uzbekistan Time"},{"zoneName":"Asia/Tashkent","gmtOffset":18000,"gmtOffsetName":"UTC+05:00","abbreviation":"UZT","tzName":"Uzbekistan Time"}],"translations":{"ko":"\uc6b0\uc988\ubca0\ud0a4\uc2a4\ud0c4","pt-BR":"Uzbequist\u00e3o","pt":"Usbequist\u00e3o","nl":"Oezbekistan","hr":"Uzbekistan","fa":"\u0627\u0632\u0628\u06a9\u0633\u062a\u0627\u0646","de":"Usbekistan","es":"Uzbekist\u00e1n","fr":"Ouzb\u00e9kistan","ja":"\u30a6\u30ba\u30d9\u30ad\u30b9\u30bf\u30f3","it":"Uzbekistan","zh-CN":"\u4e4c\u5179\u522b\u514b\u65af\u5766","tr":"\u00d6zbekistan","ru":"\u0423\u0437\u0431\u0435\u043a\u0438\u0441\u0442\u0430\u043d","uk":"\u0423\u0437\u0431\u0435\u043a\u0438\u0441\u0442\u0430\u043d","pl":"Uzbekistan"},"latitude":"41.00000000","longitude":"64.00000000","emoji":"\ud83c\uddfa\ud83c\uddff","emojiU":"U+1F1FA U+1F1FF","states":{"andijanregion":{"id":2540,"name":"Andijan Region","state_code":"AN","latitude":"40.76859410","longitude":"72.23637900","type":null,"cities":{"andijon":{"id":129894,"name":"Andijon","latitude":"40.78206000","longitude":"72.34424000"},"andijontumani":{"id":129895,"name":"Andijon Tumani","latitude":"40.80000000","longitude":"72.41667000"},"asaka":{"id":129897,"name":"Asaka","latitude":"40.64153000","longitude":"72.23868000"},"asakatumani":{"id":129898,"name":"Asaka Tumani","latitude":"40.66667000","longitude":"72.25000000"},"baliqchitumani":{"id":129899,"name":"Baliqchi Tumani","latitude":"40.86667000","longitude":"72.00000000"},"bo\u2018ztumani":{"id":129908,"name":"Bo\u2018z Tumani","latitude":"40.66667000","longitude":"71.91667000"},"buloqboshitumani":{"id":129910,"name":"Buloqboshi Tumani","latitude":"40.61667000","longitude":"72.46667000"},"izboskantumani":{"id":129937,"name":"Izboskan Tumani","latitude":"40.91667000","longitude":"72.25000000"},"jalolkuduktumani":{"id":129938,"name":"Jalolkuduk Tumani","latitude":"40.75000000","longitude":"72.66667000"},"kh\u016djaobodtumani":{"id":129946,"name":"Kh\u016djaobod Tumani","latitude":"40.66667000","longitude":"72.58333000"},"marhamat":{"id":129956,"name":"Marhamat","latitude":"40.48048000","longitude":"72.31388000"},"marhamattumani":{"id":129957,"name":"Marhamat Tumani","latitude":"40.50000000","longitude":"72.31667000"},"oltink\u016dltumani":{"id":129971,"name":"Oltink\u016dl Tumani","latitude":"40.80000000","longitude":"72.16667000"},"pakhtaobodtumani":{"id":129973,"name":"Pakhtaobod Tumani","latitude":"40.93333000","longitude":"72.50000000"},"paxtaobod":{"id":129976,"name":"Paxtaobod","latitude":"40.92936000","longitude":"72.49687000"},"qo\u2018rg\u2018ontepa":{"id":129987,"name":"Qo\u2018rg\u2018ontepa","latitude":"40.73192000","longitude":"72.76177000"},"q\u016drghontepatumani":{"id":129990,"name":"Q\u016drghontepa Tumani","latitude":"40.75000000","longitude":"72.83333000"},"shahrikhontumani":{"id":129996,"name":"Shahrikhon Tumani","latitude":"40.71667000","longitude":"72.06667000"},"shahrixon":{"id":129998,"name":"Shahrixon","latitude":"40.71331000","longitude":"72.05706000"},"ulug\u2018nortumani":{"id":130012,"name":"Ulug\u2018nor Tumani","latitude":"40.75000000","longitude":"71.70000000"},"xo\u2018jaobod":{"id":130018,"name":"Xo\u2018jaobod","latitude":"40.66886000","longitude":"72.56002000"}}},"bukhararegion":{"id":2541,"name":"Bukhara Region","state_code":"BU","latitude":"40.25041620","longitude":"63.20321510","type":null,"cities":{"bukhara":{"id":129909,"name":"Bukhara","latitude":"39.77472000","longitude":"64.42861000"},"galaosiyo":{"id":129925,"name":"Galaosiyo","latitude":"39.85778000","longitude":"64.44833000"},"gazli":{"id":129926,"name":"Gazli","latitude":"40.13333000","longitude":"63.45000000"},"ghijduwon":{"id":129927,"name":"Ghijduwon","latitude":"40.10000000","longitude":"64.68333000"},"karakul\u2019":{"id":129942,"name":"Karakul\u2019","latitude":"39.53333000","longitude":"63.83333000"},"kogon":{"id":129950,"name":"Kogon","latitude":"39.72278000","longitude":"64.55167000"},"olot":{"id":129968,"name":"Olot","latitude":"39.41500000","longitude":"63.80333000"},"peshkutumani":{"id":129978,"name":"Peshku Tumani","latitude":"40.41667000","longitude":"63.83333000"},"qorako\u2019l":{"id":129984,"name":"Qorako\u2019l","latitude":"39.49944000","longitude":"63.85389000"},"qorovulbozor":{"id":129985,"name":"Qorovulbozor","latitude":"39.50056000","longitude":"64.79361000"},"romiton":{"id":129993,"name":"Romiton","latitude":"39.92944000","longitude":"64.37944000"},"shofirkon":{"id":129999,"name":"Shofirkon","latitude":"40.12000000","longitude":"64.50139000"},"wobkent":{"id":130016,"name":"Wobkent","latitude":"40.03028000","longitude":"64.51500000"},"wobkenttumani":{"id":130017,"name":"Wobkent Tumani","latitude":"40.00000000","longitude":"64.50000000"}}},"ferganaregion":{"id":2538,"name":"Fergana Region","state_code":"FA","latitude":"40.45680810","longitude":"71.28742090","type":null,"cities":{"beshariq":{"id":129903,"name":"Beshariq","latitude":"40.43583000","longitude":"70.61028000"},"fergana":{"id":129923,"name":"Fergana","latitude":"40.38421000","longitude":"71.78432000"},"hamza":{"id":129932,"name":"Hamza","latitude":"40.42762000","longitude":"71.50534000"},"kirguli":{"id":129948,"name":"Kirguli","latitude":"40.43553000","longitude":"71.76721000"},"marg\u2018ilon":{"id":129955,"name":"Marg\u2018ilon","latitude":"40.47237000","longitude":"71.72463000"},"oltiariq":{"id":129969,"name":"Oltiariq","latitude":"40.39194000","longitude":"71.47417000"},"qo\u2018qon":{"id":129986,"name":"Qo\u2018qon","latitude":"40.52861000","longitude":"70.94250000"},"quva":{"id":129988,"name":"Quva","latitude":"40.52204000","longitude":"72.07292000"},"quvasoy":{"id":129989,"name":"Quvasoy","latitude":"40.29721000","longitude":"71.98026000"},"rishton":{"id":129992,"name":"Rishton","latitude":"40.35667000","longitude":"71.28472000"},"shohimardon":{"id":130000,"name":"Shohimardon","latitude":"39.98322000","longitude":"71.80512000"},"so\u2018xtumani":{"id":130004,"name":"So\u2018x Tumani","latitude":"40.04417000","longitude":"71.09417000"},"toshloq":{"id":130008,"name":"Toshloq","latitude":"40.47722000","longitude":"71.76778000"},"yangimarg\u2018ilon":{"id":130019,"name":"Yangi Marg\u2018ilon","latitude":"40.42722000","longitude":"71.71889000"},"yaypan":{"id":130025,"name":"Yaypan","latitude":"40.37583000","longitude":"70.81556000"}}},"jizzakhregion":{"id":2545,"name":"Jizzakh Region","state_code":"JI","latitude":"40.47064150","longitude":"67.57085360","type":null,"cities":{"dashtobod":{"id":129919,"name":"Dashtobod","latitude":"40.12694000","longitude":"68.49444000"},"d\u016dstlik":{"id":129922,"name":"D\u016dstlik","latitude":"40.52472000","longitude":"68.03583000"},"gagarin":{"id":129924,"name":"Gagarin","latitude":"40.66194000","longitude":"68.17222000"},"jizzax":{"id":129939,"name":"Jizzax","latitude":"40.11583000","longitude":"67.84222000"},"paxtakor":{"id":129975,"name":"Paxtakor","latitude":"40.31528000","longitude":"67.95444000"},"zomin":{"id":130027,"name":"Zomin","latitude":"39.96056000","longitude":"68.39583000"}}},"karakalpakstan":{"id":2548,"name":"Karakalpakstan","state_code":"QR","latitude":"43.80413340","longitude":"59.44579880","type":null,"cities":{"beruniy":{"id":129902,"name":"Beruniy","latitude":"41.69111000","longitude":"60.75250000"},"kegeylishahar":{"id":129944,"name":"Kegeyli Shahar","latitude":"42.77667000","longitude":"59.60778000"},"kh\u016djayli":{"id":129947,"name":"Kh\u016djayli","latitude":"42.40043000","longitude":"59.46005000"},"manghit":{"id":129954,"name":"Manghit","latitude":"42.11556000","longitude":"60.05972000"},"m\u016dynoq":{"id":129959,"name":"M\u016dynoq","latitude":"43.76833000","longitude":"59.02139000"},"novyyturtkul\u2019":{"id":129963,"name":"Novyy Turtkul\u2019","latitude":"41.55000000","longitude":"61.01667000"},"nukus":{"id":129964,"name":"Nukus","latitude":"42.45306000","longitude":"59.61028000"},"oltinko\u2018l":{"id":129970,"name":"Oltinko\u2018l","latitude":"43.06874000","longitude":"58.90372000"}}},"namanganregion":{"id":2537,"name":"Namangan Region","state_code":"NG","latitude":"41.05100370","longitude":"71.09731700","type":null,"cities":{"chortoq":{"id":129917,"name":"Chortoq","latitude":"41.06924000","longitude":"71.82372000"},"chust":{"id":129918,"name":"Chust","latitude":"41.00329000","longitude":"71.23791000"},"haqqulobod":{"id":129933,"name":"Haqqulobod","latitude":"40.91667000","longitude":"72.11667000"},"kosonsoy":{"id":129952,"name":"Kosonsoy","latitude":"41.24944000","longitude":"71.54738000"},"namangan":{"id":129960,"name":"Namangan","latitude":"40.99830000","longitude":"71.67257000"},"pop":{"id":129980,"name":"Pop","latitude":"40.87361000","longitude":"71.10889000"},"to\u2018rqao\u2018rg\u2018on":{"id":130009,"name":"To\u2018rqao\u2018rg\u2018on","latitude":"40.99984000","longitude":"71.51162000"},"toshbuloq":{"id":130007,"name":"Toshbuloq","latitude":"40.91617000","longitude":"71.57819000"},"uchq\u016drghonshahri":{"id":130011,"name":"Uchq\u016drghon Shahri","latitude":"41.11371000","longitude":"72.07915000"},"uychi":{"id":130015,"name":"Uychi","latitude":"41.08073000","longitude":"71.92331000"},"yangiqo\u2018rg\u2018on":{"id":130021,"name":"Yangiqo\u2018rg\u2018on","latitude":"41.19474000","longitude":"71.72385000"}}},"navoiyregion":{"id":2542,"name":"Navoiy Region","state_code":"NW","latitude":"42.69885750","longitude":"64.63376850","type":null,"cities":{"navoiy":{"id":129961,"name":"Navoiy","latitude":"40.08444000","longitude":"65.37917000"},"nurota":{"id":129965,"name":"Nurota","latitude":"40.56139000","longitude":"65.68861000"},"qiziltepa":{"id":129983,"name":"Qiziltepa","latitude":"40.03306000","longitude":"64.85000000"},"yangirabot":{"id":130022,"name":"Yangirabot","latitude":"40.02539000","longitude":"65.96095000"}}},"qashqadaryoregion":{"id":2543,"name":"Qashqadaryo Region","state_code":"QA","latitude":"38.89862310","longitude":"66.04635340","type":null,"cities":{"beshkent":{"id":129904,"name":"Beshkent","latitude":"38.82139000","longitude":"65.65306000"},"chiroqchi":{"id":129916,"name":"Chiroqchi","latitude":"39.03361000","longitude":"66.57222000"},"g\u2018uzor":{"id":129931,"name":"G\u2018uzor","latitude":"38.62083000","longitude":"66.24806000"},"kitob":{"id":129949,"name":"Kitob","latitude":"39.08425000","longitude":"66.83318000"},"koson":{"id":129951,"name":"Koson","latitude":"39.03750000","longitude":"65.58500000"},"muborak":{"id":129958,"name":"Muborak","latitude":"39.25528000","longitude":"65.15278000"},"nishontumani":{"id":129962,"name":"Nishon Tumani","latitude":"38.69395000","longitude":"65.67512000"},"qarshi":{"id":129981,"name":"Qarshi","latitude":"38.86056000","longitude":"65.78905000"},"shahrisabz":{"id":129997,"name":"Shahrisabz","latitude":"39.05778000","longitude":"66.83417000"}}},"samarqandregion":{"id":2544,"name":"Samarqand Region","state_code":"SA","latitude":"39.62701200","longitude":"66.97497310","type":null,"cities":{"bulung\u2019ur":{"id":129911,"name":"Bulung\u2019ur","latitude":"39.76472000","longitude":"67.27139000"},"charxin":{"id":129912,"name":"Charxin","latitude":"39.69667000","longitude":"66.76861000"},"chelak":{"id":129913,"name":"Chelak","latitude":"39.92028000","longitude":"66.86111000"},"daxbet":{"id":129920,"name":"Daxbet","latitude":"39.76389000","longitude":"66.91250000"},"ishtixon":{"id":129935,"name":"Ishtixon","latitude":"39.96639000","longitude":"66.48611000"},"jomboy":{"id":129940,"name":"Jomboy","latitude":"39.69889000","longitude":"67.09333000"},"juma":{"id":129941,"name":"Juma","latitude":"39.71611000","longitude":"66.66417000"},"kattaqo\u2018rg\u2018on":{"id":129943,"name":"Kattaqo\u2018rg\u2018on","latitude":"39.89889000","longitude":"66.25611000"},"oqtosh":{"id":129972,"name":"Oqtosh","latitude":"39.92139000","longitude":"65.92528000"},"payshanba":{"id":129977,"name":"Payshanba","latitude":"40.00778000","longitude":"66.23694000"},"samarkand":{"id":129995,"name":"Samarkand","latitude":"39.65417000","longitude":"66.95972000"},"urgut":{"id":130014,"name":"Urgut","latitude":"39.40222000","longitude":"67.24306000"}}},"sirdaryoregion":{"id":2547,"name":"Sirdaryo Region","state_code":"SI","latitude":"40.38638080","longitude":"68.71549750","type":null,"cities":{"guliston":{"id":129928,"name":"Guliston","latitude":"40.48972000","longitude":"68.78417000"},"sirdaryo":{"id":130003,"name":"Sirdaryo","latitude":"40.84361000","longitude":"68.66167000"},"yangiyer":{"id":130023,"name":"Yangiyer","latitude":"40.27500000","longitude":"68.82250000"}}},"surxondaryoregion":{"id":2546,"name":"Surxondaryo Region","state_code":"SU","latitude":"37.94090050","longitude":"67.57085360","type":null,"cities":{"boysun":{"id":129906,"name":"Boysun","latitude":"38.20835000","longitude":"67.20664000"},"denov":{"id":129921,"name":"Denov","latitude":"38.26746000","longitude":"67.89886000"},"sho\u2018rchi":{"id":130002,"name":"Sho\u2018rchi","latitude":"37.99944000","longitude":"67.78750000"},"tirmiz":{"id":130006,"name":"Tirmiz","latitude":"37.22417000","longitude":"67.27833000"}}},"tashkent":{"id":2536,"name":"Tashkent","state_code":"TK","latitude":"41.29949580","longitude":"69.24007340","type":null,"cities":{"bektemir":{"id":129901,"name":"Bektemir","latitude":"41.20972000","longitude":"69.33417000"},"tashkent":{"id":130005,"name":"Tashkent","latitude":"41.26465000","longitude":"69.21627000"}}},"tashkentregion":{"id":2549,"name":"Tashkent Region","state_code":"TO","latitude":"41.22132340","longitude":"69.85974060","type":null,"cities":{"angren":{"id":129896,"name":"Angren","latitude":"41.01667000","longitude":"70.14361000"},"bekobod":{"id":129900,"name":"Bekobod","latitude":"40.22083000","longitude":"69.26972000"},"bo\u2018ka":{"id":129907,"name":"Bo\u2018ka","latitude":"40.81108000","longitude":"69.19417000"},"chinoz":{"id":129914,"name":"Chinoz","latitude":"40.93633000","longitude":"68.76128000"},"chirchiq":{"id":129915,"name":"Chirchiq","latitude":"41.46889000","longitude":"69.58222000"},"g\u2018azalkent":{"id":129930,"name":"G\u2018azalkent","latitude":"41.55806000","longitude":"69.77083000"},"iskandar":{"id":129936,"name":"Iskandar","latitude":"41.55389000","longitude":"69.70083000"},"kyzyldzhar":{"id":129953,"name":"Kyzyldzhar","latitude":"41.56667000","longitude":"70.01667000"},"ohangaron":{"id":129966,"name":"Ohangaron","latitude":"40.90639000","longitude":"69.63833000"},"olmaliq":{"id":129967,"name":"Olmaliq","latitude":"40.84472000","longitude":"69.59833000"},"parkent":{"id":129974,"name":"Parkent","latitude":"41.29444000","longitude":"69.67639000"},"piskent":{"id":129979,"name":"Piskent","latitude":"40.89722000","longitude":"69.35056000"},"qibray":{"id":129982,"name":"Qibray","latitude":"41.38972000","longitude":"69.46500000"},"salor":{"id":129994,"name":"Salor","latitude":"41.37222000","longitude":"69.38167000"},"t\u016dytepa":{"id":130010,"name":"T\u016dytepa","latitude":"41.03210000","longitude":"69.36253000"},"\u016crtaowul":{"id":130028,"name":"\u016crtaowul","latitude":"41.18667000","longitude":"69.14528000"},"yangiobod":{"id":130020,"name":"Yangiobod","latitude":"41.11919000","longitude":"70.09406000"},"yangiy\u016dl":{"id":130024,"name":"Yangiy\u016dl","latitude":"41.11202000","longitude":"69.04710000"},"zafar":{"id":130026,"name":"Zafar","latitude":"40.98333000","longitude":"68.90000000"}}},"xorazmregion":{"id":2539,"name":"Xorazm Region","state_code":"XO","latitude":"41.35653360","longitude":"60.85666860","type":null,"cities":{"boghottumani":{"id":129905,"name":"Boghot Tumani","latitude":"41.31495000","longitude":"60.85327000"},"gurlan":{"id":129929,"name":"Gurlan","latitude":"41.84472000","longitude":"60.39194000"},"hazorasp":{"id":129934,"name":"Hazorasp","latitude":"41.31944000","longitude":"61.07417000"},"khiwa":{"id":129945,"name":"Khiwa","latitude":"41.37833000","longitude":"60.36389000"},"q\u016dshk\u016dpir":{"id":129991,"name":"Q\u016dshk\u016dpir","latitude":"41.53500000","longitude":"60.34556000"},"showot":{"id":130001,"name":"Showot","latitude":"41.65583000","longitude":"60.30250000"},"urganch":{"id":130013,"name":"Urganch","latitude":"41.55000000","longitude":"60.63333000"}}}}}