{"id":22,"name":"Belgium","iso3":"BEL","iso2":"BE","numeric_code":"056","phone_code":"32","capital":"Brussels","currency":"EUR","currency_name":"Euro","currency_symbol":"\u20ac","tld":".be","native":"Belgi\u00eb","region":"Europe","region_id":4,"subregion":"Western Europe","subregion_id":17,"nationality":"Belgian","timezones":[{"zoneName":"Europe/Brussels","gmtOffset":3600,"gmtOffsetName":"UTC+01:00","abbreviation":"CET","tzName":"Central European Time"}],"translations":{"ko":"\ubca8\uae30\uc5d0","pt-BR":"B\u00e9lgica","pt":"B\u00e9lgica","nl":"Belgi\u00eb","hr":"Belgija","fa":"\u0628\u0644\u0698\u06cc\u06a9","de":"Belgien","es":"B\u00e9lgica","fr":"Belgique","ja":"\u30d9\u30eb\u30ae\u30fc","it":"Belgio","zh-CN":"\u6bd4\u5229\u65f6","tr":"Bel\u00e7ika","ru":"\u0411\u0435\u043b\u044c\u0433\u0438\u044f","uk":"\u0411\u0435\u043b\u044c\u0433\u0456\u044f","pl":"Belgia"},"latitude":"50.83333333","longitude":"4.00000000","emoji":"\ud83c\udde7\ud83c\uddea","emojiU":"U+1F1E7 U+1F1EA","states":{"antwerp":{"id":1381,"name":"Antwerp","state_code":"VAN","latitude":"51.21944750","longitude":"4.40246430","type":null},"brussels-capitalregion":{"id":1376,"name":"Brussels-Capital Region","state_code":"BRU","latitude":"50.85034630","longitude":"4.35172110","type":null,"cities":{"brussels":{"id":8693,"name":"Brussels","latitude":"50.85045000","longitude":"4.34878000"}}},"eastflanders":{"id":1377,"name":"East Flanders","state_code":"VOV","latitude":"51.03621010","longitude":"3.73731240","type":null},"flanders":{"id":1373,"name":"Flanders","state_code":"VLG","latitude":"51.01087060","longitude":"3.72646130","type":null,"cities":{"aalst":{"id":8608,"name":"Aalst","latitude":"50.93604000","longitude":"4.03550000"},"aalter":{"id":8609,"name":"Aalter","latitude":"51.09017000","longitude":"3.44693000"},"aarschot":{"id":8610,"name":"Aarschot","latitude":"50.98715000","longitude":"4.83695000"},"aartselaar":{"id":8611,"name":"Aartselaar","latitude":"51.13412000","longitude":"4.38678000"},"alken":{"id":8613,"name":"Alken","latitude":"50.87553000","longitude":"5.30558000"},"alveringem":{"id":8614,"name":"Alveringem","latitude":"51.01238000","longitude":"2.71117000"},"antwerpen":{"id":8623,"name":"Antwerpen","latitude":"51.21989000","longitude":"4.40346000"},"anzegem":{"id":8624,"name":"Anzegem","latitude":"50.83700000","longitude":"3.47786000"},"ardooie":{"id":8625,"name":"Ardooie","latitude":"50.97570000","longitude":"3.19736000"},"arendonk":{"id":8626,"name":"Arendonk","latitude":"51.32267000","longitude":"5.08289000"},"as":{"id":8628,"name":"As","latitude":"51.00755000","longitude":"5.58453000"},"asse":{"id":8629,"name":"Asse","latitude":"50.91011000","longitude":"4.19836000"},"assenede":{"id":8630,"name":"Assenede","latitude":"51.22598000","longitude":"3.75085000"},"avelgem":{"id":8636,"name":"Avelgem","latitude":"50.77618000","longitude":"3.44502000"},"baarle-hertog":{"id":8639,"name":"Baarle-Hertog","latitude":"51.40504000","longitude":"4.89226000"},"balen":{"id":8641,"name":"Balen","latitude":"51.16837000","longitude":"5.17027000"},"beernem":{"id":8648,"name":"Beernem","latitude":"51.13981000","longitude":"3.33896000"},"beerse":{"id":8649,"name":"Beerse","latitude":"51.31927000","longitude":"4.85304000"},"beersel":{"id":8650,"name":"Beersel","latitude":"50.76589000","longitude":"4.30020000"},"begijnendijk":{"id":8651,"name":"Begijnendijk","latitude":"51.01942000","longitude":"4.78377000"},"bekkevoort":{"id":8652,"name":"Bekkevoort","latitude":"50.94074000","longitude":"4.96900000"},"beringen":{"id":8654,"name":"Beringen","latitude":"51.04954000","longitude":"5.22606000"},"berlaar":{"id":8655,"name":"Berlaar","latitude":"51.11760000","longitude":"4.65835000"},"berlare":{"id":8656,"name":"Berlare","latitude":"51.03333000","longitude":"4.00000000"},"bertem":{"id":8659,"name":"Bertem","latitude":"50.86403000","longitude":"4.62918000"},"bever":{"id":8662,"name":"Bever","latitude":"50.91667000","longitude":"4.31667000"},"beveren":{"id":8663,"name":"Beveren","latitude":"51.21187000","longitude":"4.25633000"},"bierbeek":{"id":8665,"name":"Bierbeek","latitude":"50.82876000","longitude":"4.75949000"},"bilzen":{"id":8666,"name":"Bilzen","latitude":"50.87325000","longitude":"5.51840000"},"blankenberge":{"id":8669,"name":"Blankenberge","latitude":"51.31306000","longitude":"3.13227000"},"bocholt":{"id":8671,"name":"Bocholt","latitude":"51.17337000","longitude":"5.57994000"},"boechout":{"id":8672,"name":"Boechout","latitude":"51.15959000","longitude":"4.49195000"},"bonheiden":{"id":8673,"name":"Bonheiden","latitude":"51.02261000","longitude":"4.54714000"},"boom":{"id":8674,"name":"Boom","latitude":"51.09242000","longitude":"4.37170000"},"boortmeerbeek":{"id":8675,"name":"Boortmeerbeek","latitude":"50.97929000","longitude":"4.57443000"},"borgloon":{"id":8676,"name":"Borgloon","latitude":"50.80505000","longitude":"5.34366000"},"bornem":{"id":8677,"name":"Bornem","latitude":"51.09716000","longitude":"4.24364000"},"borsbeek":{"id":8678,"name":"Borsbeek","latitude":"51.19661000","longitude":"4.48543000"},"boutersem":{"id":8681,"name":"Boutersem","latitude":"50.83511000","longitude":"4.83450000"},"brasschaat":{"id":8686,"name":"Brasschaat","latitude":"51.29120000","longitude":"4.49182000"},"brecht":{"id":8687,"name":"Brecht","latitude":"51.35024000","longitude":"4.63829000"},"bredene":{"id":8688,"name":"Bredene","latitude":"51.23489000","longitude":"2.97559000"},"bree":{"id":8689,"name":"Bree","latitude":"51.14152000","longitude":"5.59690000"},"brugge":{"id":8691,"name":"Brugge","latitude":"51.20892000","longitude":"3.22424000"},"buggenhout":{"id":8694,"name":"Buggenhout","latitude":"51.01590000","longitude":"4.20173000"},"damme":{"id":8718,"name":"Damme","latitude":"51.25147000","longitude":"3.28144000"},"dehaan":{"id":8720,"name":"De Haan","latitude":"51.27261000","longitude":"3.03446000"},"depanne":{"id":8721,"name":"De Panne","latitude":"51.09793000","longitude":"2.59368000"},"depinte":{"id":8722,"name":"De Pinte","latitude":"50.99339000","longitude":"3.64747000"},"deerlijk":{"id":8723,"name":"Deerlijk","latitude":"50.85337000","longitude":"3.35416000"},"deinze":{"id":8724,"name":"Deinze","latitude":"50.98175000","longitude":"3.53096000"},"denderleeuw":{"id":8725,"name":"Denderleeuw","latitude":"50.88506000","longitude":"4.07601000"},"dendermonde":{"id":8726,"name":"Dendermonde","latitude":"51.02869000","longitude":"4.10106000"},"dentergem":{"id":8727,"name":"Dentergem","latitude":"50.96429000","longitude":"3.41617000"},"dessel":{"id":8728,"name":"Dessel","latitude":"51.23855000","longitude":"5.11448000"},"destelbergen":{"id":8729,"name":"Destelbergen","latitude":"51.05952000","longitude":"3.79899000"},"deurne":{"id":8730,"name":"Deurne","latitude":"51.22134000","longitude":"4.46595000"},"diegem":{"id":8731,"name":"Diegem","latitude":"50.89727000","longitude":"4.43354000"},"diepenbeek":{"id":8732,"name":"Diepenbeek","latitude":"50.90769000","longitude":"5.41875000"},"diest":{"id":8733,"name":"Diest","latitude":"50.98923000","longitude":"5.05062000"},"diksmuide":{"id":8734,"name":"Diksmuide","latitude":"51.03248000","longitude":"2.86384000"},"dilbeek":{"id":8735,"name":"Dilbeek","latitude":"50.84799000","longitude":"4.25972000"},"drogenbos":{"id":8741,"name":"Drogenbos","latitude":"50.78733000","longitude":"4.31471000"},"duffel":{"id":8742,"name":"Duffel","latitude":"51.09554000","longitude":"4.50903000"},"edegem":{"id":8744,"name":"Edegem","latitude":"51.15662000","longitude":"4.44504000"},"eeklo":{"id":8745,"name":"Eeklo","latitude":"51.18703000","longitude":"3.55654000"},"essen":{"id":8751,"name":"Essen","latitude":"51.46791000","longitude":"4.46901000"},"evergem":{"id":8755,"name":"Evergem","latitude":"51.11306000","longitude":"3.70976000"},"galmaarden":{"id":8773,"name":"Galmaarden","latitude":"50.75389000","longitude":"3.97121000"},"gavere":{"id":8774,"name":"Gavere","latitude":"50.92917000","longitude":"3.66184000"},"geel":{"id":8776,"name":"Geel","latitude":"51.16557000","longitude":"4.98917000"},"geetbets":{"id":8778,"name":"Geetbets","latitude":"50.89431000","longitude":"5.11199000"},"genk":{"id":8781,"name":"Genk","latitude":"50.96500000","longitude":"5.50082000"},"gent":{"id":8782,"name":"Gent","latitude":"51.05000000","longitude":"3.71667000"},"geraardsbergen":{"id":8783,"name":"Geraardsbergen","latitude":"50.77343000","longitude":"3.88223000"},"gingelom":{"id":8786,"name":"Gingelom","latitude":"50.74792000","longitude":"5.13422000"},"gistel":{"id":8787,"name":"Gistel","latitude":"51.15612000","longitude":"2.96387000"},"glabbeek":{"id":8788,"name":"Glabbeek","latitude":"50.87267000","longitude":"4.95615000"},"gooik":{"id":8789,"name":"Gooik","latitude":"50.79443000","longitude":"4.11378000"},"grimbergen":{"id":8792,"name":"Grimbergen","latitude":"50.93409000","longitude":"4.37213000"},"grobbendonk":{"id":8793,"name":"Grobbendonk","latitude":"51.19043000","longitude":"4.73562000"},"haacht":{"id":8794,"name":"Haacht","latitude":"50.97737000","longitude":"4.63777000"},"haaltert":{"id":8795,"name":"Haaltert","latitude":"50.90634000","longitude":"4.00093000"},"halen":{"id":8797,"name":"Halen","latitude":"50.94837000","longitude":"5.11096000"},"halle":{"id":8798,"name":"Halle","latitude":"50.73385000","longitude":"4.23454000"},"hamme":{"id":8799,"name":"Hamme","latitude":"51.09822000","longitude":"4.13705000"},"harelbeke":{"id":8803,"name":"Harelbeke","latitude":"50.85343000","longitude":"3.30935000"},"hasselt":{"id":8804,"name":"Hasselt","latitude":"50.93106000","longitude":"5.33781000"},"heers":{"id":8807,"name":"Heers","latitude":"50.75383000","longitude":"5.30210000"},"heist-op-den-berg":{"id":8808,"name":"Heist-op-den-Berg","latitude":"51.07537000","longitude":"4.72827000"},"helchteren":{"id":8809,"name":"Helchteren","latitude":"51.05591000","longitude":"5.38244000"},"hemiksem":{"id":8810,"name":"Hemiksem","latitude":"51.14484000","longitude":"4.33874000"},"herent":{"id":8813,"name":"Herent","latitude":"50.90861000","longitude":"4.67056000"},"herentals":{"id":8814,"name":"Herentals","latitude":"51.17655000","longitude":"4.83248000"},"herenthout":{"id":8815,"name":"Herenthout","latitude":"51.14010000","longitude":"4.75572000"},"herk-de-stad":{"id":8816,"name":"Herk-de-Stad","latitude":"50.94013000","longitude":"5.16636000"},"herne":{"id":8817,"name":"Herne","latitude":"50.72423000","longitude":"4.03481000"},"herselt":{"id":8818,"name":"Herselt","latitude":"51.05159000","longitude":"4.88231000"},"herzele":{"id":8821,"name":"Herzele","latitude":"50.88681000","longitude":"3.89014000"},"heusden":{"id":8822,"name":"Heusden","latitude":"51.03664000","longitude":"5.28013000"},"hoboken":{"id":8823,"name":"Hoboken","latitude":"51.17611000","longitude":"4.34844000"},"hoegaarden":{"id":8824,"name":"Hoegaarden","latitude":"50.77560000","longitude":"4.88952000"},"hoeilaart":{"id":8825,"name":"Hoeilaart","latitude":"50.76730000","longitude":"4.46835000"},"hoeselt":{"id":8826,"name":"Hoeselt","latitude":"50.84714000","longitude":"5.48767000"},"holsbeek":{"id":8827,"name":"Holsbeek","latitude":"50.92097000","longitude":"4.75747000"},"hooglede":{"id":8828,"name":"Hooglede","latitude":"50.98333000","longitude":"3.08333000"},"hoogstraten":{"id":8829,"name":"Hoogstraten","latitude":"51.40029000","longitude":"4.76034000"},"houthalen":{"id":8832,"name":"Houthalen","latitude":"51.03427000","longitude":"5.37429000"},"houthulst":{"id":8833,"name":"Houthulst","latitude":"50.97824000","longitude":"2.95050000"},"hove":{"id":8835,"name":"Hove","latitude":"51.15446000","longitude":"4.47070000"},"huldenberg":{"id":8836,"name":"Huldenberg","latitude":"50.78939000","longitude":"4.58310000"},"hulshout":{"id":8837,"name":"Hulshout","latitude":"51.07451000","longitude":"4.79081000"},"ichtegem":{"id":8840,"name":"Ichtegem","latitude":"51.09572000","longitude":"3.01549000"},"ieper":{"id":8841,"name":"Ieper","latitude":"50.85114000","longitude":"2.88569000"},"ingelmunster":{"id":8843,"name":"Ingelmunster","latitude":"50.92081000","longitude":"3.25571000"},"izegem":{"id":8845,"name":"Izegem","latitude":"50.91396000","longitude":"3.21378000"},"jabbeke":{"id":8846,"name":"Jabbeke","latitude":"51.18185000","longitude":"3.08935000"},"kalmthout":{"id":8851,"name":"Kalmthout","latitude":"51.38442000","longitude":"4.47556000"},"kampenhout":{"id":8852,"name":"Kampenhout","latitude":"50.94210000","longitude":"4.55103000"},"kapelle-op-den-bos":{"id":8853,"name":"Kapelle-op-den-Bos","latitude":"51.00970000","longitude":"4.36303000"},"kapellen":{"id":8854,"name":"Kapellen","latitude":"51.31377000","longitude":"4.43539000"},"kaprijke":{"id":8855,"name":"Kaprijke","latitude":"51.21720000","longitude":"3.61519000"},"kasterlee":{"id":8856,"name":"Kasterlee","latitude":"51.24118000","longitude":"4.96651000"},"keerbergen":{"id":8857,"name":"Keerbergen","latitude":"51.00295000","longitude":"4.63434000"},"kinrooi":{"id":8858,"name":"Kinrooi","latitude":"51.14543000","longitude":"5.74207000"},"knesselare":{"id":8859,"name":"Knesselare","latitude":"51.13932000","longitude":"3.41282000"},"knokke-heist":{"id":8860,"name":"Knokke-Heist","latitude":"51.35000000","longitude":"3.26667000"},"koekelare":{"id":8861,"name":"Koekelare","latitude":"51.09047000","longitude":"2.97830000"},"koksijde":{"id":8862,"name":"Koksijde","latitude":"51.11642000","longitude":"2.63772000"},"kontich":{"id":8863,"name":"Kontich","latitude":"51.13213000","longitude":"4.44706000"},"kortemark":{"id":8864,"name":"Kortemark","latitude":"51.02951000","longitude":"3.04112000"},"kortenaken":{"id":8865,"name":"Kortenaken","latitude":"50.90862000","longitude":"5.05968000"},"kortenberg":{"id":8866,"name":"Kortenberg","latitude":"50.88982000","longitude":"4.54353000"},"kortessem":{"id":8867,"name":"Kortessem","latitude":"50.85890000","longitude":"5.38974000"},"kortrijk":{"id":8868,"name":"Kortrijk","latitude":"50.82803000","longitude":"3.26487000"},"kraainem":{"id":8869,"name":"Kraainem","latitude":"50.86155000","longitude":"4.46946000"},"kruibeke":{"id":8870,"name":"Kruibeke","latitude":"51.17048000","longitude":"4.31444000"},"kruishoutem":{"id":8871,"name":"Kruishoutem","latitude":"50.90168000","longitude":"3.52588000"},"kuurne":{"id":8872,"name":"Kuurne","latitude":"50.85143000","longitude":"3.28240000"},"laarne":{"id":8878,"name":"Laarne","latitude":"51.03078000","longitude":"3.85077000"},"lanaken":{"id":8879,"name":"Lanaken","latitude":"50.89318000","longitude":"5.64680000"},"landen":{"id":8880,"name":"Landen","latitude":"50.75267000","longitude":"5.08200000"},"lebbeke":{"id":8881,"name":"Lebbeke","latitude":"51.00464000","longitude":"4.13457000"},"lede":{"id":8882,"name":"Lede","latitude":"50.96626000","longitude":"3.98594000"},"ledeberg":{"id":8883,"name":"Ledeberg","latitude":"51.03859000","longitude":"3.74458000"},"ledegem":{"id":8884,"name":"Ledegem","latitude":"50.85785000","longitude":"3.12409000"},"lendelede":{"id":8885,"name":"Lendelede","latitude":"50.88626000","longitude":"3.23747000"},"leopoldsburg":{"id":8887,"name":"Leopoldsburg","latitude":"51.11667000","longitude":"5.25000000"},"leuven":{"id":8889,"name":"Leuven","latitude":"50.87959000","longitude":"4.70093000"},"lichtervelde":{"id":8891,"name":"Lichtervelde","latitude":"51.03333000","longitude":"3.15000000"},"liedekerke":{"id":8892,"name":"Liedekerke","latitude":"50.86892000","longitude":"4.08743000"},"lier":{"id":8893,"name":"Lier","latitude":"51.13128000","longitude":"4.57041000"},"lille":{"id":8895,"name":"Lille","latitude":"51.24197000","longitude":"4.82313000"},"linkebeek":{"id":8898,"name":"Linkebeek","latitude":"50.76781000","longitude":"4.33688000"},"lint":{"id":8899,"name":"Lint","latitude":"51.12707000","longitude":"4.49669000"},"lochristi":{"id":8902,"name":"Lochristi","latitude":"51.09644000","longitude":"3.83194000"},"lokeren":{"id":8903,"name":"Lokeren","latitude":"51.10364000","longitude":"3.99339000"},"lommel":{"id":8904,"name":"Lommel","latitude":"51.23074000","longitude":"5.31349000"},"londerzeel":{"id":8905,"name":"Londerzeel","latitude":"51.00468000","longitude":"4.30304000"},"lovendegem":{"id":8908,"name":"Lovendegem","latitude":"51.10168000","longitude":"3.61298000"},"lubbeek":{"id":8909,"name":"Lubbeek","latitude":"50.88278000","longitude":"4.83896000"},"lummen":{"id":8910,"name":"Lummen","latitude":"50.98772000","longitude":"5.19121000"},"maaseik":{"id":8912,"name":"Maaseik","latitude":"51.09802000","longitude":"5.78379000"},"maasmechelen":{"id":8913,"name":"Maasmechelen","latitude":"50.96545000","longitude":"5.69452000"},"machelen":{"id":8914,"name":"Machelen","latitude":"50.91061000","longitude":"4.44174000"},"maldegem":{"id":8915,"name":"Maldegem","latitude":"51.20737000","longitude":"3.44511000"},"mechelen":{"id":8922,"name":"Mechelen","latitude":"51.02574000","longitude":"4.47762000"},"meerhout":{"id":8923,"name":"Meerhout","latitude":"51.13210000","longitude":"5.07842000"},"meise":{"id":8924,"name":"Meise","latitude":"50.93934000","longitude":"4.32655000"},"melle":{"id":8926,"name":"Melle","latitude":"51.00232000","longitude":"3.80526000"},"menen":{"id":8927,"name":"Menen","latitude":"50.79722000","longitude":"3.12245000"},"merchtem":{"id":8929,"name":"Merchtem","latitude":"50.95129000","longitude":"4.23197000"},"merelbeke":{"id":8930,"name":"Merelbeke","latitude":"50.99447000","longitude":"3.74621000"},"merksplas":{"id":8931,"name":"Merksplas","latitude":"51.35851000","longitude":"4.86513000"},"meulebeke":{"id":8934,"name":"Meulebeke","latitude":"50.95136000","longitude":"3.28804000"},"middelkerke":{"id":8935,"name":"Middelkerke","latitude":"51.18532000","longitude":"2.82077000"},"moerbeke":{"id":8937,"name":"Moerbeke","latitude":"51.17409000","longitude":"3.93001000"},"mol":{"id":8938,"name":"Mol","latitude":"51.19188000","longitude":"5.11662000"},"moorslede":{"id":8943,"name":"Moorslede","latitude":"50.89190000","longitude":"3.06117000"},"mortsel":{"id":8945,"name":"Mortsel","latitude":"51.16697000","longitude":"4.45127000"},"nazareth":{"id":8951,"name":"Nazareth","latitude":"50.95686000","longitude":"3.59425000"},"neerpelt":{"id":8952,"name":"Neerpelt","latitude":"51.22807000","longitude":"5.44270000"},"nevele":{"id":8954,"name":"Nevele","latitude":"51.03531000","longitude":"3.54574000"},"niel":{"id":8955,"name":"Niel","latitude":"51.11096000","longitude":"4.33428000"},"nieuwerkerken":{"id":8956,"name":"Nieuwerkerken","latitude":"50.86380000","longitude":"5.19467000"},"nieuwpoort":{"id":8957,"name":"Nieuwpoort","latitude":"51.13008000","longitude":"2.75135000"},"nijlen":{"id":8958,"name":"Nijlen","latitude":"51.16096000","longitude":"4.67008000"},"ninove":{"id":8959,"name":"Ninove","latitude":"50.82776000","longitude":"4.02657000"},"olen":{"id":8963,"name":"Olen","latitude":"51.14391000","longitude":"4.85980000"},"oostduinkerke":{"id":8966,"name":"Oostduinkerke","latitude":"51.11565000","longitude":"2.68217000"},"oosterzele":{"id":8967,"name":"Oosterzele","latitude":"50.95261000","longitude":"3.79826000"},"oostkamp":{"id":8968,"name":"Oostkamp","latitude":"51.15432000","longitude":"3.23128000"},"oostmalle":{"id":8969,"name":"Oostmalle","latitude":"51.30000000","longitude":"4.73333000"},"oostrozebeke":{"id":8970,"name":"Oostrozebeke","latitude":"50.92093000","longitude":"3.33799000"},"opglabbeek":{"id":8971,"name":"Opglabbeek","latitude":"51.04258000","longitude":"5.58346000"},"opwijk":{"id":8972,"name":"Opwijk","latitude":"50.96724000","longitude":"4.18442000"},"ostend":{"id":8974,"name":"Ostend","latitude":"51.21551000","longitude":"2.92700000"},"oud-heverlee":{"id":8976,"name":"Oud-Heverlee","latitude":"50.83522000","longitude":"4.66421000"},"oud-turnhout":{"id":8977,"name":"Oud-Turnhout","latitude":"51.31978000","longitude":"4.98410000"},"oudenaarde":{"id":8978,"name":"Oudenaarde","latitude":"50.85168000","longitude":"3.60891000"},"oudenburg":{"id":8979,"name":"Oudenburg","latitude":"51.18489000","longitude":"3.00035000"},"overijse":{"id":8982,"name":"Overijse","latitude":"50.77436000","longitude":"4.53461000"},"overpelt":{"id":8983,"name":"Overpelt","latitude":"51.21038000","longitude":"5.41557000"},"peer":{"id":8986,"name":"Peer","latitude":"51.13030000","longitude":"5.45952000"},"pepingen":{"id":8987,"name":"Pepingen","latitude":"50.75922000","longitude":"4.15983000"},"perre":{"id":8989,"name":"Perre","latitude":"50.88914000","longitude":"3.86098000"},"pittem":{"id":8992,"name":"Pittem","latitude":"50.99279000","longitude":"3.26317000"},"poperinge":{"id":8995,"name":"Poperinge","latitude":"50.85386000","longitude":"2.72659000"},"provincieantwerpen":{"id":9002,"name":"Provincie Antwerpen","latitude":"51.16558000","longitude":"4.83402000"},"provincielimburg":{"id":9003,"name":"Provincie Limburg","latitude":"51.00000000","longitude":"5.50000000"},"provincieoost-vlaanderen":{"id":9004,"name":"Provincie Oost-Vlaanderen","latitude":"51.00000000","longitude":"3.75000000"},"provincievlaams-brabant":{"id":9005,"name":"Provincie Vlaams-Brabant","latitude":"50.91667000","longitude":"4.58333000"},"provinciewest-vlaanderen":{"id":9006,"name":"Provincie West-Vlaanderen","latitude":"51.00000000","longitude":"3.00000000"},"putte":{"id":9007,"name":"Putte","latitude":"51.05337000","longitude":"4.63263000"},"puurs":{"id":9008,"name":"Puurs","latitude":"51.07409000","longitude":"4.28844000"},"ranst":{"id":9015,"name":"Ranst","latitude":"51.18983000","longitude":"4.56533000"},"ravels":{"id":9016,"name":"Ravels","latitude":"51.37274000","longitude":"4.99210000"},"retie":{"id":9020,"name":"Retie","latitude":"51.26652000","longitude":"5.08242000"},"riemst":{"id":9021,"name":"Riemst","latitude":"50.80995000","longitude":"5.60131000"},"rijkevorsel":{"id":9022,"name":"Rijkevorsel","latitude":"51.34795000","longitude":"4.76053000"},"roeselare":{"id":9025,"name":"Roeselare","latitude":"50.94653000","longitude":"3.12269000"},"ronse":{"id":9027,"name":"Ronse","latitude":"50.74574000","longitude":"3.60050000"},"rotselaar":{"id":9028,"name":"Rotselaar","latitude":"50.95302000","longitude":"4.71665000"},"ruiselede":{"id":9030,"name":"Ruiselede","latitude":"51.04039000","longitude":"3.39416000"},"rumst":{"id":9032,"name":"Rumst","latitude":"51.08153000","longitude":"4.42217000"},"schelle":{"id":9039,"name":"Schelle","latitude":"51.12615000","longitude":"4.34114000"},"schilde":{"id":9040,"name":"Schilde","latitude":"51.24107000","longitude":"4.58336000"},"schoten":{"id":9041,"name":"Schoten","latitude":"51.25251000","longitude":"4.50268000"},"sint-amands":{"id":9045,"name":"Sint-Amands","latitude":"51.05645000","longitude":"4.20957000"},"sint-genesius-rode":{"id":9046,"name":"Sint-Genesius-Rode","latitude":"50.74645000","longitude":"4.35754000"},"sint-gillis-waas":{"id":9047,"name":"Sint-Gillis-Waas","latitude":"51.21914000","longitude":"4.12374000"},"sint-joris":{"id":9048,"name":"Sint-Joris","latitude":"50.87117000","longitude":"5.27200000"},"sint-katelijne-waver":{"id":9049,"name":"Sint-Katelijne-Waver","latitude":"51.06691000","longitude":"4.53469000"},"sint-kruis":{"id":9050,"name":"Sint-Kruis","latitude":"51.21399000","longitude":"3.24949000"},"sint-laureins":{"id":9051,"name":"Sint-Laureins","latitude":"51.24202000","longitude":"3.52441000"},"sint-lievens-houtem":{"id":9052,"name":"Sint-Lievens-Houtem","latitude":"50.91970000","longitude":"3.86225000"},"sint-maria-lierde":{"id":9053,"name":"Sint-Maria-Lierde","latitude":"50.81867000","longitude":"3.84436000"},"sint-martens-latem":{"id":9054,"name":"Sint-Martens-Latem","latitude":"51.01459000","longitude":"3.63779000"},"sint-martens-lennik":{"id":9055,"name":"Sint-Martens-Lennik","latitude":"50.81158000","longitude":"4.16965000"},"sint-niklaas":{"id":9056,"name":"Sint-Niklaas","latitude":"51.16509000","longitude":"4.14370000"},"sint-pieters-leeuw":{"id":9057,"name":"Sint-Pieters-Leeuw","latitude":"50.77926000","longitude":"4.24355000"},"sint-pieters-voeren":{"id":9058,"name":"Sint-Pieters-Voeren","latitude":"50.73863000","longitude":"5.82224000"},"sint-truiden":{"id":9059,"name":"Sint-Truiden","latitude":"50.81679000","longitude":"5.18647000"},"stabroek":{"id":9066,"name":"Stabroek","latitude":"51.33189000","longitude":"4.37127000"},"staden":{"id":9067,"name":"Staden","latitude":"50.97456000","longitude":"3.01469000"},"steenokkerzeel":{"id":9069,"name":"Steenokkerzeel","latitude":"50.91851000","longitude":"4.50989000"},"stekene":{"id":9070,"name":"Stekene","latitude":"51.20990000","longitude":"4.03651000"},"temse":{"id":9073,"name":"Temse","latitude":"51.12794000","longitude":"4.21372000"},"terkoest":{"id":9075,"name":"Terkoest","latitude":"50.89832000","longitude":"5.27623000"},"ternat":{"id":9076,"name":"Ternat","latitude":"50.86654000","longitude":"4.16682000"},"tervuren":{"id":9077,"name":"Tervuren","latitude":"50.82372000","longitude":"4.51418000"},"tessenderlo":{"id":9078,"name":"Tessenderlo","latitude":"51.06513000","longitude":"5.08856000"},"tielt":{"id":9081,"name":"Tielt","latitude":"50.99931000","longitude":"3.32707000"},"tienen":{"id":9082,"name":"Tienen","latitude":"50.80745000","longitude":"4.93780000"},"tongeren":{"id":9085,"name":"Tongeren","latitude":"50.78054000","longitude":"5.46484000"},"torhout":{"id":9086,"name":"Torhout","latitude":"51.06560000","longitude":"3.10085000"},"tremelo":{"id":9088,"name":"Tremelo","latitude":"50.99231000","longitude":"4.70807000"},"turnhout":{"id":9092,"name":"Turnhout","latitude":"51.32254000","longitude":"4.94471000"},"veurne":{"id":9096,"name":"Veurne","latitude":"51.07316000","longitude":"2.66803000"},"vilvoorde":{"id":9100,"name":"Vilvoorde","latitude":"50.92814000","longitude":"4.42938000"},"vorselaar":{"id":9103,"name":"Vorselaar","latitude":"51.20243000","longitude":"4.77259000"},"vosselaar":{"id":9104,"name":"Vosselaar","latitude":"51.30856000","longitude":"4.88960000"},"waarschoot":{"id":9105,"name":"Waarschoot","latitude":"51.15250000","longitude":"3.60500000"},"waasmunster":{"id":9106,"name":"Waasmunster","latitude":"51.10572000","longitude":"4.08573000"},"wachtebeke":{"id":9107,"name":"Wachtebeke","latitude":"51.16852000","longitude":"3.87183000"},"waregem":{"id":9112,"name":"Waregem","latitude":"50.88898000","longitude":"3.42756000"},"wellen":{"id":9118,"name":"Wellen","latitude":"50.84096000","longitude":"5.33867000"},"wemmel":{"id":9120,"name":"Wemmel","latitude":"50.90812000","longitude":"4.30613000"},"wenduine":{"id":9121,"name":"Wenduine","latitude":"51.29830000","longitude":"3.08213000"},"wervik":{"id":9122,"name":"Wervik","latitude":"50.78069000","longitude":"3.03854000"},"westerlo":{"id":9123,"name":"Westerlo","latitude":"51.09049000","longitude":"4.91544000"},"wetteren":{"id":9124,"name":"Wetteren","latitude":"51.00526000","longitude":"3.88341000"},"wevelgem":{"id":9125,"name":"Wevelgem","latitude":"50.80000000","longitude":"3.16667000"},"wezembeek-oppem":{"id":9126,"name":"Wezembeek-Oppem","latitude":"50.83950000","longitude":"4.49427000"},"wichelen":{"id":9127,"name":"Wichelen","latitude":"51.00526000","longitude":"3.97683000"},"wielsbeke":{"id":9128,"name":"Wielsbeke","latitude":"50.90000000","longitude":"3.36667000"},"wijnegem":{"id":9129,"name":"Wijnegem","latitude":"51.22787000","longitude":"4.51895000"},"willebroek":{"id":9130,"name":"Willebroek","latitude":"51.06041000","longitude":"4.36019000"},"wingene":{"id":9131,"name":"Wingene","latitude":"51.05782000","longitude":"3.27359000"},"wommelgem":{"id":9132,"name":"Wommelgem","latitude":"51.20452000","longitude":"4.52250000"},"wuustwezel":{"id":9133,"name":"Wuustwezel","latitude":"51.39214000","longitude":"4.59546000"},"zandhoven":{"id":9135,"name":"Zandhoven","latitude":"51.21488000","longitude":"4.66164000"},"zaventem":{"id":9136,"name":"Zaventem","latitude":"50.88365000","longitude":"4.47298000"},"zedelgem":{"id":9137,"name":"Zedelgem","latitude":"51.14236000","longitude":"3.13680000"},"zeebrugge":{"id":9138,"name":"Zeebrugge","latitude":"51.32901000","longitude":"3.18188000"},"zele":{"id":9139,"name":"Zele","latitude":"51.06566000","longitude":"4.04030000"},"zelzate":{"id":9140,"name":"Zelzate","latitude":"51.18963000","longitude":"3.80777000"},"zemst":{"id":9141,"name":"Zemst","latitude":"50.98318000","longitude":"4.46079000"},"zingem":{"id":9142,"name":"Zingem","latitude":"50.90409000","longitude":"3.65305000"},"zoersel":{"id":9143,"name":"Zoersel","latitude":"51.26825000","longitude":"4.71296000"},"zomergem":{"id":9144,"name":"Zomergem","latitude":"51.11994000","longitude":"3.56496000"},"zonhoven":{"id":9145,"name":"Zonhoven","latitude":"50.99064000","longitude":"5.36819000"},"zonnebeke":{"id":9146,"name":"Zonnebeke","latitude":"50.87260000","longitude":"2.98725000"},"zottegem":{"id":9147,"name":"Zottegem","latitude":"50.86955000","longitude":"3.81052000"},"zoutleeuw":{"id":9148,"name":"Zoutleeuw","latitude":"50.83316000","longitude":"5.10376000"},"zuienkerke":{"id":9149,"name":"Zuienkerke","latitude":"51.26511000","longitude":"3.15506000"},"zulte":{"id":9150,"name":"Zulte","latitude":"50.91954000","longitude":"3.44859000"},"zutendaal":{"id":9151,"name":"Zutendaal","latitude":"50.93306000","longitude":"5.57530000"},"zwevegem":{"id":9152,"name":"Zwevegem","latitude":"50.81268000","longitude":"3.33848000"},"zwijndrecht":{"id":9153,"name":"Zwijndrecht","latitude":"51.21979000","longitude":"4.32664000"}}},"flemishbrabant":{"id":1374,"name":"Flemish Brabant","state_code":"VBR","latitude":"50.88154340","longitude":"4.56459700","type":null},"hainaut":{"id":1375,"name":"Hainaut","state_code":"WHT","latitude":"50.52570760","longitude":"4.06210170","type":null},"li\u00e8ge":{"id":1384,"name":"Li\u00e8ge","state_code":"WLG","latitude":"50.63255740","longitude":"5.57966620","type":null},"limburg":{"id":1372,"name":"Limburg","state_code":"VLI","latitude":null,"longitude":null,"type":null},"luxembourg":{"id":1379,"name":"Luxembourg","state_code":"WLX","latitude":"49.96500000","longitude":"5.50100000","type":null},"namur":{"id":1378,"name":"Namur","state_code":"WNA","latitude":"50.46738830","longitude":"4.87198540","type":null},"wallonia":{"id":1380,"name":"Wallonia","state_code":"WAL","latitude":"50.41756370","longitude":"4.45100660","type":null,"cities":{"aiseau":{"id":8612,"name":"Aiseau","latitude":"50.41158000","longitude":"4.58671000"},"amay":{"id":8615,"name":"Amay","latitude":"50.54829000","longitude":"5.30974000"},"ambl\u00e8ve":{"id":8616,"name":"Ambl\u00e8ve","latitude":"50.35357000","longitude":"6.17002000"},"andenne":{"id":8617,"name":"Andenne","latitude":"50.48941000","longitude":"5.09513000"},"anderlues":{"id":8618,"name":"Anderlues","latitude":"50.40704000","longitude":"4.27136000"},"anh\u00e9e":{"id":8619,"name":"Anh\u00e9e","latitude":"50.31039000","longitude":"4.87827000"},"ans":{"id":8620,"name":"Ans","latitude":"50.66230000","longitude":"5.52029000"},"anthisnes":{"id":8621,"name":"Anthisnes","latitude":"50.48323000","longitude":"5.51900000"},"antoing":{"id":8622,"name":"Antoing","latitude":"50.56765000","longitude":"3.44920000"},"arlon":{"id":8627,"name":"Arlon","latitude":"49.68333000","longitude":"5.81667000"},"assesse":{"id":8631,"name":"Assesse","latitude":"50.36934000","longitude":"5.02204000"},"ath":{"id":8632,"name":"Ath","latitude":"50.62937000","longitude":"3.77801000"},"attert":{"id":8633,"name":"Attert","latitude":"49.75035000","longitude":"5.78634000"},"aubange":{"id":8634,"name":"Aubange","latitude":"49.56652000","longitude":"5.80492000"},"aubel":{"id":8635,"name":"Aubel","latitude":"50.70189000","longitude":"5.85812000"},"awans":{"id":8637,"name":"Awans","latitude":"50.66774000","longitude":"5.46329000"},"aywaille":{"id":8638,"name":"Aywaille","latitude":"50.47411000","longitude":"5.67684000"},"baelen":{"id":8640,"name":"Baelen","latitude":"50.63131000","longitude":"5.97433000"},"basselasne":{"id":8642,"name":"Basse Lasne","latitude":"50.69503000","longitude":"4.49218000"},"bassenge":{"id":8643,"name":"Bassenge","latitude":"50.75883000","longitude":"5.60989000"},"bastogne":{"id":8644,"name":"Bastogne","latitude":"50.00347000","longitude":"5.71844000"},"beaumont":{"id":8645,"name":"Beaumont","latitude":"50.23699000","longitude":"4.23926000"},"beauraing":{"id":8646,"name":"Beauraing","latitude":"50.11042000","longitude":"4.95554000"},"beauvechain":{"id":8647,"name":"Beauvechain","latitude":"50.78195000","longitude":"4.77180000"},"beloeil":{"id":8653,"name":"Beloeil","latitude":"50.55047000","longitude":"3.73484000"},"berloz":{"id":8657,"name":"Berloz","latitude":"50.69829000","longitude":"5.21236000"},"bernissart":{"id":8658,"name":"Bernissart","latitude":"50.47460000","longitude":"3.64961000"},"bertogne":{"id":8660,"name":"Bertogne","latitude":"50.08364000","longitude":"5.66689000"},"bertrix":{"id":8661,"name":"Bertrix","latitude":"49.85596000","longitude":"5.25539000"},"beyne-heusay":{"id":8664,"name":"Beyne-Heusay","latitude":"50.62251000","longitude":"5.66508000"},"bi\u00e8vre":{"id":8668,"name":"Bi\u00e8vre","latitude":"49.94085000","longitude":"5.01591000"},"binche":{"id":8667,"name":"Binche","latitude":"50.41155000","longitude":"4.16469000"},"bl\u00e9gny":{"id":8670,"name":"Bl\u00e9gny","latitude":"50.67255000","longitude":"5.72508000"},"bouillon":{"id":8679,"name":"Bouillon","latitude":"49.79324000","longitude":"5.06703000"},"boussu":{"id":8680,"name":"Boussu","latitude":"50.43417000","longitude":"3.79440000"},"braine-l\u0027alleud":{"id":8682,"name":"Braine-l\u0027Alleud","latitude":"50.68363000","longitude":"4.36784000"},"braine-le-ch\u00e2teau":{"id":8683,"name":"Braine-le-Ch\u00e2teau","latitude":"50.67990000","longitude":"4.27385000"},"braine-le-comte":{"id":8684,"name":"Braine-le-Comte","latitude":"50.60979000","longitude":"4.14658000"},"braives":{"id":8685,"name":"Braives","latitude":"50.61745000","longitude":"5.13302000"},"brugelette":{"id":8690,"name":"Brugelette","latitude":"50.59577000","longitude":"3.85363000"},"brunehault":{"id":8692,"name":"Brunehault","latitude":"50.50524000","longitude":"4.43209000"},"bullange":{"id":8695,"name":"Bullange","latitude":"50.40731000","longitude":"6.25749000"},"burdinne":{"id":8696,"name":"Burdinne","latitude":"50.58454000","longitude":"5.07663000"},"butgenbach":{"id":8697,"name":"Butgenbach","latitude":"50.42689000","longitude":"6.20504000"},"celles":{"id":8698,"name":"Celles","latitude":"50.71229000","longitude":"3.45733000"},"cerfontaine":{"id":8699,"name":"Cerfontaine","latitude":"50.17047000","longitude":"4.41028000"},"chapelle-lez-herlaimont":{"id":8700,"name":"Chapelle-lez-Herlaimont","latitude":"50.47130000","longitude":"4.28227000"},"charleroi":{"id":8701,"name":"Charleroi","latitude":"50.41136000","longitude":"4.44448000"},"chastre-villeroux-blanmont":{"id":8702,"name":"Chastre-Villeroux-Blanmont","latitude":"50.60857000","longitude":"4.64198000"},"ch\u00e2telet":{"id":8708,"name":"Ch\u00e2telet","latitude":"50.40338000","longitude":"4.52826000"},"chaudfontaine":{"id":8703,"name":"Chaudfontaine","latitude":"50.58280000","longitude":"5.63410000"},"chaumont-gistoux":{"id":8704,"name":"Chaumont-Gistoux","latitude":"50.67753000","longitude":"4.72120000"},"chi\u00e8vres":{"id":8707,"name":"Chi\u00e8vres","latitude":"50.58787000","longitude":"3.80711000"},"chimay":{"id":8705,"name":"Chimay","latitude":"50.04856000","longitude":"4.31712000"},"chiny":{"id":8706,"name":"Chiny","latitude":"49.73833000","longitude":"5.34104000"},"ciney":{"id":8709,"name":"Ciney","latitude":"50.29449000","longitude":"5.10015000"},"clavier":{"id":8710,"name":"Clavier","latitude":"50.40069000","longitude":"5.35154000"},"colfontaine":{"id":8711,"name":"Colfontaine","latitude":"50.41410000","longitude":"3.85569000"},"comblain-au-pont":{"id":8712,"name":"Comblain-au-Pont","latitude":"50.47488000","longitude":"5.57711000"},"courcelles":{"id":8713,"name":"Courcelles","latitude":"50.46379000","longitude":"4.37470000"},"court-saint-\u00c9tienne":{"id":8714,"name":"Court-Saint-\u00c9tienne","latitude":"50.63378000","longitude":"4.56851000"},"couvin":{"id":8715,"name":"Couvin","latitude":"50.05284000","longitude":"4.49495000"},"crisn\u00e9e":{"id":8716,"name":"Crisn\u00e9e","latitude":"50.71703000","longitude":"5.39802000"},"dalhem":{"id":8717,"name":"Dalhem","latitude":"50.71315000","longitude":"5.72774000"},"daverdisse":{"id":8719,"name":"Daverdisse","latitude":"50.02161000","longitude":"5.11811000"},"dinant":{"id":8736,"name":"Dinant","latitude":"50.25807000","longitude":"4.91166000"},"dison":{"id":8737,"name":"Dison","latitude":"50.61004000","longitude":"5.85340000"},"doische":{"id":8738,"name":"Doische","latitude":"50.13356000","longitude":"4.73545000"},"donceel":{"id":8739,"name":"Donceel","latitude":"50.64827000","longitude":"5.32000000"},"dour":{"id":8740,"name":"Dour","latitude":"50.39583000","longitude":"3.77792000"},"durbuy":{"id":8743,"name":"Durbuy","latitude":"50.35291000","longitude":"5.45631000"},"\u00c9caussinnes-d\u2019enghien":{"id":9154,"name":"\u00c9caussinnes-d\u2019Enghien","latitude":"50.56822000","longitude":"4.16580000"},"\u00c9ghez\u00e9e":{"id":9155,"name":"\u00c9ghez\u00e9e","latitude":"50.59076000","longitude":"4.91175000"},"ellezelles":{"id":8746,"name":"Ellezelles","latitude":"50.73512000","longitude":"3.67985000"},"enghien":{"id":8747,"name":"Enghien","latitude":"50.68373000","longitude":"4.03284000"},"engis":{"id":8748,"name":"Engis","latitude":"50.58156000","longitude":"5.39916000"},"\u00c9rez\u00e9e":{"id":9156,"name":"\u00c9rez\u00e9e","latitude":"50.29292000","longitude":"5.55815000"},"erquelinnes":{"id":8749,"name":"Erquelinnes","latitude":"50.30688000","longitude":"4.11129000"},"esneux":{"id":8750,"name":"Esneux","latitude":"50.53596000","longitude":"5.56775000"},"estaimpuis":{"id":8752,"name":"Estaimpuis","latitude":"50.70485000","longitude":"3.26785000"},"estinnes-au-val":{"id":8753,"name":"Estinnes-au-Val","latitude":"50.41016000","longitude":"4.10477000"},"\u00c9talle":{"id":9157,"name":"\u00c9talle","latitude":"49.67385000","longitude":"5.60019000"},"eupen":{"id":8754,"name":"Eupen","latitude":"50.62790000","longitude":"6.03647000"},"faimes":{"id":8756,"name":"Faimes","latitude":"50.66252000","longitude":"5.26005000"},"farciennes":{"id":8757,"name":"Farciennes","latitude":"50.43006000","longitude":"4.54152000"},"fauvillers":{"id":8758,"name":"Fauvillers","latitude":"49.85116000","longitude":"5.66405000"},"ferri\u00e8res":{"id":8759,"name":"Ferri\u00e8res","latitude":"50.40157000","longitude":"5.61092000"},"fexhe-le-haut-clocher":{"id":8760,"name":"Fexhe-le-Haut-Clocher","latitude":"50.66540000","longitude":"5.39978000"},"fl\u00e9malle-haute":{"id":8766,"name":"Fl\u00e9malle-Haute","latitude":"50.59994000","longitude":"5.44471000"},"fl\u00e9ron":{"id":8767,"name":"Fl\u00e9ron","latitude":"50.61516000","longitude":"5.68062000"},"fleurus":{"id":8761,"name":"Fleurus","latitude":"50.48351000","longitude":"4.55006000"},"flobecq":{"id":8762,"name":"Flobecq","latitude":"50.73733000","longitude":"3.73876000"},"floreffe":{"id":8763,"name":"Floreffe","latitude":"50.43452000","longitude":"4.75960000"},"florennes":{"id":8764,"name":"Florennes","latitude":"50.25127000","longitude":"4.60636000"},"florenville":{"id":8765,"name":"Florenville","latitude":"49.69983000","longitude":"5.30740000"},"forville":{"id":8768,"name":"Forville","latitude":"50.57424000","longitude":"4.99861000"},"fosses-la-ville":{"id":8769,"name":"Fosses-la-Ville","latitude":"50.39517000","longitude":"4.69623000"},"frameries":{"id":8770,"name":"Frameries","latitude":"50.40578000","longitude":"3.89603000"},"frasnes-lez-buissenal":{"id":8771,"name":"Frasnes-lez-Buissenal","latitude":"50.66783000","longitude":"3.62047000"},"froidchapelle":{"id":8772,"name":"Froidchapelle","latitude":"50.15106000","longitude":"4.32742000"},"gedinne":{"id":8775,"name":"Gedinne","latitude":"49.98037000","longitude":"4.93674000"},"geer":{"id":8777,"name":"Geer","latitude":"50.66990000","longitude":"5.17364000"},"gembloux":{"id":8779,"name":"Gembloux","latitude":"50.56149000","longitude":"4.69889000"},"genappe":{"id":8780,"name":"Genappe","latitude":"50.61173000","longitude":"4.45152000"},"gerpinnes":{"id":8784,"name":"Gerpinnes","latitude":"50.33789000","longitude":"4.52731000"},"gesves":{"id":8785,"name":"Gesves","latitude":"50.40146000","longitude":"5.07457000"},"gouvy":{"id":8790,"name":"Gouvy","latitude":"50.18600000","longitude":"5.93917000"},"grez-doiceau":{"id":8791,"name":"Grez-Doiceau","latitude":"50.73901000","longitude":"4.69829000"},"habay-la-vieille":{"id":8796,"name":"Habay-la-Vieille","latitude":"49.72329000","longitude":"5.61999000"},"hamoir":{"id":8800,"name":"Hamoir","latitude":"50.42675000","longitude":"5.53304000"},"hamois":{"id":8801,"name":"Hamois","latitude":"50.34020000","longitude":"5.15619000"},"hannut":{"id":8802,"name":"Hannut","latitude":"50.67142000","longitude":"5.07898000"},"hasti\u00e8re-lavaux":{"id":8805,"name":"Hasti\u00e8re-Lavaux","latitude":"50.21849000","longitude":"4.82446000"},"havelange":{"id":8806,"name":"Havelange","latitude":"50.38931000","longitude":"5.23816000"},"hensies":{"id":8811,"name":"Hensies","latitude":"50.43263000","longitude":"3.68411000"},"herbeumont":{"id":8812,"name":"Herbeumont","latitude":"49.78086000","longitude":"5.23580000"},"h\u00e9ron":{"id":8839,"name":"H\u00e9ron","latitude":"50.54731000","longitude":"5.09774000"},"herstal":{"id":8819,"name":"Herstal","latitude":"50.66415000","longitude":"5.62346000"},"herve":{"id":8820,"name":"Herve","latitude":"50.64083000","longitude":"5.79353000"},"hotton":{"id":8830,"name":"Hotton","latitude":"50.26742000","longitude":"5.44609000"},"houffalize":{"id":8831,"name":"Houffalize","latitude":"50.13235000","longitude":"5.78962000"},"houyet":{"id":8834,"name":"Houyet","latitude":"50.18619000","longitude":"5.00762000"},"huy":{"id":8838,"name":"Huy","latitude":"50.51894000","longitude":"5.23284000"},"incourt":{"id":8842,"name":"Incourt","latitude":"50.69151000","longitude":"4.79816000"},"ittre":{"id":8844,"name":"Ittre","latitude":"50.64396000","longitude":"4.26476000"},"jalhay":{"id":8847,"name":"Jalhay","latitude":"50.55876000","longitude":"5.96764000"},"jodoigne":{"id":8848,"name":"Jodoigne","latitude":"50.72357000","longitude":"4.86914000"},"juprelle":{"id":8849,"name":"Juprelle","latitude":"50.70760000","longitude":"5.53127000"},"jurbise":{"id":8850,"name":"Jurbise","latitude":"50.53100000","longitude":"3.90942000"},"labruy\u00e8re":{"id":8873,"name":"La Bruy\u00e8re","latitude":"50.39478000","longitude":"4.61444000"},"lacalamine":{"id":8874,"name":"La Calamine","latitude":"50.71809000","longitude":"6.01107000"},"lahulpe":{"id":8875,"name":"La Hulpe","latitude":"50.73091000","longitude":"4.48577000"},"lalouvi\u00e8re":{"id":8876,"name":"La Louvi\u00e8re","latitude":"50.48657000","longitude":"4.18785000"},"laroche-en-ardenne":{"id":8877,"name":"La Roche-en-Ardenne","latitude":"50.18361000","longitude":"5.57547000"},"l\u00e9glise":{"id":8911,"name":"L\u00e9glise","latitude":"49.79985000","longitude":"5.53652000"},"lens":{"id":8886,"name":"Lens","latitude":"50.55696000","longitude":"3.89946000"},"lessines":{"id":8888,"name":"Lessines","latitude":"50.71104000","longitude":"3.83579000"},"libin":{"id":8890,"name":"Libin","latitude":"49.98107000","longitude":"5.25612000"},"li\u00e8ge":{"id":8900,"name":"Li\u00e8ge","latitude":"50.63373000","longitude":"5.56749000"},"lierneux":{"id":8894,"name":"Lierneux","latitude":"50.28477000","longitude":"5.79236000"},"limbourg":{"id":8896,"name":"Limbourg","latitude":"50.61222000","longitude":"5.94120000"},"lincent":{"id":8897,"name":"Lincent","latitude":"50.71222000","longitude":"5.03654000"},"lobbes":{"id":8901,"name":"Lobbes","latitude":"50.35258000","longitude":"4.26716000"},"lontzen":{"id":8906,"name":"Lontzen","latitude":"50.68126000","longitude":"6.00712000"},"louvain-la-neuve":{"id":8907,"name":"Louvain-la-Neuve","latitude":"50.66829000","longitude":"4.61443000"},"malm\u00e9dy":{"id":8916,"name":"Malm\u00e9dy","latitude":"50.42686000","longitude":"6.02794000"},"manage":{"id":8917,"name":"Manage","latitude":"50.50312000","longitude":"4.23589000"},"manhay":{"id":8918,"name":"Manhay","latitude":"50.29219000","longitude":"5.67562000"},"marche-en-famenne":{"id":8919,"name":"Marche-en-Famenne","latitude":"50.22678000","longitude":"5.34416000"},"marchin":{"id":8920,"name":"Marchin","latitude":"50.46707000","longitude":"5.24280000"},"martelange":{"id":8921,"name":"Martelange","latitude":"49.83195000","longitude":"5.73655000"},"meix-devant-virton":{"id":8925,"name":"Meix-devant-Virton","latitude":"49.60581000","longitude":"5.48045000"},"merbes-le-ch\u00e2teau":{"id":8928,"name":"Merbes-le-Ch\u00e2teau","latitude":"50.32449000","longitude":"4.16489000"},"messancy":{"id":8932,"name":"Messancy","latitude":"49.59201000","longitude":"5.81879000"},"mettet":{"id":8933,"name":"Mettet","latitude":"50.32119000","longitude":"4.66232000"},"modave":{"id":8936,"name":"Modave","latitude":"50.44614000","longitude":"5.29532000"},"momignies":{"id":8939,"name":"Momignies","latitude":"50.02710000","longitude":"4.16519000"},"mons":{"id":8940,"name":"Mons","latitude":"50.45413000","longitude":"3.95229000"},"mons-lez-li\u00e8ge":{"id":8941,"name":"Mons-lez-Li\u00e8ge","latitude":"50.61667000","longitude":"5.46667000"},"mont-saint-guibert":{"id":8942,"name":"Mont-Saint-Guibert","latitude":"50.63427000","longitude":"4.61061000"},"morlanwelz-mariemont":{"id":8944,"name":"Morlanwelz-Mariemont","latitude":"50.45502000","longitude":"4.24519000"},"mouscron":{"id":8946,"name":"Mouscron","latitude":"50.74497000","longitude":"3.20639000"},"musson":{"id":8947,"name":"Musson","latitude":"49.55835000","longitude":"5.70525000"},"namur":{"id":8948,"name":"Namur","latitude":"50.46690000","longitude":"4.86746000"},"nandrin":{"id":8949,"name":"Nandrin","latitude":"50.50675000","longitude":"5.41905000"},"nassogne":{"id":8950,"name":"Nassogne","latitude":"50.12849000","longitude":"5.34274000"},"neufch\u00e2teau":{"id":8953,"name":"Neufch\u00e2teau","latitude":"49.84074000","longitude":"5.43535000"},"nivelles":{"id":8960,"name":"Nivelles","latitude":"50.59833000","longitude":"4.32848000"},"noville-les-bois":{"id":8961,"name":"Noville-les-Bois","latitude":"50.55702000","longitude":"4.98466000"},"ohey":{"id":8962,"name":"Ohey","latitude":"50.43570000","longitude":"5.12375000"},"olne":{"id":8964,"name":"Olne","latitude":"50.58994000","longitude":"5.74662000"},"onhaye":{"id":8965,"name":"Onhaye","latitude":"50.24148000","longitude":"4.84069000"},"oreye":{"id":8973,"name":"Oreye","latitude":"50.71749000","longitude":"5.34880000"},"ottignies":{"id":8975,"name":"Ottignies","latitude":"50.66535000","longitude":"4.56679000"},"ouffet":{"id":8980,"name":"Ouffet","latitude":"50.43870000","longitude":"5.46570000"},"oupeye":{"id":8981,"name":"Oupeye","latitude":"50.71184000","longitude":"5.64680000"},"paliseul":{"id":8984,"name":"Paliseul","latitude":"49.90395000","longitude":"5.13537000"},"pecq":{"id":8985,"name":"Pecq","latitude":"50.68619000","longitude":"3.33789000"},"pepinster":{"id":8988,"name":"Pepinster","latitude":"50.57375000","longitude":"5.80490000"},"p\u00e9ruwelz":{"id":9009,"name":"P\u00e9ruwelz","latitude":"50.50819000","longitude":"3.59373000"},"perwez":{"id":8990,"name":"Perwez","latitude":"50.62426000","longitude":"4.81354000"},"philippeville":{"id":8991,"name":"Philippeville","latitude":"50.19612000","longitude":"4.54374000"},"plombi\u00e8res":{"id":8993,"name":"Plombi\u00e8res","latitude":"50.73656000","longitude":"5.95922000"},"pont-\u00e0-celles":{"id":8994,"name":"Pont-\u00e0-Celles","latitude":"50.50518000","longitude":"4.36887000"},"profondeville":{"id":8996,"name":"Profondeville","latitude":"50.37581000","longitude":"4.86506000"},"provincedeli\u00e8ge":{"id":8997,"name":"Province de Li\u00e8ge","latitude":"50.63427000","longitude":"5.56543000"},"provincedenamur":{"id":8998,"name":"Province de Namur","latitude":"50.33333000","longitude":"4.83333000"},"provincedubrabantwallon":{"id":8999,"name":"Province du Brabant Wallon","latitude":"50.75000000","longitude":"4.58333000"},"provinceduhainaut":{"id":9000,"name":"Province du Hainaut","latitude":"50.50000000","longitude":"3.83333000"},"quaregnon":{"id":9010,"name":"Quaregnon","latitude":"50.44067000","longitude":"3.86530000"},"qu\u00e9vy-le-petit":{"id":9012,"name":"Qu\u00e9vy-le-Petit","latitude":"50.36879000","longitude":"3.93602000"},"qui\u00e9vrain":{"id":9011,"name":"Qui\u00e9vrain","latitude":"50.40737000","longitude":"3.68351000"},"raeren":{"id":9013,"name":"Raeren","latitude":"50.66720000","longitude":"6.11535000"},"ramillies":{"id":9014,"name":"Ramillies","latitude":"50.63395000","longitude":"4.90119000"},"rebecq-rognon":{"id":9017,"name":"Rebecq-Rognon","latitude":"50.65147000","longitude":"4.10683000"},"remicourt":{"id":9018,"name":"Remicourt","latitude":"50.68069000","longitude":"5.32785000"},"rendeux":{"id":9019,"name":"Rendeux","latitude":"50.23423000","longitude":"5.50414000"},"rixensart":{"id":9023,"name":"Rixensart","latitude":"50.71229000","longitude":"4.52529000"},"rochefort":{"id":9024,"name":"Rochefort","latitude":"50.16310000","longitude":"5.22160000"},"roeulx":{"id":9026,"name":"Roeulx","latitude":"50.50365000","longitude":"4.11163000"},"rouvroy":{"id":9029,"name":"Rouvroy","latitude":"49.53771000","longitude":"5.49031000"},"rumes":{"id":9031,"name":"Rumes","latitude":"50.55450000","longitude":"3.30535000"},"saint-ghislain":{"id":9033,"name":"Saint-Ghislain","latitude":"50.44816000","longitude":"3.81886000"},"saint-hubert":{"id":9034,"name":"Saint-Hubert","latitude":"50.02668000","longitude":"5.37401000"},"saint-l\u00e9ger":{"id":9035,"name":"Saint-L\u00e9ger","latitude":"49.61196000","longitude":"5.65688000"},"saint-nicolas":{"id":9036,"name":"Saint-Nicolas","latitude":"50.62837000","longitude":"5.53243000"},"saint-vith":{"id":9037,"name":"Saint-Vith","latitude":"50.28146000","longitude":"6.12724000"},"sainte-ode":{"id":9038,"name":"Sainte-Ode","latitude":"50.01723000","longitude":"5.51926000"},"seneffe":{"id":9042,"name":"Seneffe","latitude":"50.53135000","longitude":"4.26301000"},"seraing":{"id":9043,"name":"Seraing","latitude":"50.58362000","longitude":"5.50115000"},"silly":{"id":9044,"name":"Silly","latitude":"50.64877000","longitude":"3.92363000"},"soignies":{"id":9060,"name":"Soignies","latitude":"50.57904000","longitude":"4.07129000"},"sombreffe":{"id":9061,"name":"Sombreffe","latitude":"50.52865000","longitude":"4.60087000"},"somme-leuze":{"id":9062,"name":"Somme-Leuze","latitude":"50.33699000","longitude":"5.36705000"},"soumagne":{"id":9063,"name":"Soumagne","latitude":"50.61385000","longitude":"5.74679000"},"spa":{"id":9064,"name":"Spa","latitude":"50.48375000","longitude":"5.86674000"},"sprimont":{"id":9065,"name":"Sprimont","latitude":"50.50922000","longitude":"5.65950000"},"stavelot":{"id":9068,"name":"Stavelot","latitude":"50.39500000","longitude":"5.93124000"},"stoumont":{"id":9071,"name":"Stoumont","latitude":"50.40667000","longitude":"5.80838000"},"tellin":{"id":9072,"name":"Tellin","latitude":"50.08038000","longitude":"5.21638000"},"tenneville":{"id":9074,"name":"Tenneville","latitude":"50.09501000","longitude":"5.52895000"},"theux":{"id":9079,"name":"Theux","latitude":"50.53323000","longitude":"5.81245000"},"thuin":{"id":9080,"name":"Thuin","latitude":"50.33933000","longitude":"4.28604000"},"tinlot":{"id":9083,"name":"Tinlot","latitude":"50.47493000","longitude":"5.37755000"},"tintigny":{"id":9084,"name":"Tintigny","latitude":"49.68326000","longitude":"5.51349000"},"tournai":{"id":9087,"name":"Tournai","latitude":"50.60715000","longitude":"3.38932000"},"trois-ponts":{"id":9089,"name":"Trois-Ponts","latitude":"50.37128000","longitude":"5.87146000"},"trooz":{"id":9090,"name":"Trooz","latitude":"50.57026000","longitude":"5.69521000"},"tubize":{"id":9091,"name":"Tubize","latitude":"50.69059000","longitude":"4.20090000"},"vaux-sur-s\u00fbre":{"id":9093,"name":"Vaux-sur-S\u00fbre","latitude":"49.91100000","longitude":"5.57848000"},"verlaine":{"id":9094,"name":"Verlaine","latitude":"50.60743000","longitude":"5.31740000"},"verviers":{"id":9095,"name":"Verviers","latitude":"50.58907000","longitude":"5.86241000"},"vielsalm":{"id":9097,"name":"Vielsalm","latitude":"50.28407000","longitude":"5.91502000"},"villers-la-ville":{"id":9098,"name":"Villers-la-Ville","latitude":"50.56667000","longitude":"4.51667000"},"villers-le-bouillet":{"id":9099,"name":"Villers-le-Bouillet","latitude":"50.57708000","longitude":"5.25945000"},"virton":{"id":9101,"name":"Virton","latitude":"49.56824000","longitude":"5.53259000"},"vis\u00e9":{"id":9102,"name":"Vis\u00e9","latitude":"50.73760000","longitude":"5.69907000"},"waimes":{"id":9108,"name":"Waimes","latitude":"50.41488000","longitude":"6.11207000"},"walcourt":{"id":9109,"name":"Walcourt","latitude":"50.25401000","longitude":"4.43796000"},"walhain-saint-paul":{"id":9110,"name":"Walhain-Saint-Paul","latitude":"50.62627000","longitude":"4.69837000"},"wanze":{"id":9111,"name":"Wanze","latitude":"50.53907000","longitude":"5.20846000"},"waremme":{"id":9113,"name":"Waremme","latitude":"50.69760000","longitude":"5.25524000"},"wasseiges":{"id":9114,"name":"Wasseiges","latitude":"50.62186000","longitude":"5.00528000"},"waterloo":{"id":9115,"name":"Waterloo","latitude":"50.71469000","longitude":"4.39910000"},"wavre":{"id":9116,"name":"Wavre","latitude":"50.71717000","longitude":"4.60138000"},"welkenraedt":{"id":9117,"name":"Welkenraedt","latitude":"50.66050000","longitude":"5.97034000"},"wellin":{"id":9119,"name":"Wellin","latitude":"50.08133000","longitude":"5.11413000"},"yvoir":{"id":9134,"name":"Yvoir","latitude":"50.32790000","longitude":"4.88059000"}}},"walloonbrabant":{"id":1382,"name":"Walloon Brabant","state_code":"WBR","latitude":"50.63324100","longitude":"4.52431500","type":null},"westflanders":{"id":1383,"name":"West Flanders","state_code":"VWV","latitude":"51.04047470","longitude":"2.99942130","type":null}}}