{"id":140,"name":"Mauritius","iso3":"MUS","iso2":"MU","numeric_code":"480","phone_code":"230","capital":"Port Louis","currency":"MUR","currency_name":"Mauritian rupee","currency_symbol":"\u20a8","tld":".mu","native":"Maurice","region":"Africa","region_id":1,"subregion":"Eastern Africa","subregion_id":4,"nationality":"Mauritian","timezones":[{"zoneName":"Indian/Mauritius","gmtOffset":14400,"gmtOffsetName":"UTC+04:00","abbreviation":"MUT","tzName":"Mauritius Time"}],"translations":{"ko":"\ubaa8\ub9ac\uc154\uc2a4","pt-BR":"Maur\u00edcio","pt":"Maur\u00edcia","nl":"Mauritius","hr":"Mauricijus","fa":"\u0645\u0648\u0631\u06cc\u0633","de":"Mauritius","es":"Mauricio","fr":"\u00cele Maurice","ja":"\u30e2\u30fc\u30ea\u30b7\u30e3\u30b9","it":"Mauritius","zh-CN":"\u6bdb\u91cc\u6c42\u65af","tr":"Morityus","ru":"\u041c\u0430\u0432\u0440\u0438\u043a\u0438\u0439","uk":"\u041c\u0430\u0432\u0440\u0438\u043a\u0456\u0439","pl":"Mauritius"},"latitude":"-20.28333333","longitude":"57.55000000","emoji":"\ud83c\uddf2\ud83c\uddfa","emojiU":"U+1F1F2 U+1F1FA","states":{"agalegaislands":{"id":3248,"name":"Agalega Islands","state_code":"AG","latitude":"-10.40000000","longitude":"56.61666670","type":"dependency","cities":{"vingtcinq":{"id":67922,"name":"Vingt Cinq","latitude":"-10.38803000","longitude":"56.61795000"}}},"blackriver":{"id":3259,"name":"Black River","state_code":"BL","latitude":"-20.37084920","longitude":"57.39486490","type":"district","cities":{"albion":{"id":67826,"name":"Albion","latitude":"-20.20814000","longitude":"57.40766000"},"bambous":{"id":67830,"name":"Bambous","latitude":"-20.25667000","longitude":"57.40611000"},"blackriver":{"id":153385,"name":"Black River","latitude":"-20.32047900","longitude":"57.40372500"},"cascavelle":{"id":67845,"name":"Cascavelle","latitude":"-20.28694000","longitude":"57.40722000"},"casenoyale":{"id":153383,"name":"Case Noyale","latitude":"-20.41370400","longitude":"57.36906500"},"chamarel":{"id":153384,"name":"Chamarel","latitude":"-20.42523600","longitude":"57.39116500"},"flicenflac":{"id":67860,"name":"Flic en Flac","latitude":"-20.27417000","longitude":"57.36306000"},"granderivi\u00e8renoire":{"id":67867,"name":"Grande Rivi\u00e8re Noire","latitude":"-20.36028000","longitude":"57.36611000"},"groscailloux":{"id":67869,"name":"Gros Cailloux","latitude":"-20.20722000","longitude":"57.43000000"},"lagaulette":{"id":153387,"name":"La Gaulette","latitude":"-20.42938800","longitude":"57.35884100"},"lemorne":{"id":153388,"name":"Le Morne","latitude":"-20.44417400","longitude":"57.33031500"},"petitecasenoyale":{"id":67888,"name":"Petite Case Noyale","latitude":"-20.39306000","longitude":"57.36500000"},"petiterivi\u00e8re":{"id":67889,"name":"Petite Rivi\u00e8re","latitude":"-20.19551000","longitude":"57.44592000"},"richelieu":{"id":153389,"name":"Richelieu","latitude":"-20.19084900","longitude":"57.46129900"},"tamarin":{"id":67916,"name":"Tamarin","latitude":"-20.32556000","longitude":"57.37056000"}}},"flacq":{"id":3254,"name":"Flacq","state_code":"FL","latitude":"-20.22578360","longitude":"57.71192740","type":"district","cities":{"belair":{"id":153436,"name":"Bel Air","latitude":"-20.25849300","longitude":"57.75498700"},"belairrivi\u00e8res\u00e8che":{"id":67834,"name":"Bel Air Rivi\u00e8re S\u00e8che","latitude":"-20.25777000","longitude":"57.74976000"},"bonaccueil":{"id":67836,"name":"Bon Accueil","latitude":"-20.17083000","longitude":"57.65639000"},"bramsthan":{"id":153443,"name":"Bramsthan","latitude":"-20.21297900","longitude":"57.73768000"},"bris\u00e9everdi\u00e8re":{"id":67837,"name":"Bris\u00e9e Verdi\u00e8re","latitude":"-20.16389000","longitude":"57.64667000"},"campdemasque":{"id":67842,"name":"Camp de Masque","latitude":"-20.23694000","longitude":"57.66333000"},"campdemasquepave":{"id":153437,"name":"Camp De Masque Pave","latitude":"-20.25006300","longitude":"57.67997000"},"campithier":{"id":67840,"name":"Camp Ithier","latitude":"-20.21583000","longitude":"57.74556000"},"centredeflacq":{"id":67846,"name":"Centre de Flacq","latitude":"-20.18972000","longitude":"57.71444000"},"cl\u00e9mencia":{"id":67850,"name":"Cl\u00e9mencia","latitude":"-20.26389000","longitude":"57.70611000"},"ecroignard":{"id":67858,"name":"Ecroignard","latitude":"-20.22611000","longitude":"57.73611000"},"granderetraite":{"id":153444,"name":"Grande Retraite","latitude":"-20.16507700","longitude":"57.69461600"},"granderivi\u00e8resudest":{"id":67868,"name":"Grande Rivi\u00e8re Sud Est","latitude":"-20.28611000","longitude":"57.77583000"},"lalmatie":{"id":67870,"name":"Lalmatie","latitude":"-20.18972000","longitude":"57.66111000"},"laventure":{"id":67871,"name":"Laventure","latitude":"-20.14583000","longitude":"57.67667000"},"marelachaux":{"id":67876,"name":"Mare La Chaux","latitude":"-20.19806000","longitude":"57.74944000"},"medinecampdemasque":{"id":153441,"name":"Medine Camp De Masque","latitude":"-20.24395800","longitude":"57.64703500"},"olivia":{"id":67884,"name":"Olivia","latitude":"-20.28778000","longitude":"57.73097000"},"postedeflacq":{"id":67897,"name":"Poste de Flacq","latitude":"-20.16306000","longitude":"57.73056000"},"quatrecocos":{"id":67901,"name":"Quatre Cocos","latitude":"-20.20151000","longitude":"57.77448000"},"quatresoeurs":{"id":67902,"name":"Quatre Soeurs","latitude":"-20.29917000","longitude":"57.77056000"},"queenvictoria":{"id":67903,"name":"Queen Victoria","latitude":"-20.22000000","longitude":"57.70750000"},"saintjulien":{"id":67911,"name":"Saint Julien","latitude":"-20.22639000","longitude":"57.63639000"},"sebastopol":{"id":67913,"name":"Sebastopol","latitude":"-20.29070000","longitude":"57.68779000"},"troud\u0027eaudouce":{"id":153442,"name":"Trou D\u0027Eau Douce","latitude":"-20.23458600","longitude":"57.79486100"}}},"grandport":{"id":3264,"name":"Grand Port","state_code":"GP","latitude":"-20.38515460","longitude":"57.66657420","type":"district","cities":{"bambousvirieux":{"id":67831,"name":"Bambous Virieux","latitude":"-20.34278000","longitude":"57.75750000"},"beauvallon":{"id":67833,"name":"Beau Vallon","latitude":"-20.41889000","longitude":"57.69528000"},"boisdesamourettes":{"id":67835,"name":"Bois des Amourettes","latitude":"-20.36306000","longitude":"57.73111000"},"campcarol":{"id":153399,"name":"Camp Carol","latitude":"-20.46178500","longitude":"57.67845600"},"cluny":{"id":67849,"name":"Cluny","latitude":"-20.36694000","longitude":"57.60389000"},"grandbelair":{"id":153400,"name":"Grand Bel Air","latitude":"-20.40912400","longitude":"57.68174200"},"grandsable":{"id":67866,"name":"Grand Sable","latitude":"-20.31417000","longitude":"57.76444000"},"mah\u00e9bourg":{"id":67874,"name":"Mah\u00e9bourg","latitude":"-20.40806000","longitude":"57.70000000"},"mared\u0027albert":{"id":153391,"name":"Mare D\u0027Albert","latitude":"-20.42019500","longitude":"57.62728800"},"maretabac":{"id":153392,"name":"Mare Tabac","latitude":"-20.44035800","longitude":"57.59421500"},"newgrove":{"id":67881,"name":"New Grove","latitude":"-20.40861000","longitude":"57.61361000"},"nouvellefrance":{"id":67883,"name":"Nouvelle France","latitude":"-20.37056000","longitude":"57.56111000"},"petitbelair":{"id":153398,"name":"Petit Bel Air","latitude":"-20.39941200","longitude":"57.69295900"},"plainemagnien":{"id":67891,"name":"Plaine Magnien","latitude":"-20.42967000","longitude":"57.66968000"},"rivieredescreoles":{"id":153394,"name":"Riviere Des Creoles","latitude":"-20.39084000","longitude":"57.69696000"},"rosebelle":{"id":67908,"name":"Rose Belle","latitude":"-20.40028000","longitude":"57.59667000"},"sainthubert":{"id":67910,"name":"Saint Hubert","latitude":"-20.36417000","longitude":"57.63833000"},"seiziememille":{"id":153401,"name":"Seizieme Mille","latitude":"-20.34211100","longitude":"57.54924400"},"troisboutiques":{"id":153396,"name":"Trois Boutiques","latitude":"-20.45046100","longitude":"57.64682900"},"unionpark":{"id":153397,"name":"Union Park","latitude":"-20.38629400","longitude":"57.58068000"},"vieuxgrandport":{"id":153393,"name":"Vieux Grand Port","latitude":"-20.37406600","longitude":"57.71607700"}}},"moka":{"id":3253,"name":"Moka","state_code":"MO","latitude":"-20.23997820","longitude":"57.57592600","type":"district","cities":{"campthorel":{"id":67841,"name":"Camp Thorel","latitude":"-20.21472000","longitude":"57.61611000"},"dagoti\u00e8re":{"id":67855,"name":"Dagoti\u00e8re","latitude":"-20.24476000","longitude":"57.56188000"},"dubreuil":{"id":67856,"name":"Dubreuil","latitude":"-20.30132000","longitude":"57.59861000"},"l\u0027avenir":{"id":153448,"name":"L\u0027Avenir","latitude":"-20.21714200","longitude":"57.55048200"},"l\u0027esperance":{"id":153447,"name":"L\u0027Esperance","latitude":"-20.23041300","longitude":"57.59526800"},"lalaura-malenga":{"id":153449,"name":"La Laura-Malenga","latitude":"-20.20386100","longitude":"57.54991500"},"melrose":{"id":67877,"name":"Melrose","latitude":"-20.26972000","longitude":"57.63194000"},"moka":{"id":67879,"name":"Moka","latitude":"-20.21889000","longitude":"57.49583000"},"montagneblanche":{"id":153450,"name":"Montagne Blanche","latitude":"-20.28592000","longitude":"57.65774600"},"nouvelled\u00e9couverte":{"id":153451,"name":"Nouvelle D\u00e9couverte","latitude":"-20.18600000","longitude":"57.59079700"},"pailles":{"id":67885,"name":"Pailles","latitude":"-20.19271000","longitude":"57.48826000"},"providence":{"id":67898,"name":"Providence","latitude":"-20.24472000","longitude":"57.61222000"},"quartiermilitaire":{"id":67899,"name":"Quartier Militaire","latitude":"-20.24790000","longitude":"57.59737000"},"ripailles":{"id":153452,"name":"Ripailles","latitude":"-20.19472500","longitude":"57.58059600"},"saintjuliend\u0027hotman":{"id":153445,"name":"Saint Julien D\u0027Hotman","latitude":"-20.23067000","longitude":"57.64037800"},"saintpierre":{"id":67912,"name":"Saint Pierre","latitude":"-20.21750000","longitude":"57.52083000"},"verdun":{"id":67921,"name":"Verdun","latitude":"-20.23417000","longitude":"57.55476000"}}},"pamplemousses":{"id":3250,"name":"Pamplemousses","state_code":"PA","latitude":"-20.11360080","longitude":"57.57592600","type":"district","cities":{"arsenal":{"id":67828,"name":"Arsenal","latitude":"-20.10556000","longitude":"57.53528000"},"calebasses":{"id":67838,"name":"Calebasses","latitude":"-20.11167000","longitude":"57.55389000"},"congomah":{"id":67851,"name":"Congomah","latitude":"-20.14889000","longitude":"57.59083000"},"cr\u00e8vecoeur":{"id":67853,"name":"Cr\u00e8ve Coeur","latitude":"-20.19111000","longitude":"57.55722000"},"d\u0027epinay":{"id":153413,"name":"D\u0027Epinay","latitude":"-20.13021100","longitude":"57.59583800"},"fonddusac":{"id":67861,"name":"Fond du Sac","latitude":"-20.04732000","longitude":"57.58400000"},"lehochet":{"id":67872,"name":"Le Hochet","latitude":"-20.13500000","longitude":"57.52111000"},"longmountain":{"id":67873,"name":"Long Mountain","latitude":"-20.14306000","longitude":"57.56222000"},"morcellementsaintandr\u00e9":{"id":67880,"name":"Morcellement Saint Andr\u00e9","latitude":"-20.07199000","longitude":"57.56833000"},"notredame":{"id":67882,"name":"Notre Dame","latitude":"-20.14056000","longitude":"57.55306000"},"pamplemousses":{"id":67886,"name":"Pamplemousses","latitude":"-20.10389000","longitude":"57.57028000"},"plainedespapayes":{"id":67892,"name":"Plaine des Papayes","latitude":"-20.06500000","longitude":"57.57250000"},"pointeauxpiments":{"id":67894,"name":"Pointe aux Piments","latitude":"-20.06494000","longitude":"57.52347000"},"terrerouge":{"id":67917,"name":"Terre Rouge","latitude":"-20.12611000","longitude":"57.52444000"},"tombeaubay":{"id":153416,"name":"Tombeau Bay","latitude":"-20.12345100","longitude":"57.50218400"},"triolet":{"id":67919,"name":"Triolet","latitude":"-20.05760000","longitude":"57.55025000"},"trouauxbiches":{"id":153417,"name":"Trou Aux Biches","latitude":"-20.03123500","longitude":"57.55189700"},"villebague":{"id":153415,"name":"Ville Bague","latitude":"-20.14604500","longitude":"57.62414900"}}},"plaineswilhems":{"id":3263,"name":"Plaines Wilhems","state_code":"PW","latitude":"-20.30548720","longitude":"57.48535610","type":"district","cities":{"beaubassin":{"id":153454,"name":"Beau Bassin","latitude":"-20.22538700","longitude":"57.47145500"},"beaubassin-rosehill":{"id":67832,"name":"Beau Bassin-Rose Hill","latitude":"-20.23325000","longitude":"57.46609000"},"belleterre":{"id":153916,"name":"Belle Terre","latitude":"-20.26948370","longitude":"57.51655530"},"campfouqueraux":{"id":153911,"name":"Camp Fouqueraux","latitude":"-20.28568630","longitude":"57.51718270"},"chebel":{"id":153914,"name":"Chebel","latitude":"-20.21373190","longitude":"57.46075450"},"coromandel":{"id":153913,"name":"Coromandel","latitude":"-20.19522920","longitude":"57.44565340"},"curepipe":{"id":67854,"name":"Curepipe","latitude":"-20.31628000","longitude":"57.52594000"},"eaucoulee":{"id":153456,"name":"Eau Coulee","latitude":"-20.30336600","longitude":"57.52778800"},"ebene":{"id":67857,"name":"Ebene","latitude":"-20.24494000","longitude":"57.49163000"},"floreal":{"id":153455,"name":"Floreal","latitude":"-20.31121400","longitude":"57.50726300"},"forestside":{"id":153457,"name":"Forest Side","latitude":"-20.32952100","longitude":"57.53898100"},"glenpark":{"id":153912,"name":"Glen Park","latitude":"-20.32440680","longitude":"57.47531880"},"henrietta":{"id":153915,"name":"Henrietta","latitude":"-20.27200480","longitude":"57.52898870"},"hermitage":{"id":153918,"name":"Hermitage","latitude":"-20.27685080","longitude":"57.53471370"},"highlands":{"id":153917,"name":"Highlands","latitude":"-20.27827480","longitude":"57.51350410"},"midlands":{"id":67878,"name":"Midlands","latitude":"-20.31907000","longitude":"57.57016000"},"phoenix":{"id":153910,"name":"Phoenix","latitude":"-20.28584460","longitude":"57.50291860"},"quatrebornes":{"id":67900,"name":"Quatre Bornes","latitude":"-20.26381000","longitude":"57.47910000"},"rosehill":{"id":153453,"name":"Rose Hill","latitude":"-20.24347800","longitude":"57.46985500"},"vacoas":{"id":67920,"name":"Vacoas","latitude":"-20.29806000","longitude":"57.47833000"}}},"portlouis":{"id":3260,"name":"Port Louis","state_code":"PL","latitude":"-20.16089120","longitude":"57.50122220","type":"district","cities":{"bellvillage":{"id":153419,"name":"Bell Village","latitude":"-20.17049700","longitude":"57.48618400"},"caudanwaterfront":{"id":153423,"name":"Caudan Waterfront","latitude":"-20.16089880","longitude":"57.49772560"},"chinatown":{"id":153428,"name":"China Town","latitude":"-20.15879700","longitude":"57.50678900"},"lespailles":{"id":153420,"name":"Les Pailles","latitude":"-20.19352700","longitude":"57.48962900"},"lessalines":{"id":153424,"name":"Les Salines","latitude":"-20.16016800","longitude":"57.48904100"},"plaineverte":{"id":153426,"name":"Plaine Verte","latitude":"-20.15841000","longitude":"57.51421500"},"pointeauxsables":{"id":153418,"name":"Pointe aux Sables","latitude":"-20.17168700","longitude":"57.45389300"},"portlouis":{"id":67895,"name":"Port Louis","latitude":"-20.16194000","longitude":"57.49889000"},"soreze":{"id":153422,"name":"Soreze","latitude":"-20.20856100","longitude":"57.48638200"},"tourkoenig":{"id":153421,"name":"Tour Koenig","latitude":"-20.17864600","longitude":"57.46872100"},"tranquebar":{"id":153425,"name":"Tranquebar","latitude":"-20.17681600","longitude":"57.51132900"},"vall\u00e9edespr\u00eatres":{"id":153429,"name":"Vall\u00e9e des Pr\u00eatres","latitude":"-20.16514700","longitude":"57.53403900"},"valleepitot":{"id":153427,"name":"Vallee Pitot","latitude":"-20.16920000","longitude":"57.51997000"}}},"rivi\u00e8redurempart":{"id":3261,"name":"Rivi\u00e8re du Rempart","state_code":"RR","latitude":"-20.05609830","longitude":"57.65523890","type":"district","cities":{"amaury":{"id":67827,"name":"Amaury","latitude":"-20.13083000","longitude":"57.65917000"},"amiti\u00e9gokoola":{"id":153434,"name":"Amiti\u00e9 Gokoola","latitude":"-20.10688300","longitude":"57.65472800"},"capmalheureux":{"id":67843,"name":"Cap Malheureux","latitude":"-19.98417000","longitude":"57.61417000"},"cottage":{"id":67852,"name":"Cottage","latitude":"-20.05972000","longitude":"57.62917000"},"esp\u00e9rancetr\u00e9buchet":{"id":67859,"name":"Esp\u00e9rance Tr\u00e9buchet","latitude":"-20.06972000","longitude":"57.64194000"},"goodlands":{"id":67862,"name":"Goodlands","latitude":"-20.03841000","longitude":"57.65055000"},"grandbaie":{"id":67863,"name":"Grand Baie","latitude":"-20.01816000","longitude":"57.58015000"},"grandgaube":{"id":67865,"name":"Grand Gaube","latitude":"-20.00639000","longitude":"57.66083000"},"mapou":{"id":67875,"name":"Mapou","latitude":"-20.07583000","longitude":"57.60139000"},"petitraffray":{"id":67887,"name":"Petit Raffray","latitude":"-20.02022000","longitude":"57.62296000"},"piton":{"id":67890,"name":"Piton","latitude":"-20.09028000","longitude":"57.63028000"},"plainesdesroches":{"id":67893,"name":"Plaines des Roches","latitude":"-20.11167000","longitude":"57.69083000"},"poudred\u0027or":{"id":153431,"name":"Poudre D\u0027Or","latitude":"-20.06162700","longitude":"57.68297100"},"poudred\u0027orhamlet":{"id":153432,"name":"Poudre D\u0027Or Hamlet","latitude":"-20.08102400","longitude":"57.65272600"},"rivi\u00e8redurempart":{"id":67905,"name":"Rivi\u00e8re du Rempart","latitude":"-20.10306000","longitude":"57.68472000"},"rocheterre":{"id":67906,"name":"Roche Terre","latitude":"-20.01861000","longitude":"57.64472000"},"rochesnoire":{"id":67907,"name":"Roches Noire","latitude":"-20.11111000","longitude":"57.71222000"},"thevale":{"id":67918,"name":"The Vale","latitude":"-20.03018000","longitude":"57.60219000"}}},"rodriguesisland":{"id":3249,"name":"Rodrigues Island","state_code":"RO","latitude":"-19.72453850","longitude":"63.42721850","type":"dependency","cities":{"baieauxhu\u00eetres":{"id":67829,"name":"Baie aux Hu\u00eetres","latitude":"-19.69444000","longitude":"63.40833000"},"portmathurin":{"id":67896,"name":"Port Mathurin","latitude":"-19.68333000","longitude":"63.41667000"}}},"saintbrandonislands":{"id":3251,"name":"Saint Brandon Islands","state_code":"CC","latitude":"-16.58333300","longitude":"59.61666700","type":"dependency","cities":{"cargadoscarajos":{"id":67844,"name":"Cargados Carajos","latitude":"-16.60329000","longitude":"59.65851000"}}},"savanne":{"id":3257,"name":"Savanne","state_code":"SA","latitude":"-20.47395300","longitude":"57.48535610","type":"district","cities":{"baieducap":{"id":153402,"name":"Baie Du Cap","latitude":"-20.48664400","longitude":"57.37881500"},"belombre":{"id":153406,"name":"Bel Ombre","latitude":"-20.50191900","longitude":"57.42550700"},"benares":{"id":153407,"name":"Benares","latitude":"-20.48440700","longitude":"57.58871700"},"boischeri":{"id":153403,"name":"Bois Cheri","latitude":"-20.42667100","longitude":"57.53425200"},"britannia":{"id":153408,"name":"Britannia","latitude":"-20.44865500","longitude":"57.56340700"},"campdiable":{"id":67839,"name":"Camp Diable","latitude":"-20.46278000","longitude":"57.57889000"},"chamouny":{"id":67847,"name":"Chamouny","latitude":"-20.48222000","longitude":"57.46611000"},"chemingrenier":{"id":67848,"name":"Chemin Grenier","latitude":"-20.48722000","longitude":"57.46556000"},"grandbois":{"id":67864,"name":"Grand Bois","latitude":"-20.41889000","longitude":"57.54417000"},"l\u0027escalier":{"id":153409,"name":"L\u0027Escalier","latitude":"-20.47333500","longitude":"57.61867600"},"laflora":{"id":153411,"name":"La Flora","latitude":"-20.41000500","longitude":"57.56048700"},"rivi\u00e8redesanguilles":{"id":67904,"name":"Rivi\u00e8re des Anguilles","latitude":"-20.48528000","longitude":"57.55083000"},"rivi\u00e8reduposte":{"id":153405,"name":"Rivi\u00e8re Du Poste","latitude":"-20.42866200","longitude":"57.57368100"},"saintaubin":{"id":67909,"name":"Saint Aubin","latitude":"-20.49600000","longitude":"57.55000000"},"souillac":{"id":67914,"name":"Souillac","latitude":"-20.51667000","longitude":"57.51667000"},"staubin":{"id":153410,"name":"St Aubin","latitude":"-20.49444600","longitude":"57.55033500"},"surinam":{"id":67915,"name":"Surinam","latitude":"-20.50972000","longitude":"57.50528000"}}}}}