{"id":27,"name":"Bolivia","iso3":"BOL","iso2":"BO","numeric_code":"068","phone_code":"591","capital":"Sucre","currency":"BOB","currency_name":"Bolivian boliviano","currency_symbol":"Bs.","tld":".bo","native":"Bolivia","region":"Americas","region_id":2,"subregion":"South America","subregion_id":8,"nationality":"Bolivian","timezones":[{"zoneName":"America/La_Paz","gmtOffset":-14400,"gmtOffsetName":"UTC-04:00","abbreviation":"BOT","tzName":"Bolivia Time"}],"translations":{"ko":"\ubcfc\ub9ac\ube44\uc544","pt-BR":"Bol\u00edvia","pt":"Bol\u00edvia","nl":"Bolivia","hr":"Bolivija","fa":"\u0628\u0648\u0644\u06cc\u0648\u06cc","de":"Bolivien","es":"Bolivia","fr":"Bolivie","ja":"\u30dc\u30ea\u30d3\u30a2\u591a\u6c11\u65cf\u56fd","it":"Bolivia","zh-CN":"\u73bb\u5229\u7ef4\u4e9a","tr":"Bolivya","ru":"\u0411\u043e\u043b\u0438\u0432\u0438\u044f","uk":"\u0411\u043e\u043b\u0456\u0432\u0456\u044f","pl":"Boliwia"},"latitude":"-17.00000000","longitude":"-65.00000000","emoji":"\ud83c\udde7\ud83c\uddf4","emojiU":"U+1F1E7 U+1F1F4","states":{"benidepartment":{"id":3375,"name":"Beni Department","state_code":"B","latitude":"-14.37827470","longitude":"-65.09577920","type":null,"cities":{"guayaramer\u00edn":{"id":9867,"name":"Guayaramer\u00edn","latitude":"-10.82580000","longitude":"-65.35810000"},"provinciacercado":{"id":9920,"name":"Provincia Cercado","latitude":"-14.50000000","longitude":"-64.33333000"},"provinciageneraljos\u00e9ballivi\u00e1n":{"id":9932,"name":"Provincia General Jos\u00e9 Ballivi\u00e1n","latitude":"-14.00000000","longitude":"-67.08333000"},"provinciait\u00e9nez":{"id":9941,"name":"Provincia It\u00e9nez","latitude":"-13.41667000","longitude":"-63.50000000"},"provinciamamor\u00e9":{"id":9949,"name":"Provincia Mamor\u00e9","latitude":"-13.00000000","longitude":"-64.91667000"},"provinciamarb\u00e1n":{"id":9953,"name":"Provincia Marb\u00e1n","latitude":"-15.66667000","longitude":"-64.33333000"},"provinciamoxos":{"id":9956,"name":"Provincia Moxos","latitude":"-15.16667000","longitude":"-65.50000000"},"provinciavacadiez":{"id":9990,"name":"Provincia Vaca Diez","latitude":"-11.66667000","longitude":"-66.00000000"},"provinciayacuma":{"id":9994,"name":"Provincia Yacuma","latitude":"-13.50000000","longitude":"-66.00000000"},"reyes":{"id":10005,"name":"Reyes","latitude":"-14.29520000","longitude":"-67.33624000"},"riberalta":{"id":10006,"name":"Riberalta","latitude":"-11.00654000","longitude":"-66.06312000"},"rurrenabaque":{"id":10008,"name":"Rurrenabaque","latitude":"-14.44125000","longitude":"-67.52781000"},"sanborja":{"id":10011,"name":"San Borja","latitude":"-14.81667000","longitude":"-66.85000000"},"sanram\u00f3n":{"id":10020,"name":"San Ram\u00f3n","latitude":"-13.28333000","longitude":"-64.71667000"},"santaanadeyacuma":{"id":10021,"name":"Santa Ana de Yacuma","latitude":"-13.74406000","longitude":"-65.42688000"},"santarosa":{"id":10025,"name":"Santa Rosa","latitude":"-14.16667000","longitude":"-66.88333000"},"trinidad":{"id":10041,"name":"Trinidad","latitude":"-14.83333000","longitude":"-64.90000000"}}},"chuquisacadepartment":{"id":3382,"name":"Chuquisaca Department","state_code":"H","latitude":"-20.02491440","longitude":"-64.14782360","type":null,"cities":{"camargo":{"id":9839,"name":"Camargo","latitude":"-20.64064000","longitude":"-65.20893000"},"monteagudo":{"id":9887,"name":"Monteagudo","latitude":"-19.79989000","longitude":"-63.95461000"},"padilla":{"id":9892,"name":"Padilla","latitude":"-19.30878000","longitude":"-64.30273000"},"provinciaazurduy":{"id":9909,"name":"Provincia Azurduy","latitude":"-20.00000000","longitude":"-64.50000000"},"provinciabelisarioboeto":{"id":9911,"name":"Provincia Belisario Boeto","latitude":"-18.91667000","longitude":"-64.33333000"},"provinciahernandosiles":{"id":9936,"name":"Provincia Hernando Siles","latitude":"-20.16667000","longitude":"-64.25000000"},"provincialuiscalvo":{"id":9947,"name":"Provincia Luis Calvo","latitude":"-20.66667000","longitude":"-63.50000000"},"provincianorcinti":{"id":9962,"name":"Provincia Nor Cinti","latitude":"-20.33333000","longitude":"-65.00000000"},"provinciaoropeza":{"id":9966,"name":"Provincia Oropeza","latitude":"-18.66667000","longitude":"-65.16667000"},"provinciasudcinti":{"id":9983,"name":"Provincia Sud Cinti","latitude":"-20.91667000","longitude":"-64.91667000"},"provinciatomina":{"id":9987,"name":"Provincia Tomina","latitude":"-19.50000000","longitude":"-64.16667000"},"provinciayampar\u00e1ez":{"id":9995,"name":"Provincia Yampar\u00e1ez","latitude":"-19.16667000","longitude":"-64.91667000"},"provinciazud\u00e1\u00f1ez":{"id":9996,"name":"Provincia Zud\u00e1\u00f1ez","latitude":"-18.91667000","longitude":"-64.83333000"},"sucre":{"id":10031,"name":"Sucre","latitude":"-19.03332000","longitude":"-65.26274000"},"tarabuco":{"id":10033,"name":"Tarabuco","latitude":"-19.18168000","longitude":"-64.91517000"}}},"cochabambadepartment":{"id":3381,"name":"Cochabamba Department","state_code":"C","latitude":"-17.56816750","longitude":"-65.47573600","type":null,"cities":{"aiquile":{"id":9827,"name":"Aiquile","latitude":"-18.20408000","longitude":"-65.18068000"},"arani":{"id":9829,"name":"Arani","latitude":"-17.56854000","longitude":"-65.76883000"},"bolivar":{"id":9836,"name":"Bolivar","latitude":"-17.96667000","longitude":"-66.53333000"},"capinota":{"id":9841,"name":"Capinota","latitude":"-17.71113000","longitude":"-66.26082000"},"chimor\u00e9":{"id":9845,"name":"Chimor\u00e9","latitude":"-16.99417000","longitude":"-65.15330000"},"cliza":{"id":9847,"name":"Cliza","latitude":"-17.58777000","longitude":"-65.93253000"},"cochabamba":{"id":9849,"name":"Cochabamba","latitude":"-17.38950000","longitude":"-66.15680000"},"colchani":{"id":9850,"name":"Colchani","latitude":"-17.31667000","longitude":"-66.71667000"},"colomi":{"id":9852,"name":"Colomi","latitude":"-17.35000000","longitude":"-65.86667000"},"independencia":{"id":9871,"name":"Independencia","latitude":"-17.08389000","longitude":"-66.81804000"},"irpairpa":{"id":9872,"name":"Irpa Irpa","latitude":"-17.71667000","longitude":"-66.26667000"},"mizque":{"id":9886,"name":"Mizque","latitude":"-17.94101000","longitude":"-65.34016000"},"provinciaarani":{"id":9902,"name":"Provincia Arani","latitude":"-17.50000000","longitude":"-65.50000000"},"provinciaarque":{"id":9905,"name":"Provincia Arque","latitude":"-17.75000000","longitude":"-66.66667000"},"provinciaayopaya":{"id":9908,"name":"Provincia Ayopaya","latitude":"-16.50000000","longitude":"-66.58333000"},"provinciacampero":{"id":9913,"name":"Provincia Campero","latitude":"-18.33333000","longitude":"-65.00000000"},"provinciacapinota":{"id":9914,"name":"Provincia Capinota","latitude":"-17.83333000","longitude":"-66.16667000"},"provinciacarrasco":{"id":9916,"name":"Provincia Carrasco","latitude":"-17.50000000","longitude":"-65.00000000"},"provinciacercado":{"id":9918,"name":"Provincia Cercado","latitude":"-17.33333000","longitude":"-66.16667000"},"provinciachapar\u00e9":{"id":9921,"name":"Provincia Chapar\u00e9","latitude":"-16.50000000","longitude":"-65.50000000"},"provinciaestebanarce":{"id":9927,"name":"Provincia Esteban Arce","latitude":"-17.66667000","longitude":"-66.00000000"},"provinciagerm\u00e1njord\u00e1n":{"id":9933,"name":"Provincia Germ\u00e1n Jord\u00e1n","latitude":"-17.58333000","longitude":"-65.91667000"},"provinciamizque":{"id":9954,"name":"Provincia Mizque","latitude":"-17.90655000","longitude":"-65.39440000"},"provinciapunata":{"id":9971,"name":"Provincia Punata","latitude":"-17.50000000","longitude":"-65.91667000"},"provinciaquillacollo":{"id":9973,"name":"Provincia Quillacollo","latitude":"-17.50000000","longitude":"-66.50000000"},"provinciatapacar\u00ed":{"id":9986,"name":"Provincia Tapacar\u00ed","latitude":"-17.51146000","longitude":"-66.61965000"},"punata":{"id":10002,"name":"Punata","latitude":"-17.54234000","longitude":"-65.83472000"},"quillacollo":{"id":10003,"name":"Quillacollo","latitude":"-17.39228000","longitude":"-66.27838000"},"sacaba":{"id":10009,"name":"Sacaba","latitude":"-17.39799000","longitude":"-66.03825000"},"sipesipe":{"id":10029,"name":"Sipe Sipe","latitude":"-17.45000000","longitude":"-66.38333000"},"tarata":{"id":10034,"name":"Tarata","latitude":"-17.60898000","longitude":"-66.02135000"},"tiquipaya":{"id":10037,"name":"Tiquipaya","latitude":"-17.33801000","longitude":"-66.21579000"},"tiraqueprovince":{"id":10038,"name":"Tiraque Province","latitude":"-17.33333000","longitude":"-65.91667000"},"totora":{"id":10039,"name":"Totora","latitude":"-17.72662000","longitude":"-65.19320000"}}},"lapazdepartment":{"id":3380,"name":"La Paz Department","state_code":"L","latitude":null,"longitude":null,"type":null,"cities":{"achacachi":{"id":9826,"name":"Achacachi","latitude":"-16.05000000","longitude":"-68.68333000"},"amarete":{"id":9828,"name":"Amarete","latitude":"-15.23675000","longitude":"-68.98462000"},"batallas":{"id":9833,"name":"Batallas","latitude":"-16.30000000","longitude":"-68.53333000"},"caranavi":{"id":9842,"name":"Caranavi","latitude":"-15.83652000","longitude":"-67.56901000"},"chulumani":{"id":9846,"name":"Chulumani","latitude":"-16.40855000","longitude":"-67.52940000"},"colquiri":{"id":9854,"name":"Colquiri","latitude":"-17.38918000","longitude":"-67.12671000"},"coripata":{"id":9857,"name":"Coripata","latitude":"-16.30000000","longitude":"-67.60000000"},"coroico":{"id":9858,"name":"Coroico","latitude":"-16.19386000","longitude":"-67.72998000"},"curahuaradecarangas":{"id":9860,"name":"Curahuara de Carangas","latitude":"-17.86667000","longitude":"-68.43333000"},"eucaliptus":{"id":9863,"name":"Eucaliptus","latitude":"-17.58333000","longitude":"-67.51667000"},"guanay":{"id":9865,"name":"Guanay","latitude":"-15.49756000","longitude":"-67.88332000"},"huarina":{"id":9869,"name":"Huarina","latitude":"-16.20000000","longitude":"-68.63333000"},"huatajata":{"id":9870,"name":"Huatajata","latitude":"-16.20000000","longitude":"-68.68333000"},"jos\u00e9manuelpando":{"id":9874,"name":"Jos\u00e9 Manuel Pando","latitude":"-16.18970000","longitude":"-67.72664000"},"lapaz":{"id":9876,"name":"La Paz","latitude":"-16.50000000","longitude":"-68.15000000"},"lahuachaca":{"id":9877,"name":"Lahuachaca","latitude":"-17.37054000","longitude":"-67.67501000"},"mapiri":{"id":9884,"name":"Mapiri","latitude":"-15.25000000","longitude":"-68.16667000"},"patacamaya":{"id":9894,"name":"Patacamaya","latitude":"-17.23580000","longitude":"-67.92169000"},"provinciaaroma":{"id":9904,"name":"Provincia Aroma","latitude":"-17.50000000","longitude":"-68.00000000"},"provinciabautistasaavedra":{"id":9910,"name":"Provincia Bautista Saavedra","latitude":"-15.00000000","longitude":"-68.91667000"},"provinciacamacho":{"id":9912,"name":"Provincia Camacho","latitude":"-15.50000000","longitude":"-69.00000000"},"provinciafranztamayo":{"id":9929,"name":"Provincia Franz Tamayo","latitude":"-14.50000000","longitude":"-68.33333000"},"provinciagualbertovillarroel":{"id":9935,"name":"Provincia Gualberto Villarroel","latitude":"-17.58333000","longitude":"-68.00000000"},"provinciaingavi":{"id":9938,"name":"Provincia Ingavi","latitude":"-16.83333000","longitude":"-68.66667000"},"provinciainquisivi":{"id":9939,"name":"Provincia Inquisivi","latitude":"-17.00000000","longitude":"-67.08333000"},"provinciaiturralde":{"id":9940,"name":"Provincia Iturralde","latitude":"-13.00000000","longitude":"-68.00000000"},"provincialarecaja":{"id":9943,"name":"Provincia Larecaja","latitude":"-15.50000000","longitude":"-68.33333000"},"provincialoayza":{"id":9945,"name":"Provincia Loayza","latitude":"-17.00000000","longitude":"-67.66667000"},"provincialosandes":{"id":9946,"name":"Provincia Los Andes","latitude":"-16.33333000","longitude":"-68.50000000"},"provinciamancokapac":{"id":9950,"name":"Provincia Manco Kapac","latitude":"-16.00000000","longitude":"-69.16667000"},"provinciamu\u00f1ecas":{"id":9958,"name":"Provincia Mu\u00f1ecas","latitude":"-15.33333000","longitude":"-68.66667000"},"provinciamurillo":{"id":9957,"name":"Provincia Murillo","latitude":"-16.33333000","longitude":"-68.00000000"},"provincianoryungas":{"id":9964,"name":"Provincia Nor Yungas","latitude":"-16.00000000","longitude":"-67.50000000"},"provinciaomasuyos":{"id":9965,"name":"Provincia Omasuyos","latitude":"-15.91667000","longitude":"-68.83333000"},"provinciapacajes":{"id":9968,"name":"Provincia Pacajes","latitude":"-17.50000000","longitude":"-69.00000000"},"provinciasudyungas":{"id":9985,"name":"Provincia Sud Yungas","latitude":"-16.50000000","longitude":"-67.50000000"},"quime":{"id":10004,"name":"Quime","latitude":"-16.98333000","longitude":"-67.21667000"},"sanpablo":{"id":10017,"name":"San Pablo","latitude":"-16.21667000","longitude":"-68.83333000"},"sanpedro":{"id":10019,"name":"San Pedro","latitude":"-16.23717000","longitude":"-68.85063000"},"sorata":{"id":10030,"name":"Sorata","latitude":"-15.77305000","longitude":"-68.64973000"},"tiahuanaco":{"id":10036,"name":"Tiahuanaco","latitude":"-16.55228000","longitude":"-68.67953000"},"viloco":{"id":10049,"name":"Viloco","latitude":"-16.95000000","longitude":"-67.55000000"},"yumani":{"id":10052,"name":"Yumani","latitude":"-16.03574000","longitude":"-69.14843000"}}},"orurodepartment":{"id":3376,"name":"Oruro Department","state_code":"O","latitude":"-18.57115790","longitude":"-67.76159830","type":null,"cities":{"challapata":{"id":9843,"name":"Challapata","latitude":"-18.90208000","longitude":"-66.77048000"},"huanuni":{"id":9868,"name":"Huanuni","latitude":"-18.28900000","longitude":"-66.83583000"},"litoraldeatacama":{"id":9879,"name":"Litoral de Atacama","latitude":"-18.76071000","longitude":"-68.24295000"},"machacamarca":{"id":9882,"name":"Machacamarca","latitude":"-18.17251000","longitude":"-67.02099000"},"norcarangasprovince":{"id":9889,"name":"Nor Carangas Province","latitude":"-17.83750000","longitude":"-67.94330000"},"oruro":{"id":9891,"name":"Oruro","latitude":"-17.98333000","longitude":"-67.15000000"},"poop\u00f3":{"id":9896,"name":"Poop\u00f3","latitude":"-18.38026000","longitude":"-66.96695000"},"provinciaavaroa":{"id":9906,"name":"Provincia Avaroa","latitude":"-19.00000000","longitude":"-66.66667000"},"provinciacarangas":{"id":9915,"name":"Provincia Carangas","latitude":"-18.33333000","longitude":"-67.75000000"},"provinciacercado":{"id":9917,"name":"Provincia Cercado","latitude":"-17.91667000","longitude":"-67.08333000"},"provincialadislaocabrera":{"id":9942,"name":"Provincia Ladislao Cabrera","latitude":"-19.50000000","longitude":"-67.66667000"},"provinciapantale\u00f3ndalence":{"id":9969,"name":"Provincia Pantale\u00f3n Dalence","latitude":"-18.33333000","longitude":"-66.91667000"},"provinciapoop\u00f3":{"id":9970,"name":"Provincia Poop\u00f3","latitude":"-18.50000000","longitude":"-66.91667000"},"provinciasabaya":{"id":9976,"name":"Provincia Sabaya","latitude":"-19.00000000","longitude":"-68.58333000"},"provinciasajama":{"id":9977,"name":"Provincia Sajama","latitude":"-18.20000000","longitude":"-68.55000000"},"provinciasanpedrodetotora":{"id":9978,"name":"Provincia San Pedro de Totora","latitude":"-17.83333000","longitude":"-68.20000000"},"provinciasaucari":{"id":9981,"name":"Provincia Saucari","latitude":"-18.25000000","longitude":"-67.41667000"},"provinciatom\u00e1sbarron":{"id":9988,"name":"Provincia Tom\u00e1s Barron","latitude":"-17.83333000","longitude":"-68.25000000"},"puertodemejillones":{"id":10000,"name":"Puerto de Mejillones","latitude":"-18.99266000","longitude":"-68.68446000"},"sebastianpagadorprovince":{"id":10028,"name":"Sebastian Pagador Province","latitude":"-19.21667000","longitude":"-66.21667000"},"sudcarangasprovince":{"id":10032,"name":"Sud Carangas Province","latitude":"-18.50000000","longitude":"-68.25000000"},"totoral":{"id":10040,"name":"Totoral","latitude":"-18.49587000","longitude":"-66.87380000"}}},"pandodepartment":{"id":3379,"name":"Pando Department","state_code":"N","latitude":"-10.79889010","longitude":"-66.99880110","type":null,"cities":{"cobija":{"id":9848,"name":"Cobija","latitude":"-11.02671000","longitude":"-68.76918000"},"provinciaabun\u00e1":{"id":9899,"name":"Provincia Abun\u00e1","latitude":"-10.50000000","longitude":"-66.50000000"},"provinciageneralfedericorom\u00e1n":{"id":9931,"name":"Provincia General Federico Rom\u00e1n","latitude":"-10.33333000","longitude":"-65.88333000"},"provinciamadrededios":{"id":9948,"name":"Provincia Madre de Dios","latitude":"-11.58333000","longitude":"-67.00000000"},"provinciamanuripi":{"id":9952,"name":"Provincia Manuripi","latitude":"-11.33333000","longitude":"-67.50000000"},"provincianicol\u00e1ssu\u00e1rez":{"id":9960,"name":"Provincia Nicol\u00e1s Su\u00e1rez","latitude":"-11.33333000","longitude":"-68.50000000"}}},"potos\u00eddepartment":{"id":3383,"name":"Potos\u00ed Department","state_code":"P","latitude":"-20.62471300","longitude":"-66.99880110","type":null,"cities":{"atocha":{"id":9832,"name":"Atocha","latitude":"-20.93515000","longitude":"-66.22139000"},"betanzos":{"id":9835,"name":"Betanzos","latitude":"-19.55293000","longitude":"-65.45395000"},"colchani":{"id":9851,"name":"Colchani","latitude":"-20.30000000","longitude":"-66.93333000"},"colquechaca":{"id":9853,"name":"Colquechaca","latitude":"-18.70031000","longitude":"-66.00397000"},"enriquebaldivieso":{"id":9861,"name":"Enrique Baldivieso","latitude":"-21.38323000","longitude":"-67.60368000"},"llallagua":{"id":9880,"name":"Llallagua","latitude":"-18.42426000","longitude":"-66.58388000"},"potos\u00ed":{"id":9898,"name":"Potos\u00ed","latitude":"-19.58361000","longitude":"-65.75306000"},"provinciaalonzodeib\u00e1\u00f1ez":{"id":9900,"name":"Provincia Alonzo de Ib\u00e1\u00f1ez","latitude":"-18.50000000","longitude":"-66.33333000"},"provinciacharcas":{"id":9922,"name":"Provincia Charcas","latitude":"-18.33333000","longitude":"-65.83333000"},"provinciachayanta":{"id":9923,"name":"Provincia Chayanta","latitude":"-18.91667000","longitude":"-66.00000000"},"provinciadanielcampos":{"id":9926,"name":"Provincia Daniel Campos","latitude":"-20.25000000","longitude":"-68.25000000"},"provinciageneralbilbao":{"id":9930,"name":"Provincia General Bilbao","latitude":"-18.08333000","longitude":"-66.00000000"},"provincialinares":{"id":9944,"name":"Provincia Linares","latitude":"-19.83333000","longitude":"-65.50000000"},"provinciamodestoomiste":{"id":9955,"name":"Provincia Modesto Omiste","latitude":"-21.91667000","longitude":"-65.58333000"},"provincianorchichas":{"id":9961,"name":"Provincia Nor Chichas","latitude":"-20.66667000","longitude":"-66.00000000"},"provincianorl\u00edpez":{"id":9963,"name":"Provincia Nor L\u00edpez","latitude":"-20.50000000","longitude":"-67.83333000"},"provinciaquijarro":{"id":9972,"name":"Provincia Quijarro","latitude":"-20.00000000","longitude":"-66.33333000"},"provinciarafaelbustillo":{"id":9974,"name":"Provincia Rafael Bustillo","latitude":"-18.33333000","longitude":"-66.50000000"},"provinciasaavedra":{"id":9975,"name":"Provincia Saavedra","latitude":"-19.25000000","longitude":"-65.50000000"},"provinciasudchichas":{"id":9982,"name":"Provincia Sud Chichas","latitude":"-21.50000000","longitude":"-66.00000000"},"provinciasudl\u00edpez":{"id":9984,"name":"Provincia Sud L\u00edpez","latitude":"-22.00000000","longitude":"-67.50000000"},"provinciatom\u00e1sfr\u00edas":{"id":9989,"name":"Provincia Tom\u00e1s Fr\u00edas","latitude":"-19.33333000","longitude":"-66.00000000"},"santab\u00e1rbara":{"id":10022,"name":"Santa B\u00e1rbara","latitude":"-20.91667000","longitude":"-66.05000000"},"tupiza":{"id":10042,"name":"Tupiza","latitude":"-21.44345000","longitude":"-65.71875000"},"uyuni":{"id":10044,"name":"Uyuni","latitude":"-20.45967000","longitude":"-66.82503000"},"villaz\u00f3n":{"id":10048,"name":"Villaz\u00f3n","latitude":"-22.08659000","longitude":"-65.59422000"}}},"santacruzdepartment":{"id":3377,"name":"Santa Cruz Department","state_code":"S","latitude":"-16.74760370","longitude":"-62.07509980","type":null,"cities":{"abap\u00f3":{"id":9825,"name":"Abap\u00f3","latitude":"-18.88279000","longitude":"-63.38026000"},"ascenci\u00f3ndeguarayos":{"id":9830,"name":"Ascenci\u00f3n de Guarayos","latitude":"-15.89299000","longitude":"-63.18855000"},"ascensi\u00f3n":{"id":9831,"name":"Ascensi\u00f3n","latitude":"-15.70000000","longitude":"-63.08333000"},"boyuibe":{"id":9837,"name":"Boyuibe","latitude":"-20.43227000","longitude":"-63.28147000"},"buenavista":{"id":9838,"name":"Buena Vista","latitude":"-17.45830000","longitude":"-63.67126000"},"camiri":{"id":9840,"name":"Camiri","latitude":"-20.03849000","longitude":"-63.51833000"},"charagua":{"id":9844,"name":"Charagua","latitude":"-19.79151000","longitude":"-63.19864000"},"comarapa":{"id":9855,"name":"Comarapa","latitude":"-17.91537000","longitude":"-64.53163000"},"concepci\u00f3n":{"id":9856,"name":"Concepci\u00f3n","latitude":"-16.43333000","longitude":"-60.90000000"},"cotoca":{"id":9859,"name":"Cotoca","latitude":"-17.81667000","longitude":"-63.05000000"},"germanbusch":{"id":9864,"name":"German Busch","latitude":"-17.77317000","longitude":"-63.19087000"},"guarayos":{"id":9866,"name":"Guarayos","latitude":"-15.82132000","longitude":"-63.24280000"},"jorochito":{"id":9873,"name":"Jorochito","latitude":"-18.05514000","longitude":"-63.42821000"},"lab\u00e9lgica":{"id":9875,"name":"La B\u00e9lgica","latitude":"-17.55000000","longitude":"-63.21667000"},"limoncito":{"id":9878,"name":"Limoncito","latitude":"-18.03104000","longitude":"-63.40523000"},"losnegros":{"id":9881,"name":"Los Negros","latitude":"-17.73333000","longitude":"-63.43333000"},"mairana":{"id":9883,"name":"Mairana","latitude":"-18.11919000","longitude":"-63.95965000"},"mineros":{"id":9885,"name":"Mineros","latitude":"-17.11876000","longitude":"-63.23100000"},"montero":{"id":9888,"name":"Montero","latitude":"-17.33866000","longitude":"-63.25050000"},"okinawan\u00famerouno":{"id":9890,"name":"Okinawa N\u00famero Uno","latitude":"-17.23333000","longitude":"-62.81667000"},"pail\u00f3n":{"id":9893,"name":"Pail\u00f3n","latitude":"-17.65000000","longitude":"-62.75000000"},"paurito":{"id":9895,"name":"Paurito","latitude":"-17.88333000","longitude":"-62.96667000"},"portachuelo":{"id":9897,"name":"Portachuelo","latitude":"-17.35168000","longitude":"-63.39282000"},"provinciaandr\u00e9sib\u00e1\u00f1ez":{"id":9901,"name":"Provincia Andr\u00e9s Ib\u00e1\u00f1ez","latitude":"-17.75000000","longitude":"-63.25000000"},"provincia\u00c1ngelsandoval":{"id":9997,"name":"Provincia \u00c1ngel Sandoval","latitude":"-17.50000000","longitude":"-58.50000000"},"provinciachiquitos":{"id":9924,"name":"Provincia Chiquitos","latitude":"-18.00000000","longitude":"-60.00000000"},"provinciacordillera":{"id":9925,"name":"Provincia Cordillera","latitude":"-19.00000000","longitude":"-61.50000000"},"provinciaflorida":{"id":9928,"name":"Provincia Florida","latitude":"-18.00000000","longitude":"-63.91667000"},"provinciaichilo":{"id":9937,"name":"Provincia Ichilo","latitude":"-17.00000000","longitude":"-64.00000000"},"provinciamanuelmar\u00edacaballero":{"id":9951,"name":"Provincia Manuel Mar\u00eda Caballero","latitude":"-17.83333000","longitude":"-64.41667000"},"provincia\u00d1uflodech\u00e1vez":{"id":9998,"name":"Provincia \u00d1uflo de Ch\u00e1vez","latitude":"-15.91667000","longitude":"-62.50000000"},"provinciasantiesteban":{"id":9979,"name":"Provincia Santiesteban","latitude":"-16.50000000","longitude":"-63.50000000"},"provinciasara":{"id":9980,"name":"Provincia Sara","latitude":"-16.83333000","longitude":"-63.91667000"},"provinciavallegrande":{"id":9991,"name":"Provincia Vallegrande","latitude":"-18.50000000","longitude":"-64.16667000"},"provinciavelasco":{"id":9992,"name":"Provincia Velasco","latitude":"-15.50000000","longitude":"-61.00000000"},"provinciawarnes":{"id":9993,"name":"Provincia Warnes","latitude":"-17.33333000","longitude":"-63.00000000"},"puertoquijarro":{"id":9999,"name":"Puerto Quijarro","latitude":"-17.78333000","longitude":"-57.76667000"},"puestodepailas":{"id":10001,"name":"Puesto de Pailas","latitude":"-17.65000000","longitude":"-62.80000000"},"robor\u00e9":{"id":10007,"name":"Robor\u00e9","latitude":"-18.33473000","longitude":"-59.76142000"},"samaipata":{"id":10010,"name":"Samaipata","latitude":"-18.18005000","longitude":"-63.87552000"},"sancarlos":{"id":10012,"name":"San Carlos","latitude":"-17.40000000","longitude":"-63.75000000"},"sanignaciodevelasco":{"id":10013,"name":"San Ignacio de Velasco","latitude":"-16.36667000","longitude":"-60.95000000"},"sanjuandelsurut\u00fa":{"id":10014,"name":"San Juan del Surut\u00fa","latitude":"-17.48333000","longitude":"-63.70000000"},"sanjulian":{"id":10015,"name":"San Julian","latitude":"-17.78333000","longitude":"-62.86667000"},"sanmat\u00edas":{"id":10016,"name":"San Mat\u00edas","latitude":"-16.36667000","longitude":"-58.40000000"},"sanpedro":{"id":10018,"name":"San Pedro","latitude":"-18.28333000","longitude":"-59.81667000"},"santacruzdelasierra":{"id":10023,"name":"Santa Cruz de la Sierra","latitude":"-17.78629000","longitude":"-63.18117000"},"santarita":{"id":10024,"name":"Santa Rita","latitude":"-17.96667000","longitude":"-63.35000000"},"santarosadelsara":{"id":10026,"name":"Santa Rosa del Sara","latitude":"-17.10916000","longitude":"-63.59514000"},"santiagodeltorno":{"id":10027,"name":"Santiago del Torno","latitude":"-17.98674000","longitude":"-63.38118000"},"urubich\u00e1":{"id":10043,"name":"Urubich\u00e1","latitude":"-15.39286000","longitude":"-62.94661000"},"vallegrande":{"id":10045,"name":"Vallegrande","latitude":"-18.48923000","longitude":"-64.10609000"},"villayapacan\u00ed":{"id":10046,"name":"Villa Yapacan\u00ed","latitude":"-17.40000000","longitude":"-63.83333000"},"warnes":{"id":10050,"name":"Warnes","latitude":"-17.51630000","longitude":"-63.16778000"}}},"tarijadepartment":{"id":3378,"name":"Tarija Department","state_code":"T","latitude":"-21.58315950","longitude":"-63.95861110","type":null,"cities":{"bermejo":{"id":9834,"name":"Bermejo","latitude":"-22.73206000","longitude":"-64.33724000"},"entrer\u00edos":{"id":9862,"name":"Entre R\u00edos","latitude":"-21.52661000","longitude":"-64.17299000"},"provinciaarce":{"id":9903,"name":"Provincia Arce","latitude":"-22.16667000","longitude":"-64.33333000"},"provinciaavilez":{"id":9907,"name":"Provincia Avilez","latitude":"-21.66667000","longitude":"-65.00000000"},"provinciacercado":{"id":9919,"name":"Provincia Cercado","latitude":"-21.58333000","longitude":"-64.58333000"},"provinciagranchaco":{"id":9934,"name":"Provincia Gran Chaco","latitude":"-21.66667000","longitude":"-63.00000000"},"provinciam\u00e9ndez":{"id":9959,"name":"Provincia M\u00e9ndez","latitude":"-21.16667000","longitude":"-64.91667000"},"provinciao\u2019connor":{"id":9967,"name":"Provincia O\u2019Connor","latitude":"-21.58333000","longitude":"-64.16667000"},"tarija":{"id":10035,"name":"Tarija","latitude":"-21.53549000","longitude":"-64.72956000"},"villamontes":{"id":10047,"name":"Villamontes","latitude":"-21.26235000","longitude":"-63.46903000"},"yacuiba":{"id":10051,"name":"Yacuiba","latitude":"-22.01643000","longitude":"-63.67753000"}}}}}