{"id":148,"name":"Montserrat","iso3":"MSR","iso2":"MS","numeric_code":"500","phone_code":"1","capital":"Plymouth","currency":"XCD","currency_name":"Eastern Caribbean dollar","currency_symbol":"$","tld":".ms","native":"Montserrat","region":"Americas","region_id":2,"subregion":"Caribbean","subregion_id":7,"nationality":"Montserratian","timezones":[{"zoneName":"America/Montserrat","gmtOffset":-14400,"gmtOffsetName":"UTC-04:00","abbreviation":"AST","tzName":"Atlantic Standard Time"}],"translations":{"ko":"\ubaac\ud2b8\uc138\ub7ab","pt-BR":"Montserrat","pt":"Monserrate","nl":"Montserrat","hr":"Montserrat","fa":"\u0645\u0627\u06cc\u0648\u062a","de":"Montserrat","es":"Montserrat","fr":"Montserrat","ja":"\u30e2\u30f3\u30c8\u30bb\u30e9\u30c8","it":"Montserrat","zh-CN":"\u8499\u7279\u585e\u62c9\u7279","tr":"Montserrat","ru":"\u041c\u043e\u043d\u0442\u0441\u0435\u0440\u0440\u0430\u0442","uk":"\u041c\u043e\u043d\u0442\u0441\u0435\u0440\u0440\u0430\u0442","pl":"Montserrat"},"latitude":"16.75000000","longitude":"-62.20000000","emoji":"\ud83c\uddf2\ud83c\uddf8","emojiU":"U+1F1F2 U+1F1F8"}