{"id":216,"name":"Taiwan","iso3":"TWN","iso2":"TW","numeric_code":"158","phone_code":"886","capital":"Taipei","currency":"TWD","currency_name":"New Taiwan dollar","currency_symbol":"$","tld":".tw","native":"\u81fa\u7063","region":"Asia","region_id":"3","subregion":"Eastern Asia","subregion_id":"12","nationality":"Chinese, Taiwanese","timezones":[{"zoneName":"Asia/Taipei","gmtOffset":28800,"gmtOffsetName":"UTC+08:00","abbreviation":"CST","tzName":"China Standard Time"}],"translations":{"kr":"\ub300\ub9cc","pt-BR":"Taiwan","pt":"Taiwan","nl":"Taiwan","hr":"Tajvan","fa":"\u062a\u0627\u06cc\u0648\u0627\u0646","de":"Taiwan","es":"Taiw\u00e1n","fr":"Ta\u00efwan","ja":"\u53f0\u6e7e\uff08\u4e2d\u83ef\u6c11\u56fd\uff09","it":"Taiwan","cn":"\u4e2d\u56fd\u53f0\u6e7e","tr":"Tayvan","ru":"\u0422\u0430\u0439\u0432\u0430\u043d\u044c","uk":"\u0422\u0430\u0439\u0432\u0430\u043d\u044c","pl":"Tajwan"},"latitude":"23.50000000","longitude":"121.00000000","emoji":"\ud83c\uddf9\ud83c\uddfc","emojiU":"U+1F1F9 U+1F1FC","states":{"changhua":{"id":3404,"name":"Changhua","state_code":"CHA","latitude":"24.05179630","longitude":"120.51613520","type":"county","cities":{"changhua":{"id":109003,"name":"Changhua","latitude":"23.95361000","longitude":"120.49083000"},"yuanlin":{"id":109038,"name":"Yuanlin","latitude":"23.95671000","longitude":"120.57608000"}}},"chiayi":{"id":3418,"name":"Chiayi","state_code":"CYQ","latitude":"23.48007510","longitude":"120.44911130","type":"county","cities":{"chiayicounty":{"id":109005,"name":"Chiayi County","latitude":"23.46333000","longitude":"120.58166000"}}},"hsinchu":{"id":3417,"name":"Hsinchu","state_code":"HSZ","latitude":"24.81382870","longitude":"120.96747980","type":"city","cities":{"hsinchucounty":{"id":109011,"name":"Hsinchu County","latitude":"24.67416000","longitude":"121.16111000"}}},"hualien":{"id":3411,"name":"Hualien","state_code":"HUA","latitude":"23.98715890","longitude":"121.60157140","type":"county","cities":{"hualien":{"id":109012,"name":"Hualien","latitude":"23.78166000","longitude":"121.39333000"},"hualiencity":{"id":109013,"name":"Hualien City","latitude":"23.97694000","longitude":"121.60444000"}}},"kaohsiung":{"id":3412,"name":"Kaohsiung","state_code":"KHH","latitude":"22.62727840","longitude":"120.30143530","type":"special municipality","cities":{"kaohsiung":{"id":109016,"name":"Kaohsiung","latitude":"22.61626000","longitude":"120.31333000"}}},"keelung":{"id":4965,"name":"Keelung","state_code":"KEE","latitude":"25.12418620","longitude":"121.64758340","type":"city"},"kinmen":{"id":3415,"name":"Kinmen","state_code":"KIN","latitude":"24.34877920","longitude":"118.32856440","type":"county","cities":{"jincheng":{"id":109014,"name":"Jincheng","latitude":"24.43415000","longitude":"118.31712000"},"kinmencounty":{"id":109017,"name":"Kinmen County","latitude":"24.45333000","longitude":"118.38861000"}}},"lienchiang":{"id":3420,"name":"Lienchiang","state_code":"LIE","latitude":"26.15055560","longitude":"119.92888890","type":"county","cities":{"lienchiang":{"id":109018,"name":"Lienchiang","latitude":"26.37004000","longitude":"120.49545000"},"nangan":{"id":109022,"name":"Nangan","latitude":"26.15039000","longitude":"119.93284000"}}},"miaoli":{"id":3413,"name":"Miaoli","state_code":"MIA","latitude":"24.56015900","longitude":"120.82142650","type":"county","cities":{"miaoli":{"id":109021,"name":"Miaoli","latitude":"24.48972000","longitude":"120.90638000"}}},"nantou":{"id":3407,"name":"Nantou","state_code":"NAN","latitude":"23.96099810","longitude":"120.97186380","type":"county","cities":{"lugu":{"id":109019,"name":"Lugu","latitude":"23.74639000","longitude":"120.75250000"},"nantou":{"id":109023,"name":"Nantou","latitude":"23.83419000","longitude":"120.92704000"},"puli":{"id":109027,"name":"Puli","latitude":"23.96639000","longitude":"120.96952000"},"zhongxingnewvillage":{"id":109041,"name":"Zhongxing New Village","latitude":"23.95908000","longitude":"120.68516000"}}},"newtaipei":{"id":4966,"name":"New Taipei","state_code":"NWT","latitude":"24.98752780","longitude":"121.36459470","type":"special municipality"},"penghu":{"id":3403,"name":"Penghu","state_code":"PEN","latitude":"23.57118990","longitude":"119.57931570","type":"county","cities":{"magong":{"id":109020,"name":"Magong","latitude":"23.56540000","longitude":"119.58627000"},"penghucounty":{"id":109024,"name":"Penghu County","latitude":"23.57111000","longitude":"119.61138000"}}},"pingtung":{"id":3405,"name":"Pingtung","state_code":"PIF","latitude":"22.55197590","longitude":"120.54875970","type":"county","cities":{"donggang":{"id":109007,"name":"Donggang","latitude":"22.46515000","longitude":"120.44927000"},"hengchun":{"id":109009,"name":"Hengchun","latitude":"22.00417000","longitude":"120.74389000"},"pingtung":{"id":109025,"name":"Pingtung","latitude":"22.49555000","longitude":"120.61444000"}}},"taichung":{"id":3406,"name":"Taichung","state_code":"TXG","latitude":"24.14773580","longitude":"120.67364820","type":"special municipality","cities":{"taichung":{"id":109028,"name":"Taichung","latitude":"24.14690000","longitude":"120.68390000"},"taichungcity":{"id":109029,"name":"Taichung City","latitude":"24.15472000","longitude":"120.67297000"}}},"tainan":{"id":3421,"name":"Tainan","state_code":"TNN","latitude":"22.99972810","longitude":"120.22702770","type":"special municipality","cities":{"tainan":{"id":109030,"name":"Tainan","latitude":"22.99083000","longitude":"120.21333000"},"yujing":{"id":109039,"name":"Yujing","latitude":"23.12493000","longitude":"120.46138000"}}},"taipei":{"id":3422,"name":"Taipei","state_code":"TPE","latitude":"25.03296940","longitude":"121.56541770","type":"special municipality","cities":{"banqiao":{"id":109002,"name":"Banqiao","latitude":"25.01427000","longitude":"121.46719000"},"jiufen":{"id":109015,"name":"Jiufen","latitude":"25.10957000","longitude":"121.84424000"},"taipei":{"id":109031,"name":"Taipei","latitude":"25.04776000","longitude":"121.53185000"},"taipeicity":{"id":109032,"name":"Taipei City","latitude":"25.08300000","longitude":"121.55331000"}}},"taitung":{"id":3410,"name":"Taitung","state_code":"TTT","latitude":"22.79724470","longitude":"121.07137020","type":"county","cities":{"taitung":{"id":109033,"name":"Taitung","latitude":"22.88361000","longitude":"121.04833000"},"taitungcity":{"id":109034,"name":"Taitung City","latitude":"22.75830000","longitude":"121.14440000"}}},"taoyuan":{"id":3419,"name":"Taoyuan","state_code":"TAO","latitude":"24.99362810","longitude":"121.30097980","type":"special municipality","cities":{"daxi":{"id":109006,"name":"Daxi","latitude":"24.88373000","longitude":"121.29043000"},"taoyuan":{"id":109035,"name":"Taoyuan","latitude":"24.89500000","longitude":"121.24611000"},"taoyuancity":{"id":109036,"name":"Taoyuan City","latitude":"24.99368000","longitude":"121.29696000"}}},"yilan":{"id":3402,"name":"Yilan","state_code":"ILA","latitude":"24.70210730","longitude":"121.73775020","type":"county","cities":{"yilan":{"id":109037,"name":"Yilan","latitude":"24.54250000","longitude":"121.63361000"}}},"yunlin":{"id":3416,"name":"Yunlin","state_code":"YUN","latitude":"23.70920330","longitude":"120.43133730","type":"county","cities":{"douliu":{"id":109008,"name":"Douliu","latitude":"23.70944000","longitude":"120.54333000"},"yunlin":{"id":109040,"name":"Yunlin","latitude":"23.70701000","longitude":"120.38481000"}}}}}