{"id":9,"name":"Antarctica","iso3":"ATA","iso2":"AQ","numeric_code":"010","phone_code":"672","capital":"","currency":"AAD","currency_name":"Antarctican dollar","currency_symbol":"$","tld":".aq","native":"Antarctica","region":"Polar","region_id":6,"subregion":"","subregion_id":0,"nationality":"Antarctic","timezones":[{"zoneName":"Antarctica/Casey","gmtOffset":39600,"gmtOffsetName":"UTC+11:00","abbreviation":"AWST","tzName":"Australian Western Standard Time"},{"zoneName":"Antarctica/Davis","gmtOffset":25200,"gmtOffsetName":"UTC+07:00","abbreviation":"DAVT","tzName":"Davis Time"},{"zoneName":"Antarctica/DumontDUrville","gmtOffset":36000,"gmtOffsetName":"UTC+10:00","abbreviation":"DDUT","tzName":"Dumont d\u0027Urville Time"},{"zoneName":"Antarctica/Mawson","gmtOffset":18000,"gmtOffsetName":"UTC+05:00","abbreviation":"MAWT","tzName":"Mawson Station Time"},{"zoneName":"Antarctica/McMurdo","gmtOffset":46800,"gmtOffsetName":"UTC+13:00","abbreviation":"NZDT","tzName":"New Zealand Daylight Time"},{"zoneName":"Antarctica/Palmer","gmtOffset":-10800,"gmtOffsetName":"UTC-03:00","abbreviation":"CLST","tzName":"Chile Summer Time"},{"zoneName":"Antarctica/Rothera","gmtOffset":-10800,"gmtOffsetName":"UTC-03:00","abbreviation":"ROTT","tzName":"Rothera Research Station Time"},{"zoneName":"Antarctica/Syowa","gmtOffset":10800,"gmtOffsetName":"UTC+03:00","abbreviation":"SYOT","tzName":"Showa Station Time"},{"zoneName":"Antarctica/Troll","gmtOffset":0,"gmtOffsetName":"UTC\u00b100","abbreviation":"GMT","tzName":"Greenwich Mean Time"},{"zoneName":"Antarctica/Vostok","gmtOffset":21600,"gmtOffsetName":"UTC+06:00","abbreviation":"VOST","tzName":"Vostok Station Time"}],"translations":{"ko":"\ub0a8\uadf9","pt-BR":"Ant\u00e1rtida","pt":"Ant\u00e1rctida","nl":"Antarctica","hr":"Antarktika","fa":"\u062c\u0646\u0648\u0628\u06af\u0627\u0646","de":"Antarktika","es":"Ant\u00e1rtida","fr":"Antarctique","ja":"\u5357\u6975\u5927\u9678","it":"Antartide","zh-CN":"\u5357\u6781\u6d32","tr":"Antartika","ru":"\u0410\u043d\u0442\u0430\u0440\u043a\u0442\u0438\u0434\u0430","uk":"\u0410\u043d\u0442\u0430\u0440\u043a\u0442\u0438\u0434\u0430","pl":"Antarktyda"},"latitude":"-74.65000000","longitude":"4.48000000","emoji":"\ud83c\udde6\ud83c\uddf6","emojiU":"U+1F1E6 U+1F1F6"}