{"id":147,"name":"Montenegro","iso3":"MNE","iso2":"ME","numeric_code":"499","phone_code":"382","capital":"Podgorica","currency":"EUR","currency_name":"Euro","currency_symbol":"\u20ac","tld":".me","native":"\u0426\u0440\u043d\u0430 \u0413\u043e\u0440\u0430","region":"Europe","region_id":"4","subregion":"Southern Europe","subregion_id":"16","nationality":"Montenegrin","timezones":[{"zoneName":"Europe/Podgorica","gmtOffset":3600,"gmtOffsetName":"UTC+01:00","abbreviation":"CET","tzName":"Central European Time"}],"translations":{"kr":"\ubaac\ud14c\ub124\uadf8\ub85c","pt-BR":"Montenegro","pt":"Montenegro","nl":"Montenegro","hr":"Crna Gora","fa":"\u0645\u0648\u0646\u062a\u0647\u200c\u0646\u06af\u0631\u0648","de":"Montenegro","es":"Montenegro","fr":"Mont\u00e9n\u00e9gro","ja":"\u30e2\u30f3\u30c6\u30cd\u30b0\u30ed","it":"Montenegro","cn":"\u9ed1\u5c71","tr":"Karada\u011f","ru":"\u0427\u0435\u0440\u043d\u043e\u0433\u043e\u0440\u0438\u044f","uk":"\u0427\u043e\u0440\u043d\u043e\u0433\u043e\u0440\u0456\u044f","pl":"Czarnog\u00f3ra"},"latitude":"42.50000000","longitude":"19.30000000","emoji":"\ud83c\uddf2\ud83c\uddea","emojiU":"U+1F1F2 U+1F1EA","states":{"andrijevicamunicipality":{"id":23,"name":"Andrijevica Municipality","state_code":"01","latitude":"42.73624770","longitude":"19.78595560","type":null,"cities":{"andrijevica":{"id":67343,"name":"Andrijevica","latitude":"42.73389000","longitude":"19.79194000"}}},"barmunicipality":{"id":13,"name":"Bar Municipality","state_code":"02","latitude":"42.12781190","longitude":"19.14043800","type":null,"cities":{"bar":{"id":67344,"name":"Bar","latitude":"42.09306000","longitude":"19.10028000"},"staribar":{"id":67369,"name":"Stari Bar","latitude":"42.09700000","longitude":"19.13600000"},"\u0160u\u0161anj":{"id":67375,"name":"\u0160u\u0161anj","latitude":"42.11556000","longitude":"19.08833000"},"sutomore":{"id":67370,"name":"Sutomore","latitude":"42.14278000","longitude":"19.04667000"}}},"beranemunicipality":{"id":21,"name":"Berane Municipality","state_code":"03","latitude":"42.82572890","longitude":"19.90205090","type":null,"cities":{"berane":{"id":67345,"name":"Berane","latitude":"42.84250000","longitude":"19.87333000"}}},"bijelopoljemunicipality":{"id":25,"name":"Bijelo Polje Municipality","state_code":"04","latitude":"43.08465260","longitude":"19.71154720","type":null,"cities":{"bijelopolje":{"id":67346,"name":"Bijelo Polje","latitude":"43.03834000","longitude":"19.74758000"}}},"budvamunicipality":{"id":30,"name":"Budva Municipality","state_code":"05","latitude":"42.31407200","longitude":"18.83138320","type":null,"cities":{"budva":{"id":67347,"name":"Budva","latitude":"42.28639000","longitude":"18.84000000"},"petrovacnamoru":{"id":67360,"name":"Petrovac na Moru","latitude":"42.20556000","longitude":"18.94250000"}}},"danilovgradmunicipality":{"id":14,"name":"Danilovgrad Municipality","state_code":"07","latitude":"42.58357000","longitude":"19.14043800","type":null,"cities":{"danilovgrad":{"id":67349,"name":"Danilovgrad","latitude":"42.55384000","longitude":"19.14608000"},"spu\u017e":{"id":67368,"name":"Spu\u017e","latitude":"42.51500000","longitude":"19.19500000"}}},"gusinjemunicipality":{"id":24,"name":"Gusinje Municipality","state_code":"22","latitude":"42.55634550","longitude":"19.83060510","type":null,"cities":{"gusinje":{"id":67353,"name":"Gusinje","latitude":"42.56194000","longitude":"19.83389000"}}},"kola\u0161inmunicipality":{"id":31,"name":"Kola\u0161in Municipality","state_code":"09","latitude":"42.76019160","longitude":"19.42591140","type":null,"cities":{"kola\u0161in":{"id":67354,"name":"Kola\u0161in","latitude":"42.82229000","longitude":"19.51653000"}}},"kotormunicipality":{"id":26,"name":"Kotor Municipality","state_code":"10","latitude":"42.57402610","longitude":"18.64131450","type":null,"cities":{"dobrota":{"id":67350,"name":"Dobrota","latitude":"42.45417000","longitude":"18.76833000"},"kotor":{"id":67355,"name":"Kotor","latitude":"42.42067000","longitude":"18.76825000"},"pr\u010danj":{"id":67365,"name":"Pr\u010danj","latitude":"42.45750000","longitude":"18.74222000"},"risan":{"id":67366,"name":"Risan","latitude":"42.51500000","longitude":"18.69556000"}}},"mojkovacmunicipality":{"id":22,"name":"Mojkovac Municipality","state_code":"11","latitude":"42.96880180","longitude":"19.52110630","type":null,"cities":{"mojkovac":{"id":67358,"name":"Mojkovac","latitude":"42.96044000","longitude":"19.58330000"}}},"nik\u0161i\u0107municipality":{"id":17,"name":"Nik\u0161i\u0107 Municipality","state_code":"12","latitude":"42.79971840","longitude":"18.76009630","type":null,"cities":{"nik\u0161i\u0107":{"id":67359,"name":"Nik\u0161i\u0107","latitude":"42.77310000","longitude":"18.94446000"}}},"oldroyalcapitalcetinje":{"id":28,"name":"Old Royal Capital Cetinje","state_code":"06","latitude":"42.39309590","longitude":"18.91159640","type":null,"cities":{"cetinje":{"id":67348,"name":"Cetinje","latitude":"42.39063000","longitude":"18.91417000"}}},"petnjicamunicipality":{"id":12,"name":"Petnjica Municipality","state_code":"23","latitude":"42.93534800","longitude":"20.02114490","type":null},"plavmunicipality":{"id":19,"name":"Plav Municipality","state_code":"13","latitude":"42.60013370","longitude":"19.94075410","type":null,"cities":{"plav":{"id":67361,"name":"Plav","latitude":"42.59694000","longitude":"19.94556000"}}},"pljevljamunicipality":{"id":20,"name":"Pljevlja Municipality","state_code":"14","latitude":"43.27233830","longitude":"19.28315310","type":null,"cities":{"pljevlja":{"id":67362,"name":"Pljevlja","latitude":"43.35670000","longitude":"19.35843000"}}},"plu\u017einemunicipality":{"id":16,"name":"Plu\u017eine Municipality","state_code":"15","latitude":"43.15933840","longitude":"18.85514840","type":null,"cities":{"plu\u017eine":{"id":67363,"name":"Plu\u017eine","latitude":"43.15278000","longitude":"18.83944000"}}},"podgoricamunicipality":{"id":27,"name":"Podgorica Municipality","state_code":"16","latitude":"42.36938340","longitude":"19.28315310","type":null,"cities":{"golubovci":{"id":67351,"name":"Golubovci","latitude":"42.33500000","longitude":"19.23111000"},"gori\u010dani":{"id":67352,"name":"Gori\u010dani","latitude":"42.33222000","longitude":"19.21194000"},"matagu\u017ei":{"id":67356,"name":"Matagu\u017ei","latitude":"42.32361000","longitude":"19.27278000"},"mojanovi\u0107i":{"id":67357,"name":"Mojanovi\u0107i","latitude":"42.34167000","longitude":"19.22139000"},"podgorica":{"id":67364,"name":"Podgorica","latitude":"42.44111000","longitude":"19.26361000"},"tuzi":{"id":67372,"name":"Tuzi","latitude":"42.36556000","longitude":"19.33139000"}}},"ro\u017eajemunicipality":{"id":15,"name":"Ro\u017eaje Municipality","state_code":"17","latitude":"42.84083890","longitude":"20.16706280","type":null,"cities":{"ro\u017eaje":{"id":67367,"name":"Ro\u017eaje","latitude":"42.83299000","longitude":"20.16652000"}}},"\u0160avnikmunicipality":{"id":18,"name":"\u0160avnik Municipality","state_code":"18","latitude":"42.96037560","longitude":"19.14043800","type":null,"cities":{"\u0160avnik":{"id":67374,"name":"\u0160avnik","latitude":"42.95639000","longitude":"19.09667000"}}},"tivatmunicipality":{"id":29,"name":"Tivat Municipality","state_code":"19","latitude":"42.42348000","longitude":"18.71851840","type":null,"cities":{"tivat":{"id":67371,"name":"Tivat","latitude":"42.43639000","longitude":"18.69611000"}}},"ulcinjmunicipality":{"id":33,"name":"Ulcinj Municipality","state_code":"20","latitude":"41.96527950","longitude":"19.30694320","type":null,"cities":{"ulcinj":{"id":67373,"name":"Ulcinj","latitude":"41.92936000","longitude":"19.22436000"}}},"\u017dabljakmunicipality":{"id":32,"name":"\u017dabljak Municipality","state_code":"21","latitude":"43.15551520","longitude":"19.12260180","type":null,"cities":{"\u017dabljak":{"id":67376,"name":"\u017dabljak","latitude":"43.15423000","longitude":"19.12325000"}}}}}