{"id":117,"name":"Kuwait","iso3":"KWT","iso2":"KW","numeric_code":"414","phonecode":"965","capital":"Kuwait City","currency":"KWD","currency_name":"Kuwaiti dinar","currency_symbol":"\u0643.\u062f","tld":".kw","native":"\u0627\u0644\u0643\u0648\u064a\u062a","region":"Asia","region_id":3,"subregion":"Western Asia","subregion_id":11,"nationality":"Kuwaiti","timezones":[{"zoneName":"Asia/Kuwait","gmtOffset":10800,"gmtOffsetName":"UTC+03:00","abbreviation":"AST","tzName":"Arabia Standard Time"}],"translations":{"ko":"\ucfe0\uc6e8\uc774\ud2b8","pt-BR":"Kuwait","pt":"Kuwait","nl":"Koeweit","hr":"Kuvajt","fa":"\u06a9\u0648\u06cc\u062a","de":"Kuwait","es":"Kuwait","fr":"Kowe\u00eft","ja":"\u30af\u30a6\u30a7\u30fc\u30c8","it":"Kuwait","zh-CN":"\u79d1\u5a01\u7279","tr":"Kuveyt","ru":"\u041a\u0443\u0432\u0435\u0439\u0442","uk":"\u041a\u0443\u0432\u0435\u0439\u0442","pl":"Kuwejt"},"latitude":"29.50000000","longitude":"45.75000000","emoji":"\ud83c\uddf0\ud83c\uddfc","emojiU":"U+1F1F0 U+1F1FC","states":{"alahmadi":{"id":977,"name":"Al Ahmadi","state_code":"AH","latitude":"28.57451250","longitude":"48.10247430","type":"governorate","cities":{"ala\u1e29mad\u012b":{"id":65572,"name":"Al A\u1e29mad\u012b","latitude":"29.07694000","longitude":"48.08389000"},"alfa\u1e29\u0101\u1e29\u012bl":{"id":65574,"name":"Al Fa\u1e29\u0101\u1e29\u012bl","latitude":"29.08250000","longitude":"48.13028000"},"alfin\u0163\u0101s":{"id":65575,"name":"Al Fin\u0163\u0101s","latitude":"29.17389000","longitude":"48.12111000"},"almahb\u016blah":{"id":65578,"name":"Al Mahb\u016blah","latitude":"29.14500000","longitude":"48.13028000"},"almanqaf":{"id":65579,"name":"Al Manqaf","latitude":"29.09611000","longitude":"48.13278000"},"alwafrah":{"id":65580,"name":"Al Wafrah","latitude":"28.63917000","longitude":"47.93056000"},"arriqqah":{"id":65582,"name":"Ar Riqqah","latitude":"29.14583000","longitude":"48.09472000"}}},"alasimah":{"id":976,"name":"Al Asimah","state_code":"KU","latitude":"26.22851610","longitude":"50.58604970","type":"governorate","cities":{"addasmah":{"id":65571,"name":"Ad Dasmah","latitude":"29.36500000","longitude":"48.00139000"},"arr\u0101biyah":{"id":65584,"name":"Ar R\u0101biyah","latitude":"29.29500000","longitude":"47.93306000"},"ashsh\u0101m\u012byah":{"id":65586,"name":"Ash Sh\u0101m\u012byah","latitude":"29.34722000","longitude":"47.96167000"},"azzawr":{"id":65587,"name":"Az Zawr","latitude":"29.44250000","longitude":"48.27472000"},"kuwaitcity":{"id":65590,"name":"Kuwait City","latitude":"29.36972000","longitude":"47.97833000"}}},"alfarwaniyah":{"id":975,"name":"Al Farwaniyah","state_code":"FA","latitude":"29.27335700","longitude":"47.94001540","type":"governorate","cities":{"alfarw\u0101n\u012byah":{"id":65573,"name":"Al Farw\u0101n\u012byah","latitude":"29.27750000","longitude":"47.95861000"},"jan\u016bbassurrah":{"id":65589,"name":"Jan\u016bb as Surrah","latitude":"29.26917000","longitude":"47.97806000"}}},"aljahra":{"id":972,"name":"Al Jahra","state_code":"JA","latitude":"29.99318310","longitude":"47.76347310","type":"governorate","cities":{"aljahr\u0101\u2019":{"id":65577,"name":"Al Jahr\u0101\u2019","latitude":"29.33750000","longitude":"47.65806000"}}},"hawalli":{"id":973,"name":"Hawalli","state_code":"HA","latitude":"29.30567160","longitude":"48.03076130","type":"governorate","cities":{"arrumayth\u012byah":{"id":65583,"name":"Ar Rumayth\u012byah","latitude":"29.31167000","longitude":"48.07417000"},"ass\u0101lim\u012byah":{"id":65585,"name":"As S\u0101lim\u012byah","latitude":"29.33389000","longitude":"48.07611000"},"bay\u0101n":{"id":65588,"name":"Bay\u0101n","latitude":"29.30320000","longitude":"48.04881000"},"\u1e28awall\u012b":{"id":65593,"name":"\u1e28awall\u012b","latitude":"29.33278000","longitude":"48.02861000"},"salw\u00e1":{"id":65591,"name":"Salw\u00e1","latitude":"29.29583000","longitude":"48.07861000"}}},"mubarakal-kabeer":{"id":974,"name":"Mubarak Al-Kabeer","state_code":"MU","latitude":"29.21224000","longitude":"48.06051080","type":"governorate","cities":{"abualhasaniya":{"id":65569,"name":"Abu Al Hasaniya","latitude":"29.19076000","longitude":"48.11355000"},"abufatira":{"id":65570,"name":"Abu Fatira","latitude":"29.19746000","longitude":"48.10278000"},"alfunay\u0163\u012bs":{"id":65576,"name":"Al Funay\u0163\u012bs","latitude":"29.22528000","longitude":"48.10167000"},"al-masayel":{"id":65581,"name":"Al-Masayel","latitude":"29.23930000","longitude":"48.08862000"},"\u015eab\u0101\u1e29ass\u0101lim":{"id":65592,"name":"\u015eab\u0101\u1e29 as S\u0101lim","latitude":"29.25722000","longitude":"48.05722000"}}}}}