{"id":134,"name":"Mali","iso3":"MLI","iso2":"ML","numeric_code":"466","phonecode":"223","capital":"Bamako","currency":"XOF","currency_name":"West African CFA franc","currency_symbol":"CFA","tld":".ml","native":"Mali","region":"Africa","region_id":1,"subregion":"Western Africa","subregion_id":3,"nationality":"Malian, Malinese","timezones":[{"zoneName":"Africa/Bamako","gmtOffset":0,"gmtOffsetName":"UTC\u00b100","abbreviation":"GMT","tzName":"Greenwich Mean Time"}],"translations":{"ko":"\ub9d0\ub9ac","pt-BR":"Mali","pt":"Mali","nl":"Mali","hr":"Mali","fa":"\u0645\u0627\u0644\u06cc","de":"Mali","es":"Mali","fr":"Mali","ja":"\u30de\u30ea","it":"Mali","zh-CN":"\u9a6c\u91cc","tr":"Mali","ru":"\u041c\u0430\u043b\u0438","uk":"\u041c\u0430\u043b\u0456","pl":"Mali"},"latitude":"17.00000000","longitude":"-4.00000000","emoji":"\ud83c\uddf2\ud83c\uddf1","emojiU":"U+1F1F2 U+1F1F1","states":{"bamako":{"id":253,"name":"Bamako","state_code":"BKO","latitude":"12.63923160","longitude":"-8.00288920","type":"district","cities":{"bamako":{"id":67587,"name":"Bamako","latitude":"12.65000000","longitude":"-8.00000000"}}},"gao":{"id":258,"name":"Gao","state_code":"7","latitude":"16.90663320","longitude":"1.52086240","type":"region","cities":{"ansongo":{"id":67584,"name":"Ansongo","latitude":"15.65970000","longitude":"0.50220000"},"cercledebourem":{"id":67592,"name":"Cercle de Bourem","latitude":"17.71192000","longitude":"-0.34284000"},"gao":{"id":67601,"name":"Gao","latitude":"16.27167000","longitude":"-0.04472000"},"gaocercle":{"id":67602,"name":"Gao Cercle","latitude":"16.72237000","longitude":"0.43984000"},"in\u00e9kar":{"id":67605,"name":"In\u00e9kar","latitude":"15.95944000","longitude":"3.14111000"}}},"kayes":{"id":252,"name":"Kayes","state_code":"1","latitude":"14.08183080","longitude":"-9.90181310","type":"region","cities":{"bafoulab\u00e9":{"id":67586,"name":"Bafoulab\u00e9","latitude":"13.80650000","longitude":"-10.83210000"},"kayes":{"id":67608,"name":"Kayes","latitude":"14.44693000","longitude":"-11.44448000"},"kita":{"id":67611,"name":"Kita","latitude":"13.03490000","longitude":"-9.48950000"},"kokofata":{"id":67612,"name":"Kokofata","latitude":"12.88333000","longitude":"-9.95000000"},"sagalo":{"id":67623,"name":"Sagalo","latitude":"12.20000000","longitude":"-10.70000000"}}},"kidal":{"id":257,"name":"Kidal","state_code":"8","latitude":"18.79868320","longitude":"1.83183340","type":"region","cities":{"abe\u00efbara":{"id":67583,"name":"Abe\u00efbara","latitude":"19.11667000","longitude":"1.75000000"},"cercled\u2019abe\u00efbara":{"id":67595,"name":"Cercle d\u2019Abe\u00efbara","latitude":"19.48878000","longitude":"2.20025000"},"kidal":{"id":67609,"name":"Kidal","latitude":"18.44111000","longitude":"1.40778000"}}},"koulikoro":{"id":250,"name":"Koulikoro","state_code":"2","latitude":"13.80180740","longitude":"-7.43813550","type":"region","cities":{"banamba":{"id":67588,"name":"Banamba","latitude":"13.54773000","longitude":"-7.44808000"},"kangaba":{"id":67606,"name":"Kangaba","latitude":"11.93333000","longitude":"-8.41667000"},"kati":{"id":67607,"name":"Kati","latitude":"12.74409000","longitude":"-8.07257000"},"kolokani":{"id":67613,"name":"Kolokani","latitude":"13.57280000","longitude":"-8.03390000"},"koulikoro":{"id":67615,"name":"Koulikoro","latitude":"12.86273000","longitude":"-7.55985000"}}},"m\u00e9naka":{"id":251,"name":"M\u00e9naka","state_code":"9","latitude":"15.91564210","longitude":"2.39617400","type":"region"},"mopti":{"id":255,"name":"Mopti","state_code":"5","latitude":"14.63380390","longitude":"-3.41955270","type":"region","cities":{"bandiagara":{"id":67589,"name":"Bandiagara","latitude":"14.35005000","longitude":"-3.61038000"},"dj\u00e9nn\u00e9":{"id":67598,"name":"Dj\u00e9nn\u00e9","latitude":"13.90608000","longitude":"-4.55332000"},"douentza":{"id":67599,"name":"Douentza","latitude":"15.00155000","longitude":"-2.94978000"},"douentzacercle":{"id":67600,"name":"Douentza Cercle","latitude":"15.06947000","longitude":"-2.40875000"},"mopti":{"id":67620,"name":"Mopti","latitude":"14.48430000","longitude":"-4.18296000"},"t\u00e9nenkou":{"id":67629,"name":"T\u00e9nenkou","latitude":"14.45722000","longitude":"-4.91690000"}}},"s\u00e9gou":{"id":249,"name":"S\u00e9gou","state_code":"4","latitude":"13.83944560","longitude":"-6.06791940","type":"region","cities":{"baroueli":{"id":67590,"name":"Baroueli","latitude":"13.07489000","longitude":"-6.57171000"},"cercledesan":{"id":67594,"name":"Cercle de San","latitude":"13.17895000","longitude":"-5.01617000"},"k\u00e9-macina":{"id":67618,"name":"K\u00e9-Macina","latitude":"13.96410000","longitude":"-5.35791000"},"kinmparana":{"id":67610,"name":"Kinmparana","latitude":"12.84217000","longitude":"-4.92450000"},"markala":{"id":67619,"name":"Markala","latitude":"13.70210000","longitude":"-6.06590000"},"san":{"id":67624,"name":"San","latitude":"13.30335000","longitude":"-4.89562000"},"s\u00e9gou":{"id":67627,"name":"S\u00e9gou","latitude":"13.43170000","longitude":"-6.21570000"},"sokolo":{"id":67626,"name":"Sokolo","latitude":"14.73280000","longitude":"-6.12190000"}}},"sikasso":{"id":254,"name":"Sikasso","state_code":"3","latitude":"10.89051860","longitude":"-7.43813550","type":"region","cities":{"bougouni":{"id":67591,"name":"Bougouni","latitude":"11.41769000","longitude":"-7.48323000"},"kolondi\u00e9ba":{"id":67614,"name":"Kolondi\u00e9ba","latitude":"11.08943000","longitude":"-6.89290000"},"koutiala":{"id":67616,"name":"Koutiala","latitude":"12.39173000","longitude":"-5.46421000"},"koutialacercle":{"id":67617,"name":"Koutiala Cercle","latitude":"12.35311000","longitude":"-5.58390000"},"ntossoni":{"id":67622,"name":"Ntossoni","latitude":"12.53040000","longitude":"-5.77003000"},"sikasso":{"id":67625,"name":"Sikasso","latitude":"11.31755000","longitude":"-5.66654000"},"yorosso":{"id":67630,"name":"Yorosso","latitude":"12.35811000","longitude":"-4.77688000"}}},"taoud\u00e9nit":{"id":256,"name":"Taoud\u00e9nit","state_code":"10","latitude":"22.67641320","longitude":"-3.97891430","type":"region"},"tombouctou":{"id":248,"name":"Tombouctou","state_code":"6","latitude":"21.05267060","longitude":"-3.74350900","type":"region","cities":{"araouane":{"id":67585,"name":"Araouane","latitude":"18.90476000","longitude":"-3.52649000"},"cercledegoundam":{"id":67593,"name":"Cercle de Goundam","latitude":"18.60035000","longitude":"-4.99306000"},"dire":{"id":67596,"name":"Dire","latitude":"16.28017000","longitude":"-3.31302000"},"goundam":{"id":67603,"name":"Goundam","latitude":"16.41453000","longitude":"-3.67075000"},"gourma-rharouscercle":{"id":67604,"name":"Gourma-Rharous Cercle","latitude":"16.07979000","longitude":"-1.76981000"},"niafunk\u00e9":{"id":67621,"name":"Niafunk\u00e9","latitude":"15.93220000","longitude":"-3.99060000"},"timbuktu":{"id":67628,"name":"Timbuktu","latitude":"16.77348000","longitude":"-3.00742000"}}}}}