{"id":3,"name":"Albania","iso3":"ALB","iso2":"AL","numeric_code":"008","phone_code":"355","capital":"Tirana","currency":"ALL","currency_name":"Albanian lek","currency_symbol":"Lek","tld":".al","native":"Shqip\u00ebria","region":"Europe","region_id":"4","subregion":"Southern Europe","subregion_id":"16","nationality":"Albanian ","timezones":[{"zoneName":"Europe/Tirane","gmtOffset":3600,"gmtOffsetName":"UTC+01:00","abbreviation":"CET","tzName":"Central European Time"}],"translations":{"kr":"\uc54c\ubc14\ub2c8\uc544","pt-BR":"Alb\u00e2nia","pt":"Alb\u00e2nia","nl":"Albani\u00eb","hr":"Albanija","fa":"\u0622\u0644\u0628\u0627\u0646\u06cc","de":"Albanien","es":"Albania","fr":"Albanie","ja":"\u30a2\u30eb\u30d0\u30cb\u30a2","it":"Albania","cn":"\u963f\u5c14\u5df4\u5c3c\u4e9a","tr":"Arnavutluk","ru":"\u0410\u043b\u0431\u0430\u043d\u0438\u044f","uk":"\u0410\u043b\u0431\u0430\u043d\u0456\u044f","pl":"Albania"},"latitude":"41.00000000","longitude":"20.00000000","emoji":"\ud83c\udde6\ud83c\uddf1","emojiU":"U+1F1E6 U+1F1F1","states":{"beratcounty":{"id":603,"name":"Berat County","state_code":"01","latitude":"40.69530120","longitude":"20.04496620","type":null},"beratdistrict":{"id":629,"name":"Berat District","state_code":"BR","latitude":"40.70863770","longitude":"19.94373140","type":null,"cities":{"banaj":{"id":153,"name":"Banaj","latitude":"40.82492000","longitude":"19.84074000"},"bashkiaberat":{"id":154,"name":"Bashkia Berat","latitude":"40.69997000","longitude":"19.94983000"},"bashkiaku\u00e7ov\u00eb":{"id":170,"name":"Bashkia Ku\u00e7ov\u00eb","latitude":"40.82489000","longitude":"19.95350000"},"bashkiapoli\u00e7an":{"id":180,"name":"Bashkia Poli\u00e7an","latitude":"40.58608000","longitude":"20.04535000"},"bashkiaskrapar":{"id":186,"name":"Bashkia Skrapar","latitude":"40.56036000","longitude":"20.25477000"},"berat":{"id":191,"name":"Berat","latitude":"40.70583000","longitude":"19.95222000"},"\u00c7orovod\u00eb":{"id":280,"name":"\u00c7orovod\u00eb","latitude":"40.50417000","longitude":"20.22722000"},"ku\u00e7ov\u00eb":{"id":219,"name":"Ku\u00e7ov\u00eb","latitude":"40.80028000","longitude":"19.91667000"},"poli\u00e7an":{"id":238,"name":"Poli\u00e7an","latitude":"40.61222000","longitude":"20.09806000"},"rrethiiberatit":{"id":242,"name":"Rrethi i Beratit","latitude":"40.66667000","longitude":"20.00000000"},"rrethiiku\u00e7ov\u00ebs":{"id":253,"name":"Rrethi i Ku\u00e7ov\u00ebs","latitude":"40.83333000","longitude":"19.91667000"},"rrethiiskraparit":{"id":258,"name":"Rrethi i Skraparit","latitude":"40.55000000","longitude":"20.26667000"},"uravajgurore":{"id":273,"name":"Ura Vajgurore","latitude":"40.76889000","longitude":"19.87778000"}}},"bulqiz\u00ebdistrict":{"id":607,"name":"Bulqiz\u00eb District","state_code":"BU","latitude":"41.49425870","longitude":"20.21471570","type":null},"delvin\u00ebdistrict":{"id":618,"name":"Delvin\u00eb District","state_code":"DL","latitude":"39.94813640","longitude":"20.09558910","type":null},"devolldistrict":{"id":608,"name":"Devoll District","state_code":"DV","latitude":"40.64473470","longitude":"20.95066360","type":null},"dib\u00ebrcounty":{"id":610,"name":"Dib\u00ebr County","state_code":"09","latitude":"41.58881630","longitude":"20.23556470","type":null,"cities":{"bashkiabulqiz\u00eb":{"id":155,"name":"Bashkia Bulqiz\u00eb","latitude":"41.47152000","longitude":"20.33192000"},"bashkiaklos":{"id":165,"name":"Bashkia Klos","latitude":"41.50826000","longitude":"20.07107000"},"bashkiamat":{"id":176,"name":"Bashkia Mat","latitude":"41.63317000","longitude":"20.01228000"},"bulqiz\u00eb":{"id":193,"name":"Bulqiz\u00eb","latitude":"41.49167000","longitude":"20.22194000"},"burrel":{"id":194,"name":"Burrel","latitude":"41.61028000","longitude":"20.00889000"},"klos":{"id":209,"name":"Klos","latitude":"41.50694000","longitude":"20.08667000"},"peshkopi":{"id":236,"name":"Peshkopi","latitude":"41.68500000","longitude":"20.42889000"},"rrethiibulqiz\u00ebs":{"id":243,"name":"Rrethi i Bulqiz\u00ebs","latitude":"41.50000000","longitude":"20.33333000"},"rrethiidibr\u00ebs":{"id":246,"name":"Rrethi i Dibr\u00ebs","latitude":"41.75000000","longitude":"20.33333000"},"rrethiimatit":{"id":256,"name":"Rrethi i Matit","latitude":"41.58333000","longitude":"20.08333000"},"ul\u00ebz":{"id":272,"name":"Ul\u00ebz","latitude":"41.68278000","longitude":"19.89333000"}}},"dib\u00ebrdistrict":{"id":605,"name":"Dib\u00ebr District","state_code":"DI","latitude":"41.58881630","longitude":"20.23556470","type":null},"durr\u00ebscounty":{"id":632,"name":"Durr\u00ebs County","state_code":"02","latitude":"41.50809720","longitude":"19.61631850","type":null},"durr\u00ebsdistrict":{"id":639,"name":"Durr\u00ebs District","state_code":"DR","latitude":"41.37065170","longitude":"19.52110630","type":null,"cities":{"bashkiadurr\u00ebs":{"id":159,"name":"Bashkia Durr\u00ebs","latitude":"41.42743000","longitude":"19.48690000"},"bashkiakruj\u00eb":{"id":168,"name":"Bashkia Kruj\u00eb","latitude":"41.50091000","longitude":"19.72571000"},"bashkiashijak":{"id":185,"name":"Bashkia Shijak","latitude":"41.33558000","longitude":"19.58977000"},"durr\u00ebs":{"id":197,"name":"Durr\u00ebs","latitude":"41.32355000","longitude":"19.45469000"},"durr\u00ebsdistrict":{"id":198,"name":"Durr\u00ebs District","latitude":"41.31660000","longitude":"19.45000000"},"fush\u00eb-kruj\u00eb":{"id":203,"name":"Fush\u00eb-Kruj\u00eb","latitude":"41.47833000","longitude":"19.71778000"},"kruj\u00eb":{"id":214,"name":"Kruj\u00eb","latitude":"41.50917000","longitude":"19.79278000"},"rrethiikruj\u00ebs":{"id":250,"name":"Rrethi i Kruj\u00ebs","latitude":"41.55000000","longitude":"19.75000000"},"shijak":{"id":265,"name":"Shijak","latitude":"41.34556000","longitude":"19.56722000"},"sukth":{"id":269,"name":"Sukth","latitude":"41.38056000","longitude":"19.53778000"}}},"elbasancounty":{"id":598,"name":"Elbasan County","state_code":"03","latitude":"41.12666720","longitude":"20.23556470","type":null},"fiercounty":{"id":631,"name":"Fier County","state_code":"04","latitude":"40.91913920","longitude":"19.66393090","type":null,"cities":{"ballsh":{"id":152,"name":"Ballsh","latitude":"40.59889000","longitude":"19.73472000"},"bashkiadivjak\u00eb":{"id":157,"name":"Bashkia Divjak\u00eb","latitude":"40.95716000","longitude":"19.52364000"},"bashkiafier":{"id":160,"name":"Bashkia Fier","latitude":"40.72937000","longitude":"19.48690000"},"bashkiamallakast\u00ebr":{"id":174,"name":"Bashkia Mallakast\u00ebr","latitude":"40.55669000","longitude":"19.77347000"},"bashkiapatos":{"id":179,"name":"Bashkia Patos","latitude":"40.67793000","longitude":"19.65591000"},"divjak\u00eb":{"id":196,"name":"Divjak\u00eb","latitude":"40.99667000","longitude":"19.52944000"},"fier":{"id":200,"name":"Fier","latitude":"40.72389000","longitude":"19.55611000"},"fier-\u00c7if\u00e7i":{"id":201,"name":"Fier-\u00c7if\u00e7i","latitude":"40.71667000","longitude":"19.56667000"},"lushnj\u00eb":{"id":227,"name":"Lushnj\u00eb","latitude":"40.94194000","longitude":"19.70500000"},"patos":{"id":234,"name":"Patos","latitude":"40.68333000","longitude":"19.61944000"},"patosfshat":{"id":235,"name":"Patos Fshat","latitude":"40.64278000","longitude":"19.65083000"},"roskovec":{"id":241,"name":"Roskovec","latitude":"40.73750000","longitude":"19.70222000"},"rrethiimallakastr\u00ebs":{"id":254,"name":"Rrethi i Mallakastr\u00ebs","latitude":"40.55000000","longitude":"19.78333000"}}},"fierdistrict":{"id":627,"name":"Fier District","state_code":"FR","latitude":"40.72750400","longitude":"19.56275960","type":null},"gjirokast\u00ebrcounty":{"id":604,"name":"Gjirokast\u00ebr County","state_code":"05","latitude":"40.06728740","longitude":"20.10452290","type":null},"gjirokast\u00ebrdistrict":{"id":621,"name":"Gjirokast\u00ebr District","state_code":"GJ","latitude":"40.06728740","longitude":"20.10452290","type":null,"cities":{"bashkiadropull":{"id":158,"name":"Bashkia Dropull","latitude":"39.98584000","longitude":"20.30529000"},"bashkiakelcyr\u00eb":{"id":164,"name":"Bashkia Kelcyr\u00eb","latitude":"40.36196000","longitude":"20.16476000"},"bashkialibohov\u00eb":{"id":172,"name":"Bashkia Libohov\u00eb","latitude":"40.10754000","longitude":"20.25753000"},"bashkiamemaliaj":{"id":177,"name":"Bashkia Memaliaj","latitude":"40.41524000","longitude":"19.96911000"},"bashkiap\u00ebrmet":{"id":183,"name":"Bashkia P\u00ebrmet","latitude":"40.23246000","longitude":"20.41091000"},"bashkiatepelen\u00eb":{"id":187,"name":"Bashkia Tepelen\u00eb","latitude":"40.26736000","longitude":"19.97003000"},"gjinkar":{"id":204,"name":"Gjinkar","latitude":"40.19944000","longitude":"20.40611000"},"gjirokast\u00ebr":{"id":205,"name":"Gjirokast\u00ebr","latitude":"40.07583000","longitude":"20.13889000"},"k\u00eblcyr\u00eb":{"id":220,"name":"K\u00eblcyr\u00eb","latitude":"40.31306000","longitude":"20.18944000"},"lazarat":{"id":221,"name":"Lazarat","latitude":"40.04667000","longitude":"20.14750000"},"libohov\u00eb":{"id":225,"name":"Libohov\u00eb","latitude":"40.03111000","longitude":"20.26306000"},"memaliaj":{"id":231,"name":"Memaliaj","latitude":"40.35167000","longitude":"19.98028000"},"p\u00ebrmet":{"id":240,"name":"P\u00ebrmet","latitude":"40.23361000","longitude":"20.35167000"},"tepelen\u00eb":{"id":270,"name":"Tepelen\u00eb","latitude":"40.29583000","longitude":"20.01917000"}}},"gramshdistrict":{"id":617,"name":"Gramsh District","state_code":"GR","latitude":"40.86698730","longitude":"20.18493230","type":null},"hasdistrict":{"id":600,"name":"Has District","state_code":"HA","latitude":"42.79013360","longitude":"-83.61220120","type":null},"kavaj\u00ebdistrict":{"id":594,"name":"Kavaj\u00eb District","state_code":"KA","latitude":"41.18445290","longitude":"19.56275960","type":null},"kolonj\u00ebdistrict":{"id":628,"name":"Kolonj\u00eb District","state_code":"ER","latitude":"40.33732620","longitude":"20.67946760","type":null},"kor\u00e7\u00ebcounty":{"id":630,"name":"Kor\u00e7\u00eb County","state_code":"06","latitude":"40.59056700","longitude":"20.61689210","type":null,"cities":{"bashkiadevoll":{"id":156,"name":"Bashkia Devoll","latitude":"40.60078000","longitude":"20.93814000"},"bashkiakolonj\u00eb":{"id":166,"name":"Bashkia Kolonj\u00eb","latitude":"40.31420000","longitude":"20.61482000"},"bashkiamaliq":{"id":173,"name":"Bashkia Maliq","latitude":"40.75508000","longitude":"20.60748000"},"bashkiapustec":{"id":182,"name":"Bashkia Pustec","latitude":"40.83591000","longitude":"20.89405000"},"bilisht":{"id":192,"name":"Bilisht","latitude":"40.62750000","longitude":"20.99000000"},"ersek\u00eb":{"id":199,"name":"Ersek\u00eb","latitude":"40.33778000","longitude":"20.67889000"},"kor\u00e7\u00eb":{"id":212,"name":"Kor\u00e7\u00eb","latitude":"40.61861000","longitude":"20.78083000"},"leskovik":{"id":223,"name":"Leskovik","latitude":"40.15139000","longitude":"20.59722000"},"libonik":{"id":226,"name":"Libonik","latitude":"40.70444000","longitude":"20.70861000"},"maliq":{"id":228,"name":"Maliq","latitude":"40.70583000","longitude":"20.69972000"},"mborje":{"id":230,"name":"Mborje","latitude":"40.60333000","longitude":"20.80306000"},"pogradec":{"id":237,"name":"Pogradec","latitude":"40.90250000","longitude":"20.65250000"},"rrethiidevollit":{"id":245,"name":"Rrethi i Devollit","latitude":"40.58333000","longitude":"20.91667000"},"rrethiikolonj\u00ebs":{"id":249,"name":"Rrethi i Kolonj\u00ebs","latitude":"40.25000000","longitude":"20.66667000"},"vel\u00e7an":{"id":275,"name":"Vel\u00e7an","latitude":"40.95472000","longitude":"20.46222000"},"voskopoj\u00eb":{"id":278,"name":"Voskopoj\u00eb","latitude":"40.63306000","longitude":"20.58889000"}}},"kor\u00e7\u00ebdistrict":{"id":597,"name":"Kor\u00e7\u00eb District","state_code":"KO","latitude":"40.59056700","longitude":"20.61689210","type":null},"kruj\u00ebdistrict":{"id":614,"name":"Kruj\u00eb District","state_code":"KR","latitude":"41.50947650","longitude":"19.77107320","type":null},"ku\u00e7ov\u00ebdistrict":{"id":612,"name":"Ku\u00e7ov\u00eb District","state_code":"KC","latitude":"40.78370630","longitude":"19.87823480","type":null},"kuk\u00ebscounty":{"id":601,"name":"Kuk\u00ebs County","state_code":"07","latitude":"42.08074640","longitude":"20.41429230","type":null},"kuk\u00ebsdistrict":{"id":623,"name":"Kuk\u00ebs District","state_code":"KU","latitude":"42.08074640","longitude":"20.41429230","type":null,"cities":{"bajramcurri":{"id":151,"name":"Bajram Curri","latitude":"42.35734000","longitude":"20.07679000"},"krum\u00eb":{"id":215,"name":"Krum\u00eb","latitude":"42.19694000","longitude":"20.41333000"},"kuk\u00ebs":{"id":217,"name":"Kuk\u00ebs","latitude":"42.07694000","longitude":"20.42194000"},"rrethiihasit":{"id":247,"name":"Rrethi i Hasit","latitude":"42.16667000","longitude":"20.33333000"},"rrethiikuk\u00ebsit":{"id":251,"name":"Rrethi i Kuk\u00ebsit","latitude":"42.00000000","longitude":"20.33333000"}}},"kurbindistrict":{"id":622,"name":"Kurbin District","state_code":"KB","latitude":"41.64126440","longitude":"19.70559500","type":null},"lezh\u00ebcounty":{"id":609,"name":"Lezh\u00eb County","state_code":"08","latitude":"41.78137590","longitude":"19.80679160","type":null,"cities":{"bashkiakurbin":{"id":169,"name":"Bashkia Kurbin","latitude":"41.62215000","longitude":"19.70734000"},"bashkialezh\u00eb":{"id":171,"name":"Bashkia Lezh\u00eb","latitude":"41.81320000","longitude":"19.64121000"},"bashkiamirdit\u00eb":{"id":178,"name":"Bashkia Mirdit\u00eb","latitude":"41.80953000","longitude":"19.99024000"},"kurbnesh":{"id":218,"name":"Kurbnesh","latitude":"41.77972000","longitude":"20.08361000"},"la\u00e7":{"id":222,"name":"La\u00e7","latitude":"41.63556000","longitude":"19.71306000"},"lezh\u00eb":{"id":224,"name":"Lezh\u00eb","latitude":"41.78361000","longitude":"19.64361000"},"mamurras":{"id":229,"name":"Mamurras","latitude":"41.57750000","longitude":"19.69222000"},"milot":{"id":232,"name":"Milot","latitude":"41.68389000","longitude":"19.71556000"},"rr\u00ebshen":{"id":261,"name":"Rr\u00ebshen","latitude":"41.76750000","longitude":"19.87556000"},"rrethiikurbinit":{"id":252,"name":"Rrethi i Kurbinit","latitude":"41.63333000","longitude":"19.71667000"},"rubik":{"id":262,"name":"Rubik","latitude":"41.77444000","longitude":"19.78611000"},"sh\u00ebngjin":{"id":267,"name":"Sh\u00ebngjin","latitude":"41.81361000","longitude":"19.59389000"}}},"lezh\u00ebdistrict":{"id":595,"name":"Lezh\u00eb District","state_code":"LE","latitude":"41.78607300","longitude":"19.64607580","type":null},"librazhddistrict":{"id":596,"name":"Librazhd District","state_code":"LB","latitude":"41.18292320","longitude":"20.31747690","type":null},"lushnj\u00ebdistrict":{"id":599,"name":"Lushnj\u00eb District","state_code":"LU","latitude":"40.94198300","longitude":"19.69964280","type":null},"mal\u00ebsiemadhedistrict":{"id":602,"name":"Mal\u00ebsi e Madhe District","state_code":"MM","latitude":"42.42451730","longitude":"19.61631850","type":null},"mallakast\u00ebrdistrict":{"id":637,"name":"Mallakast\u00ebr District","state_code":"MK","latitude":"40.52733760","longitude":"19.78297910","type":null},"matdistrict":{"id":635,"name":"Mat District","state_code":"MT","latitude":"41.59376750","longitude":"19.99732440","type":null},"mirdit\u00ebdistrict":{"id":638,"name":"Mirdit\u00eb District","state_code":"MR","latitude":"41.76428600","longitude":"19.90205090","type":null},"peqindistrict":{"id":619,"name":"Peqin District","state_code":"PQ","latitude":"41.04709020","longitude":"19.75023840","type":null},"p\u00ebrmetdistrict":{"id":625,"name":"P\u00ebrmet District","state_code":"PR","latitude":"40.23618370","longitude":"20.35173340","type":null},"pogradecdistrict":{"id":606,"name":"Pogradec District","state_code":"PG","latitude":"40.90153140","longitude":"20.65562890","type":null},"puk\u00ebdistrict":{"id":620,"name":"Puk\u00eb District","state_code":"PU","latitude":"42.04697720","longitude":"19.89609680","type":null},"sarand\u00ebdistrict":{"id":624,"name":"Sarand\u00eb District","state_code":"SR","latitude":"39.85921190","longitude":"20.02710010","type":null},"shkod\u00ebrcounty":{"id":611,"name":"Shkod\u00ebr County","state_code":"10","latitude":"42.15037100","longitude":"19.66393090","type":null},"shkod\u00ebrdistrict":{"id":626,"name":"Shkod\u00ebr District","state_code":"SH","latitude":"42.06929850","longitude":"19.50325590","type":null,"cities":{"bashkiamal\u00ebsiemadhe":{"id":175,"name":"Bashkia Mal\u00ebsi e Madhe","latitude":"42.36798000","longitude":"19.58977000"},"bashkiapuk\u00eb":{"id":181,"name":"Bashkia Puk\u00eb","latitude":"42.02997000","longitude":"19.92778000"},"bashkiavauidej\u00ebs":{"id":188,"name":"Bashkia Vau i Dej\u00ebs","latitude":"42.04834000","longitude":"19.69999000"},"fush\u00eb-arr\u00ebz":{"id":202,"name":"Fush\u00eb-Arr\u00ebz","latitude":"42.06222000","longitude":"20.01667000"},"koplik":{"id":211,"name":"Koplik","latitude":"42.21361000","longitude":"19.43639000"},"puk\u00eb":{"id":239,"name":"Puk\u00eb","latitude":"42.04444000","longitude":"19.89972000"},"rrethiimal\u00ebsiaemadhe":{"id":255,"name":"Rrethi i Mal\u00ebsia e Madhe","latitude":"42.33333000","longitude":"19.58333000"},"rrethiishkodr\u00ebs":{"id":257,"name":"Rrethi i Shkodr\u00ebs","latitude":"42.06917000","longitude":"19.53506000"},"shkod\u00ebr":{"id":266,"name":"Shkod\u00ebr","latitude":"42.06828000","longitude":"19.51258000"},"vauidej\u00ebs":{"id":274,"name":"Vau i Dej\u00ebs","latitude":"42.01000000","longitude":"19.62472000"},"vukatan\u00eb":{"id":279,"name":"Vukatan\u00eb","latitude":"42.02806000","longitude":"19.54778000"}}},"skrapardistrict":{"id":593,"name":"Skrapar District","state_code":"SK","latitude":"40.53499460","longitude":"20.28322170","type":null},"tepelen\u00ebdistrict":{"id":616,"name":"Tepelen\u00eb District","state_code":"TE","latitude":"40.29666320","longitude":"20.01816730","type":null},"tiranacounty":{"id":615,"name":"Tirana County","state_code":"11","latitude":"41.24275980","longitude":"19.80679160","type":null},"tiranadistrict":{"id":633,"name":"Tirana District","state_code":"TR","latitude":"41.32754590","longitude":"19.81869820","type":null,"cities":{"bashkiakavaj\u00eb":{"id":163,"name":"Bashkia Kavaj\u00eb","latitude":"41.18127000","longitude":"19.55579000"},"bashkiavor\u00eb":{"id":190,"name":"Bashkia Vor\u00eb","latitude":"41.39804000","longitude":"19.67703000"},"kam\u00ebz":{"id":207,"name":"Kam\u00ebz","latitude":"41.38167000","longitude":"19.76028000"},"kavaj\u00eb":{"id":208,"name":"Kavaj\u00eb","latitude":"41.18556000","longitude":"19.55694000"},"krrab\u00eb":{"id":213,"name":"Krrab\u00eb","latitude":"41.21556000","longitude":"19.97139000"},"rrethiikavaj\u00ebs":{"id":248,"name":"Rrethi i Kavaj\u00ebs","latitude":"41.16667000","longitude":"19.58333000"},"rrethiitiran\u00ebs":{"id":259,"name":"Rrethi i Tiran\u00ebs","latitude":"41.33333000","longitude":"19.91667000"},"rrogozhin\u00eb":{"id":260,"name":"Rrogozhin\u00eb","latitude":"41.07639000","longitude":"19.66528000"},"sinaballaj":{"id":268,"name":"Sinaballaj","latitude":"41.06889000","longitude":"19.69944000"},"tirana":{"id":271,"name":"Tirana","latitude":"41.32750000","longitude":"19.81889000"},"vor\u00eb":{"id":277,"name":"Vor\u00eb","latitude":"41.39083000","longitude":"19.65500000"}}},"tropoj\u00ebdistrict":{"id":636,"name":"Tropoj\u00eb District","state_code":"TP","latitude":"42.39821510","longitude":"20.16259550","type":null},"vlor\u00ebcounty":{"id":634,"name":"Vlor\u00eb County","state_code":"12","latitude":"40.15009600","longitude":"19.80679160","type":null,"cities":{"bashkiafiniq":{"id":161,"name":"Bashkia Finiq","latitude":"39.84393000","longitude":"20.16659000"},"bashkiahimar\u00eb":{"id":162,"name":"Bashkia Himar\u00eb","latitude":"40.11581000","longitude":"19.81389000"},"bashkiakonispol":{"id":167,"name":"Bashkia Konispol","latitude":"39.70064000","longitude":"20.13353000"},"bashkiaselenic\u00eb":{"id":184,"name":"Bashkia Selenic\u00eb","latitude":"40.39503000","longitude":"19.65958000"},"bashkiavlor\u00eb":{"id":189,"name":"Bashkia Vlor\u00eb","latitude":"40.41340000","longitude":"19.49792000"},"delvin\u00eb":{"id":195,"name":"Delvin\u00eb","latitude":"39.95111000","longitude":"20.09778000"},"himar\u00eb":{"id":206,"name":"Himar\u00eb","latitude":"40.10167000","longitude":"19.74472000"},"konispol":{"id":210,"name":"Konispol","latitude":"39.65889000","longitude":"20.18139000"},"ksamil":{"id":216,"name":"Ksamil","latitude":"39.76889000","longitude":"19.99972000"},"orikum":{"id":233,"name":"Orikum","latitude":"40.32528000","longitude":"19.47139000"},"rrethiidelvin\u00ebs":{"id":244,"name":"Rrethi i Delvin\u00ebs","latitude":"39.91667000","longitude":"20.08333000"},"sarand\u00eb":{"id":263,"name":"Sarand\u00eb","latitude":"39.87534000","longitude":"20.00477000"},"selenic\u00eb":{"id":264,"name":"Selenic\u00eb","latitude":"40.53056000","longitude":"19.63583000"},"vlor\u00eb":{"id":276,"name":"Vlor\u00eb","latitude":"40.46860000","longitude":"19.48318000"}}},"vlor\u00ebdistrict":{"id":613,"name":"Vlor\u00eb District","state_code":"VL","latitude":"40.46606680","longitude":"19.49135600","type":null}}}