{"id":3,"name":"Albania","iso3":"ALB","iso2":"AL","numeric_code":"008","phonecode":"355","capital":"Tirana","currency":"ALL","currency_name":"Albanian lek","currency_symbol":"Lek","tld":".al","native":"Shqip\u00ebria","region":"Europe","region_id":4,"subregion":"Southern Europe","subregion_id":16,"nationality":"Albanian ","timezones":[{"zoneName":"Europe/Tirane","gmtOffset":3600,"gmtOffsetName":"UTC+01:00","abbreviation":"CET","tzName":"Central European Time"}],"translations":{"ko":"\uc54c\ubc14\ub2c8\uc544","pt-BR":"Alb\u00e2nia","pt":"Alb\u00e2nia","nl":"Albani\u00eb","hr":"Albanija","fa":"\u0622\u0644\u0628\u0627\u0646\u06cc","de":"Albanien","es":"Albania","fr":"Albanie","ja":"\u30a2\u30eb\u30d0\u30cb\u30a2","it":"Albania","zh-CN":"\u963f\u5c14\u5df4\u5c3c\u4e9a","tr":"Arnavutluk","ru":"\u0410\u043b\u0431\u0430\u043d\u0438\u044f","uk":"\u0410\u043b\u0431\u0430\u043d\u0456\u044f","pl":"Albania"},"latitude":"41.00000000","longitude":"20.00000000","emoji":"\ud83c\udde6\ud83c\uddf1","emojiU":"U+1F1E6 U+1F1F1","states":{"berat":{"id":603,"name":"Berat","state_code":"01","latitude":"40.69530120","longitude":"20.04496620","type":"county"},"bulqiz\u00eb":{"id":607,"name":"Bulqiz\u00eb","state_code":"BU","latitude":"41.49425870","longitude":"20.21471570","type":"district"},"delvin\u00eb":{"id":618,"name":"Delvin\u00eb","state_code":"DL","latitude":"39.94813640","longitude":"20.09558910","type":"district"},"devoll":{"id":608,"name":"Devoll","state_code":"DV","latitude":"40.64473470","longitude":"20.95066360","type":"district"},"dib\u00ebr":{"id":605,"name":"Dib\u00ebr","state_code":"DI","latitude":"41.58881630","longitude":"20.23556470","type":"district"},"durr\u00ebs":{"id":632,"name":"Durr\u00ebs","state_code":"02","latitude":"41.50809720","longitude":"19.61631850","type":"county"},"elbasan":{"id":598,"name":"Elbasan","state_code":"03","latitude":"41.12666720","longitude":"20.23556470","type":"county"},"fier":{"id":631,"name":"Fier","state_code":"04","latitude":"40.91913920","longitude":"19.66393090","type":"county","cities":{"ballsh":{"id":152,"name":"Ballsh","latitude":"40.59889000","longitude":"19.73472000"},"bashkiadivjak\u00eb":{"id":157,"name":"Bashkia Divjak\u00eb","latitude":"40.95716000","longitude":"19.52364000"},"bashkiafier":{"id":160,"name":"Bashkia Fier","latitude":"40.72937000","longitude":"19.48690000"},"bashkiamallakast\u00ebr":{"id":174,"name":"Bashkia Mallakast\u00ebr","latitude":"40.55669000","longitude":"19.77347000"},"bashkiapatos":{"id":179,"name":"Bashkia Patos","latitude":"40.67793000","longitude":"19.65591000"},"divjak\u00eb":{"id":196,"name":"Divjak\u00eb","latitude":"40.99667000","longitude":"19.52944000"},"fier":{"id":200,"name":"Fier","latitude":"40.72389000","longitude":"19.55611000"},"fier-\u00c7if\u00e7i":{"id":201,"name":"Fier-\u00c7if\u00e7i","latitude":"40.71667000","longitude":"19.56667000"},"lushnj\u00eb":{"id":227,"name":"Lushnj\u00eb","latitude":"40.94194000","longitude":"19.70500000"},"patos":{"id":234,"name":"Patos","latitude":"40.68333000","longitude":"19.61944000"},"patosfshat":{"id":235,"name":"Patos Fshat","latitude":"40.64278000","longitude":"19.65083000"},"roskovec":{"id":241,"name":"Roskovec","latitude":"40.73750000","longitude":"19.70222000"},"rrethiimallakastr\u00ebs":{"id":254,"name":"Rrethi i Mallakastr\u00ebs","latitude":"40.55000000","longitude":"19.78333000"}}},"gjirokast\u00ebr":{"id":604,"name":"Gjirokast\u00ebr","state_code":"05","latitude":"40.06728740","longitude":"20.10452290","type":"county"},"gramsh":{"id":617,"name":"Gramsh","state_code":"GR","latitude":"40.86698730","longitude":"20.18493230","type":"district"},"has":{"id":600,"name":"Has","state_code":"HA","latitude":"42.79013360","longitude":"-83.61220120","type":"district"},"kavaj\u00eb":{"id":594,"name":"Kavaj\u00eb","state_code":"KA","latitude":"41.18445290","longitude":"19.56275960","type":"district"},"kolonj\u00eb":{"id":628,"name":"Kolonj\u00eb","state_code":"ER","latitude":"40.33732620","longitude":"20.67946760","type":"district"},"kor\u00e7\u00eb":{"id":597,"name":"Kor\u00e7\u00eb","state_code":"KO","latitude":"40.59056700","longitude":"20.61689210","type":"district"},"kruj\u00eb":{"id":614,"name":"Kruj\u00eb","state_code":"KR","latitude":"41.50947650","longitude":"19.77107320","type":"district"},"ku\u00e7ov\u00eb":{"id":612,"name":"Ku\u00e7ov\u00eb","state_code":"KC","latitude":"40.78370630","longitude":"19.87823480","type":"district"},"kuk\u00ebs":{"id":601,"name":"Kuk\u00ebs","state_code":"07","latitude":"42.08074640","longitude":"20.41429230","type":"county"},"kurbin":{"id":622,"name":"Kurbin","state_code":"KB","latitude":"41.64126440","longitude":"19.70559500","type":"district"},"lezh\u00eb":{"id":595,"name":"Lezh\u00eb","state_code":"LE","latitude":"41.78607300","longitude":"19.64607580","type":"district"},"librazhd":{"id":596,"name":"Librazhd","state_code":"LB","latitude":"41.18292320","longitude":"20.31747690","type":"district"},"lushnj\u00eb":{"id":599,"name":"Lushnj\u00eb","state_code":"LU","latitude":"40.94198300","longitude":"19.69964280","type":"district"},"mal\u00ebsiemadhe":{"id":602,"name":"Mal\u00ebsi e Madhe","state_code":"MM","latitude":"42.42451730","longitude":"19.61631850","type":"district"},"mallakast\u00ebr":{"id":637,"name":"Mallakast\u00ebr","state_code":"MK","latitude":"40.52733760","longitude":"19.78297910","type":"district"},"mat":{"id":635,"name":"Mat","state_code":"MT","latitude":"41.59376750","longitude":"19.99732440","type":"district"},"mirdit\u00eb":{"id":638,"name":"Mirdit\u00eb","state_code":"MR","latitude":"41.76428600","longitude":"19.90205090","type":"district"},"peqin":{"id":619,"name":"Peqin","state_code":"PQ","latitude":"41.04709020","longitude":"19.75023840","type":"district"},"p\u00ebrmet":{"id":625,"name":"P\u00ebrmet","state_code":"PR","latitude":"40.23618370","longitude":"20.35173340","type":"district"},"pogradec":{"id":606,"name":"Pogradec","state_code":"PG","latitude":"40.90153140","longitude":"20.65562890","type":"district"},"puk\u00eb":{"id":620,"name":"Puk\u00eb","state_code":"PU","latitude":"42.04697720","longitude":"19.89609680","type":"district"},"sarand\u00eb":{"id":624,"name":"Sarand\u00eb","state_code":"SR","latitude":"39.85921190","longitude":"20.02710010","type":"district"},"shkod\u00ebr":{"id":626,"name":"Shkod\u00ebr","state_code":"SH","latitude":"42.06929850","longitude":"19.50325590","type":"district","cities":{"bashkiamal\u00ebsiemadhe":{"id":175,"name":"Bashkia Mal\u00ebsi e Madhe","latitude":"42.36798000","longitude":"19.58977000"},"bashkiapuk\u00eb":{"id":181,"name":"Bashkia Puk\u00eb","latitude":"42.02997000","longitude":"19.92778000"},"bashkiavauidej\u00ebs":{"id":188,"name":"Bashkia Vau i Dej\u00ebs","latitude":"42.04834000","longitude":"19.69999000"},"fush\u00eb-arr\u00ebz":{"id":202,"name":"Fush\u00eb-Arr\u00ebz","latitude":"42.06222000","longitude":"20.01667000"},"koplik":{"id":211,"name":"Koplik","latitude":"42.21361000","longitude":"19.43639000"},"puk\u00eb":{"id":239,"name":"Puk\u00eb","latitude":"42.04444000","longitude":"19.89972000"},"rrethiimal\u00ebsiaemadhe":{"id":255,"name":"Rrethi i Mal\u00ebsia e Madhe","latitude":"42.33333000","longitude":"19.58333000"},"rrethiishkodr\u00ebs":{"id":257,"name":"Rrethi i Shkodr\u00ebs","latitude":"42.06917000","longitude":"19.53506000"},"shkod\u00ebr":{"id":266,"name":"Shkod\u00ebr","latitude":"42.06828000","longitude":"19.51258000"},"vauidej\u00ebs":{"id":274,"name":"Vau i Dej\u00ebs","latitude":"42.01000000","longitude":"19.62472000"},"vukatan\u00eb":{"id":279,"name":"Vukatan\u00eb","latitude":"42.02806000","longitude":"19.54778000"}}},"skrapar":{"id":593,"name":"Skrapar","state_code":"SK","latitude":"40.53499460","longitude":"20.28322170","type":"district"},"tepelen\u00eb":{"id":616,"name":"Tepelen\u00eb","state_code":"TE","latitude":"40.29666320","longitude":"20.01816730","type":"district"},"tirana":{"id":615,"name":"Tirana","state_code":"11","latitude":"41.24275980","longitude":"19.80679160","type":"county"},"tropoj\u00eb":{"id":636,"name":"Tropoj\u00eb","state_code":"TP","latitude":"42.39821510","longitude":"20.16259550","type":"district"},"vlor\u00eb":{"id":613,"name":"Vlor\u00eb","state_code":"VL","latitude":"40.46606680","longitude":"19.49135600","type":"district"}}}