{"id":220,"name":"Togo","iso3":"TGO","iso2":"TG","numeric_code":"768","phone_code":"228","capital":"Lome","currency":"XOF","currency_name":"West African CFA franc","currency_symbol":"CFA","tld":".tg","native":"Togo","region":"Africa","region_id":1,"subregion":"Western Africa","subregion_id":3,"nationality":"Togolese","timezones":[{"zoneName":"Africa/Lome","gmtOffset":0,"gmtOffsetName":"UTC\u00b100","abbreviation":"GMT","tzName":"Greenwich Mean Time"}],"translations":{"ko":"\ud1a0\uace0","pt-BR":"Togo","pt":"Togo","nl":"Togo","hr":"Togo","fa":"\u062a\u0648\u06af\u0648","de":"Togo","es":"Togo","fr":"Togo","ja":"\u30c8\u30fc\u30b4","it":"Togo","zh-CN":"\u591a\u54e5","tr":"Togo","ru":"\u0422\u043e\u0433\u043e","uk":"\u0422\u043e\u0433\u043e","pl":"Togo"},"latitude":"8.00000000","longitude":"1.16666666","emoji":"\ud83c\uddf9\ud83c\uddec","emojiU":"U+1F1F9 U+1F1EC","states":{"centraleregion":{"id":2575,"name":"Centrale Region","state_code":"C","latitude":"8.65860290","longitude":"1.05861350","type":null,"cities":{"sokod\u00e9":{"id":105173,"name":"Sokod\u00e9","latitude":"8.98333000","longitude":"1.13333000"},"sotouboua":{"id":105174,"name":"Sotouboua","latitude":"8.56340000","longitude":"0.98399000"},"tchamba":{"id":105176,"name":"Tchamba","latitude":"9.03333000","longitude":"1.41667000"}}},"kararegion":{"id":2579,"name":"Kara Region","state_code":"K","latitude":"9.72163930","longitude":"1.05861350","type":null,"cities":{"bafilo":{"id":105161,"name":"Bafilo","latitude":"9.35000000","longitude":"1.26667000"},"bassar":{"id":105162,"name":"Bassar","latitude":"9.25025000","longitude":"0.78213000"},"kand\u00e9":{"id":105164,"name":"Kand\u00e9","latitude":"9.95778000","longitude":"1.04472000"},"kara":{"id":105165,"name":"Kara","latitude":"9.55111000","longitude":"1.18611000"},"niamtougou":{"id":105168,"name":"Niamtougou","latitude":"9.76806000","longitude":"1.10528000"},"pagouda":{"id":105170,"name":"Pagouda","latitude":"9.75250000","longitude":"1.32778000"},"pr\u00e9fecturedebassar":{"id":105171,"name":"Pr\u00e9fecture de Bassar","latitude":"9.25000000","longitude":"0.75000000"}}},"maritime":{"id":2576,"name":"Maritime","state_code":"M","latitude":"41.65514930","longitude":"-83.52784670","type":null,"cities":{"an\u00e9ho":{"id":105158,"name":"An\u00e9ho","latitude":"6.22798000","longitude":"1.59190000"},"lom\u00e9":{"id":105167,"name":"Lom\u00e9","latitude":"6.12874000","longitude":"1.22154000"},"tabligbo":{"id":105175,"name":"Tabligbo","latitude":"6.58333000","longitude":"1.50000000"},"ts\u00e9vi\u00e9":{"id":105177,"name":"Ts\u00e9vi\u00e9","latitude":"6.42611000","longitude":"1.21333000"},"vogan":{"id":105178,"name":"Vogan","latitude":"6.33333000","longitude":"1.53333000"}}},"plateauxregion":{"id":2577,"name":"Plateaux Region","state_code":"P","latitude":"7.61013780","longitude":"1.05861350","type":null,"cities":{"amlam\u00e9":{"id":105157,"name":"Amlam\u00e9","latitude":"7.46667000","longitude":"0.90000000"},"atakpam\u00e9":{"id":105159,"name":"Atakpam\u00e9","latitude":"7.53333000","longitude":"1.13333000"},"badou":{"id":105160,"name":"Badou","latitude":"7.58333000","longitude":"0.60000000"},"kpalim\u00e9":{"id":105166,"name":"Kpalim\u00e9","latitude":"6.90000000","longitude":"0.63333000"},"nots\u00e9":{"id":105169,"name":"Nots\u00e9","latitude":"6.95000000","longitude":"1.16667000"}}},"savanesregion":{"id":2578,"name":"Savanes Region","state_code":"S","latitude":"10.52917810","longitude":"0.52578230","type":null,"cities":{"dapaong":{"id":105163,"name":"Dapaong","latitude":"10.86225000","longitude":"0.20762000"},"sansann\u00e9-mango":{"id":105172,"name":"Sansann\u00e9-Mango","latitude":"10.35917000","longitude":"0.47083000"}}}}}