{"id":87,"name":"Grenada","iso3":"GRD","iso2":"GD","numeric_code":"308","phone_code":"1-473","capital":"St. George\u0027s","currency":"XCD","currency_name":"Eastern Caribbean dollar","currency_symbol":"$","tld":".gd","native":"Grenada","region":"Americas","region_id":"2","subregion":"Caribbean","subregion_id":"7","nationality":"Grenadian","timezones":[{"zoneName":"America/Grenada","gmtOffset":-14400,"gmtOffsetName":"UTC-04:00","abbreviation":"AST","tzName":"Atlantic Standard Time"}],"translations":{"kr":"\uadf8\ub808\ub098\ub2e4","pt-BR":"Granada","pt":"Granada","nl":"Grenada","hr":"Grenada","fa":"\u06af\u0631\u0646\u0627\u062f\u0627","de":"Grenada","es":"Grenada","fr":"Grenade","ja":"\u30b0\u30ec\u30ca\u30c0","it":"Grenada","cn":"\u683c\u6797\u7eb3\u8fbe","tr":"Grenada"},"latitude":"12.11666666","longitude":"-61.66666666","emoji":"\ud83c\uddec\ud83c\udde9","emojiU":"U+1F1EC U+1F1E9","states":{"carriacouandpetitemartinique":{"id":3867,"name":"Carriacou and Petite Martinique","state_code":"10","latitude":"12.47858880","longitude":"-61.44938420","type":null,"cities":{"hillsborough":{"id":52030,"name":"Hillsborough","latitude":"12.48292000","longitude":"-61.45597000"}}},"saintandrewparish":{"id":3865,"name":"Saint Andrew Parish","state_code":"01","latitude":null,"longitude":null,"type":null,"cities":{"grenville":{"id":52029,"name":"Grenville","latitude":"12.12278000","longitude":"-61.62498000"}}},"saintdavidparish":{"id":3869,"name":"Saint David Parish","state_code":"02","latitude":null,"longitude":null,"type":null,"cities":{"saintdavid\u2019s":{"id":52031,"name":"Saint David\u2019s","latitude":"12.04903000","longitude":"-61.66875000"}}},"saintgeorgeparish":{"id":3864,"name":"Saint George Parish","state_code":"03","latitude":null,"longitude":null,"type":null,"cities":{"saintgeorge\u0027s":{"id":52032,"name":"Saint George\u0027s","latitude":"12.05288000","longitude":"-61.75226000"}}},"saintjohnparish":{"id":3868,"name":"Saint John Parish","state_code":"04","latitude":"30.11183310","longitude":"-90.48799160","type":null,"cities":{"gouyave":{"id":52028,"name":"Gouyave","latitude":"12.16462000","longitude":"-61.72965000"}}},"saintmarkparish":{"id":3866,"name":"Saint Mark Parish","state_code":"05","latitude":"40.58818630","longitude":"-73.94957010","type":null,"cities":{"victoria":{"id":52034,"name":"Victoria","latitude":"12.19021000","longitude":"-61.70677000"}}},"saintpatrickparish":{"id":3863,"name":"Saint Patrick Parish","state_code":"06","latitude":null,"longitude":null,"type":null,"cities":{"sauteurs":{"id":52033,"name":"Sauteurs","latitude":"12.21833000","longitude":"-61.63917000"}}}}}