{"id":87,"name":"Grenada","iso3":"GRD","iso2":"GD","numeric_code":"308","phonecode":"1","capital":"St. George\u0027s","currency":"XCD","currency_name":"Eastern Caribbean dollar","currency_symbol":"$","tld":".gd","native":"Grenada","region":"Americas","region_id":2,"subregion":"Caribbean","subregion_id":7,"nationality":"Grenadian","timezones":[{"zoneName":"America/Grenada","gmtOffset":-14400,"gmtOffsetName":"UTC-04:00","abbreviation":"AST","tzName":"Atlantic Standard Time"}],"translations":{"ko":"\uadf8\ub808\ub098\ub2e4","pt-BR":"Granada","pt":"Granada","nl":"Grenada","hr":"Grenada","fa":"\u06af\u0631\u0646\u0627\u062f\u0627","de":"Grenada","es":"Grenada","fr":"Grenade","ja":"\u30b0\u30ec\u30ca\u30c0","it":"Grenada","zh-CN":"\u683c\u6797\u7eb3\u8fbe","tr":"Grenada","ru":"\u0413\u0440\u0435\u043d\u0430\u0434\u0430","uk":"\u0413\u0440\u0435\u043d\u0430\u0434\u0430","pl":"Grenada"},"latitude":"12.11666666","longitude":"-61.66666666","emoji":"\ud83c\uddec\ud83c\udde9","emojiU":"U+1F1EC U+1F1E9","states":{"carriacou":{"id":3867,"name":"Carriacou","state_code":"10","latitude":"12.48289710","longitude":"-61.50102610","type":"dependency","cities":{"hillsborough":{"id":52030,"name":"Hillsborough","latitude":"12.48292000","longitude":"-61.45597000"}}},"saintandrew":{"id":3865,"name":"Saint Andrew","state_code":"01","latitude":"12.11093730","longitude":"-61.72935040","type":"parish","cities":{"grenville":{"id":52029,"name":"Grenville","latitude":"12.12278000","longitude":"-61.62498000"}}},"saintdavid":{"id":3869,"name":"Saint David","state_code":"02","latitude":"12.04121250","longitude":"-61.71730420","type":"parish","cities":{"saintdavid\u2019s":{"id":52031,"name":"Saint David\u2019s","latitude":"12.04903000","longitude":"-61.66875000"}}},"saintgeorge":{"id":3864,"name":"Saint George","state_code":"03","latitude":"12.04788240","longitude":"-61.83131890","type":"parish","cities":{"saintgeorge\u0027s":{"id":52032,"name":"Saint George\u0027s","latitude":"12.05288000","longitude":"-61.75226000"}}},"saintjohn":{"id":3868,"name":"Saint John","state_code":"04","latitude":"12.14319830","longitude":"-61.75857370","type":"parish","cities":{"gouyave":{"id":52028,"name":"Gouyave","latitude":"12.16462000","longitude":"-61.72965000"}}},"saintmark":{"id":3866,"name":"Saint Mark","state_code":"05","latitude":"12.18577640","longitude":"-61.73841480","type":"parish","cities":{"victoria":{"id":52034,"name":"Victoria","latitude":"12.19021000","longitude":"-61.70677000"}}},"saintpatrick":{"id":3863,"name":"Saint Patrick","state_code":"06","latitude":"12.24896480","longitude":"-61.69578480","type":"parish","cities":{"sauteurs":{"id":52033,"name":"Sauteurs","latitude":"12.21833000","longitude":"-61.63917000"}}}}}