{"id":248,"name":"Kosovo","iso3":"XKX","iso2":"XK","numeric_code":"926","phonecode":"383","capital":"Pristina","currency":"EUR","currency_name":"Euro","currency_symbol":"\u20ac","tld":".xk","native":"Republika e Kosov\u00ebs","region":"Europe","region_id":4,"subregion":"Eastern Europe","subregion_id":15,"nationality":"Kosovar, Kosovan","timezones":[{"zoneName":"Europe/Belgrade","gmtOffset":3600,"gmtOffsetName":"UTC+01:00","abbreviation":"CET","tzName":"Central European Time"}],"translations":{"ko":"\ucf54\uc18c\ubcf4","zh-CN":"\u79d1\u7d22\u6c83","tr":"Kosova","ru":"\u041a\u043e\u0441\u043e\u0432\u043e","uk":"\u041a\u043e\u0441\u043e\u0432\u043e","pl":"Kosowo"},"latitude":"42.56129090","longitude":"20.34030350","emoji":"\ud83c\uddfd\ud83c\uddf0","emojiU":"U+1F1FD U+1F1F0","states":{"ferizaj":{"id":4874,"name":"Ferizaj","state_code":"XUF","latitude":"42.37018440","longitude":"21.14832810","type":"district"},"gjakove":{"id":4876,"name":"Gjakove","state_code":"XDG","latitude":"42.43757560","longitude":"20.37854380","type":"district"},"gjilan":{"id":4877,"name":"Gjilan","state_code":"XGJ","latitude":"42.46352060","longitude":"21.46940110","type":"district"},"mitrovica":{"id":4878,"name":"Mitrovica","state_code":"XKM","latitude":"42.89139090","longitude":"20.86599950","type":"district"},"peja":{"id":5321,"name":"Peja","state_code":"PEJ","latitude":"42.70317090","longitude":"20.06168550","type":"district"},"pristina":{"id":4879,"name":"Pristina","state_code":"XPI","latitude":"42.66291380","longitude":"21.16550280","type":"district"},"prizren":{"id":5322,"name":"Prizren","state_code":"PRI","latitude":"42.23245650","longitude":"20.40393660","type":"district"}}}