{"id":248,"name":"Kosovo","iso3":"XKX","iso2":"XK","numeric_code":"926","phone_code":"383","capital":"Pristina","currency":"EUR","currency_name":"Euro","currency_symbol":"\u20ac","tld":".xk","native":"Republika e Kosov\u00ebs","region":"Europe","region_id":"4","subregion":"Eastern Europe","subregion_id":"15","nationality":"Kosovar, Kosovan","timezones":[{"zoneName":"Europe/Belgrade","gmtOffset":3600,"gmtOffsetName":"UTC+01:00","abbreviation":"CET","tzName":"Central European Time"}],"translations":{"kr":"\ucf54\uc18c\ubcf4","cn":"\u79d1\u7d22\u6c83","tr":"Kosova","ru":"\u041a\u043e\u0441\u043e\u0432\u043e","uk":"\u041a\u043e\u0441\u043e\u0432\u043e","pl":"Kosowo"},"latitude":"42.56129090","longitude":"20.34030350","emoji":"\ud83c\uddfd\ud83c\uddf0","emojiU":"U+1F1FD U+1F1F0","states":{"\u0110akovicadistrict(gjakove)":{"id":4876,"name":"\u0110akovica District (Gjakove)","state_code":"XDG","latitude":"42.43757560","longitude":"20.37854380","type":null},"gjilandistrict":{"id":4877,"name":"Gjilan District","state_code":"XGJ","latitude":"42.46352060","longitude":"21.46940110","type":null},"kosovskamitrovicadistrict":{"id":4878,"name":"Kosovska Mitrovica District","state_code":"XKM","latitude":"42.89139090","longitude":"20.86599950","type":null},"pe\u0107district":{"id":3738,"name":"Pe\u0107 District","state_code":"XPE","latitude":"42.65921550","longitude":"20.28876240","type":null},"pristina(pri\u015ftine)":{"id":4879,"name":"Pristina (Pri\u015ftine)","state_code":"XPI","latitude":"42.66291380","longitude":"21.16550280","type":null},"prizrendistrict":{"id":3723,"name":"Prizren District","state_code":"XPR","latitude":"42.21525220","longitude":"20.74147720","type":null},"uro\u0161evacdistrict(ferizaj)":{"id":4874,"name":"Uro\u0161evac District (Ferizaj)","state_code":"XUF","latitude":"42.37018440","longitude":"21.14832810","type":null}}}