{"id":205,"name":"South Georgia","iso3":"SGS","iso2":"GS","numeric_code":"239","phone_code":"500","capital":"Grytviken","currency":"GBP","currency_name":"British pound","currency_symbol":"\u00a3","tld":".gs","native":"South Georgia","region":"Americas","region_id":2,"subregion":"South America","subregion_id":8,"nationality":"South Georgia or South Sandwich Islands","timezones":[{"zoneName":"Atlantic/South_Georgia","gmtOffset":-7200,"gmtOffsetName":"UTC-02:00","abbreviation":"GST","tzName":"South Georgia and the South Sandwich Islands Time"}],"translations":{"ko":"\uc0ac\uc6b0\uc2a4\uc870\uc9c0\uc544","pt-BR":"Ilhas Ge\u00f3rgias do Sul e Sandwich do Sul","pt":"Ilhas Ge\u00f3rgia do Sul e Sandu\u00edche do Sul","nl":"Zuid-Georgia en Zuidelijke Sandwicheilanden","hr":"Ju\u017ena Georgija i oto\u010dje Ju\u017eni Sandwich","fa":"\u062c\u0632\u0627\u06cc\u0631 \u062c\u0648\u0631\u062c\u06cc\u0627\u06cc \u062c\u0646\u0648\u0628\u06cc \u0648 \u0633\u0627\u0646\u062f\u0648\u06cc\u0686 \u062c\u0646\u0648\u0628\u06cc","de":"S\u00fcdgeorgien und die S\u00fcdlichen Sandwichinseln","es":"Islas Georgias del Sur y Sandwich del Sur","fr":"G\u00e9orgie du Sud-et-les \u00celes Sandwich du Sud","ja":"\u30b5\u30a6\u30b9\u30b8\u30e7\u30fc\u30b8\u30a2\u30fb\u30b5\u30a6\u30b9\u30b5\u30f3\u30c9\u30a6\u30a3\u30c3\u30c1\u8af8\u5cf6","it":"Georgia del Sud e Isole Sandwich Meridionali","zh-CN":"\u5357\u4e54\u6cbb\u4e9a","tr":"G\u00fcney Georgia","ru":"\u042e\u0436\u043d\u0430\u044f \u0414\u0436\u043e\u0440\u0434\u0436\u0438\u044f","uk":"\u041f\u0456\u0432\u0434\u0435\u043d\u043d\u0430 \u0414\u0436\u043e\u0440\u0434\u0436\u0456\u044f","pl":"Po\u0142udniowa Georgia"},"latitude":"-54.50000000","longitude":"-37.00000000","emoji":"\ud83c\uddec\ud83c\uddf8","emojiU":"U+1F1EC U+1F1F8"}