{"id":246,"name":"Zambia","iso3":"ZMB","iso2":"ZM","numeric_code":"894","phonecode":"260","capital":"Lusaka","currency":"ZMW","currency_name":"Zambian kwacha","currency_symbol":"ZK","tld":".zm","native":"Zambia","region":"Africa","region_id":1,"subregion":"Southern Africa","subregion_id":5,"nationality":"Zambian","timezones":[{"zoneName":"Africa/Lusaka","gmtOffset":7200,"gmtOffsetName":"UTC+02:00","abbreviation":"CAT","tzName":"Central Africa Time"}],"translations":{"ko":"\uc7a0\ube44\uc544","pt-BR":"Z\u00e2mbia","pt":"Z\u00e2mbia","nl":"Zambia","hr":"Zambija","fa":"\u0632\u0627\u0645\u0628\u06cc\u0627","de":"Sambia","es":"Zambia","fr":"Zambie","ja":"\u30b6\u30f3\u30d3\u30a2","it":"Zambia","zh-CN":"\u8d5e\u6bd4\u4e9a","tr":"Zambiya","ru":"\u0417\u0430\u043c\u0431\u0438\u044f","uk":"\u0417\u0430\u043c\u0431\u0456\u044f","pl":"Zambia"},"latitude":"-15.00000000","longitude":"30.00000000","emoji":"\ud83c\uddff\ud83c\uddf2","emojiU":"U+1F1FF U+1F1F2","states":{"central":{"id":1986,"name":"Central","state_code":"02","latitude":"7.25649960","longitude":"80.72144170","type":"province","cities":{"chibombo":{"id":131332,"name":"Chibombo","latitude":"-14.65685000","longitude":"28.07057000"},"chibombodistrict":{"id":131333,"name":"Chibombo District","latitude":"-14.65808000","longitude":"28.07376000"},"kabwe":{"id":131345,"name":"Kabwe","latitude":"-14.44690000","longitude":"28.44644000"},"kapirimposhi":{"id":131352,"name":"Kapiri Mposhi","latitude":"-13.97147000","longitude":"28.66985000"},"mkushi":{"id":131371,"name":"Mkushi","latitude":"-13.62015000","longitude":"29.39390000"},"mumbwa":{"id":131380,"name":"Mumbwa","latitude":"-14.98293000","longitude":"27.06190000"},"serenje":{"id":131393,"name":"Serenje","latitude":"-13.23251000","longitude":"30.23522000"}}},"copperbelt":{"id":1984,"name":"Copperbelt","state_code":"08","latitude":"-13.05700730","longitude":"27.54958460","type":"province","cities":{"chambishi":{"id":131331,"name":"Chambishi","latitude":"-12.63247000","longitude":"28.05367000"},"chililabombwe":{"id":131334,"name":"Chililabombwe","latitude":"-12.36475000","longitude":"27.82286000"},"chingola":{"id":131335,"name":"Chingola","latitude":"-12.52897000","longitude":"27.88382000"},"chingoladistrict":{"id":131336,"name":"Chingola District","latitude":"-12.48478000","longitude":"27.66313000"},"kalulushi":{"id":131349,"name":"Kalulushi","latitude":"-12.84151000","longitude":"28.09479000"},"kataba":{"id":131356,"name":"Kataba","latitude":"-11.88333000","longitude":"29.78333000"},"kitwe":{"id":131358,"name":"Kitwe","latitude":"-12.80243000","longitude":"28.21323000"},"luanshya":{"id":131362,"name":"Luanshya","latitude":"-13.13667000","longitude":"28.41661000"},"mpongwe":{"id":131375,"name":"Mpongwe","latitude":"-13.50914000","longitude":"28.15504000"},"mufulira":{"id":131378,"name":"Mufulira","latitude":"-12.54982000","longitude":"28.24071000"},"ndola":{"id":131388,"name":"Ndola","latitude":"-12.95867000","longitude":"28.63659000"}}},"eastern":{"id":1991,"name":"Eastern","state_code":"03","latitude":"23.16696880","longitude":"49.36531490","type":"province","cities":{"chadiza":{"id":131329,"name":"Chadiza","latitude":"-14.06779000","longitude":"32.43917000"},"chipata":{"id":131338,"name":"Chipata","latitude":"-13.63333000","longitude":"32.65000000"},"lundazi":{"id":131364,"name":"Lundazi","latitude":"-12.29292000","longitude":"33.17820000"},"nyimba":{"id":131389,"name":"Nyimba","latitude":"-14.55656000","longitude":"30.81490000"},"petauke":{"id":131390,"name":"Petauke","latitude":"-14.24117000","longitude":"31.31975000"}}},"luapula":{"id":1987,"name":"Luapula","state_code":"04","latitude":"-11.56483100","longitude":"29.04599270","type":"province","cities":{"kawambwa":{"id":131357,"name":"Kawambwa","latitude":"-9.79150000","longitude":"29.07913000"},"mansa":{"id":131368,"name":"Mansa","latitude":"-11.19976000","longitude":"28.89431000"},"mwense":{"id":131382,"name":"Mwense","latitude":"-10.38447000","longitude":"28.69800000"},"nchelenge":{"id":131387,"name":"Nchelenge","latitude":"-9.34506000","longitude":"28.73396000"},"samfya":{"id":131391,"name":"Samfya","latitude":"-11.36491000","longitude":"29.55652000"}}},"lusaka":{"id":1988,"name":"Lusaka","state_code":"09","latitude":"-15.36571290","longitude":"29.23207840","type":"province","cities":{"chongwe":{"id":131340,"name":"Chongwe","latitude":"-15.32916000","longitude":"28.68204000"},"kafue":{"id":131346,"name":"Kafue","latitude":"-15.76911000","longitude":"28.18136000"},"luangwa":{"id":131361,"name":"Luangwa","latitude":"-15.61667000","longitude":"30.41667000"},"lusaka":{"id":131365,"name":"Lusaka","latitude":"-15.40669000","longitude":"28.28713000"}}},"muchinga":{"id":1989,"name":"Muchinga","state_code":"10","latitude":"-15.38219300","longitude":"28.26158000","type":"province","cities":{"chama":{"id":131330,"name":"Chama","latitude":"-11.21303000","longitude":"33.15210000"},"chinsali":{"id":131337,"name":"Chinsali","latitude":"-10.54142000","longitude":"32.08162000"},"isoka":{"id":131342,"name":"Isoka","latitude":"-10.16062000","longitude":"32.63353000"},"mpika":{"id":131374,"name":"Mpika","latitude":"-11.83431000","longitude":"31.45287000"},"nakonde":{"id":131385,"name":"Nakonde","latitude":"-9.34213000","longitude":"32.74500000"}}},"northern":{"id":1982,"name":"Northern","state_code":"05","latitude":"8.88550270","longitude":"80.27673270","type":"province","cities":{"kaputa":{"id":131353,"name":"Kaputa","latitude":"-8.46887000","longitude":"29.66193000"},"kasama":{"id":131354,"name":"Kasama","latitude":"-10.21289000","longitude":"31.18084000"},"luwingu":{"id":131366,"name":"Luwingu","latitude":"-10.26210000","longitude":"29.92712000"},"mbala":{"id":131370,"name":"Mbala","latitude":"-8.84024000","longitude":"31.36587000"},"mporokoso":{"id":131376,"name":"Mporokoso","latitude":"-9.37273000","longitude":"30.12501000"},"mpulungu":{"id":131377,"name":"Mpulungu","latitude":"-8.76234000","longitude":"31.11405000"},"mungwi":{"id":131381,"name":"Mungwi","latitude":"-10.17320000","longitude":"31.36942000"}}},"northwestern":{"id":1985,"name":"Northwestern","state_code":"06","latitude":"-13.00502580","longitude":"24.90422080","type":"province","cities":{"kabompo":{"id":131344,"name":"Kabompo","latitude":"-13.59268000","longitude":"24.20081000"},"kalengwa":{"id":131348,"name":"Kalengwa","latitude":"-13.46586000","longitude":"25.00271000"},"kansanshi":{"id":131350,"name":"Kansanshi","latitude":"-12.09514000","longitude":"26.42727000"},"kasempa":{"id":131355,"name":"Kasempa","latitude":"-13.45836000","longitude":"25.83380000"},"mufumbwe":{"id":131379,"name":"Mufumbwe","latitude":"-13.68333000","longitude":"24.80000000"},"mwinilunga":{"id":131383,"name":"Mwinilunga","latitude":"-11.73584000","longitude":"24.42926000"},"solwezi":{"id":131398,"name":"Solwezi","latitude":"-12.16880000","longitude":"26.38938000"},"zambezi":{"id":131399,"name":"Zambezi","latitude":"-13.54323000","longitude":"23.10467000"}}},"southern":{"id":1990,"name":"Southern","state_code":"07","latitude":"6.23737500","longitude":"80.54384500","type":"province","cities":{"choma":{"id":131339,"name":"Choma","latitude":"-16.80889000","longitude":"26.98750000"},"gwembe":{"id":131341,"name":"Gwembe","latitude":"-16.49755000","longitude":"27.60691000"},"itezhi-tezhidistrict":{"id":131343,"name":"Itezhi-Tezhi District","latitude":"-15.74092000","longitude":"26.04146000"},"livingstone":{"id":131360,"name":"Livingstone","latitude":"-17.84194000","longitude":"25.85425000"},"maamba":{"id":131367,"name":"Maamba","latitude":"-17.36667000","longitude":"27.15000000"},"mazabuka":{"id":131369,"name":"Mazabuka","latitude":"-15.85601000","longitude":"27.74800000"},"monze":{"id":131373,"name":"Monze","latitude":"-16.28333000","longitude":"27.48333000"},"nakambala":{"id":131384,"name":"Nakambala","latitude":"-15.83244000","longitude":"27.77994000"},"namwala":{"id":131386,"name":"Namwala","latitude":"-15.75042000","longitude":"26.43839000"},"siavonga":{"id":131395,"name":"Siavonga","latitude":"-16.53818000","longitude":"28.70876000"},"siavongadistrict":{"id":131396,"name":"Siavonga District","latitude":"-16.26742000","longitude":"28.55036000"},"sinazongwe":{"id":131397,"name":"Sinazongwe","latitude":"-17.26140000","longitude":"27.46179000"}}},"western":{"id":1983,"name":"Western","state_code":"01","latitude":"6.90160860","longitude":"80.00877460","type":"province","cities":{"kalabo":{"id":131347,"name":"Kalabo","latitude":"-14.99307000","longitude":"22.67926000"},"kaoma":{"id":131351,"name":"Kaoma","latitude":"-14.78333000","longitude":"24.80000000"},"limulunga":{"id":131359,"name":"Limulunga","latitude":"-15.09691000","longitude":"23.13757000"},"lukulu":{"id":131363,"name":"Lukulu","latitude":"-14.37067000","longitude":"23.24196000"},"mongu":{"id":131372,"name":"Mongu","latitude":"-15.24835000","longitude":"23.12741000"},"senanga":{"id":131392,"name":"Senanga","latitude":"-16.11667000","longitude":"23.26667000"},"sesheke":{"id":131394,"name":"Sesheke","latitude":"-17.47593000","longitude":"24.29684000"}}}}}