{"id":4,"name":"Algeria","iso3":"DZA","iso2":"DZ","numeric_code":"012","phone_code":"213","capital":"Algiers","currency":"DZD","currency_name":"Algerian dinar","currency_symbol":"\u062f\u062c","tld":".dz","native":"\u0627\u0644\u062c\u0632\u0627\u0626\u0631","region":"Africa","region_id":"1","subregion":"Northern Africa","subregion_id":"1","nationality":"Algerian","timezones":[{"zoneName":"Africa/Algiers","gmtOffset":3600,"gmtOffsetName":"UTC+01:00","abbreviation":"CET","tzName":"Central European Time"}],"translations":{"kr":"\uc54c\uc81c\ub9ac","pt-BR":"Arg\u00e9lia","pt":"Arg\u00e9lia","nl":"Algerije","hr":"Al\u017eir","fa":"\u0627\u0644\u062c\u0632\u0627\u06cc\u0631","de":"Algerien","es":"Argelia","fr":"Alg\u00e9rie","ja":"\u30a2\u30eb\u30b8\u30a7\u30ea\u30a2","it":"Algeria","cn":"\u963f\u5c14\u53ca\u5229\u4e9a","tr":"Cezayir","ru":"\u0410\u043b\u0436\u0438\u0440","uk":"\u0410\u043b\u0436\u0438\u0440","pl":"Algieria"},"latitude":"28.00000000","longitude":"3.00000000","emoji":"\ud83c\udde9\ud83c\uddff","emojiU":"U+1F1E9 U+1F1FF","states":{"adrar":{"id":1118,"name":"Adrar","state_code":"01","latitude":"26.41813100","longitude":"-0.60147170","type":null,"cities":{"adrar":{"id":31227,"name":"Adrar","latitude":"27.87429000","longitude":"-0.29388000"},"aoulef":{"id":31234,"name":"Aoulef","latitude":"26.96667000","longitude":"1.08333000"},"reggane":{"id":31406,"name":"Reggane","latitude":"26.71576000","longitude":"0.17140000"},"timimoun":{"id":31450,"name":"Timimoun","latitude":"29.26388000","longitude":"0.23098000"}}},"a\u00efndefla":{"id":1119,"name":"A\u00efn Defla","state_code":"44","latitude":"36.25094290","longitude":"1.93938150","type":null,"cities":{"a\u00efndefla":{"id":31243,"name":"A\u00efn Defla","latitude":"36.26405000","longitude":"1.96790000"},"elabadia":{"id":31325,"name":"El Abadia","latitude":"36.26951000","longitude":"1.68609000"},"elattaf":{"id":31331,"name":"El Attaf","latitude":"36.22393000","longitude":"1.67187000"},"khemismiliana":{"id":31361,"name":"Khemis Miliana","latitude":"36.26104000","longitude":"2.22015000"},"thenietelhad":{"id":31448,"name":"Theniet el Had","latitude":"35.87111000","longitude":"2.02806000"}}},"a\u00efnt\u00e9mouchent":{"id":1122,"name":"A\u00efn T\u00e9mouchent","state_code":"46","latitude":"35.29926980","longitude":"-1.13927920","type":null,"cities":{"a\u00efntemouchent":{"id":31250,"name":"A\u00efn Temouchent","latitude":"35.29749000","longitude":"-1.14037000"},"benisaf":{"id":31265,"name":"Beni Saf","latitude":"35.30099000","longitude":"-1.38226000"},"elamria":{"id":31329,"name":"El Amria","latitude":"35.52439000","longitude":"-1.01577000"},"elmalah":{"id":31340,"name":"El Malah","latitude":"35.39137000","longitude":"-1.09238000"},"hammambouhadjar":{"id":31351,"name":"Hammam Bou Hadjar","latitude":"35.37889000","longitude":"-0.96778000"}}},"algiers":{"id":1144,"name":"Algiers","state_code":"16","latitude":"36.69972940","longitude":"3.05761990","type":null,"cities":{"a\u00efntaya":{"id":31249,"name":"A\u00efn Taya","latitude":"36.79333000","longitude":"3.28694000"},"algiers":{"id":31230,"name":"Algiers","latitude":"36.73225000","longitude":"3.08746000"},"babezzouar":{"id":31254,"name":"Bab Ezzouar","latitude":"36.72615000","longitude":"3.18291000"},"birkhadem":{"id":31274,"name":"Birkhadem","latitude":"36.71499000","longitude":"3.05002000"},"bordjelkiffan":{"id":31281,"name":"Bordj el Kiffan","latitude":"36.74871000","longitude":"3.19249000"},"darelbe\u00efda":{"id":31312,"name":"Dar el Be\u00efda","latitude":"36.71333000","longitude":"3.21250000"},"rouiba":{"id":31413,"name":"Rouiba","latitude":"36.73829000","longitude":"3.28079000"}}},"annaba":{"id":1103,"name":"Annaba","state_code":"23","latitude":"36.80205080","longitude":"7.52472430","type":null,"cities":{"annaba":{"id":31233,"name":"Annaba","latitude":"36.90000000","longitude":"7.76667000"},"berrahal":{"id":31267,"name":"Berrahal","latitude":"36.83528000","longitude":"7.45333000"},"drean":{"id":31323,"name":"Drean","latitude":"36.68482000","longitude":"7.75111000"},"elhadjar":{"id":31334,"name":"El Hadjar","latitude":"36.80377000","longitude":"7.73684000"}}},"batna":{"id":1142,"name":"Batna","state_code":"05","latitude":"35.59659540","longitude":"5.89871390","type":null,"cities":{"a\u00efntouta":{"id":31251,"name":"A\u00efn Touta","latitude":"35.37675000","longitude":"5.90001000"},"arris":{"id":31237,"name":"Arris","latitude":"35.25881000","longitude":"6.34706000"},"barika":{"id":31257,"name":"Barika","latitude":"35.38901000","longitude":"5.36584000"},"batna":{"id":31258,"name":"Batna","latitude":"35.55597000","longitude":"6.17414000"},"boumagueur":{"id":31292,"name":"Boumagueur","latitude":"35.50520000","longitude":"5.55250000"},"merouana":{"id":31382,"name":"Merouana","latitude":"35.63106000","longitude":"5.91186000"},"r\u00e2sela\u00efoun":{"id":31415,"name":"R\u00e2s el A\u00efoun","latitude":"35.67384000","longitude":"5.64530000"},"tazoult-lambese":{"id":31444,"name":"Tazoult-Lambese","latitude":"35.48171000","longitude":"6.26074000"}}},"b\u00e9char":{"id":1108,"name":"B\u00e9char","state_code":"08","latitude":"31.62380980","longitude":"-2.21624430","type":null,"cities":{"b\u00e9char":{"id":31298,"name":"B\u00e9char","latitude":"31.61667000","longitude":"-2.21667000"}}},"b\u00e9ja\u00efa":{"id":1128,"name":"B\u00e9ja\u00efa","state_code":"06","latitude":"36.75152580","longitude":"5.05568370","type":null,"cities":{"akbou":{"id":31229,"name":"Akbou","latitude":"36.45750000","longitude":"4.53494000"},"amizour":{"id":31231,"name":"Amizour","latitude":"36.64022000","longitude":"4.90131000"},"barbacha":{"id":31256,"name":"Barbacha","latitude":"36.56667000","longitude":"4.96667000"},"beja\u00efa":{"id":31259,"name":"Beja\u00efa","latitude":"36.75587000","longitude":"5.08433000"},"elhed":{"id":31467,"name":"el hed","latitude":"36.65000000","longitude":"4.77361000"},"elkseur":{"id":31339,"name":"El Kseur","latitude":"36.67942000","longitude":"4.85550000"},"feraoun":{"id":31344,"name":"Feraoun","latitude":"36.56041000","longitude":"4.85454000"},"seddouk":{"id":31421,"name":"Seddouk","latitude":"36.54722000","longitude":"4.68611000"}}},"b\u00e9niabb\u00e8s":{"id":4909,"name":"B\u00e9ni Abb\u00e8s","state_code":"53","latitude":"30.08310420","longitude":"-2.83450520","type":null},"biskra":{"id":1114,"name":"Biskra","state_code":"07","latitude":"34.84494370","longitude":"5.72485670","type":null,"cities":{"biskra":{"id":31275,"name":"Biskra","latitude":"34.85038000","longitude":"5.72805000"},"oumache":{"id":31405,"name":"Oumache","latitude":"34.69292000","longitude":"5.68092000"},"sidikhaled":{"id":31427,"name":"Sidi Khaled","latitude":"34.38700000","longitude":"4.98785000"},"sidiokba":{"id":31430,"name":"Sidi Okba","latitude":"34.74512000","longitude":"5.89833000"},"tolga":{"id":31461,"name":"Tolga","latitude":"34.72224000","longitude":"5.37845000"},"zeribeteloued":{"id":31466,"name":"Zeribet el Oued","latitude":"34.68284000","longitude":"6.51109000"}}},"blida":{"id":1111,"name":"Blida","state_code":"09","latitude":"36.53112300","longitude":"2.89762540","type":null,"cities":{"benimered":{"id":31263,"name":"Beni Mered","latitude":"36.52389000","longitude":"2.86131000"},"blida":{"id":31276,"name":"Blida","latitude":"36.47004000","longitude":"2.82770000"},"bo\u00fbarfa":{"id":31296,"name":"Bo\u00fb Arfa","latitude":"36.46298000","longitude":"2.81464000"},"boufarik":{"id":31287,"name":"Boufarik","latitude":"36.57413000","longitude":"2.91214000"},"bougara":{"id":31289,"name":"Bougara","latitude":"36.54178000","longitude":"3.08100000"},"bouinan":{"id":31290,"name":"Bouinan","latitude":"36.53167000","longitude":"2.99194000"},"chebli":{"id":31301,"name":"Chebli","latitude":"36.57722000","longitude":"3.00917000"},"chiffa":{"id":31307,"name":"Chiffa","latitude":"36.46293000","longitude":"2.73873000"},"larba\u00e2":{"id":31369,"name":"Larba\u00e2","latitude":"36.56471000","longitude":"3.15434000"},"meftah":{"id":31377,"name":"Meftah","latitude":"36.62040000","longitude":"3.22248000"},"sidimoussa":{"id":31428,"name":"Sidi Moussa","latitude":"36.60637000","longitude":"3.08783000"},"souma":{"id":31438,"name":"Souma","latitude":"36.51833000","longitude":"2.90528000"}}},"bordjbajimokhtar":{"id":4908,"name":"Bordj Baji Mokhtar","state_code":"52","latitude":"22.96633500","longitude":"-3.94727320","type":null},"bordjbouarr\u00e9ridj":{"id":1116,"name":"Bordj Bou Arr\u00e9ridj","state_code":"34","latitude":"36.07399250","longitude":"4.76302710","type":null,"cities":{"bordjbouarreridj":{"id":31278,"name":"Bordj Bou Arreridj","latitude":"36.07321000","longitude":"4.76108000"},"bordjghdir":{"id":31279,"name":"Bordj Ghdir","latitude":"35.90111000","longitude":"4.89806000"},"bordjzemoura":{"id":31280,"name":"Bordj Zemoura","latitude":"36.27462000","longitude":"4.85668000"},"elachir":{"id":31327,"name":"El Achir","latitude":"36.06386000","longitude":"4.62744000"},"mansourah":{"id":31373,"name":"Mansourah","latitude":"36.08725000","longitude":"4.45192000"},"melouza":{"id":31381,"name":"Melouza","latitude":"35.97999000","longitude":"4.18665000"},"r\u00e2seloued":{"id":31416,"name":"R\u00e2s el Oued","latitude":"35.94410000","longitude":"5.03107000"}}},"bou\u00efra":{"id":1104,"name":"Bou\u00efra","state_code":"10","latitude":"36.36918460","longitude":"3.90061940","type":null,"cities":{"a\u00efnbessem":{"id":31241,"name":"A\u00efn Bessem","latitude":"36.29333000","longitude":"3.67319000"},"bou\u00efra":{"id":31295,"name":"Bou\u00efra","latitude":"36.37489000","longitude":"3.90200000"},"chorfa":{"id":31309,"name":"Chorfa","latitude":"36.36505000","longitude":"4.32636000"},"draaelmizan":{"id":31322,"name":"Draa el Mizan","latitude":"36.53628000","longitude":"3.83340000"},"lakhdaria":{"id":31368,"name":"Lakhdaria","latitude":"36.56463000","longitude":"3.59330000"},"sourelghozlane":{"id":31439,"name":"Sour el Ghozlane","latitude":"36.14766000","longitude":"3.69123000"}}},"boumerd\u00e8s":{"id":1125,"name":"Boumerd\u00e8s","state_code":"35","latitude":"36.68395590","longitude":"3.62178020","type":null,"cities":{"arbatache":{"id":31235,"name":"Arbatache","latitude":"36.63773000","longitude":"3.37127000"},"beniamrane":{"id":31261,"name":"Beni Amrane","latitude":"36.66774000","longitude":"3.59115000"},"boudouaou":{"id":31286,"name":"Boudouaou","latitude":"36.72735000","longitude":"3.40995000"},"boumerdas":{"id":31294,"name":"Boumerdas","latitude":"36.76639000","longitude":"3.47717000"},"chabetelameur":{"id":31299,"name":"Chabet el Ameur","latitude":"36.63709000","longitude":"3.69474000"},"dellys":{"id":31314,"name":"Dellys","latitude":"36.91716000","longitude":"3.91311000"},"khemiselkhechna":{"id":31362,"name":"Khemis el Khechna","latitude":"36.64997000","longitude":"3.33080000"},"makouda":{"id":31372,"name":"Makouda","latitude":"36.78567000","longitude":"4.06273000"},"naciria":{"id":31393,"name":"Naciria","latitude":"36.74625000","longitude":"3.83163000"},"ouledmoussa":{"id":31403,"name":"Ouled Moussa","latitude":"36.68394000","longitude":"3.36661000"},"regha\u00efa":{"id":31407,"name":"Regha\u00efa","latitude":"36.73587000","longitude":"3.34018000"},"tadma\u00eft":{"id":31441,"name":"Tadma\u00eft","latitude":"36.74413000","longitude":"3.90045000"},"thenia":{"id":31447,"name":"Thenia","latitude":"36.72544000","longitude":"3.55665000"},"tizigheniff":{"id":31456,"name":"Tizi Gheniff","latitude":"36.58839000","longitude":"3.77445000"}}},"chlef":{"id":1105,"name":"Chlef","state_code":"02","latitude":"36.16935150","longitude":"1.28910360","type":null,"cities":{"abouelhassan":{"id":31226,"name":"Abou el Hassan","latitude":"36.41657000","longitude":"1.19616000"},"boukadir":{"id":31291,"name":"Boukadir","latitude":"36.06629000","longitude":"1.12602000"},"chlef":{"id":31308,"name":"Chlef","latitude":"36.16525000","longitude":"1.33452000"},"echchettia":{"id":31324,"name":"Ech Chettia","latitude":"36.19591000","longitude":"1.25537000"},"ouedfodda":{"id":31397,"name":"Oued Fodda","latitude":"36.18503000","longitude":"1.53299000"},"ouedsly":{"id":31399,"name":"Oued Sly","latitude":"36.10124000","longitude":"1.19949000"},"sidiakkacha":{"id":31424,"name":"Sidi Akkacha","latitude":"36.46472000","longitude":"1.30258000"}}},"constantine":{"id":1121,"name":"Constantine","state_code":"25","latitude":"36.33739110","longitude":"6.66381200","type":null,"cities":{"\u2019a\u00efnabid":{"id":31469,"name":"\u2019A\u00efn Abid","latitude":"36.23194000","longitude":"6.94333000"},"a\u00efnsmara":{"id":31248,"name":"A\u00efn Smara","latitude":"36.26740000","longitude":"6.50135000"},"constantine":{"id":31310,"name":"Constantine","latitude":"36.36500000","longitude":"6.61472000"},"didouchemourad":{"id":31315,"name":"Didouche Mourad","latitude":"36.45250000","longitude":"6.63639000"},"elkhroub":{"id":31338,"name":"El Khroub","latitude":"36.26333000","longitude":"6.69361000"},"hammabouziane":{"id":31350,"name":"Hamma Bouziane","latitude":"36.41205000","longitude":"6.59603000"}}},"djanet":{"id":4912,"name":"Djanet","state_code":"56","latitude":"23.83108720","longitude":"8.70046720","type":null},"djelfa":{"id":1098,"name":"Djelfa","state_code":"17","latitude":"34.67039560","longitude":"3.25037610","type":null,"cities":{"\u2019a\u00efnelbell":{"id":31474,"name":"\u2019A\u00efn el Bell","latitude":"34.34381000","longitude":"3.22475000"},"a\u00efnoussera":{"id":31246,"name":"A\u00efn Oussera","latitude":"35.45139000","longitude":"2.90583000"},"birine":{"id":31273,"name":"Birine","latitude":"35.63500000","longitude":"3.22500000"},"charef":{"id":31300,"name":"Charef","latitude":"34.62098000","longitude":"2.79503000"},"darchioukh":{"id":31311,"name":"Dar Chioukh","latitude":"34.89638000","longitude":"3.48543000"},"djelfa":{"id":31318,"name":"Djelfa","latitude":"34.67279000","longitude":"3.26300000"},"elidrissia":{"id":31336,"name":"El Idrissia","latitude":"34.44542000","longitude":"2.52749000"},"messaad":{"id":31385,"name":"Messaad","latitude":"34.15429000","longitude":"3.50309000"}}},"elbayadh":{"id":1129,"name":"El Bayadh","state_code":"32","latitude":"32.71488240","longitude":"0.90566230","type":null,"cities":{"brezina":{"id":31297,"name":"Brezina","latitude":"33.09892000","longitude":"1.26082000"},"elabiodhsidicheikh":{"id":31326,"name":"El Abiodh Sidi Cheikh","latitude":"32.89300000","longitude":"0.54839000"},"elbayadh":{"id":31332,"name":"El Bayadh","latitude":"33.68318000","longitude":"1.01927000"}}},"elm\u0027ghair":{"id":4905,"name":"El M\u0027ghair","state_code":"49","latitude":"33.95405610","longitude":"5.13464180","type":null},"elmenia":{"id":4906,"name":"El Menia","state_code":"50","latitude":"31.36422500","longitude":"2.57844950","type":null},"eloued":{"id":1099,"name":"El Oued","state_code":"39","latitude":"33.36781100","longitude":"6.85165110","type":null,"cities":{"debila":{"id":31313,"name":"Debila","latitude":"33.51667000","longitude":"6.95000000"},"eloued":{"id":31341,"name":"El Oued","latitude":"33.35608000","longitude":"6.86319000"},"reguiba":{"id":31408,"name":"Reguiba","latitude":"33.56391000","longitude":"6.70326000"},"robbah":{"id":31411,"name":"Robbah","latitude":"33.27967000","longitude":"6.90984000"}}},"eltarf":{"id":1100,"name":"El Tarf","state_code":"36","latitude":"36.75766780","longitude":"8.30763430","type":null,"cities":{"benmehidi":{"id":31260,"name":"Ben Mehidi","latitude":"36.76967000","longitude":"7.90641000"},"besbes":{"id":31270,"name":"Besbes","latitude":"36.70222000","longitude":"7.84722000"},"elkala":{"id":31337,"name":"El Kala","latitude":"36.89556000","longitude":"8.44333000"},"eltarf":{"id":31342,"name":"El Tarf","latitude":"36.76720000","longitude":"8.31377000"}}},"gharda\u00efa":{"id":1127,"name":"Gharda\u00efa","state_code":"47","latitude":"32.49437410","longitude":"3.64446000","type":null,"cities":{"berriane":{"id":31268,"name":"Berriane","latitude":"32.82648000","longitude":"3.76689000"},"gharda\u00efa":{"id":31347,"name":"Gharda\u00efa","latitude":"32.49094000","longitude":"3.67347000"},"metlilichaamba":{"id":31386,"name":"Metlili Chaamba","latitude":"32.26667000","longitude":"3.63333000"}}},"guelma":{"id":1137,"name":"Guelma","state_code":"24","latitude":"36.46274440","longitude":"7.43308330","type":null,"cities":{"boumahraahmed":{"id":31293,"name":"Boumahra Ahmed","latitude":"36.45833000","longitude":"7.51389000"},"guelma":{"id":31348,"name":"Guelma","latitude":"36.46214000","longitude":"7.42608000"},"h\u00e9liopolis":{"id":31355,"name":"H\u00e9liopolis","latitude":"36.50361000","longitude":"7.44278000"}}},"illizi":{"id":1112,"name":"Illizi","state_code":"33","latitude":"26.16900050","longitude":"8.48424650","type":null,"cities":{"illizi":{"id":31358,"name":"Illizi","latitude":"26.48333000","longitude":"8.46667000"}}},"inguezzam":{"id":4914,"name":"In Guezzam","state_code":"58","latitude":"20.38643230","longitude":"4.77893940","type":null},"insalah":{"id":4913,"name":"In Salah","state_code":"57","latitude":"27.21492290","longitude":"1.84843960","type":null},"jijel":{"id":1113,"name":"Jijel","state_code":"18","latitude":"36.71796810","longitude":"5.98325770","type":null,"cities":{"jijel":{"id":31359,"name":"Jijel","latitude":"36.82055000","longitude":"5.76671000"}}},"khenchela":{"id":1126,"name":"Khenchela","state_code":"40","latitude":"35.42694040","longitude":"7.14601550","type":null,"cities":{"khenchela":{"id":31363,"name":"Khenchela","latitude":"35.43583000","longitude":"7.14333000"}}},"laghouat":{"id":1138,"name":"Laghouat","state_code":"03","latitude":"33.80783410","longitude":"2.86282940","type":null,"cities":{"aflou":{"id":31228,"name":"Aflou","latitude":"34.11279000","longitude":"2.10228000"},"laghouat":{"id":31367,"name":"Laghouat","latitude":"33.80000000","longitude":"2.86514000"}}},"m\u0027sila":{"id":1134,"name":"M\u0027Sila","state_code":"28","latitude":"35.71866460","longitude":"4.52334230","type":null,"cities":{"\u2018a\u00efnelhadjel":{"id":31468,"name":"\u2018A\u00efn el Hadjel","latitude":"35.67003000","longitude":"3.88153000"},"\u2019a\u00efnelmelh":{"id":31477,"name":"\u2019A\u00efn el Melh","latitude":"34.84146000","longitude":"4.16383000"},"m\u2019sila":{"id":31391,"name":"M\u2019Sila","latitude":"35.70583000","longitude":"4.54194000"},"sidia\u00efssa":{"id":31426,"name":"Sidi A\u00efssa","latitude":"35.88548000","longitude":"3.77236000"}}},"mascara":{"id":1124,"name":"Mascara","state_code":"29","latitude":"35.39041250","longitude":"0.14949880","type":null,"cities":{"bouhanifiaelhamamat":{"id":31282,"name":"Bou Hanifia el Hamamat","latitude":"35.31473000","longitude":"-0.05037000"},"mascara":{"id":31375,"name":"Mascara","latitude":"35.39664000","longitude":"0.14027000"},"ouedelabtal":{"id":31400,"name":"Oued el Abtal","latitude":"35.45595000","longitude":"0.68778000"},"sig":{"id":31433,"name":"Sig","latitude":"35.52832000","longitude":"-0.19369000"}}},"m\u00e9d\u00e9a":{"id":1109,"name":"M\u00e9d\u00e9a","state_code":"26","latitude":"36.26370780","longitude":"2.75878570","type":null,"cities":{"\u2019a\u00efnboucif":{"id":31471,"name":"\u2019A\u00efn Boucif","latitude":"35.89123000","longitude":"3.15850000"},"berrouaghia":{"id":31269,"name":"Berrouaghia","latitude":"36.13516000","longitude":"2.91085000"},"ksarelboukhari":{"id":31366,"name":"Ksar el Boukhari","latitude":"35.88889000","longitude":"2.74905000"},"m\u00e9d\u00e9a":{"id":31390,"name":"M\u00e9d\u00e9a","latitude":"36.26417000","longitude":"2.75393000"}}},"mila":{"id":1132,"name":"Mila","state_code":"43","latitude":"36.36479570","longitude":"6.15269850","type":null,"cities":{"chelghoumela\u00efd":{"id":31302,"name":"Chelghoum el A\u00efd","latitude":"36.16286000","longitude":"6.16651000"},"mila":{"id":31387,"name":"Mila","latitude":"36.45028000","longitude":"6.26444000"},"rouached":{"id":31412,"name":"Rouached","latitude":"36.45774000","longitude":"6.04267000"},"sidim\u00e9rouane":{"id":31429,"name":"Sidi M\u00e9rouane","latitude":"36.52056000","longitude":"6.26111000"},"telerghma":{"id":31446,"name":"Telerghma","latitude":"36.11653000","longitude":"6.35434000"}}},"mostaganem":{"id":1140,"name":"Mostaganem","state_code":"27","latitude":"35.95830540","longitude":"0.33718890","type":null,"cities":{"mostaganem":{"id":31388,"name":"Mostaganem","latitude":"35.93115000","longitude":"0.08918000"}}},"naama":{"id":1102,"name":"Naama","state_code":"45","latitude":"33.26673170","longitude":"-0.31286590","type":null,"cities":{"a\u00efnsefra":{"id":31247,"name":"A\u00efn Sefra","latitude":"32.75000000","longitude":"-0.58333000"},"naama":{"id":31392,"name":"Naama","latitude":"33.26667000","longitude":"-0.31667000"}}},"oran":{"id":1101,"name":"Oran","state_code":"31","latitude":"35.60823510","longitude":"-0.56360900","type":null,"cities":{"\u2019a\u00efnelturk":{"id":31478,"name":"\u2019A\u00efn el Turk","latitude":"35.74381000","longitude":"-0.76930000"},"a\u00efnelbya":{"id":31252,"name":"A\u00efn el Bya","latitude":"35.80389000","longitude":"-0.30178000"},"bireldjir":{"id":31272,"name":"Bir el Djir","latitude":"35.72000000","longitude":"-0.54500000"},"boutlelis":{"id":31284,"name":"Bou Tlelis","latitude":"35.57272000","longitude":"-0.89960000"},"essenia":{"id":31343,"name":"Es Senia","latitude":"35.64779000","longitude":"-0.62397000"},"merselkebir":{"id":31383,"name":"Mers el Kebir","latitude":"35.72790000","longitude":"-0.70810000"},"oran":{"id":31395,"name":"Oran","latitude":"35.69906000","longitude":"-0.63588000"},"sidiechchahmi":{"id":31432,"name":"Sidi ech Chahmi","latitude":"35.65903000","longitude":"-0.52168000"}}},"ouargla":{"id":1139,"name":"Ouargla","state_code":"30","latitude":"32.22648630","longitude":"5.72998210","type":null,"cities":{"djamaa":{"id":31316,"name":"Djamaa","latitude":"33.53388000","longitude":"5.99306000"},"elhadjira":{"id":31335,"name":"El Hadjira","latitude":"32.61336000","longitude":"5.51259000"},"hassimessaoud":{"id":31353,"name":"Hassi Messaoud","latitude":"31.68041000","longitude":"6.07286000"},"megarine":{"id":31378,"name":"Megarine","latitude":"33.19195000","longitude":"6.08695000"},"ouargla":{"id":31396,"name":"Ouargla","latitude":"31.94932000","longitude":"5.32502000"},"rouissat":{"id":31414,"name":"Rouissat","latitude":"31.92427000","longitude":"5.35018000"},"sidiamrane":{"id":31425,"name":"Sidi Amrane","latitude":"33.49885000","longitude":"6.00803000"},"tebesbest":{"id":31445,"name":"Tebesbest","latitude":"33.11667000","longitude":"6.08333000"},"touggourt":{"id":31462,"name":"Touggourt","latitude":"33.10527000","longitude":"6.05796000"}}},"ouleddjellal":{"id":4907,"name":"Ouled Djellal","state_code":"51","latitude":"34.41782210","longitude":"4.96858430","type":null},"oumelbouaghi":{"id":1136,"name":"Oum El Bouaghi","state_code":"04","latitude":"35.86887890","longitude":"7.11082660","type":null,"cities":{"a\u00efnbe\u00efda":{"id":31242,"name":"A\u00efn Be\u00efda","latitude":"35.79639000","longitude":"7.39278000"},"a\u00efnfakroun":{"id":31244,"name":"A\u00efn Fakroun","latitude":"35.97108000","longitude":"6.87374000"},"a\u00efnkercha":{"id":31245,"name":"A\u00efn Kercha","latitude":"35.92472000","longitude":"6.69528000"},"elaouinet":{"id":31330,"name":"El Aouinet","latitude":"35.86691000","longitude":"7.88673000"},"meskiana":{"id":31384,"name":"Meskiana","latitude":"35.63058000","longitude":"7.66606000"},"oumelbouaghi":{"id":31404,"name":"Oum el Bouaghi","latitude":"35.87541000","longitude":"7.11353000"}}},"relizane":{"id":1130,"name":"Relizane","state_code":"48","latitude":"35.73834050","longitude":"0.75328090","type":null,"cities":{"\u2019a\u00efnmerane":{"id":31473,"name":"\u2019A\u00efn Merane","latitude":"36.16277000","longitude":"0.97037000"},"ammimoussa":{"id":31232,"name":"Ammi Moussa","latitude":"35.86781000","longitude":"1.11143000"},"djidiouia":{"id":31319,"name":"Djidiouia","latitude":"35.92989000","longitude":"0.82871000"},"mazouna":{"id":31376,"name":"Mazouna","latitude":"36.12232000","longitude":"0.89865000"},"ouedrhiou":{"id":31398,"name":"Oued Rhiou","latitude":"35.96124000","longitude":"0.91896000"},"relizane":{"id":31409,"name":"Relizane","latitude":"35.73734000","longitude":"0.55599000"},"smala":{"id":31435,"name":"Smala","latitude":"35.71652000","longitude":"0.75437000"},"zemoura":{"id":31464,"name":"Zemoura","latitude":"35.72251000","longitude":"0.75509000"}}},"sa\u00efda":{"id":1123,"name":"Sa\u00efda","state_code":"20","latitude":"34.84152070","longitude":"0.14560550","type":null,"cities":{"\u2019a\u00efnelhadjar":{"id":31475,"name":"\u2019A\u00efn el Hadjar","latitude":"34.75846000","longitude":"0.14528000"},"sa\u00efda":{"id":31419,"name":"Sa\u00efda","latitude":"34.83033000","longitude":"0.15171000"}}},"s\u00e9tif":{"id":1141,"name":"S\u00e9tif","state_code":"19","latitude":"36.30733890","longitude":"5.56172790","type":null,"cities":{"a\u00efnarnat":{"id":31240,"name":"A\u00efn Arnat","latitude":"36.18683000","longitude":"5.31347000"},"babor-ville":{"id":31253,"name":"BABOR - VILLE","latitude":"36.48994000","longitude":"5.53930000"},"bougaa":{"id":31288,"name":"Bougaa","latitude":"36.33293000","longitude":"5.08843000"},"eleulma":{"id":31333,"name":"El Eulma","latitude":"36.15281000","longitude":"5.69016000"},"salahbey":{"id":31417,"name":"Salah Bey","latitude":"35.85451000","longitude":"5.29053000"},"s\u00e9tif":{"id":31440,"name":"S\u00e9tif","latitude":"36.19112000","longitude":"5.41373000"}}},"sidibelabb\u00e8s":{"id":4902,"name":"Sidi Bel Abb\u00e8s","state_code":"22","latitude":"34.68060240","longitude":"-1.09994950","type":null,"cities":{"a\u00efnelberddistrict":{"id":146185,"name":"A\u00efn El Berd District","latitude":"35.35000000","longitude":"-0.51667000"},"balidatameur":{"id":146186,"name":"Balidat Ameur","latitude":"32.95138900","longitude":"5.98055600"},"belarbi":{"id":146187,"name":"Belarbi","latitude":"35.15149480","longitude":"-0.45679090"},"benbadissidbelabb\u00e9s":{"id":146188,"name":"Ben Badis Sid Bel Abb\u00e9s","latitude":"34.95277778","longitude":"-0.91444444"},"djamaa":{"id":146189,"name":"Djamaa","latitude":"33.53137870","longitude":"5.99098210"},"elbour":{"id":146190,"name":"El Bour","latitude":"32.16305556","longitude":"5.34527778"},"elhadjira":{"id":146191,"name":"El Hadjira","latitude":"32.61666667","longitude":"5.51666667"},"haoudelhamra":{"id":146192,"name":"Haoud El Hamra","latitude":"31.88944444","longitude":"5.97305556"},"hassimessaoud":{"id":146193,"name":"Hassi Messaoud","latitude":"31.70000000","longitude":"6.06666667"},"lamtar":{"id":146194,"name":"Lamtar","latitude":"35.07062700","longitude":"-0.79814000"},"marhoum":{"id":146195,"name":"Marhoum","latitude":"34.44600420","longitude":"-0.19502440"},"megarine":{"id":146196,"name":"Megarine","latitude":"33.19262320","longitude":"6.09346390"},"merine":{"id":146197,"name":"Merine","latitude":"34.78074720","longitude":"-0.45104030"},"mezaourou":{"id":146198,"name":"Mezaourou","latitude":"34.81732670","longitude":"-0.62331890"},"moggar":{"id":146199,"name":"Moggar","latitude":"33.26722222","longitude":"6.06777778"},"moulayslissen":{"id":146200,"name":"Moulay Slissen","latitude":"34.81666667","longitude":"-0.76666667"},"n\u0027goussa":{"id":146201,"name":"N\u0027Goussa","latitude":"32.14087970","longitude":"5.30828480"},"ouargla":{"id":146202,"name":"Ouargla","latitude":"31.95000000","longitude":"5.31666667"},"rouissat":{"id":146203,"name":"Rouissat","latitude":"31.93657600","longitude":"5.33540730"},"sfissef":{"id":146204,"name":"Sfissef","latitude":"35.23440280","longitude":"-0.24341580"},"sidialiboussidi":{"id":146205,"name":"Sidi Ali Boussidi","latitude":"35.10000000","longitude":"-0.83333333"},"sidiamrane":{"id":146206,"name":"Sidi Amrane","latitude":"33.50000000","longitude":"6.01666667"},"sidibelabb\u00e8s":{"id":146207,"name":"Sidi Bel Abb\u00e8s","latitude":"35.20000000","longitude":"-0.63333333"},"sidibrahim":{"id":146208,"name":"Sidi Brahim","latitude":"35.26055600","longitude":"-0.56750000"},"sidihamadouche":{"id":146209,"name":"Sidi Hamadouche","latitude":"35.29916667","longitude":"-0.54888889"},"sidislimane":{"id":146210,"name":"Sidi Slimane","latitude":"33.28861111","longitude":"6.09472222"},"sidiyacoub":{"id":146211,"name":"Sidi Yacoub","latitude":"35.13333333","longitude":"-0.78333333"},"sidiyahia":{"id":146212,"name":"Sidi Yahia","latitude":"33.52166667","longitude":"5.94555556"},"tabiasidbelabb\u00e9s":{"id":146213,"name":"Tabia Sid Bel Abb\u00e9s","latitude":"35.01783660","longitude":"-0.73385240"},"taibet":{"id":146214,"name":"Taibet","latitude":"33.08391890","longitude":"6.39996530"},"tamellaht":{"id":146215,"name":"Tamellaht","latitude":"33.01190000","longitude":"6.00972000"},"tamernadjedida":{"id":146216,"name":"Tamerna Djedida","latitude":"33.44640000","longitude":"5.95639000"},"tebesbest":{"id":146217,"name":"Tebesbest","latitude":"33.12001290","longitude":"6.08007430"},"teghalimet":{"id":146218,"name":"Teghalimet","latitude":"34.88283300","longitude":"-0.56000230"},"telagh":{"id":146219,"name":"Telagh","latitude":"34.78490640","longitude":"-0.57317730"},"tenezara":{"id":146220,"name":"Tenezara","latitude":"34.96341170","longitude":"-0.61446190"},"tenira":{"id":146221,"name":"Tenira","latitude":"35.01966420","longitude":"-0.53206440"},"tessala":{"id":146222,"name":"Tessala","latitude":"35.24300000","longitude":"-0.77316300"},"touggourt":{"id":146223,"name":"Touggourt","latitude":"33.10000000","longitude":"6.06666667"},"zerouala":{"id":146224,"name":"Zerouala","latitude":"35.24232450","longitude":"-0.52219390"}}},"skikda":{"id":1110,"name":"Skikda","state_code":"21","latitude":"36.67211980","longitude":"6.83509990","type":null,"cities":{"azzaba":{"id":31239,"name":"Azzaba","latitude":"36.73944000","longitude":"7.10528000"},"karkira":{"id":31360,"name":"Karkira","latitude":"36.92917000","longitude":"6.58556000"},"skikda":{"id":31434,"name":"Skikda","latitude":"36.87617000","longitude":"6.90921000"},"tamalous":{"id":31442,"name":"Tamalous","latitude":"36.83763000","longitude":"6.64018000"}}},"soukahras":{"id":1143,"name":"Souk Ahras","state_code":"41","latitude":"36.28010620","longitude":"7.93840330","type":null,"cities":{"sedrata":{"id":31422,"name":"Sedrata","latitude":"36.12868000","longitude":"7.53376000"},"soukahras":{"id":31437,"name":"Souk Ahras","latitude":"36.28639000","longitude":"7.95111000"}}},"tamanghasset":{"id":1135,"name":"Tamanghasset","state_code":"11","latitude":"22.79029720","longitude":"5.51932680","type":null,"cities":{"i-n-salah":{"id":31356,"name":"I-n-Salah","latitude":"27.19351000","longitude":"2.46069000"},"tamanrasset":{"id":31443,"name":"Tamanrasset","latitude":"22.78500000","longitude":"5.52278000"}}},"t\u00e9bessa":{"id":1117,"name":"T\u00e9bessa","state_code":"12","latitude":"35.12906910","longitude":"7.95928630","type":null,"cities":{"birelater":{"id":31271,"name":"Bir el Ater","latitude":"34.74488000","longitude":"8.06024000"},"cheria":{"id":31305,"name":"Cheria","latitude":"35.27306000","longitude":"7.75194000"},"hammamet":{"id":31352,"name":"Hammamet","latitude":"35.44862000","longitude":"7.95184000"},"t\u00e9bessa":{"id":31463,"name":"T\u00e9bessa","latitude":"35.40417000","longitude":"8.12417000"}}},"tiaret":{"id":1106,"name":"Tiaret","state_code":"14","latitude":"35.37086890","longitude":"1.32178520","type":null,"cities":{"\u2019a\u00efndeheb":{"id":31472,"name":"\u2019A\u00efn Deheb","latitude":"34.84218000","longitude":"1.54697000"},"djebiletrosfa":{"id":31317,"name":"Djebilet Rosfa","latitude":"34.86375000","longitude":"0.83496000"},"frenda":{"id":31346,"name":"Frenda","latitude":"35.06544000","longitude":"1.04945000"},"ksarchellala":{"id":31365,"name":"Ksar Chellala","latitude":"35.21222000","longitude":"2.31889000"},"mehdiadairademeghila":{"id":31379,"name":"Mehdia daira de meghila","latitude":"35.43058000","longitude":"1.75714000"},"sougueur":{"id":31436,"name":"Sougueur","latitude":"35.18568000","longitude":"1.49612000"},"tiaret":{"id":31449,"name":"Tiaret","latitude":"35.37103000","longitude":"1.31699000"}}},"timimoun":{"id":4910,"name":"Timimoun","state_code":"54","latitude":"29.67890600","longitude":"0.50046080","type":null},"tindouf":{"id":1120,"name":"Tindouf","state_code":"37","latitude":"27.80631190","longitude":"-5.72998210","type":null,"cities":{"tindouf":{"id":31452,"name":"Tindouf","latitude":"27.67111000","longitude":"-8.14743000"}}},"tipasa":{"id":1115,"name":"Tipasa","state_code":"42","latitude":"36.54626500","longitude":"2.18432850","type":null,"cities":{"\u2019a\u00efnbenian":{"id":31470,"name":"\u2019A\u00efn Benian","latitude":"36.80277000","longitude":"2.92185000"},"baraki":{"id":31255,"name":"Baraki","latitude":"36.66655000","longitude":"3.09606000"},"bouisma\u00efl":{"id":31283,"name":"Bou Isma\u00efl","latitude":"36.64262000","longitude":"2.69007000"},"cheraga":{"id":31304,"name":"Cheraga","latitude":"36.76775000","longitude":"2.95924000"},"douera":{"id":31320,"name":"Douera","latitude":"36.67000000","longitude":"2.94444000"},"elaffroun":{"id":31328,"name":"El Affroun","latitude":"36.47010000","longitude":"2.62528000"},"hadjout":{"id":31349,"name":"Hadjout","latitude":"36.51257000","longitude":"2.41382000"},"kolea":{"id":31364,"name":"Kolea","latitude":"36.63888000","longitude":"2.76845000"},"mouza\u00efa":{"id":31389,"name":"Mouza\u00efa","latitude":"36.46695000","longitude":"2.68991000"},"ouedelalleug":{"id":31401,"name":"Oued el Alleug","latitude":"36.55528000","longitude":"2.79028000"},"saoula":{"id":31418,"name":"Saoula","latitude":"36.70456000","longitude":"3.02462000"},"tipasa":{"id":31453,"name":"Tipasa","latitude":"36.58972000","longitude":"2.44750000"},"zeralda":{"id":31465,"name":"Zeralda","latitude":"36.71169000","longitude":"2.84244000"}}},"tissemsilt":{"id":1133,"name":"Tissemsilt","state_code":"38","latitude":"35.60537810","longitude":"1.81309800","type":null,"cities":{"lardjem":{"id":31370,"name":"Lardjem","latitude":"35.74922000","longitude":"1.54778000"},"tissemsilt":{"id":31455,"name":"Tissemsilt","latitude":"35.60722000","longitude":"1.81081000"}}},"tiziouzou":{"id":1131,"name":"Tizi Ouzou","state_code":"15","latitude":"36.70691100","longitude":"4.23333550","type":null,"cities":{"\u2019a\u00efnelhammam":{"id":31476,"name":"\u2019A\u00efn el Hammam","latitude":"36.56471000","longitude":"4.30619000"},"arhribs":{"id":31236,"name":"Arhribs","latitude":"36.79361000","longitude":"4.31158000"},"azazga":{"id":31238,"name":"Azazga","latitude":"36.74472000","longitude":"4.37222000"},"benidouala":{"id":31262,"name":"Beni Douala","latitude":"36.61954000","longitude":"4.08282000"},"boghni":{"id":31277,"name":"Boghni","latitude":"36.54222000","longitude":"3.95306000"},"boudjima":{"id":31285,"name":"Boudjima","latitude":"36.80218000","longitude":"4.15187000"},"chemini":{"id":31303,"name":"Chemini","latitude":"36.60000000","longitude":"4.61667000"},"draabenkhedda":{"id":31321,"name":"Draa Ben Khedda","latitude":"36.73436000","longitude":"3.96223000"},"freha":{"id":31345,"name":"Freha","latitude":"36.75234000","longitude":"4.31550000"},"ighram":{"id":31357,"name":"Ighram","latitude":"36.46295000","longitude":"4.50532000"},"l\u2019arbaana\u00eftirathen":{"id":31371,"name":"L\u2019Arbaa Na\u00eft Irathen","latitude":"36.63112000","longitude":"4.19864000"},"mekla":{"id":31380,"name":"Mekla","latitude":"36.68178000","longitude":"4.26378000"},"timizart":{"id":31451,"name":"Timizart","latitude":"36.80000000","longitude":"4.26667000"},"tirmitine":{"id":31454,"name":"Tirmitine","latitude":"36.65393000","longitude":"3.98143000"},"tiziouzou":{"id":31457,"name":"Tizi Ouzou","latitude":"36.71182000","longitude":"4.04591000"},"tizirached":{"id":31458,"name":"Tizi Rached","latitude":"36.67176000","longitude":"4.19176000"},"tizi-n-tleta":{"id":31459,"name":"Tizi-n-Tleta","latitude":"36.54569000","longitude":"4.05712000"}}},"tlemcen":{"id":1107,"name":"Tlemcen","state_code":"13","latitude":"34.67802840","longitude":"-1.36621600","type":null,"cities":{"benimester":{"id":31264,"name":"Beni Mester","latitude":"34.87045000","longitude":"-1.42319000"},"bensekrane":{"id":31266,"name":"Bensekrane","latitude":"35.07465000","longitude":"-1.22431000"},"chetouane":{"id":31306,"name":"Chetouane","latitude":"34.92129000","longitude":"-1.29512000"},"hennaya":{"id":31354,"name":"Hennaya","latitude":"34.95139000","longitude":"-1.36806000"},"manso\u00fbra":{"id":31374,"name":"Manso\u00fbra","latitude":"34.86158000","longitude":"-1.33935000"},"nedroma":{"id":31394,"name":"Nedroma","latitude":"35.01361000","longitude":"-1.74799000"},"ouledmimoun":{"id":31402,"name":"Ouled Mimoun","latitude":"34.90472000","longitude":"-1.03394000"},"remchi":{"id":31410,"name":"Remchi","latitude":"35.06196000","longitude":"-1.43362000"},"sebdou":{"id":31420,"name":"Sebdou","latitude":"34.63703000","longitude":"-1.33143000"},"sidiabdelli":{"id":31423,"name":"Sidi Abdelli","latitude":"35.06937000","longitude":"-1.13706000"},"sidisenoussi\u0633\u064a\u062f\u064a\u0633\u0646\u0648\u0633\u064a":{"id":31431,"name":"Sidi Senoussi \u0633\u064a\u062f\u064a \u0633\u0646\u0648\u0633\u064a","latitude":"34.99691000","longitude":"-1.09449000"},"tlemcen":{"id":31460,"name":"Tlemcen","latitude":"34.87833000","longitude":"-1.31500000"}}},"touggourt":{"id":4911,"name":"Touggourt","state_code":"55","latitude":"33.12484760","longitude":"5.78327150","type":null}}}