{"id":226,"name":"Turkmenistan","iso3":"TKM","iso2":"TM","numeric_code":"795","phonecode":"993","capital":"Ashgabat","currency":"TMT","currency_name":"Turkmenistan manat","currency_symbol":"T","tld":".tm","native":"T\u00fcrkmenistan","region":"Asia","region_id":3,"subregion":"Central Asia","subregion_id":10,"nationality":"Turkmen","timezones":[{"zoneName":"Asia/Ashgabat","gmtOffset":18000,"gmtOffsetName":"UTC+05:00","abbreviation":"TMT","tzName":"Turkmenistan Time"}],"translations":{"ko":"\ud22c\ub974\ud06c\uba54\ub2c8\uc2a4\ud0c4","pt-BR":"Turcomenist\u00e3o","pt":"Turquemenist\u00e3o","nl":"Turkmenistan","hr":"Turkmenistan","fa":"\u062a\u0631\u06a9\u0645\u0646\u0633\u062a\u0627\u0646","de":"Turkmenistan","es":"Turkmenist\u00e1n","fr":"Turkm\u00e9nistan","ja":"\u30c8\u30eb\u30af\u30e1\u30cb\u30b9\u30bf\u30f3","it":"Turkmenistan","zh-CN":"\u571f\u5e93\u66fc\u65af\u5766","tr":"T\u00fcrkmenistan","ru":"\u0422\u0443\u0440\u043a\u043c\u0435\u043d\u0438\u0441\u0442\u0430\u043d","uk":"\u0422\u0443\u0440\u043a\u043c\u0435\u043d\u0456\u0441\u0442\u0430\u043d","pl":"Turkmenistan"},"latitude":"40.00000000","longitude":"60.00000000","emoji":"\ud83c\uddf9\ud83c\uddf2","emojiU":"U+1F1F9 U+1F1F2","states":{"ahal":{"id":3374,"name":"Ahal","state_code":"A","latitude":"38.63993980","longitude":"59.47209040","type":"region","cities":{"abadan":{"id":106880,"name":"Abadan","latitude":"38.05415000","longitude":"58.19721000"},"annau":{"id":106882,"name":"Annau","latitude":"37.88754000","longitude":"58.51596000"},"ar\u00e7abil":{"id":106883,"name":"Ar\u00e7abil","latitude":"37.91500000","longitude":"58.08987000"},"baharly":{"id":106886,"name":"Baharly","latitude":"38.43624000","longitude":"57.43158000"},"kaka":{"id":106896,"name":"Kaka","latitude":"37.34821000","longitude":"59.61431000"},"tejen":{"id":106905,"name":"Tejen","latitude":"37.38338000","longitude":"60.50545000"}}},"ashgabat":{"id":3371,"name":"Ashgabat","state_code":"S","latitude":"37.96007660","longitude":"58.32606290","type":"city","cities":{"ashgabat":{"id":106884,"name":"Ashgabat","latitude":"37.95000000","longitude":"58.38333000"}}},"balkan":{"id":3372,"name":"Balkan","state_code":"B","latitude":"41.81014720","longitude":"21.09373110","type":"region","cities":{"balkanabat":{"id":106887,"name":"Balkanabat","latitude":"39.51075000","longitude":"54.36713000"},"bereket":{"id":106889,"name":"Bereket","latitude":"39.24463000","longitude":"55.51536000"},"gumdag":{"id":106895,"name":"Gumdag","latitude":"39.20611000","longitude":"54.59056000"},"magtymguly":{"id":106898,"name":"Magtymguly","latitude":"38.43749000","longitude":"56.28081000"},"serdar":{"id":106901,"name":"Serdar","latitude":"38.97644000","longitude":"56.27575000"},"t\u00fcrkmenba\u015fy":{"id":106907,"name":"T\u00fcrkmenba\u015fy","latitude":"40.02216000","longitude":"52.95517000"}}},"da\u015foguz":{"id":3373,"name":"Da\u015foguz","state_code":"D","latitude":"41.83687370","longitude":"59.96519040","type":"region","cities":{"akdepe":{"id":106881,"name":"Akdepe","latitude":"42.05513000","longitude":"59.37877000"},"boldumsaz":{"id":106890,"name":"Boldumsaz","latitude":"42.12824000","longitude":"59.67101000"},"da\u015foguz":{"id":106891,"name":"Da\u015foguz","latitude":"41.83625000","longitude":"59.96661000"},"k\u00f6ne\u00fcrgench":{"id":106897,"name":"K\u00f6ne\u00fcrgench","latitude":"42.32773000","longitude":"59.15442000"},"tagta":{"id":106904,"name":"Tagta","latitude":"41.65041000","longitude":"59.91640000"},"yylanly":{"id":106909,"name":"Yylanly","latitude":"41.83333000","longitude":"59.65000000"}}},"lebap":{"id":3370,"name":"Lebap","state_code":"L","latitude":"38.12724620","longitude":"64.71624150","type":"region","cities":{"atamyrat":{"id":106885,"name":"Atamyrat","latitude":"37.83573000","longitude":"65.21058000"},"farap":{"id":106892,"name":"Farap","latitude":"39.17037000","longitude":"63.61165000"},"gazojak":{"id":106893,"name":"Gazojak","latitude":"41.18746000","longitude":"61.40360000"},"gowurdak":{"id":106894,"name":"Gowurdak","latitude":"37.81244000","longitude":"66.04656000"},"sa\u00fdat":{"id":106900,"name":"Sa\u00fdat","latitude":"38.78393000","longitude":"63.88035000"},"t\u00fcrkmenabat":{"id":106906,"name":"T\u00fcrkmenabat","latitude":"39.07328000","longitude":"63.57861000"}}},"mary":{"id":3369,"name":"Mary","state_code":"M","latitude":"36.94816230","longitude":"62.45041540","type":"region","cities":{"bayramaly":{"id":106888,"name":"Bayramaly","latitude":"37.61852000","longitude":"62.16715000"},"mary":{"id":106899,"name":"Mary","latitude":"37.59378000","longitude":"61.83031000"},"serhetabat":{"id":106902,"name":"Serhetabat","latitude":"35.27992000","longitude":"62.34383000"},"seydi":{"id":106903,"name":"Seydi","latitude":"39.48160000","longitude":"62.91374000"},"yol\u00f6ten":{"id":106908,"name":"Yol\u00f6ten","latitude":"37.29886000","longitude":"62.35975000"}}}}}