{"id":222,"name":"Tonga","iso3":"TON","iso2":"TO","numeric_code":"776","phone_code":"676","capital":"Nuku\u0027alofa","currency":"TOP","currency_name":"Tongan pa\u02bbanga","currency_symbol":"$","tld":".to","native":"Tonga","region":"Oceania","region_id":"5","subregion":"Polynesia","subregion_id":"22","nationality":"Tongan","timezones":[{"zoneName":"Pacific/Tongatapu","gmtOffset":46800,"gmtOffsetName":"UTC+13:00","abbreviation":"TOT","tzName":"Tonga Time"}],"translations":{"kr":"\ud1b5\uac00","pt-BR":"Tonga","pt":"Tonga","nl":"Tonga","hr":"Tonga","fa":"\u062a\u0648\u0646\u06af\u0627","de":"Tonga","es":"Tonga","fr":"Tonga","ja":"\u30c8\u30f3\u30ac","it":"Tonga","cn":"\u6c64\u52a0","tr":"Tonga","ru":"\u0422\u043e\u043d\u0433\u0430","uk":"\u0422\u043e\u043d\u0433\u0430","pl":"Tonga"},"latitude":"-20.00000000","longitude":"-175.00000000","emoji":"\ud83c\uddf9\ud83c\uddf4","emojiU":"U+1F1F9 U+1F1F4","states":{"ha\u02bbapai":{"id":3913,"name":"Ha\u02bbapai","state_code":"02","latitude":"-19.75000000","longitude":"-174.36666700","type":null,"cities":{"pangai":{"id":107049,"name":"Pangai","latitude":"-19.81468000","longitude":"-174.35423000"}}},"\u02bbeua":{"id":3915,"name":"\u02bbEua","state_code":"01","latitude":"37.09024000","longitude":"-95.71289100","type":null,"cities":{"\u2018ohonua":{"id":107051,"name":"\u2018Ohonua","latitude":"-21.33333000","longitude":"-174.95000000"}}},"niuas":{"id":3914,"name":"Niuas","state_code":"03","latitude":"-15.95940000","longitude":"-173.78300000","type":null,"cities":{"hihifo":{"id":107045,"name":"Hihifo","latitude":"-15.95440000","longitude":"-173.79616000"}}},"tongatapu":{"id":3912,"name":"Tongatapu","state_code":"04","latitude":"-21.14659680","longitude":"-175.25154820","type":null,"cities":{"haveluloto":{"id":107044,"name":"Haveluloto","latitude":"-21.15216000","longitude":"-175.21333000"},"kolonga":{"id":107046,"name":"Kolonga","latitude":"-21.13333000","longitude":"-175.06667000"},"nuku\u2018alofa":{"id":107048,"name":"Nuku\u2018alofa","latitude":"-21.13938000","longitude":"-175.20180000"},"vaini":{"id":107050,"name":"Vaini","latitude":"-21.19292000","longitude":"-175.17678000"}}},"vava\u02bbu":{"id":3911,"name":"Vava\u02bbu","state_code":"05","latitude":"-18.62275600","longitude":"-173.99029820","type":null,"cities":{"neiafu":{"id":107047,"name":"Neiafu","latitude":"-18.65060000","longitude":"-173.98404000"}}}}}