{"id":192,"name":"San Marino","iso3":"SMR","iso2":"SM","numeric_code":"674","phone_code":"378","capital":"San Marino","currency":"EUR","currency_name":"Euro","currency_symbol":"\u20ac","tld":".sm","native":"San Marino","region":"Europe","region_id":"4","subregion":"Southern Europe","subregion_id":"16","nationality":"Sammarinese","timezones":[{"zoneName":"Europe/San_Marino","gmtOffset":3600,"gmtOffsetName":"UTC+01:00","abbreviation":"CET","tzName":"Central European Time"}],"translations":{"kr":"\uc0b0\ub9c8\ub9ac\ub178","pt-BR":"San Marino","pt":"S\u00e3o Marinho","nl":"San Marino","hr":"San Marino","fa":"\u0633\u0627\u0646 \u0645\u0627\u0631\u06cc\u0646\u0648","de":"San Marino","es":"San Marino","fr":"Saint-Marin","ja":"\u30b5\u30f3\u30de\u30ea\u30ce","it":"San Marino","cn":"\u5723\u9a6c\u529b\u8bfa","tr":"San Marino","ru":"\u0421\u0430\u043d-\u041c\u0430\u0440\u0438\u043d\u043e","uk":"\u0421\u0430\u043d-\u041c\u0430\u0440\u0438\u043d\u043e","pl":"San Marino"},"latitude":"43.76666666","longitude":"12.41666666","emoji":"\ud83c\uddf8\ud83c\uddf2","emojiU":"U+1F1F8 U+1F1F2","states":{"acquaviva":{"id":59,"name":"Acquaviva","state_code":"01","latitude":"41.86715970","longitude":"14.74694790","type":null,"cities":{"acquaviva":{"id":104693,"name":"Acquaviva","latitude":"43.94593000","longitude":"12.41850000"}}},"borgomaggiore":{"id":61,"name":"Borgo Maggiore","state_code":"06","latitude":"43.95748820","longitude":"12.45525460","type":null,"cities":{"borgomaggiore":{"id":104694,"name":"Borgo Maggiore","latitude":"43.94193000","longitude":"12.44738000"}}},"chiesanuova":{"id":60,"name":"Chiesanuova","state_code":"02","latitude":"45.42261720","longitude":"7.65038540","type":null,"cities":{"poggiodichiesanuova":{"id":104699,"name":"Poggio di Chiesanuova","latitude":"43.90451000","longitude":"12.42142000"}}},"domagnano":{"id":64,"name":"Domagnano","state_code":"03","latitude":"43.95019290","longitude":"12.46815370","type":null,"cities":{"domagnano":{"id":104695,"name":"Domagnano","latitude":"43.94961000","longitude":"12.46828000"}}},"faetano":{"id":62,"name":"Faetano","state_code":"04","latitude":"43.93489670","longitude":"12.48965540","type":null,"cities":{"faetano":{"id":104696,"name":"Faetano","latitude":"43.92831000","longitude":"12.49798000"}}},"fiorentino":{"id":66,"name":"Fiorentino","state_code":"05","latitude":"43.90783370","longitude":"12.45812090","type":null,"cities":{"fiorentino":{"id":104697,"name":"Fiorentino","latitude":"43.91001000","longitude":"12.45738000"}}},"montegiardino":{"id":63,"name":"Montegiardino","state_code":"08","latitude":"43.90529990","longitude":"12.48105420","type":null,"cities":{"montegiardino":{"id":104698,"name":"Monte Giardino","latitude":"43.90878000","longitude":"12.48201000"}}},"sanmarino":{"id":58,"name":"San Marino","state_code":"07","latitude":"43.94236000","longitude":"12.45777700","type":null,"cities":{"sanmarino":{"id":104700,"name":"San Marino","latitude":"43.93667000","longitude":"12.44639000"}}},"serravalle":{"id":65,"name":"Serravalle","state_code":"09","latitude":"44.72320840","longitude":"8.85740050","type":null,"cities":{"serravalle":{"id":104701,"name":"Serravalle","latitude":"43.96897000","longitude":"12.48167000"}}}}}