{"id":135,"name":"Malta","iso3":"MLT","iso2":"MT","numeric_code":"470","phone_code":"356","capital":"Valletta","currency":"EUR","currency_name":"Euro","currency_symbol":"\u20ac","tld":".mt","native":"Malta","region":"Europe","region_id":"4","subregion":"Southern Europe","subregion_id":"16","nationality":"Maltese","timezones":[{"zoneName":"Europe/Malta","gmtOffset":3600,"gmtOffsetName":"UTC+01:00","abbreviation":"CET","tzName":"Central European Time"}],"translations":{"kr":"\ubab0\ud0c0","pt-BR":"Malta","pt":"Malta","nl":"Malta","hr":"Malta","fa":"\u0645\u0627\u0644\u062a","de":"Malta","es":"Malta","fr":"Malte","ja":"\u30de\u30eb\u30bf","it":"Malta","cn":"\u9a6c\u8033\u4ed6","tr":"Malta"},"latitude":"35.83333333","longitude":"14.58333333","emoji":"\ud83c\uddf2\ud83c\uddf9","emojiU":"U+1F1F2 U+1F1F9","states":{"attard":{"id":110,"name":"Attard","state_code":"01","latitude":"35.89049670","longitude":"14.41993220","type":null,"cities":{"attard":{"id":67758,"name":"Attard","latitude":"35.88972000","longitude":"14.44250000"}}},"balzan":{"id":108,"name":"Balzan","state_code":"02","latitude":"35.89574140","longitude":"14.45340650","type":null,"cities":{"balzan":{"id":67759,"name":"Balzan","latitude":"35.90028000","longitude":"14.45500000"}}},"birgu":{"id":107,"name":"Birgu","state_code":"03","latitude":"35.88792140","longitude":"14.52256200","type":null,"cities":{"birgu(vittoriosa)":{"id":67817,"name":"Birgu (Vittoriosa)","latitude":"35.89222000","longitude":"14.51833000"}}},"birkirkara":{"id":97,"name":"Birkirkara","state_code":"04","latitude":"35.89547060","longitude":"14.46650720","type":null,"cities":{"birkirkara":{"id":67760,"name":"Birkirkara","latitude":"35.89722000","longitude":"14.46111000"},"fleurdelys":{"id":153733,"name":"Fleur De Lys","latitude":"35.89530000","longitude":"14.46560000"},"swatar":{"id":153742,"name":"Swatar","latitude":"35.89877800","longitude":"14.47659200"}}},"bir\u017cebbu\u0121a":{"id":88,"name":"Bir\u017cebbu\u0121a","state_code":"05","latitude":"35.81359890","longitude":"14.52474630","type":null,"cities":{"bir\u017cebbu\u0121a":{"id":67761,"name":"Bir\u017cebbu\u0121a","latitude":"35.82583000","longitude":"14.52694000"},"\u0126alfar":{"id":153734,"name":"\u0126al Far","latitude":"35.81134900","longitude":"14.51068600"}}},"cospicua":{"id":138,"name":"Cospicua","state_code":"06","latitude":"35.88067530","longitude":"14.52183380","type":null,"cities":{"cospicua":{"id":67762,"name":"Cospicua","latitude":"35.88556000","longitude":"14.52750000"}}},"dingli":{"id":117,"name":"Dingli","state_code":"07","latitude":"35.86273090","longitude":"14.38501070","type":null,"cities":{"dingli":{"id":67763,"name":"Dingli","latitude":"35.86139000","longitude":"14.38222000"}}},"fgura":{"id":129,"name":"Fgura","state_code":"08","latitude":"35.87382690","longitude":"14.52329010","type":null,"cities":{"fgura":{"id":67764,"name":"Fgura","latitude":"35.87028000","longitude":"14.51333000"}}},"floriana":{"id":84,"name":"Floriana","state_code":"09","latitude":"45.49521850","longitude":"-73.71395760","type":null,"cities":{"floriana":{"id":67765,"name":"Floriana","latitude":"35.89583000","longitude":"14.50833000"}}},"fontana":{"id":134,"name":"Fontana","state_code":"10","latitude":"34.09223350","longitude":"-117.43504800","type":null,"cities":{"fontana":{"id":67766,"name":"Fontana","latitude":"36.03750000","longitude":"14.23611000"}}},"g\u0127ajnsielem":{"id":130,"name":"G\u0127ajnsielem","state_code":"13","latitude":"36.02479660","longitude":"14.28029610","type":null,"cities":{"g\u0127ajnsielem":{"id":67768,"name":"G\u0127ajnsielem","latitude":"36.02639000","longitude":"14.28500000"},"\u0126alg\u0127arg\u0127ur":{"id":67772,"name":"\u0126al G\u0127arg\u0127ur","latitude":"35.92409000","longitude":"14.45118000"}}},"g\u0127arb":{"id":92,"name":"G\u0127arb","state_code":"14","latitude":"36.06890900","longitude":"14.20180980","type":null},"g\u0127arg\u0127ur":{"id":120,"name":"G\u0127arg\u0127ur","state_code":"15","latitude":"35.92205690","longitude":"14.45631760","type":null,"cities":{"\u0126alg\u0127axaq":{"id":67770,"name":"\u0126al G\u0127axaq","latitude":"35.84889000","longitude":"14.51667000"}}},"g\u0127asri":{"id":106,"name":"G\u0127asri","state_code":"16","latitude":"36.06680750","longitude":"14.21924750","type":null,"cities":{"gudja":{"id":67767,"name":"Gudja","latitude":"35.84917000","longitude":"14.50306000"}}},"g\u0127axaq":{"id":124,"name":"G\u0127axaq","state_code":"17","latitude":"35.84403590","longitude":"14.51600900","type":null,"cities":{"g\u017cira":{"id":67771,"name":"G\u017cira","latitude":"35.90583000","longitude":"14.48806000"}}},"gudja":{"id":118,"name":"Gudja","state_code":"11","latitude":"35.84698030","longitude":"14.50290400","type":null},"g\u017cira":{"id":113,"name":"G\u017cira","state_code":"12","latitude":"35.90589700","longitude":"14.49533380","type":null,"cities":{"g\u0127arb":{"id":67769,"name":"G\u0127arb","latitude":"36.06000000","longitude":"14.20889000"}}},"\u0126amrun":{"id":105,"name":"\u0126amrun","state_code":"18","latitude":"35.88612370","longitude":"14.48834420","type":null,"cities":{"blatal\u0027bajda":{"id":153730,"name":"Blata l\u0027 Bajda","latitude":"35.88750000","longitude":"14.49861100"},"\u0126amrun":{"id":67821,"name":"\u0126amrun","latitude":"35.88472000","longitude":"14.48444000"}}},"iklin":{"id":93,"name":"Iklin","state_code":"19","latitude":"35.90987740","longitude":"14.45777320","type":null,"cities":{"l-iklin":{"id":67781,"name":"L-Iklin","latitude":"35.90414000","longitude":"14.45415000"}}},"kalkara":{"id":99,"name":"Kalkara","state_code":"21","latitude":"35.89142420","longitude":"14.53202780","type":null,"cities":{"im\u0121arr":{"id":67777,"name":"Im\u0121arr","latitude":"35.92056000","longitude":"14.36639000"},"m\u0121arr":{"id":67791,"name":"M\u0121arr","latitude":"36.02528000","longitude":"14.29500000"}}},"ker\u010bem":{"id":91,"name":"Ker\u010bem","state_code":"22","latitude":"36.04479390","longitude":"14.22506050","type":null,"cities":{"mqabba":{"id":67789,"name":"Mqabba","latitude":"35.84763000","longitude":"14.46824000"}}},"kirkop":{"id":82,"name":"Kirkop","state_code":"23","latitude":"35.84378620","longitude":"14.48543240","type":null,"cities":{"imsida":{"id":67775,"name":"Imsida","latitude":"35.89250000","longitude":"14.48278000"},"kirkop":{"id":67780,"name":"Kirkop","latitude":"35.84222000","longitude":"14.48528000"}}},"lija":{"id":126,"name":"Lija","state_code":"24","latitude":"49.18007600","longitude":"-123.10331700","type":null,"cities":{"\u0126allija":{"id":67782,"name":"\u0126al Lija","latitude":"35.90056000","longitude":"14.44639000"},"imtarfa":{"id":67776,"name":"Imtarfa","latitude":"35.89333000","longitude":"14.39889000"}}},"luqa":{"id":77,"name":"Luqa","state_code":"25","latitude":"35.85828650","longitude":"14.48688830","type":null,"cities":{"\u0126alluqa":{"id":67783,"name":"\u0126al Luqa","latitude":"35.85889000","longitude":"14.48861000"},"\u0126alsafi":{"id":153740,"name":"\u0126al Safi","latitude":"35.83333300","longitude":"14.48500000"},"senglea":{"id":67809,"name":"Senglea","latitude":"35.88750000","longitude":"14.51694000"}}},"marsa":{"id":128,"name":"Marsa","state_code":"26","latitude":"34.03195870","longitude":"-118.44555350","type":null,"cities":{"kalkara":{"id":67778,"name":"Kalkara","latitude":"35.88917000","longitude":"14.53278000"}}},"marsaskala":{"id":137,"name":"Marsaskala","state_code":"27","latitude":"35.86036400","longitude":"14.55678760","type":null,"cities":{"ker\u010bem":{"id":67779,"name":"Ker\u010bem","latitude":"36.04194000","longitude":"14.22667000"},"marsaskala":{"id":67785,"name":"Marsaskala","latitude":"35.86220000","longitude":"14.56701000"}}},"marsaxlokk":{"id":78,"name":"Marsaxlokk","state_code":"28","latitude":"35.84116990","longitude":"14.53930970","type":null,"cities":{"marsaxlokk":{"id":67786,"name":"Marsaxlokk","latitude":"35.84194000","longitude":"14.54306000"}}},"mdina":{"id":89,"name":"Mdina","state_code":"29","latitude":"35.88809300","longitude":"14.40683570","type":null},"mellie\u0127a":{"id":102,"name":"Mellie\u0127a","state_code":"30","latitude":"35.95235290","longitude":"14.35009750","type":null,"cities":{"manikata":{"id":153737,"name":"Manikata","latitude":"35.94000000","longitude":"14.35333000"}}},"m\u0121arr":{"id":109,"name":"M\u0121arr","state_code":"31","latitude":"35.91893270","longitude":"14.36173430","type":null,"cities":{"marsa":{"id":67784,"name":"Marsa","latitude":"35.87917000","longitude":"14.49528000"}}},"mosta":{"id":140,"name":"Mosta","state_code":"32","latitude":"35.91415040","longitude":"14.42284270","type":null,"cities":{"bidnija":{"id":153728,"name":"Bidnija","latitude":"35.92694400","longitude":"14.39833300"}}},"mqabba":{"id":74,"name":"Mqabba","state_code":"33","latitude":"35.84441430","longitude":"14.46941860","type":null},"msida":{"id":96,"name":"Msida","state_code":"34","latitude":"35.89563880","longitude":"14.48688830","type":null,"cities":{"mellie\u0127a":{"id":67787,"name":"Mellie\u0127a","latitude":"35.95639000","longitude":"14.36222000"}}},"mtarfa":{"id":131,"name":"Mtarfa","state_code":"35","latitude":"35.88951250","longitude":"14.39519530","type":null},"munxar":{"id":132,"name":"Munxar","state_code":"36","latitude":"36.02880580","longitude":"14.22506050","type":null,"cities":{"munxar":{"id":67790,"name":"Munxar","latitude":"36.03000000","longitude":"14.23333000"}}},"nadur":{"id":133,"name":"Nadur","state_code":"37","latitude":"36.04470190","longitude":"14.29192730","type":null,"cities":{"nadur":{"id":67792,"name":"Nadur","latitude":"36.03778000","longitude":"14.29417000"}}},"naxxar":{"id":112,"name":"Naxxar","state_code":"38","latitude":"35.93175180","longitude":"14.43157460","type":null,"cities":{"ba\u0127ari\u010b-\u010aag\u0127aq":{"id":153726,"name":"Ba\u0127ar i\u010b-\u010aag\u0127aq","latitude":"35.93878700","longitude":"14.45372500"},"mag\u0127tab":{"id":153736,"name":"Mag\u0127tab","latitude":"35.94500000","longitude":"14.44000000"},"naxxar":{"id":67793,"name":"Naxxar","latitude":"35.91361000","longitude":"14.44361000"},"salina":{"id":153741,"name":"Salina","latitude":"35.94555600","longitude":"14.42444400"}}},"paola":{"id":115,"name":"Paola","state_code":"39","latitude":"38.57223530","longitude":"-94.87912940","type":null,"cities":{"paola":{"id":67794,"name":"Paola","latitude":"35.87306000","longitude":"14.49889000"}}},"pembroke":{"id":125,"name":"Pembroke","state_code":"40","latitude":"34.68016260","longitude":"-79.19503730","type":null,"cities":{"pembroke":{"id":67795,"name":"Pembroke","latitude":"35.93056000","longitude":"14.47639000"}}},"piet\u00e0":{"id":127,"name":"Piet\u00e0","state_code":"41","latitude":"42.21862000","longitude":"-83.73464700","type":null,"cities":{"piet\u00e0":{"id":67796,"name":"Piet\u00e0","latitude":"35.89472000","longitude":"14.49500000"}}},"qala":{"id":79,"name":"Qala","state_code":"42","latitude":"36.03886280","longitude":"14.31810100","type":null,"cities":{"qala":{"id":67797,"name":"Qala","latitude":"36.03611000","longitude":"14.30944000"}}},"qormi":{"id":119,"name":"Qormi","state_code":"43","latitude":"35.87643880","longitude":"14.46941860","type":null,"cities":{"qormi":{"id":67798,"name":"Qormi","latitude":"35.87601000","longitude":"14.47200000"}}},"qrendi":{"id":111,"name":"Qrendi","state_code":"44","latitude":"35.83284880","longitude":"14.45486210","type":null,"cities":{"qrendi":{"id":67799,"name":"Qrendi","latitude":"35.83472000","longitude":"14.45833000"}}},"rabat":{"id":83,"name":"Rabat","state_code":"46","latitude":"33.97159040","longitude":"-6.84981290","type":null,"cities":{"ba\u0127rija":{"id":153727,"name":"Ba\u0127rija","latitude":"35.89472200","longitude":"14.34833300"},"bin\u0121emma":{"id":153729,"name":"Bin\u0121emma","latitude":"35.90277800","longitude":"14.37777800"}}},"san\u0120wann":{"id":75,"name":"San \u0120wann","state_code":"49","latitude":"35.90773650","longitude":"14.47524160","type":null,"cities":{"san\u0120iljan(st.julian\u0027s)":{"id":67805,"name":"San \u0120iljan (St. Julian\u0027s)","latitude":"35.91839000","longitude":"14.48977000"}}},"sanlawrenz":{"id":87,"name":"San Lawrenz","state_code":"50","latitude":"38.95780560","longitude":"-95.25656890","type":null,"cities":{"sanlawrenz":{"id":67803,"name":"San Lawrenz","latitude":"36.05556000","longitude":"14.20361000"}}},"sannat":{"id":116,"name":"Sannat","state_code":"52","latitude":"36.01926430","longitude":"14.25994370","type":null,"cities":{"sanpawlil-ba\u0127ar":{"id":67804,"name":"San Pawl il-Ba\u0127ar","latitude":"35.95064000","longitude":"14.41561000"},"sannat":{"id":67806,"name":"Sannat","latitude":"36.02444000","longitude":"14.24278000"}}},"santalu\u010bija":{"id":94,"name":"Santa Lu\u010bija","state_code":"53","latitude":"35.85614200","longitude":"14.50436000","type":null,"cities":{"santavenera":{"id":67808,"name":"Santa Venera","latitude":"35.89083000","longitude":"14.47417000"}}},"santavenera":{"id":90,"name":"Santa Venera","state_code":"54","latitude":"35.89022010","longitude":"14.47669740","type":null},"senglea":{"id":136,"name":"Senglea","state_code":"20","latitude":"35.88730410","longitude":"14.51673710","type":null,"cities":{"imdina":{"id":67774,"name":"Imdina","latitude":"35.88694000","longitude":"14.40250000"}}},"si\u0121\u0121iewi":{"id":98,"name":"Si\u0121\u0121iewi","state_code":"55","latitude":"35.84637420","longitude":"14.43157460","type":null,"cities":{"si\u0121\u0121iewi":{"id":67810,"name":"Si\u0121\u0121iewi","latitude":"35.85556000","longitude":"14.43639000"}}},"sliema":{"id":104,"name":"Sliema","state_code":"56","latitude":"35.91100810","longitude":"14.50290400","type":null,"cities":{"sliema":{"id":67811,"name":"Sliema","latitude":"35.91250000","longitude":"14.50194000"}}},"st.julian\u0027s":{"id":100,"name":"St. Julian\u0027s","state_code":"48","latitude":"42.21225130","longitude":"-85.89171270","type":null,"cities":{"paceville":{"id":153738,"name":"Paceville","latitude":"35.92370000","longitude":"14.49140000"},"san\u0120wann":{"id":67801,"name":"San \u0120wann","latitude":"35.90556000","longitude":"14.47611000"}}},"st.paul\u0027sbay":{"id":139,"name":"St. Paul\u0027s Bay","state_code":"51","latitude":"35.93601700","longitude":"14.39665030","type":null,"cities":{"bu\u0121ibba":{"id":153731,"name":"Bu\u0121ibba","latitude":"35.94916700","longitude":"14.41166700"},"burmarrad":{"id":153732,"name":"Burmarrad","latitude":"35.93490000","longitude":"14.41430000"},"mosta":{"id":67788,"name":"Mosta","latitude":"35.90917000","longitude":"14.42556000"},"qawra":{"id":153739,"name":"Qawra","latitude":"35.95416700","longitude":"14.42000000"},"santalu\u010bija":{"id":67802,"name":"Santa Lu\u010bija","latitude":"36.04306000","longitude":"14.21722000"},"santalu\u010bija,gozo":{"id":67807,"name":"Santa Lu\u010bija, Gozo","latitude":"35.86278000","longitude":"14.50750000"},"wardija":{"id":153743,"name":"Wardija","latitude":"35.93795800","longitude":"14.39254200"},"xemxija":{"id":153744,"name":"Xemxija","latitude":"35.95055600","longitude":"14.38583300"}}},"swieqi":{"id":86,"name":"Swieqi","state_code":"57","latitude":"35.91911820","longitude":"14.46941860","type":null,"cities":{"madliena":{"id":153735,"name":"Madliena","latitude":"35.93333300","longitude":"14.46666700"},"swieqi":{"id":67812,"name":"Swieqi","latitude":"35.92250000","longitude":"14.48000000"}}},"ta\u0027xbiex":{"id":122,"name":"Ta\u0027 Xbiex","state_code":"58","latitude":"35.89914480","longitude":"14.49635190","type":null,"cities":{"ta\u2019xbiex":{"id":67814,"name":"Ta\u2019 Xbiex","latitude":"35.89917000","longitude":"14.49444000"}}},"tarxien":{"id":103,"name":"Tarxien","state_code":"59","latitude":"35.86725520","longitude":"14.51164050","type":null,"cities":{"\u0126altarxien":{"id":67813,"name":"\u0126al Tarxien","latitude":"35.86583000","longitude":"14.51500000"}}},"valletta":{"id":95,"name":"Valletta","state_code":"60","latitude":"35.89890850","longitude":"14.51455280","type":null,"cities":{"valletta":{"id":67815,"name":"Valletta","latitude":"35.89972000","longitude":"14.51472000"}}},"victoria":{"id":101,"name":"Victoria","state_code":"45","latitude":"28.80526740","longitude":"-97.00359820","type":null,"cities":{"rabat":{"id":67800,"name":"Rabat","latitude":"35.88152000","longitude":"14.39872000"},"victoria":{"id":67816,"name":"Victoria","latitude":"36.04444000","longitude":"14.23972000"}}},"xag\u0127ra":{"id":114,"name":"Xag\u0127ra","state_code":"61","latitude":"36.05084500","longitude":"14.26748200","type":null,"cities":{"xag\u0127ra":{"id":67818,"name":"Xag\u0127ra","latitude":"36.05000000","longitude":"14.26444000"}}},"xewkija":{"id":121,"name":"Xewkija","state_code":"62","latitude":"36.02992360","longitude":"14.25994370","type":null,"cities":{"xewkija":{"id":67819,"name":"Xewkija","latitude":"36.03278000","longitude":"14.25806000"}}},"xg\u0127ajra":{"id":81,"name":"Xg\u0127ajra","state_code":"63","latitude":"35.88682820","longitude":"14.54723910","type":null,"cities":{"xg\u0127ajra":{"id":67820,"name":"Xg\u0127ajra","latitude":"35.88556000","longitude":"14.54750000"}}},"\u017babbar":{"id":123,"name":"\u017babbar","state_code":"64","latitude":"35.87247150","longitude":"14.54513540","type":null,"cities":{"\u017babbar":{"id":67822,"name":"\u017babbar","latitude":"35.87611000","longitude":"14.53500000"}}},"\u017bebbu\u0121gozo":{"id":85,"name":"\u017bebbu\u0121 Gozo","state_code":"65","latitude":"36.07164030","longitude":"14.24540800","type":null,"cities":{"\u0126a\u017c-\u017bebbu\u0121":{"id":67773,"name":"\u0126a\u017c-\u017bebbu\u0121","latitude":"35.87194000","longitude":"14.44111000"}}},"\u017bebbu\u0121malta":{"id":80,"name":"\u017bebbu\u0121 Malta","state_code":"66","latitude":"35.87646480","longitude":"14.43908400","type":null,"cities":{"\u017bebbu\u0121":{"id":67823,"name":"\u017bebbu\u0121","latitude":"36.07222000","longitude":"14.23583000"}}},"\u017bejtun":{"id":135,"name":"\u017bejtun","state_code":"67","latitude":"35.85487140","longitude":"14.53639690","type":null,"cities":{"\u017bejtun":{"id":67824,"name":"\u017bejtun","latitude":"35.85583000","longitude":"14.53306000"}}},"\u017burrieq":{"id":76,"name":"\u017burrieq","state_code":"68","latitude":"35.82163060","longitude":"14.48106480","type":null,"cities":{"\u017burrieq":{"id":67825,"name":"\u017burrieq","latitude":"35.83111000","longitude":"14.47417000"}}}}}