{"id":206,"name":"South Sudan","iso3":"SSD","iso2":"SS","numeric_code":"728","phone_code":"211","capital":"Juba","currency":"SSP","currency_name":"South Sudanese pound","currency_symbol":"\u00a3","tld":".ss","native":"South Sudan","region":"Africa","region_id":"1","subregion":"Middle Africa","subregion_id":"2","nationality":"South Sudanese","timezones":[{"zoneName":"Africa/Juba","gmtOffset":10800,"gmtOffsetName":"UTC+03:00","abbreviation":"EAT","tzName":"East Africa Time"}],"translations":{"kr":"\ub0a8\uc218\ub2e8","pt-BR":"Sud\u00e3o do Sul","pt":"Sud\u00e3o do Sul","nl":"Zuid-Soedan","hr":"Ju\u017eni Sudan","fa":"\u0633\u0648\u062f\u0627\u0646 \u062c\u0646\u0648\u0628\u06cc","de":"S\u00fcdsudan","es":"Sud\u00e1n del Sur","fr":"Soudan du Sud","ja":"\u5357\u30b9\u30fc\u30c0\u30f3","it":"Sudan del sud","cn":"\u5357\u82cf\u4e39","tr":"G\u00fcney Sudan","ru":"\u042e\u0436\u043d\u044b\u0439 \u0421\u0443\u0434\u0430\u043d","uk":"\u041f\u0456\u0432\u0434\u0435\u043d\u043d\u0438\u0439 \u0421\u0443\u0434\u0430\u043d","pl":"Sudan Po\u0142udniowy"},"latitude":"7.00000000","longitude":"30.00000000","emoji":"\ud83c\uddf8\ud83c\uddf8","emojiU":"U+1F1F8 U+1F1F8","states":{"centralequatoria":{"id":2092,"name":"Central Equatoria","state_code":"EC","latitude":"4.61440630","longitude":"31.26263660","type":null},"easternequatoria":{"id":2093,"name":"Eastern Equatoria","state_code":"EE","latitude":"5.06929950","longitude":"33.43835300","type":null},"jongleistate":{"id":2094,"name":"Jonglei State","state_code":"JG","latitude":"7.18196190","longitude":"32.35609520","type":null},"lakes":{"id":2090,"name":"Lakes","state_code":"LK","latitude":"37.16282550","longitude":"-95.69116230","type":null,"cities":{"yirol":{"id":104834,"name":"Yirol","latitude":"6.55250000","longitude":"30.49806000"}}},"northernbahrelghazal":{"id":2088,"name":"Northern Bahr el Ghazal","state_code":"BN","latitude":"8.53604490","longitude":"26.79678490","type":null},"unity":{"id":2085,"name":"Unity","state_code":"UY","latitude":"37.78712760","longitude":"-122.40340790","type":null},"uppernile":{"id":2086,"name":"Upper Nile","state_code":"NU","latitude":"9.88942020","longitude":"32.71813750","type":null},"warrap":{"id":2087,"name":"Warrap","state_code":"WR","latitude":"8.08862380","longitude":"28.64106410","type":null},"westernbahrelghazal":{"id":2091,"name":"Western Bahr el Ghazal","state_code":"BW","latitude":"8.64523990","longitude":"25.28375850","type":null},"westernequatoria":{"id":2089,"name":"Western Equatoria","state_code":"EW","latitude":"5.34717990","longitude":"28.29943500","type":null}}}