{"id":191,"name":"Samoa","iso3":"WSM","iso2":"WS","numeric_code":"882","phone_code":"685","capital":"Apia","currency":"WST","currency_name":"Samoan t\u0101l\u0101","currency_symbol":"SAT","tld":".ws","native":"Samoa","region":"Oceania","region_id":"5","subregion":"Polynesia","subregion_id":"22","nationality":"Samoan","timezones":[{"zoneName":"Pacific/Apia","gmtOffset":50400,"gmtOffsetName":"UTC+14:00","abbreviation":"WST","tzName":"West Samoa Time"}],"translations":{"kr":"\uc0ac\ubaa8\uc544","pt-BR":"Samoa","pt":"Samoa","nl":"Samoa","hr":"Samoa","fa":"\u0633\u0627\u0645\u0648\u0622","de":"Samoa","es":"Samoa","fr":"Samoa","ja":"\u30b5\u30e2\u30a2","it":"Samoa","cn":"\u8428\u6469\u4e9a","tr":"Samoa","ru":"\u0421\u0430\u043c\u043e\u0430","uk":"\u0421\u0430\u043c\u043e\u0430","pl":"Samoa"},"latitude":"-13.58333333","longitude":"-172.33333333","emoji":"\ud83c\uddfc\ud83c\uddf8","emojiU":"U+1F1FC U+1F1F8","states":{"a\u0027ana":{"id":4763,"name":"A\u0027ana","state_code":"AA","latitude":"-13.89841800","longitude":"-171.97529950","type":null,"cities":{"fasito\u2018outa":{"id":130647,"name":"Fasito\u2018outa","latitude":"-13.81163000","longitude":"-171.94063000"},"leulumoega":{"id":130649,"name":"Leulumoega","latitude":"-13.82297000","longitude":"-171.96127000"},"nofoali\u2018i":{"id":130655,"name":"Nofoali\u2018i","latitude":"-13.82170000","longitude":"-171.95873000"},"satapuala":{"id":130658,"name":"Satapuala","latitude":"-13.83535000","longitude":"-171.97963000"}}},"aiga-i-le-tai":{"id":4761,"name":"Aiga-i-le-Tai","state_code":"AL","latitude":"-13.85137910","longitude":"-172.03254010","type":null,"cities":{"mulifanua":{"id":130654,"name":"Mulifanua","latitude":"-13.83183000","longitude":"-172.03602000"}}},"atua":{"id":4765,"name":"Atua","state_code":"AT","latitude":"-13.97870530","longitude":"-171.62542830","type":null,"cities":{"falefa":{"id":130646,"name":"Falefa","latitude":"-13.88695000","longitude":"-171.58805000"},"lotofag\u0101":{"id":130650,"name":"Lotofag\u0101","latitude":"-13.97643000","longitude":"-171.85781000"},"lufilufi":{"id":130651,"name":"Lufilufi","latitude":"-13.87449000","longitude":"-171.59857000"},"solosolo":{"id":130659,"name":"Solosolo","latitude":"-13.87504000","longitude":"-171.64181000"}}},"fa\u0027asaleleaga":{"id":4764,"name":"Fa\u0027asaleleaga","state_code":"FA","latitude":"-13.63076380","longitude":"-172.23659810","type":null},"gaga\u0027emauga":{"id":4769,"name":"Gaga\u0027emauga","state_code":"GE","latitude":"-13.54286660","longitude":"-172.36688700","type":null},"gaga\u0027ifomauga":{"id":4771,"name":"Gaga\u0027ifomauga","state_code":"GI","latitude":"-13.54680070","longitude":"-172.49693310","type":null,"cities":{"matavai":{"id":130653,"name":"Matavai","latitude":"-14.03208000","longitude":"-171.64768000"},"safotu":{"id":130656,"name":"Safotu","latitude":"-13.45132000","longitude":"-172.40177000"}}},"palauli":{"id":4767,"name":"Palauli","state_code":"PA","latitude":"-13.72945790","longitude":"-172.45361150","type":null,"cities":{"gataivai":{"id":130648,"name":"Gataivai","latitude":"-13.77360000","longitude":"-172.38802000"},"vailoa":{"id":130661,"name":"Vailoa","latitude":"-13.75551000","longitude":"-172.30698000"}}},"satupa\u0027itea":{"id":4762,"name":"Satupa\u0027itea","state_code":"SA","latitude":"-13.65382140","longitude":"-172.61592710","type":null},"tuamasaga":{"id":4770,"name":"Tuamasaga","state_code":"TU","latitude":"-13.91635920","longitude":"-171.82243620","type":null,"cities":{"afega":{"id":130643,"name":"Afega","latitude":"-13.79726000","longitude":"-171.85308000"},"apia":{"id":130644,"name":"Apia","latitude":"-13.83333000","longitude":"-171.76666000"},"malie":{"id":130652,"name":"Malie","latitude":"-13.80044000","longitude":"-171.84690000"},"vailima":{"id":130660,"name":"Vailima","latitude":"-13.86417000","longitude":"-171.76126000"},"vaiusu":{"id":130662,"name":"Vaiusu","latitude":"-13.82678000","longitude":"-171.79333000"}}},"va\u0027a-o-fonoti":{"id":4768,"name":"Va\u0027a-o-Fonoti","state_code":"VF","latitude":"-13.94709030","longitude":"-171.54318720","type":null,"cities":{"samamea":{"id":130657,"name":"Samamea","latitude":"-13.93375000","longitude":"-171.53122000"}}},"vaisigano":{"id":4766,"name":"Vaisigano","state_code":"VS","latitude":"-13.54138270","longitude":"-172.70233830","type":null,"cities":{"asau":{"id":130645,"name":"Asau","latitude":"-13.51963000","longitude":"-172.63784000"}}}}}