{"id":146,"name":"Mongolia","iso3":"MNG","iso2":"MN","numeric_code":"496","phone_code":"976","capital":"Ulan Bator","currency":"MNT","currency_name":"Mongolian t\u00f6gr\u00f6g","currency_symbol":"\u20ae","tld":".mn","native":"\u041c\u043e\u043d\u0433\u043e\u043b \u0443\u043b\u0441","region":"Asia","region_id":"3","subregion":"Eastern Asia","subregion_id":"12","nationality":"Mongolian","timezones":[{"zoneName":"Asia/Choibalsan","gmtOffset":28800,"gmtOffsetName":"UTC+08:00","abbreviation":"CHOT","tzName":"Choibalsan Standard Time"},{"zoneName":"Asia/Hovd","gmtOffset":25200,"gmtOffsetName":"UTC+07:00","abbreviation":"HOVT","tzName":"Hovd Time"},{"zoneName":"Asia/Ulaanbaatar","gmtOffset":28800,"gmtOffsetName":"UTC+08:00","abbreviation":"ULAT","tzName":"Ulaanbaatar Standard Time"}],"translations":{"kr":"\ubabd\uace8","pt-BR":"Mong\u00f3lia","pt":"Mong\u00f3lia","nl":"Mongoli\u00eb","hr":"Mongolija","fa":"\u0645\u063a\u0648\u0644\u0633\u062a\u0627\u0646","de":"Mongolei","es":"Mongolia","fr":"Mongolie","ja":"\u30e2\u30f3\u30b4\u30eb","it":"Mongolia","cn":"\u8499\u53e4","tr":"Mo\u011folistan"},"latitude":"46.00000000","longitude":"105.00000000","emoji":"\ud83c\uddf2\ud83c\uddf3","emojiU":"U+1F1F2 U+1F1F3","states":{"arkhangaiprovince":{"id":1973,"name":"Arkhangai Province","state_code":"073","latitude":"47.89711010","longitude":"100.72401650","type":null,"cities":{"tsetserleg":{"id":67734,"name":"Tsetserleg","latitude":"47.47500000","longitude":"101.45417000"}}},"bayan-\u00d6lgiiprovince":{"id":1969,"name":"Bayan-\u00d6lgii Province","state_code":"071","latitude":"48.39832540","longitude":"89.66259150","type":null,"cities":{"altay":{"id":67706,"name":"Altay","latitude":"48.29359000","longitude":"89.51488000"},"\u00d6lgii":{"id":67740,"name":"\u00d6lgii","latitude":"48.96833000","longitude":"89.96250000"},"tsengel":{"id":67733,"name":"Tsengel","latitude":"48.94314000","longitude":"89.14358000"}}},"bayankhongorprovince":{"id":1976,"name":"Bayankhongor Province","state_code":"069","latitude":"45.15267070","longitude":"100.10736670","type":null,"cities":{"bayanhongor":{"id":67709,"name":"Bayanhongor","latitude":"46.19444000","longitude":"100.71806000"}}},"bulganprovince":{"id":1961,"name":"Bulgan Province","state_code":"067","latitude":"48.96909130","longitude":"102.88317230","type":null,"cities":{"bulgan":{"id":67710,"name":"Bulgan","latitude":"48.81250000","longitude":"103.53472000"}}},"darkhan-uulprovince":{"id":1962,"name":"Darkhan-Uul Province","state_code":"037","latitude":"49.46484340","longitude":"105.97459190","type":null,"cities":{"darhan":{"id":67714,"name":"Darhan","latitude":"49.48667000","longitude":"105.92278000"}}},"dornodprovince":{"id":1963,"name":"Dornod Province","state_code":"061","latitude":"47.46581540","longitude":"115.39271200","type":null,"cities":{"choibalsan":{"id":67711,"name":"Choibalsan","latitude":"48.07257000","longitude":"114.53264000"},"ereencav":{"id":67718,"name":"Ereencav","latitude":"49.88070000","longitude":"115.72526000"}}},"dornogoviprovince":{"id":1981,"name":"Dornogovi Province","state_code":"063","latitude":"43.96538890","longitude":"109.17734590","type":null},"dundgoviprovince":{"id":1970,"name":"Dundgovi Province","state_code":"059","latitude":"45.58227860","longitude":"106.76442090","type":null,"cities":{"mandalgovi":{"id":67725,"name":"Mandalgovi","latitude":"45.76250000","longitude":"106.27083000"}}},"govi-altaiprovince":{"id":1972,"name":"Govi-Altai Province","state_code":"065","latitude":"45.45112270","longitude":"95.85057660","type":null,"cities":{"altai":{"id":67705,"name":"Altai","latitude":"46.37222000","longitude":"96.25833000"}}},"govis\u00fcmberprovince":{"id":1978,"name":"Govis\u00fcmber Province","state_code":"064","latitude":"46.47627540","longitude":"108.55706270","type":null,"cities":{"choyr":{"id":67712,"name":"Choyr","latitude":"46.36111000","longitude":"108.36111000"}}},"khentiiprovince":{"id":1974,"name":"Khentii Province","state_code":"039","latitude":"47.60812090","longitude":"109.93728560","type":null,"cities":{"undurkhaan":{"id":67739,"name":"Undurkhaan","latitude":"47.31944000","longitude":"110.65556000"}}},"khovdprovince":{"id":1964,"name":"Khovd Province","state_code":"043","latitude":"47.11296540","longitude":"92.31107520","type":null,"cities":{"khovd":{"id":67724,"name":"Khovd","latitude":"48.00556000","longitude":"91.64194000"},"m\u00f6st":{"id":67728,"name":"M\u00f6st","latitude":"46.67712000","longitude":"92.78521000"},"\u00dcy\u00f6nch":{"id":67741,"name":"\u00dcy\u00f6nch","latitude":"46.04786000","longitude":"92.02612000"}}},"kh\u00f6vsg\u00f6lprovince":{"id":1975,"name":"Kh\u00f6vsg\u00f6l Province","state_code":"041","latitude":"50.22044840","longitude":"100.32137680","type":null,"cities":{"hanh":{"id":67719,"name":"Hanh","latitude":"51.50265000","longitude":"100.66395000"},"murun-kuren":{"id":67726,"name":"Murun-kuren","latitude":"49.63417000","longitude":"100.16250000"},"tsengel":{"id":67732,"name":"Tsengel","latitude":"49.47833000","longitude":"100.88944000"},"turt":{"id":67735,"name":"Turt","latitude":"51.50725000","longitude":"100.66257000"}}},"\u00d6mn\u00f6goviprovince":{"id":1967,"name":"\u00d6mn\u00f6govi Province","state_code":"053","latitude":"43.50002400","longitude":"104.28611160","type":null,"cities":{"dalandzadgad":{"id":67713,"name":"Dalandzadgad","latitude":"43.57083000","longitude":"104.42500000"},"hanhongor":{"id":67720,"name":"Hanhongor","latitude":"43.77345000","longitude":"104.47998000"},"nomgonsum":{"id":67730,"name":"Nomgon Sum","latitude":"42.41462000","longitude":"105.05640000"}}},"orkhonprovince":{"id":1966,"name":"Orkhon Province","state_code":"035","latitude":"49.00470500","longitude":"104.30165270","type":null,"cities":{"erdenet":{"id":67717,"name":"Erdenet","latitude":"49.03333000","longitude":"104.08333000"}}},"\u00d6v\u00f6rkhangaiprovince":{"id":1965,"name":"\u00d6v\u00f6rkhangai Province","state_code":"055","latitude":"45.76243920","longitude":"103.09170320","type":null,"cities":{"arvayheer":{"id":67707,"name":"Arvayheer","latitude":"46.26389000","longitude":"102.77500000"},"harhorin":{"id":67721,"name":"Harhorin","latitude":"47.19753000","longitude":"102.82379000"},"hovd":{"id":67722,"name":"Hovd","latitude":"44.67024000","longitude":"102.17491000"},"kharkhorin":{"id":67723,"name":"Kharkhorin","latitude":"47.19245000","longitude":"102.81349000"},"nariynteel":{"id":67729,"name":"Nariynteel","latitude":"45.95950000","longitude":"101.45977000"}}},"selengeprovince":{"id":1980,"name":"Selenge Province","state_code":"049","latitude":"50.00592730","longitude":"106.44341080","type":null,"cities":{"dz\u00fc\u00fcnharaa":{"id":67716,"name":"Dz\u00fc\u00fcnharaa","latitude":"48.85229000","longitude":"106.45786000"},"s\u00fchbaatar":{"id":67731,"name":"S\u00fchbaatar","latitude":"50.23139000","longitude":"106.20778000"}}},"s\u00fckhbaatarprovince":{"id":1977,"name":"S\u00fckhbaatar Province","state_code":"051","latitude":"46.56531630","longitude":"113.53808360","type":null,"cities":{"baruun-urt":{"id":67708,"name":"Baruun-Urt","latitude":"46.68056000","longitude":"113.27917000"}}},"t\u00f6vprovince":{"id":1968,"name":"T\u00f6v Province","state_code":"047","latitude":"47.21240560","longitude":"106.41541000","type":null,"cities":{"dzuunmod":{"id":67715,"name":"Dzuunmod","latitude":"47.70694000","longitude":"106.95278000"},"m\u00f6ng\u00f6nmor\u012dt":{"id":67727,"name":"M\u00f6ng\u00f6nmor\u012dt","latitude":"48.19504000","longitude":"108.48295000"},"ulaanhudag":{"id":67737,"name":"Ulaanhudag","latitude":"47.33333000","longitude":"104.50000000"},"\u0417\u0443\u0443\u043d\u043c\u043e\u0434":{"id":67742,"name":"\u0417\u0443\u0443\u043d\u043c\u043e\u0434","latitude":"47.70693000","longitude":"106.95276000"}}},"uvsprovince":{"id":1971,"name":"Uvs Province","state_code":"046","latitude":"49.64497070","longitude":"93.27365760","type":null,"cities":{"ulaangom":{"id":67736,"name":"Ulaangom","latitude":"49.98111000","longitude":"92.06667000"}}},"zavkhanprovince":{"id":1979,"name":"Zavkhan Province","state_code":"057","latitude":"48.23881470","longitude":"96.07030190","type":null,"cities":{"uliastay":{"id":67738,"name":"Uliastay","latitude":"47.74167000","longitude":"96.84444000"}}}}}