{"id":179,"name":"Qatar","iso3":"QAT","iso2":"QA","numeric_code":"634","phonecode":"974","capital":"Doha","currency":"QAR","currency_name":"Qatari riyal","currency_symbol":"\u0642.\u0631","tld":".qa","native":"\u0642\u0637\u0631","region":"Asia","region_id":3,"subregion":"Western Asia","subregion_id":11,"nationality":"Qatari","timezones":[{"zoneName":"Asia/Qatar","gmtOffset":10800,"gmtOffsetName":"UTC+03:00","abbreviation":"AST","tzName":"Arabia Standard Time"}],"translations":{"ko":"\uce74\ud0c0\ub974","pt-BR":"Catar","pt":"Catar","nl":"Qatar","hr":"Katar","fa":"\u0642\u0637\u0631","de":"Katar","es":"Catar","fr":"Qatar","ja":"\u30ab\u30bf\u30fc\u30eb","it":"Qatar","zh-CN":"\u5361\u5854\u5c14","tr":"Katar","ru":"\u041a\u0430\u0442\u0430\u0440","uk":"\u041a\u0430\u0442\u0430\u0440","pl":"Katar"},"latitude":"25.50000000","longitude":"51.25000000","emoji":"\ud83c\uddf6\ud83c\udde6","emojiU":"U+1F1F6 U+1F1E6","states":{"aldaayen":{"id":3182,"name":"Al Daayen","state_code":"ZA","latitude":"25.57845590","longitude":"51.48213870","type":"municipality"},"alkhor":{"id":3183,"name":"Al Khor","state_code":"KH","latitude":"25.68040780","longitude":"51.49685020","type":"municipality","cities":{"alghuwayr\u012byah":{"id":89856,"name":"Al Ghuwayr\u012byah","latitude":"25.82882000","longitude":"51.24567000"},"alkhawr":{"id":89858,"name":"Al Khawr","latitude":"25.68389000","longitude":"51.50583000"}}},"alrayyan":{"id":3177,"name":"Al Rayyan","state_code":"RA","latitude":"25.25225510","longitude":"51.43887130","type":"municipality","cities":{"arrayy\u0101n":{"id":89861,"name":"Ar Rayy\u0101n","latitude":"25.29194000","longitude":"51.42444000"},"ummb\u0101b":{"id":89869,"name":"Umm B\u0101b","latitude":"25.21417000","longitude":"50.80722000"}}},"alwakrah":{"id":3179,"name":"Al Wakrah","state_code":"WA","latitude":"25.16593140","longitude":"51.59755240","type":"municipality","cities":{"alwakrah":{"id":89859,"name":"Al Wakrah","latitude":"25.17151000","longitude":"51.60337000"},"alwukayr":{"id":89860,"name":"Al Wukayr","latitude":"25.15107000","longitude":"51.53718000"},"musay\u2018\u012bd":{"id":89868,"name":"Musay\u2018\u012bd","latitude":"24.99226000","longitude":"51.55067000"}}},"al-shahaniya":{"id":3178,"name":"Al-Shahaniya","state_code":"SH","latitude":"25.41063860","longitude":"51.18460250","type":"municipality","cities":{"aljumayl\u012byah":{"id":89857,"name":"Al Jumayl\u012byah","latitude":"25.61068000","longitude":"51.09108000"},"ashsh\u012b\u1e29\u0101n\u012byah":{"id":89863,"name":"Ash Sh\u012b\u1e29\u0101n\u012byah","latitude":"25.37088000","longitude":"51.22264000"},"dukh\u0101n":{"id":89865,"name":"Dukh\u0101n","latitude":"25.42485000","longitude":"50.78227000"}}},"doha":{"id":3181,"name":"Doha","state_code":"DA","latitude":"25.28544730","longitude":"51.53103980","type":"municipality","cities":{"doha":{"id":89864,"name":"Doha","latitude":"25.28545000","longitude":"51.53096000"}}},"madinatashshamal":{"id":3180,"name":"Madinat ash Shamal","state_code":"MS","latitude":"26.11827430","longitude":"51.21572650","type":"municipality","cities":{"arruways":{"id":89862,"name":"Ar Ruways","latitude":"26.13978000","longitude":"51.21493000"},"fuwayri\u0163":{"id":89866,"name":"Fuwayri\u0163","latitude":"26.02565000","longitude":"51.36971000"},"mad\u012bnatashsham\u0101l":{"id":89867,"name":"Mad\u012bnat ash Sham\u0101l","latitude":"26.12933000","longitude":"51.20090000"}}},"ummsalal":{"id":3184,"name":"Umm Salal","state_code":"US","latitude":"25.48752420","longitude":"51.39656800","type":"municipality","cities":{"umm\u015eal\u0101lmu\u1e29ammad":{"id":89870,"name":"Umm \u015eal\u0101l Mu\u1e29ammad","latitude":"25.41524000","longitude":"51.40647000"}}}}}