{"id":57,"name":"Cyprus","iso3":"CYP","iso2":"CY","numeric_code":"196","phone_code":"357","capital":"Nicosia","currency":"EUR","currency_name":"Euro","currency_symbol":"\u20ac","tld":".cy","native":"\u039a\u03cd\u03c0\u03c1\u03bf\u03c2","region":"Europe","region_id":4,"subregion":"Southern Europe","subregion_id":16,"nationality":"Cypriot","timezones":[{"zoneName":"Asia/Famagusta","gmtOffset":7200,"gmtOffsetName":"UTC+02:00","abbreviation":"EET","tzName":"Eastern European Time"},{"zoneName":"Asia/Nicosia","gmtOffset":7200,"gmtOffsetName":"UTC+02:00","abbreviation":"EET","tzName":"Eastern European Time"}],"translations":{"ko":"\ud0a4\ud504\ub85c\uc2a4","pt-BR":"Chipre","pt":"Chipre","nl":"Cyprus","hr":"Cipar","fa":"\u0642\u0628\u0631\u0633","de":"Zypern","es":"Chipre","fr":"Chypre","ja":"\u30ad\u30d7\u30ed\u30b9","it":"Cipro","zh-CN":"\u585e\u6d66\u8def\u65af","tr":"Kuzey K\u0131br\u0131s T\u00fcrk Cumhuriyeti","ru":"\u041a\u0438\u043f\u0440","uk":"\u041a\u0456\u043f\u0440","pl":"Cypr"},"latitude":"35.00000000","longitude":"33.00000000","emoji":"\ud83c\udde8\ud83c\uddfe","emojiU":"U+1F1E8 U+1F1FE","states":{"famagustadistrict(ma\u011fusa)":{"id":749,"name":"Famagusta District (Ma\u011fusa)","state_code":"04","latitude":"35.28570230","longitude":"33.84112880","type":"district","cities":{"acher\u00edtou":{"id":22011,"name":"Acher\u00edtou","latitude":"35.10022000","longitude":"33.86155000"},"\u00c1chna":{"id":22102,"name":"\u00c1chna","latitude":"35.05515000","longitude":"33.78388000"},"ammochostosmunicipality":{"id":22014,"name":"Ammochostos Municipality","latitude":"35.11755000","longitude":"33.94335000"},"avg\u00f3rou":{"id":22020,"name":"Avg\u00f3rou","latitude":"35.03615000","longitude":"33.83918000"},"ayianapa":{"id":22021,"name":"Ayia Napa","latitude":"34.98213000","longitude":"34.00183000"},"der\u00fdneia":{"id":22023,"name":"Der\u00fdneia","latitude":"35.06484000","longitude":"33.96083000"},"famagusta":{"id":22029,"name":"Famagusta","latitude":"35.12054000","longitude":"33.93894000"},"fr\u00e9naros":{"id":22030,"name":"Fr\u00e9naros","latitude":"35.04121000","longitude":"33.92242000"},"lefk\u00f3noiko":{"id":22052,"name":"Lefk\u00f3noiko","latitude":"35.25980000","longitude":"33.73189000"},"leon\u00e1risso":{"id":22054,"name":"Leon\u00e1risso","latitude":"35.46892000","longitude":"34.13886000"},"liop\u00e9tri":{"id":22056,"name":"Liop\u00e9tri","latitude":"35.00885000","longitude":"33.89256000"},"paral\u00edmni":{"id":22072,"name":"Paral\u00edmni","latitude":"35.03945000","longitude":"33.98181000"},"protaras":{"id":22078,"name":"Protaras","latitude":"35.01250000","longitude":"34.05833000"},"rizok\u00e1rpaso":{"id":22090,"name":"Rizok\u00e1rpaso","latitude":"35.59719000","longitude":"34.37916000"},"tr\u00edkomo":{"id":22095,"name":"Tr\u00edkomo","latitude":"35.28628000","longitude":"33.89167000"}}},"kyreniadistrict(keryneia)":{"id":744,"name":"Kyrenia District (Keryneia)","state_code":"06","latitude":"35.29919400","longitude":"33.23632460","type":"district","cities":{"kyrenia":{"id":22045,"name":"Kyrenia","latitude":"35.33634000","longitude":"33.31729000"},"kyreniamunicipality":{"id":22046,"name":"Kyrenia Municipality","latitude":"35.33672000","longitude":"33.31504000"},"l\u00e1pithos":{"id":22059,"name":"L\u00e1pithos","latitude":"35.33823000","longitude":"33.17368000"}}},"larnacadistrict(larnaka)":{"id":747,"name":"Larnaca District (Larnaka)","state_code":"03","latitude":"34.85072060","longitude":"33.48319060","type":"district","cities":{"arad\u00edppou":{"id":22015,"name":"Arad\u00edppou","latitude":"34.95151000","longitude":"33.59199000"},"ath\u00edenou":{"id":22019,"name":"Ath\u00edenou","latitude":"35.06180000","longitude":"33.54156000"},"dhromolaxia":{"id":22024,"name":"Dhromolaxia","latitude":"34.87551000","longitude":"33.58684000"},"k\u00edti":{"id":22049,"name":"K\u00edti","latitude":"34.84696000","longitude":"33.57344000"},"kof\u00ednou":{"id":22039,"name":"Kof\u00ednou","latitude":"34.82449000","longitude":"33.39130000"},"kolossi":{"id":22042,"name":"Kolossi","latitude":"34.66865000","longitude":"32.93375000"},"k\u00f3rnos":{"id":22050,"name":"K\u00f3rnos","latitude":"34.92396000","longitude":"33.39764000"},"larnaca":{"id":22051,"name":"Larnaca","latitude":"34.92291000","longitude":"33.62330000"},"liv\u00e1dia":{"id":22057,"name":"Liv\u00e1dia","latitude":"34.95118000","longitude":"33.62658000"},"meneou":{"id":22062,"name":"Meneou","latitude":"34.86114000","longitude":"33.59516000"},"mosfilot\u00ed":{"id":22064,"name":"Mosfilot\u00ed","latitude":"34.95256000","longitude":"33.42511000"},"p\u00e9rgamos":{"id":22087,"name":"P\u00e9rgamos","latitude":"35.04167000","longitude":"33.70833000"},"periv\u00f3lia":{"id":22076,"name":"Periv\u00f3lia","latitude":"34.83355000","longitude":"33.58196000"},"psevd\u00e1s":{"id":22079,"name":"Psevd\u00e1s","latitude":"34.94653000","longitude":"33.46277000"},"p\u00fdla":{"id":22089,"name":"P\u00fdla","latitude":"35.01237000","longitude":"33.69188000"},"tersef\u00e1nou":{"id":22093,"name":"Tersef\u00e1nou","latitude":"34.85411000","longitude":"33.54746000"},"tro\u00falloi":{"id":22094,"name":"Tro\u00falloi","latitude":"35.03203000","longitude":"33.61501000"},"vor\u00f3klini":{"id":22099,"name":"Vor\u00f3klini","latitude":"34.98600000","longitude":"33.65387000"},"xylof\u00e1gou":{"id":22100,"name":"Xylof\u00e1gou","latitude":"34.97743000","longitude":"33.84894000"},"xylotymbou":{"id":22101,"name":"Xylotymbou","latitude":"35.01720000","longitude":"33.74245000"}}},"limassoldistrict(leymasun)":{"id":748,"name":"Limassol District (Leymasun)","state_code":"02","latitude":"34.70713010","longitude":"33.02261740","type":"district","cities":{"\u00c1giostom\u00e1s":{"id":22103,"name":"\u00c1gios Tom\u00e1s","latitude":"34.71158000","longitude":"32.73129000"},"\u00c1giost\u00fdchon":{"id":22104,"name":"\u00c1gios T\u00fdchon","latitude":"34.72606000","longitude":"33.13872000"},"er\u00edmi":{"id":22028,"name":"Er\u00edmi","latitude":"34.67766000","longitude":"32.91815000"},"germas\u00f3geia":{"id":22031,"name":"Germas\u00f3geia","latitude":"34.72207000","longitude":"33.08254000"},"kypero\u00fanta":{"id":22044,"name":"Kypero\u00fanta","latitude":"34.93815000","longitude":"32.97551000"},"lemes\u00f3s":{"id":22053,"name":"Lemes\u00f3s","latitude":"34.69218000","longitude":"33.02854000"},"limassol":{"id":22055,"name":"Limassol","latitude":"34.68406000","longitude":"33.03794000"},"mouttagi\u00e1ka":{"id":22065,"name":"Mouttagi\u00e1ka","latitude":"34.72022000","longitude":"33.10066000"},"p\u00e1chna":{"id":22082,"name":"P\u00e1chna","latitude":"34.77874000","longitude":"32.79355000"},"p\u00e1nopolem\u00eddia":{"id":22084,"name":"P\u00e1no Polem\u00eddia","latitude":"34.70559000","longitude":"32.99269000"},"parekklisha":{"id":22073,"name":"Parekklisha","latitude":"34.74583000","longitude":"33.15833000"},"pel\u00e9ndri":{"id":22074,"name":"Pel\u00e9ndri","latitude":"34.89597000","longitude":"32.96817000"},"pisso\u00fari":{"id":22077,"name":"Pisso\u00fari","latitude":"34.66942000","longitude":"32.70132000"},"pyrgos":{"id":22081,"name":"Pyrgos","latitude":"34.74167000","longitude":"33.18333000"},"sot\u00edra":{"id":22091,"name":"Sot\u00edra","latitude":"34.71189000","longitude":"32.86340000"},"so\u00fani-zanaki\u00e1":{"id":22092,"name":"So\u00fani-Zanaki\u00e1","latitude":"34.73570000","longitude":"32.88437000"},"\u00ddpsonas":{"id":22105,"name":"\u00ddpsonas","latitude":"34.68797000","longitude":"32.96191000"}}},"nicosiadistrict(lefko\u015fa)":{"id":745,"name":"Nicosia District (Lefko\u015fa)","state_code":"01","latitude":"35.18556590","longitude":"33.38227640","type":"district","cities":{"ak\u00e1ki":{"id":22012,"name":"Ak\u00e1ki","latitude":"35.13341000","longitude":"33.12873000"},"al\u00e1mpra":{"id":22013,"name":"Al\u00e1mpra","latitude":"34.98898000","longitude":"33.39887000"},"aredio\u00fa":{"id":22016,"name":"Aredio\u00fa","latitude":"35.04844000","longitude":"33.19610000"},"astromer\u00edtis":{"id":22018,"name":"Astromer\u00edtis","latitude":"35.14096000","longitude":"33.03793000"},"d\u00e1li":{"id":22025,"name":"D\u00e1li","latitude":"35.02294000","longitude":"33.42195000"},"erg\u00e1tes":{"id":22027,"name":"Erg\u00e1tes","latitude":"35.05365000","longitude":"33.24292000"},"g\u00e9ri":{"id":22035,"name":"G\u00e9ri","latitude":"35.10560000","longitude":"33.41977000"},"kakopetri\u00e1":{"id":22036,"name":"Kakopetri\u00e1","latitude":"34.98768000","longitude":"32.90468000"},"k\u00e1todefter\u00e1":{"id":22047,"name":"K\u00e1to Defter\u00e1","latitude":"35.08489000","longitude":"33.27558000"},"k\u00e1top\u00fdrgos":{"id":22048,"name":"K\u00e1to P\u00fdrgos","latitude":"35.17897000","longitude":"32.68600000"},"kl\u00edrou":{"id":22038,"name":"Kl\u00edrou","latitude":"35.02004000","longitude":"33.17806000"},"kokkinotrimithi\u00e1":{"id":22040,"name":"Kokkinotrimithi\u00e1","latitude":"35.15303000","longitude":"33.19966000"},"l\u00e9fka":{"id":22060,"name":"L\u00e9fka","latitude":"35.11199000","longitude":"32.84997000"},"l\u00fdmpia":{"id":22061,"name":"L\u00fdmpia","latitude":"34.99889000","longitude":"33.46175000"},"lythrod\u00f3ntas":{"id":22058,"name":"Lythrod\u00f3ntas","latitude":"34.95105000","longitude":"33.29777000"},"m\u00e1mmari":{"id":22066,"name":"M\u00e1mmari","latitude":"35.17604000","longitude":"33.20435000"},"m\u00e9niko":{"id":22067,"name":"M\u00e9niko","latitude":"35.10945000","longitude":"33.14474000"},"m\u00f3rfou":{"id":22068,"name":"M\u00f3rfou","latitude":"35.19869000","longitude":"32.99338000"},"nicosia":{"id":22069,"name":"Nicosia","latitude":"35.17531000","longitude":"33.36420000"},"nicosiamunicipality":{"id":22070,"name":"Nicosia Municipality","latitude":"35.16944000","longitude":"33.36081000"},"p\u00e1nodefter\u00e1":{"id":22083,"name":"P\u00e1no Defter\u00e1","latitude":"35.07778000","longitude":"33.26584000"},"p\u00e9ra":{"id":22086,"name":"P\u00e9ra","latitude":"35.03350000","longitude":"33.25413000"},"perister\u00f3na":{"id":22075,"name":"Perister\u00f3na","latitude":"35.12928000","longitude":"33.07858000"},"psimolofou":{"id":22080,"name":"Psimolofou","latitude":"35.06250000","longitude":"33.26250000"},"ts\u00e9ri":{"id":22097,"name":"Ts\u00e9ri","latitude":"35.07307000","longitude":"33.32344000"}}},"paphosdistrict(pafos)":{"id":746,"name":"Paphos District (Pafos)","state_code":"05","latitude":"34.91645940","longitude":"32.49200880","type":"district","cities":{"arg\u00e1ka":{"id":22017,"name":"Arg\u00e1ka","latitude":"35.06646000","longitude":"32.49446000"},"chl\u00f3rakas":{"id":22022,"name":"Chl\u00f3rakas","latitude":"34.79768000","longitude":"32.41207000"},"emba":{"id":22026,"name":"Emba","latitude":"34.80700000","longitude":"32.42406000"},"geroskipou":{"id":22032,"name":"Geroskipou","latitude":"34.75498000","longitude":"32.45155000"},"gerosk\u00edpou(quarter)":{"id":22033,"name":"Gerosk\u00edpou (quarter)","latitude":"34.76190000","longitude":"32.45135000"},"gerosk\u00edpoumunicipality":{"id":22034,"name":"Gerosk\u00edpou Municipality","latitude":"34.75142000","longitude":"32.45449000"},"kissonerga":{"id":22037,"name":"Kissonerga","latitude":"34.82279000","longitude":"32.40131000"},"koloni":{"id":22041,"name":"Koloni","latitude":"34.75228000","longitude":"32.46487000"},"konia":{"id":22043,"name":"Konia","latitude":"34.78516000","longitude":"32.45900000"},"mes\u00f3gi":{"id":22063,"name":"Mes\u00f3gi","latitude":"34.81577000","longitude":"32.45542000"},"paphos":{"id":22071,"name":"Paphos","latitude":"34.77679000","longitude":"32.42451000"},"p\u00e9geia":{"id":22085,"name":"P\u00e9geia","latitude":"34.88341000","longitude":"32.38166000"},"p\u00f3lis":{"id":22088,"name":"P\u00f3lis","latitude":"35.03534000","longitude":"32.42575000"},"t\u00e1la":{"id":22098,"name":"T\u00e1la","latitude":"34.83745000","longitude":"32.43272000"},"ts\u00e1da":{"id":22096,"name":"Ts\u00e1da","latitude":"34.83801000","longitude":"32.47547000"}}}}}