{"id":104,"name":"Iraq","iso3":"IRQ","iso2":"IQ","numeric_code":"368","phone_code":"964","capital":"Baghdad","currency":"IQD","currency_name":"Iraqi dinar","currency_symbol":"\u062f.\u0639","tld":".iq","native":"\u0627\u0644\u0639\u0631\u0627\u0642","region":"Asia","region_id":"3","subregion":"Western Asia","subregion_id":"11","nationality":"Iraqi","timezones":[{"zoneName":"Asia/Baghdad","gmtOffset":10800,"gmtOffsetName":"UTC+03:00","abbreviation":"AST","tzName":"Arabia Standard Time"}],"translations":{"kr":"\uc774\ub77c\ud06c","pt-BR":"Iraque","pt":"Iraque","nl":"Irak","hr":"Irak","fa":"\u0639\u0631\u0627\u0642","de":"Irak","es":"Irak","fr":"Irak","ja":"\u30a4\u30e9\u30af","it":"Iraq","cn":"\u4f0a\u62c9\u514b","tr":"Irak","ru":"\u0418\u0440\u0430\u043a","uk":"\u0406\u0440\u0430\u043a","pl":"Irak"},"latitude":"33.00000000","longitude":"44.00000000","emoji":"\ud83c\uddee\ud83c\uddf6","emojiU":"U+1F1EE U+1F1F6","states":{"alanbar":{"id":3964,"name":"Al Anbar","state_code":"AN","latitude":"32.55976140","longitude":"41.91964710","type":"governorate","cities":{"\u2018anah":{"id":134552,"name":"\u2018Anah","latitude":"34.36857000","longitude":"41.98194000"},"\u2018anatalqad\u012bmah":{"id":134553,"name":"\u2018Anat al Qad\u012bmah","latitude":"34.46934000","longitude":"41.94223000"},"alfall\u016bjah":{"id":134478,"name":"Al Fall\u016bjah","latitude":"33.34913000","longitude":"43.78599000"},"arru\u0163bah":{"id":134495,"name":"Ar Ru\u0163bah","latitude":"33.03718000","longitude":"40.28586000"},"\u1e28ad\u012bthah":{"id":134548,"name":"\u1e28ad\u012bthah","latitude":"34.13661000","longitude":"42.37727000"},"h\u012bt":{"id":134514,"name":"H\u012bt","latitude":"33.63664000","longitude":"42.82768000"},"h\u012btdistrict":{"id":134515,"name":"H\u012bt District","latitude":"33.73482000","longitude":"42.68228000"},"ramadi":{"id":134533,"name":"Ramadi","latitude":"33.42056000","longitude":"43.30778000"},"r\u0101wah":{"id":134535,"name":"R\u0101wah","latitude":"34.48229000","longitude":"41.91898000"}}},"almuthanna":{"id":3958,"name":"Al Muthanna","state_code":"MU","latitude":"29.91331710","longitude":"45.29938620","type":"governorate","cities":{"arrumaythah":{"id":134494,"name":"Ar Rumaythah","latitude":"31.52845000","longitude":"45.20377000"},"assamawah":{"id":134497,"name":"As Samawah","latitude":"31.33198000","longitude":"45.29440000"}}},"al-q\u0101disiyyah":{"id":3956,"name":"Al-Q\u0101disiyyah","state_code":"QA","latitude":"32.04369100","longitude":"45.14945050","type":"governorate","cities":{"\u2018afak":{"id":134550,"name":"\u2018Afak","latitude":"32.06430000","longitude":"45.24743000"},"add\u012bw\u0101n\u012byah":{"id":134476,"name":"Ad D\u012bw\u0101n\u012byah","latitude":"31.99289000","longitude":"44.92552000"},"ashsh\u0101m\u012byah":{"id":134501,"name":"Ash Sh\u0101m\u012byah","latitude":"31.96257000","longitude":"44.60075000"},"n\u0101\u1e29iyatashshin\u0101f\u012byah":{"id":134530,"name":"N\u0101\u1e29iyat ash Shin\u0101f\u012byah","latitude":"31.58376000","longitude":"44.64675000"},"nahiyatghammas":{"id":134526,"name":"Nahiyat Ghammas","latitude":"31.74311000","longitude":"44.61960000"}}},"babylon":{"id":3955,"name":"Babylon","state_code":"BB","latitude":"32.46819100","longitude":"44.55019350","type":"governorate","cities":{"al\u1e28illah":{"id":134488,"name":"Al \u1e28illah","latitude":"32.46367000","longitude":"44.41963000"},"almusayyib":{"id":134486,"name":"Al Musayyib","latitude":"32.77872000","longitude":"44.29005000"},"imamqasim":{"id":134516,"name":"Imam Qasim","latitude":"32.29799000","longitude":"44.68282000"},"n\u0101\u1e29\u012byatsaddatalhind\u012byah":{"id":134531,"name":"N\u0101\u1e29\u012byat Saddat al Hind\u012byah","latitude":"32.71557000","longitude":"44.27857000"}}},"baghdad":{"id":3959,"name":"Baghdad","state_code":"BG","latitude":"33.31526180","longitude":"44.36606530","type":"governorate","cities":{"abughraibdistrict":{"id":134473,"name":"Abu Ghraib District","latitude":"33.29194000","longitude":"44.06919000"},"ab\u016bghurayb":{"id":134474,"name":"Ab\u016b Ghurayb","latitude":"33.30563000","longitude":"44.18477000"},"adamiyah":{"id":153202,"name":"Adamiyah","latitude":"33.36917800","longitude":"44.33955940"},"aladel":{"id":153203,"name":"Al Adel","latitude":"33.35912830","longitude":"44.28138680"},"albaladiyat":{"id":153204,"name":"Al Baladiyat","latitude":"33.34931610","longitude":"44.41071530"},"aljamaa":{"id":153205,"name":"Al Jamaa","latitude":"33.34114470","longitude":"44.34062690"},"alsaadoonpark":{"id":153206,"name":"Al Saadoon Park","latitude":"33.32480360","longitude":"44.41470980"},"alsalhiah":{"id":153207,"name":"Al Salhiah","latitude":"33.32254010","longitude":"44.38425050"},"alza\u0027franiya":{"id":153208,"name":"Al Za\u0027franiya","latitude":"33.31857750","longitude":"44.48686390"},"al-ubaidi":{"id":153209,"name":"Al-Ubaidi","latitude":"33.32036030","longitude":"44.45955910"},"al-wahda":{"id":153210,"name":"Al-Wahda","latitude":"33.31115820","longitude":"44.43352280"},"ameria":{"id":153211,"name":"Ameria","latitude":"33.29671020","longitude":"44.27076790"},"amildistrict":{"id":153212,"name":"Amil District","latitude":"33.27606090","longitude":"44.31037170"},"amin":{"id":153213,"name":"Amin","latitude":"33.31248740","longitude":"44.48634150"},"arasatalhindiya":{"id":153214,"name":"Arasat AlHindiya","latitude":"33.29335790","longitude":"44.42302450"},"attaifiya":{"id":153215,"name":"At Taifiya","latitude":"33.35643940","longitude":"44.35791100"},"babalmoatham":{"id":153216,"name":"Bab Al Moatham","latitude":"33.36014170","longitude":"44.36507700"},"babalsharqi":{"id":153217,"name":"Bab Al Sharqi","latitude":"33.33249060","longitude":"44.41407910"},"baghdad":{"id":134504,"name":"Baghdad","latitude":"33.34058000","longitude":"44.40088000"},"baghdadaljadeeda":{"id":153218,"name":"Baghdad Al Jadeeda","latitude":"33.31335440","longitude":"44.47157920"},"baijai":{"id":153219,"name":"Baijai","latitude":"33.33254000","longitude":"44.34509550"},"bataween":{"id":153220,"name":"Bataween","latitude":"33.32112350","longitude":"44.40855680"},"bayaa":{"id":153221,"name":"Bayaa","latitude":"33.28255440","longitude":"44.37528030"},"binouk":{"id":153222,"name":"Binouk","latitude":"33.39278120","longitude":"44.41114480"},"bo\u0027aitha":{"id":153223,"name":"Bo\u0027aitha","latitude":"33.24194630","longitude":"44.42695090"},"campsarah":{"id":153224,"name":"Camp Sarah","latitude":"33.30112930","longitude":"44.44469600"},"daoudi":{"id":153225,"name":"Daoudi","latitude":"33.31214030","longitude":"44.32584820"},"dora":{"id":153226,"name":"Dora","latitude":"33.23126860","longitude":"44.36198120"},"ghadeer":{"id":153227,"name":"Ghadeer","latitude":"33.33749740","longitude":"44.46281840"},"ghazaliya":{"id":153228,"name":"Ghazaliya","latitude":"33.34143530","longitude":"44.22354420"},"gherai\u0027at":{"id":153229,"name":"Gherai\u0027at","latitude":"33.39208370","longitude":"44.30443140"},"greenzone":{"id":153230,"name":"Green Zone","latitude":"33.31376100","longitude":"44.35900560"},"habibiya":{"id":153231,"name":"Habibiya","latitude":"33.33920270","longitude":"44.46846120"},"harthiya":{"id":153232,"name":"Harthiya","latitude":"33.22626120","longitude":"44.39826750"},"hurriya":{"id":153233,"name":"Hurriya","latitude":"33.34241870","longitude":"44.30656300"},"iskan":{"id":153234,"name":"Iskan","latitude":"33.33405930","longitude":"44.32303100"},"jadriyah":{"id":153235,"name":"Jadriyah","latitude":"33.26076360","longitude":"44.41117200"},"jamila":{"id":153236,"name":"Jamila","latitude":"33.35108840","longitude":"44.41495600"},"jihad":{"id":153237,"name":"Jihad","latitude":"33.25289200","longitude":"44.29231180"},"kadhimiya":{"id":153238,"name":"Kadhimiya","latitude":"33.38129610","longitude":"44.35139180"},"kamaliyah":{"id":153239,"name":"Kamaliyah","latitude":"33.35008480","longitude":"44.50894110"},"karada":{"id":153240,"name":"Karada","latitude":"33.29336610","longitude":"44.39641530"},"khadra":{"id":153241,"name":"Khadra","latitude":"33.31972470","longitude":"44.28764700"},"mansour":{"id":153242,"name":"Mansour","latitude":"33.31422960","longitude":"44.33631230"},"mashtal":{"id":153243,"name":"Mashtal","latitude":"33.32443210","longitude":"44.49314830"},"mustansiriya":{"id":153244,"name":"Mustansiriya","latitude":"33.36298920","longitude":"44.38695430"},"qadisiyah":{"id":153245,"name":"Qadisiyah","latitude":"33.32719630","longitude":"44.31623840"},"sadrcity":{"id":153246,"name":"Sadr City","latitude":"33.37692330","longitude":"44.40446380"},"saidiya":{"id":153247,"name":"Saidiya","latitude":"33.26500930","longitude":"44.33159340"},"sha\u0027ab":{"id":153248,"name":"Sha\u0027ab","latitude":"33.41309100","longitude":"44.38611030"},"sheikmaaruf":{"id":153249,"name":"Sheik Maaruf","latitude":"33.33896010","longitude":"44.34789580"},"shorjah":{"id":153250,"name":"Shorjah","latitude":"33.34613940","longitude":"44.39504420"},"suleikh":{"id":153251,"name":"Suleikh","latitude":"33.39343320","longitude":"44.36144500"},"urdistrict":{"id":153252,"name":"Ur District","latitude":"33.41694000","longitude":"44.39060790"},"wazireya":{"id":153253,"name":"Wazireya","latitude":"33.36366170","longitude":"44.38196550"},"yarmouk":{"id":153254,"name":"Yarmouk","latitude":"33.33938360","longitude":"44.32212520"},"ziyouna":{"id":153255,"name":"Ziyouna","latitude":"33.32484340","longitude":"44.45454600"}}},"basra":{"id":3960,"name":"Basra","state_code":"BA","latitude":"30.51142520","longitude":"47.82962530","type":"governorate","cities":{"alba\u015frahalqad\u012bmah":{"id":134477,"name":"Al Ba\u015frah al Qad\u012bmah","latitude":"30.50316000","longitude":"47.81507000"},"alf\u0101w":{"id":134479,"name":"Al F\u0101w","latitude":"29.97421000","longitude":"48.47309000"},"alh\u0101rithah":{"id":134481,"name":"Al H\u0101rithah","latitude":"30.58481000","longitude":"47.76114000"},"azzubayr":{"id":134502,"name":"Az Zubayr","latitude":"30.39213000","longitude":"47.70175000"},"basrah":{"id":134508,"name":"Basrah","latitude":"30.50852000","longitude":"47.78040000"},"ummqa\u015fr":{"id":134546,"name":"Umm Qa\u015fr","latitude":"30.03620000","longitude":"47.91951000"}}},"dhiqar":{"id":3954,"name":"Dhi Qar","state_code":"DQ","latitude":"31.10422920","longitude":"46.36246860","type":"governorate","cities":{"ashsha\u0163rah":{"id":134500,"name":"Ash Sha\u0163rah","latitude":"31.40906000","longitude":"46.17270000"},"n\u0101\u1e29iyatalfuh\u016bd":{"id":134529,"name":"N\u0101\u1e29iyat al Fuh\u016bd","latitude":"30.96972000","longitude":"46.72278000"},"nasiriyah":{"id":134528,"name":"Nasiriyah","latitude":"31.05799000","longitude":"46.25726000"}}},"diyala":{"id":3965,"name":"Diyala","state_code":"DI","latitude":"33.77334870","longitude":"45.14945050","type":"governorate","cities":{"almiqd\u0101d\u012byah":{"id":134484,"name":"Al Miqd\u0101d\u012byah","latitude":"33.97861000","longitude":"44.93694000"},"baladr\u016bz":{"id":134506,"name":"Baladr\u016bz","latitude":"33.69631000","longitude":"45.07782000"},"baqubah":{"id":134507,"name":"Baqubah","latitude":"33.75403000","longitude":"44.60518000"},"kh\u0101li\u015f":{"id":134519,"name":"Kh\u0101li\u015f","latitude":"33.80809000","longitude":"44.53343000"},"kifr\u012b":{"id":134520,"name":"Kifr\u012b","latitude":"34.68963000","longitude":"44.96057000"},"mandal\u012b":{"id":134524,"name":"Mandal\u012b","latitude":"33.74810000","longitude":"45.55503000"},"qa\u1e11\u0101\u2019kifr\u012b":{"id":134532,"name":"Qa\u1e11\u0101\u2019 Kifr\u012b","latitude":"34.52289000","longitude":"44.85821000"}}},"dohuk":{"id":3967,"name":"Dohuk","state_code":"DA","latitude":"36.90772520","longitude":"43.06316890","type":"governorate","cities":{"al\u2018am\u0101d\u012byah":{"id":134489,"name":"Al \u2018Am\u0101d\u012byah","latitude":"37.09214000","longitude":"43.48769000"},"batifa":{"id":134509,"name":"Batifa","latitude":"37.17454000","longitude":"43.01233000"},"dihok":{"id":134512,"name":"Dihok","latitude":"36.86709000","longitude":"42.98845000"},"s\u012bnah":{"id":134541,"name":"S\u012bnah","latitude":"36.80851000","longitude":"43.03935000"},"zaxo":{"id":134547,"name":"Zaxo","latitude":"37.14871000","longitude":"42.68591000"}}},"erbil":{"id":3968,"name":"Erbil","state_code":"AR","latitude":"36.55706280","longitude":"44.38512630","type":"governorate","cities":{"arbil":{"id":134496,"name":"Arbil","latitude":"36.19070000","longitude":"44.00947000"},"erbil":{"id":134513,"name":"Erbil","latitude":"36.18333000","longitude":"44.01193000"},"koysinceq":{"id":134522,"name":"Koysinceq","latitude":"36.08289000","longitude":"44.62873000"},"ruw\u0101ndiz":{"id":134534,"name":"Ruw\u0101ndiz","latitude":"36.61207000","longitude":"44.52372000"},"shaql\u0101wah":{"id":134536,"name":"Shaql\u0101wah","latitude":"36.40422000","longitude":"44.32563000"},"soran":{"id":134539,"name":"Soran","latitude":"36.65320000","longitude":"44.54407000"}}},"karbala":{"id":3957,"name":"Karbala","state_code":"KA","latitude":"32.40454930","longitude":"43.86732220","type":"governorate","cities":{"alhind\u012byah":{"id":134480,"name":"Al Hind\u012byah","latitude":"32.54671000","longitude":"44.22765000"},"karbala":{"id":134518,"name":"Karbala","latitude":"32.61603000","longitude":"44.02488000"}}},"kirkuk":{"id":3971,"name":"Kirkuk","state_code":"KI","latitude":"35.32920140","longitude":"43.94367880","type":"governorate","cities":{"kirkuk":{"id":134521,"name":"Kirkuk","latitude":"35.46806000","longitude":"44.39222000"}}},"maysan":{"id":3966,"name":"Maysan","state_code":"MA","latitude":"31.87340020","longitude":"47.13621250","type":"governorate","cities":{"\u2018al\u012balgharb\u012b":{"id":134551,"name":"\u2018Al\u012b al Gharb\u012b","latitude":"32.46186000","longitude":"46.68794000"},"al\u2018am\u0101rah":{"id":134490,"name":"Al \u2018Am\u0101rah","latitude":"31.83561000","longitude":"47.14483000"},"al-mejaral-kabidistrict":{"id":134493,"name":"Al-Mejar Al-Kabi District","latitude":"31.42940000","longitude":"47.20355000"}}},"najaf":{"id":3962,"name":"Najaf","state_code":"NA","latitude":"31.35174860","longitude":"44.09603110","type":"governorate","cities":{"almishkh\u0101b":{"id":134485,"name":"Al Mishkh\u0101b","latitude":"31.80437000","longitude":"44.48930000"},"kufa":{"id":134523,"name":"Kufa","latitude":"32.05114000","longitude":"44.44017000"},"najaf":{"id":134527,"name":"Najaf","latitude":"32.02594000","longitude":"44.34625000"}}},"nineveh":{"id":3963,"name":"Nineveh","state_code":"NI","latitude":"36.22957400","longitude":"42.23624350","type":"governorate","cities":{"\u2018aqrah":{"id":134554,"name":"\u2018Aqrah","latitude":"36.76038000","longitude":"43.89428000"},"almaw\u015filaljad\u012bdah":{"id":134483,"name":"Al Maw\u015fil al Jad\u012bdah","latitude":"36.33271000","longitude":"43.10555000"},"al-hamdaniya":{"id":134492,"name":"Al-Hamdaniya","latitude":"36.27093000","longitude":"43.37758000"},"ashshaykh\u0101n":{"id":134499,"name":"Ash Shaykh\u0101n","latitude":"36.69595000","longitude":"43.35202000"},"mosul":{"id":134525,"name":"Mosul","latitude":"36.33500000","longitude":"43.11889000"},"sinjar":{"id":134537,"name":"Sinjar","latitude":"36.29548000","longitude":"41.89315000"},"tall\u2018afar":{"id":134542,"name":"Tall \u2018Afar","latitude":"36.37913000","longitude":"42.44806000"},"tallkayf":{"id":134543,"name":"Tallkayf","latitude":"36.49118000","longitude":"43.12114000"}}},"saladin":{"id":3961,"name":"Saladin","state_code":"SD","latitude":"34.53375270","longitude":"43.48373800","type":"governorate","cities":{"addujayl":{"id":134475,"name":"Ad Dujayl","latitude":"33.84667000","longitude":"44.23444000"},"balad":{"id":134505,"name":"Balad","latitude":"34.01485000","longitude":"44.14574000"},"bayj\u012b":{"id":134510,"name":"Bayj\u012b","latitude":"34.92915000","longitude":"43.48878000"},"s\u0101marr\u0101\u2019":{"id":134540,"name":"S\u0101marr\u0101\u2019","latitude":"34.19590000","longitude":"43.88568000"},"tikr\u012bt":{"id":134544,"name":"Tikr\u012bt","latitude":"34.61581000","longitude":"43.67861000"},"tozkhurmato":{"id":134545,"name":"Tozkhurmato","latitude":"34.88808000","longitude":"44.63256000"}}},"sulaymaniyah":{"id":3969,"name":"Sulaymaniyah","state_code":"SU","latitude":"35.54663480","longitude":"45.30036830","type":"governorate","cities":{"assulaym\u0101n\u012byah":{"id":134498,"name":"As Sulaym\u0101n\u012byah","latitude":"35.56496000","longitude":"45.43290000"},"baynjiwayn":{"id":134511,"name":"Baynjiwayn","latitude":"35.62054000","longitude":"45.94908000"},"\u1e28alabjah":{"id":134549,"name":"\u1e28alabjah","latitude":"35.17778000","longitude":"45.98611000"},"jamjam\u0101l":{"id":134517,"name":"Jamjam\u0101l","latitude":"35.53356000","longitude":"44.83430000"}}},"wasit":{"id":3970,"name":"Wasit","state_code":"WA","latitude":"32.60240940","longitude":"45.75209850","type":"governorate","cities":{"al\u2018az\u012bz\u012byah":{"id":134491,"name":"Al \u2018Az\u012bz\u012byah","latitude":"32.90941000","longitude":"45.06359000"},"al\u1e28ayy":{"id":134487,"name":"Al \u1e28ayy","latitude":"32.17419000","longitude":"46.04345000"},"alk\u016bt":{"id":134482,"name":"Al K\u016bt","latitude":"32.51280000","longitude":"45.81817000"},"a\u015f\u015euwayrah":{"id":134503,"name":"A\u015f \u015euwayrah","latitude":"32.92556000","longitude":"44.77583000"}}}}}