{"id":131,"name":"Malawi","iso3":"MWI","iso2":"MW","numeric_code":"454","phonecode":"265","capital":"Lilongwe","currency":"MWK","currency_name":"Malawian kwacha","currency_symbol":"MK","tld":".mw","native":"Malawi","region":"Africa","region_id":1,"subregion":"Eastern Africa","subregion_id":4,"nationality":"Malawian","timezones":[{"zoneName":"Africa/Blantyre","gmtOffset":7200,"gmtOffsetName":"UTC+02:00","abbreviation":"CAT","tzName":"Central Africa Time"}],"translations":{"ko":"\ub9d0\ub77c\uc704","pt-BR":"Malawi","pt":"Mal\u00e1vi","nl":"Malawi","hr":"Malavi","fa":"\u0645\u0627\u0644\u0627\u0648\u06cc","de":"Malawi","es":"Malawi","fr":"Malawi","ja":"\u30de\u30e9\u30a6\u30a4","it":"Malawi","zh-CN":"\u9a6c\u62c9\u7ef4","tr":"Malavi","ru":"\u041c\u0430\u043b\u0430\u0432\u0438","uk":"\u041c\u0430\u043b\u0430\u0432\u0456","pl":"Malawi"},"latitude":"-13.50000000","longitude":"34.00000000","emoji":"\ud83c\uddf2\ud83c\uddfc","emojiU":"U+1F1F2 U+1F1FC","states":{"balaka":{"id":3096,"name":"Balaka","state_code":"BA","latitude":"-15.05065950","longitude":"35.08285880","type":"district"},"blantyre":{"id":3102,"name":"Blantyre","state_code":"BL","latitude":"-15.67785410","longitude":"34.95066250","type":"district"},"central":{"id":3092,"name":"Central","state_code":"C","latitude":"-13.74023640","longitude":"32.50396190","type":"region","cities":{"chipoka":{"id":67950,"name":"Chipoka","latitude":"-13.99329000","longitude":"34.51566000"},"dedza":{"id":67955,"name":"Dedza","latitude":"-14.37790000","longitude":"34.33322000"},"dedzadistrict":{"id":67956,"name":"Dedza District","latitude":"-14.26273000","longitude":"34.18559000"},"dowa":{"id":67957,"name":"Dowa","latitude":"-13.65399000","longitude":"33.93754000"},"dowadistrict":{"id":67958,"name":"Dowa District","latitude":"-13.60098000","longitude":"33.82378000"},"kasungu":{"id":67961,"name":"Kasungu","latitude":"-13.03333000","longitude":"33.48333000"},"kasungudistrict":{"id":67962,"name":"Kasungu District","latitude":"-13.00000000","longitude":"33.41667000"},"lilongwe":{"id":67964,"name":"Lilongwe","latitude":"-13.96692000","longitude":"33.78725000"},"lilongwedistrict":{"id":67965,"name":"Lilongwe District","latitude":"-14.01962000","longitude":"33.68407000"},"mchinji":{"id":67973,"name":"Mchinji","latitude":"-13.79841000","longitude":"32.88019000"},"mchinjidistrict":{"id":67974,"name":"Mchinji District","latitude":"-13.76230000","longitude":"33.07998000"},"mponela":{"id":67976,"name":"Mponela","latitude":"-13.53194000","longitude":"33.74008000"},"nkhotakota":{"id":67987,"name":"Nkhotakota","latitude":"-12.92744000","longitude":"34.29614000"},"nkhotakotadistrict":{"id":67988,"name":"Nkhotakota District","latitude":"-12.80417000","longitude":"34.08298000"},"ntcheu":{"id":67991,"name":"Ntcheu","latitude":"-14.82027000","longitude":"34.63586000"},"ntcheudistrict":{"id":67992,"name":"Ntcheu District","latitude":"-14.75000000","longitude":"34.75000000"},"ntchisi":{"id":67993,"name":"Ntchisi","latitude":"-13.52775000","longitude":"33.91490000"},"ntchisidistrict":{"id":67994,"name":"Ntchisi District","latitude":"-13.29574000","longitude":"33.90798000"},"salima":{"id":67999,"name":"Salima","latitude":"-13.78040000","longitude":"34.45870000"},"salimadistrict":{"id":68000,"name":"Salima District","latitude":"-13.71959000","longitude":"34.40184000"}}},"chikwawa":{"id":3107,"name":"Chikwawa","state_code":"CK","latitude":"-16.19584460","longitude":"34.77407930","type":"district"},"chiradzulu":{"id":3109,"name":"Chiradzulu","state_code":"CR","latitude":"-15.74231510","longitude":"35.25879640","type":"district"},"chitipa":{"id":3087,"name":"Chitipa","state_code":"CT","latitude":"-9.70376550","longitude":"33.27002530","type":"district"},"dedza":{"id":3097,"name":"Dedza","state_code":"DE","latitude":"-14.18945850","longitude":"34.24215970","type":"district"},"dowa":{"id":3090,"name":"Dowa","state_code":"DO","latitude":"-13.60412560","longitude":"33.88577470","type":"district"},"karonga":{"id":3091,"name":"Karonga","state_code":"KR","latitude":"-9.90363650","longitude":"33.97500180","type":"district"},"kasungu":{"id":3094,"name":"Kasungu","state_code":"KS","latitude":"-13.13670650","longitude":"33.25879300","type":"district"},"likoma":{"id":3093,"name":"Likoma","state_code":"LK","latitude":"-12.05840050","longitude":"34.73540310","type":"district"},"lilongwe":{"id":3101,"name":"Lilongwe","state_code":"LI","latitude":"-14.04752280","longitude":"33.61757700","type":"district"},"machinga":{"id":3082,"name":"Machinga","state_code":"MH","latitude":"-14.94072630","longitude":"35.47819260","type":"district"},"mangochi":{"id":3110,"name":"Mangochi","state_code":"MG","latitude":"-14.13882480","longitude":"35.03881640","type":"district"},"mchinji":{"id":3099,"name":"Mchinji","state_code":"MC","latitude":"-13.74015250","longitude":"32.98883190","type":"district"},"mulanje":{"id":3103,"name":"Mulanje","state_code":"MU","latitude":"-15.93464340","longitude":"35.52200120","type":"district"},"mwanza":{"id":3084,"name":"Mwanza","state_code":"MW","latitude":"-2.46711970","longitude":"32.89868120","type":"district"},"mzimba":{"id":3104,"name":"Mzimba","state_code":"MZ","latitude":"-11.74754520","longitude":"33.52800720","type":"district"},"neno":{"id":5347,"name":"Neno","state_code":"NE","latitude":"-15.69042540","longitude":"34.22913860","type":"district"},"nkhatabay":{"id":3095,"name":"Nkhata Bay","state_code":"NB","latitude":"-11.71850420","longitude":"34.33103640","type":"district"},"nkhotakota":{"id":3100,"name":"Nkhotakota","state_code":"NK","latitude":"-12.75419610","longitude":"34.24215970","type":"district"},"northern":{"id":3105,"name":"Northern","state_code":"N","latitude":"-11.04950910","longitude":"32.63414610","type":"region","cities":{"chitipa":{"id":67953,"name":"Chitipa","latitude":"-9.70237000","longitude":"33.26969000"},"chitipadistrict":{"id":67954,"name":"Chitipa District","latitude":"-9.92727000","longitude":"33.42541000"},"karonga":{"id":67959,"name":"Karonga","latitude":"-9.93333000","longitude":"33.93333000"},"karongadistrict":{"id":67960,"name":"Karonga District","latitude":"-10.11153000","longitude":"33.88151000"},"likomadistrict":{"id":67963,"name":"Likoma District","latitude":"-12.06065000","longitude":"34.73608000"},"livingstonia":{"id":67966,"name":"Livingstonia","latitude":"-10.60602000","longitude":"34.10628000"},"mzimba":{"id":67981,"name":"Mzimba","latitude":"-11.90000000","longitude":"33.60000000"},"mzimbadistrict":{"id":67982,"name":"Mzimba District","latitude":"-11.85428000","longitude":"33.60778000"},"mzuzu":{"id":67983,"name":"Mzuzu","latitude":"-11.46556000","longitude":"34.02071000"},"nkhatabay":{"id":67985,"name":"Nkhata Bay","latitude":"-11.60659000","longitude":"34.29073000"},"nkhatabaydistrict":{"id":67986,"name":"Nkhata Bay District","latitude":"-11.65304000","longitude":"34.05322000"},"rumphi":{"id":67997,"name":"Rumphi","latitude":"-11.01863000","longitude":"33.85746000"},"rumphidistrict":{"id":67998,"name":"Rumphi District","latitude":"-10.80292000","longitude":"33.80524000"}}},"nsanje":{"id":3085,"name":"Nsanje","state_code":"NS","latitude":"-16.72882020","longitude":"35.17087410","type":"district"},"ntcheu":{"id":3088,"name":"Ntcheu","state_code":"NU","latitude":"-14.90375380","longitude":"34.77407930","type":"district"},"ntchisi":{"id":3111,"name":"Ntchisi","state_code":"NI","latitude":"-13.28419920","longitude":"33.88577470","type":"district"},"phalombe":{"id":3108,"name":"Phalombe","state_code":"PH","latitude":"-15.70920380","longitude":"35.65328480","type":"district"},"rumphi":{"id":3089,"name":"Rumphi","state_code":"RU","latitude":"-10.78515370","longitude":"34.33103640","type":"district"},"salima":{"id":3086,"name":"Salima","state_code":"SA","latitude":"-13.68095860","longitude":"34.41982430","type":"district"},"southern":{"id":3106,"name":"Southern","state_code":"S","latitude":"-15.30244780","longitude":"33.76440830","type":"region","cities":{"balaka":{"id":67944,"name":"Balaka","latitude":"-14.97928000","longitude":"34.95575000"},"balakadistrict":{"id":67945,"name":"Balaka District","latitude":"-15.04839000","longitude":"35.05910000"},"blantyre":{"id":67946,"name":"Blantyre","latitude":"-15.78499000","longitude":"35.00854000"},"blantyredistrict":{"id":67947,"name":"Blantyre District","latitude":"-15.64732000","longitude":"34.93956000"},"chikwawa":{"id":67948,"name":"Chikwawa","latitude":"-16.03352000","longitude":"34.80091000"},"chikwawadistrict":{"id":67949,"name":"Chikwawa District","latitude":"-16.16667000","longitude":"34.75000000"},"chiradzulu":{"id":67951,"name":"Chiradzulu","latitude":"-15.67461000","longitude":"35.14071000"},"chiradzuludistrict":{"id":67952,"name":"Chiradzulu District","latitude":"-15.75268000","longitude":"35.21576000"},"liwonde":{"id":67967,"name":"Liwonde","latitude":"-15.06665000","longitude":"35.22543000"},"luchenza":{"id":67968,"name":"Luchenza","latitude":"-16.00693000","longitude":"35.30947000"},"machinga":{"id":67969,"name":"Machinga","latitude":"-15.16849000","longitude":"35.30002000"},"machingadistrict":{"id":67970,"name":"Machinga District","latitude":"-14.94583000","longitude":"35.57367000"},"mangochi":{"id":67971,"name":"Mangochi","latitude":"-14.47815000","longitude":"35.26448000"},"mangochidistrict":{"id":67972,"name":"Mangochi District","latitude":"-14.39296000","longitude":"35.34658000"},"monkeybay":{"id":67975,"name":"Monkey Bay","latitude":"-14.08239000","longitude":"34.91652000"},"mulanje":{"id":67977,"name":"Mulanje","latitude":"-16.03163000","longitude":"35.50000000"},"mulanjedistrict":{"id":67978,"name":"Mulanje District","latitude":"-15.93440000","longitude":"35.49990000"},"mwanza":{"id":67979,"name":"Mwanza","latitude":"-15.60262000","longitude":"34.52479000"},"mwanzadistrict":{"id":67980,"name":"Mwanza District","latitude":"-15.63337000","longitude":"34.51682000"},"nenodistrict":{"id":67984,"name":"Neno District","latitude":"-15.45051000","longitude":"34.70034000"},"nsanje":{"id":67989,"name":"Nsanje","latitude":"-16.91995000","longitude":"35.26199000"},"nsanjedistrict":{"id":67990,"name":"Nsanje District","latitude":"-16.75000000","longitude":"35.16667000"},"phalombe":{"id":67995,"name":"Phalombe","latitude":"-15.80635000","longitude":"35.65067000"},"phalombedistrict":{"id":67996,"name":"Phalombe District","latitude":"-15.66667000","longitude":"35.66667000"},"thyolo":{"id":68001,"name":"Thyolo","latitude":"-16.06775000","longitude":"35.14046000"},"thyolodistrict":{"id":68002,"name":"Thyolo District","latitude":"-16.10583000","longitude":"35.15060000"},"zomba":{"id":68003,"name":"Zomba","latitude":"-15.38596000","longitude":"35.31880000"},"zombadistrict":{"id":68004,"name":"Zomba District","latitude":"-15.43007000","longitude":"35.41829000"}}},"thyolo":{"id":3098,"name":"Thyolo","state_code":"TH","latitude":"-16.12991770","longitude":"35.12687810","type":"district"},"zomba":{"id":3083,"name":"Zomba","state_code":"ZO","latitude":"-15.37658570","longitude":"35.33565180","type":"district"}}}