{"id":133,"name":"Maldives","iso3":"MDV","iso2":"MV","numeric_code":"462","phone_code":"960","capital":"Male","currency":"MVR","currency_name":"Maldivian rufiyaa","currency_symbol":"Rf","tld":".mv","native":"Maldives","region":"Asia","region_id":"3","subregion":"Southern Asia","subregion_id":"14","nationality":"Maldivian","timezones":[{"zoneName":"Indian/Maldives","gmtOffset":18000,"gmtOffsetName":"UTC+05:00","abbreviation":"MVT","tzName":"Maldives Time"}],"translations":{"kr":"\ubab0\ub514\ube0c","pt-BR":"Maldivas","pt":"Maldivas","nl":"Maldiven","hr":"Maldivi","fa":"\u0645\u0627\u0644\u062f\u06cc\u0648","de":"Malediven","es":"Maldivas","fr":"Maldives","ja":"\u30e2\u30eb\u30c7\u30a3\u30d6","it":"Maldive","cn":"\u9a6c\u5c14\u4ee3\u592b","tr":"Maldivler"},"latitude":"3.25000000","longitude":"73.00000000","emoji":"\ud83c\uddf2\ud83c\uddfb","emojiU":"U+1F1F2 U+1F1FB","states":{"adduatoll":{"id":2594,"name":"Addu Atoll","state_code":"01","latitude":"-0.63009950","longitude":"73.15856260","type":null,"cities":{"hithadhoo":{"id":67929,"name":"Hithadhoo","latitude":"-0.60000000","longitude":"73.08333000"},"meedhoo":{"id":67937,"name":"Meedhoo","latitude":"-0.58333000","longitude":"73.23333000"}}},"alifalifatoll":{"id":2587,"name":"Alif Alif Atoll","state_code":"02","latitude":"4.08500000","longitude":"72.85154790","type":null},"alifdhaalatoll":{"id":2600,"name":"Alif Dhaal Atoll","state_code":"00","latitude":"3.65433020","longitude":"72.80427970","type":null},"centralprovince":{"id":2604,"name":"Central Province","state_code":"CE","latitude":null,"longitude":null,"type":null},"dhaaluatoll":{"id":2590,"name":"Dhaalu Atoll","state_code":"17","latitude":"2.84685020","longitude":"72.94605660","type":null,"cities":{"kudahuvadhoo":{"id":67931,"name":"Kudahuvadhoo","latitude":"2.67075000","longitude":"72.89437000"}}},"faafuatoll":{"id":2599,"name":"Faafu Atoll","state_code":"14","latitude":"3.23094090","longitude":"72.94605660","type":null},"gaafualifatoll":{"id":2598,"name":"Gaafu Alif Atoll","state_code":"27","latitude":"0.61248130","longitude":"73.32370800","type":null,"cities":{"viligili":{"id":67943,"name":"Viligili","latitude":"0.75906000","longitude":"73.43296000"}}},"gaafudhaaluatoll":{"id":2603,"name":"Gaafu Dhaalu Atoll","state_code":"28","latitude":"0.35880400","longitude":"73.18216230","type":null,"cities":{"thinadhoo":{"id":67940,"name":"Thinadhoo","latitude":"0.53060000","longitude":"72.99969000"}}},"gnaviyaniatoll":{"id":2595,"name":"Gnaviyani Atoll","state_code":"29","latitude":"-0.30064250","longitude":"73.42391430","type":null,"cities":{"fuvahmulah":{"id":67927,"name":"Fuvahmulah","latitude":"-0.29878000","longitude":"73.42403000"}}},"haaalifatoll":{"id":2586,"name":"Haa Alif Atoll","state_code":"07","latitude":"6.99034880","longitude":"72.94605660","type":null,"cities":{"dhidhdhoo":{"id":67923,"name":"Dhidhdhoo","latitude":"6.88744000","longitude":"73.11402000"}}},"haadhaaluatoll":{"id":2597,"name":"Haa Dhaalu Atoll","state_code":"23","latitude":"6.57827170","longitude":"72.94605660","type":null,"cities":{"kulhudhuffushi":{"id":67932,"name":"Kulhudhuffushi","latitude":"6.62207000","longitude":"73.06998000"}}},"kaafuatoll":{"id":2596,"name":"Kaafu Atoll","state_code":"26","latitude":"4.45589790","longitude":"73.55941280","type":null,"cities":{"guraidhoo":{"id":67928,"name":"Guraidhoo","latitude":"3.90045000","longitude":"73.46623000"},"hulhumale":{"id":67930,"name":"Hulhumale","latitude":"4.21169000","longitude":"73.54008000"},"maafushi":{"id":67933,"name":"Maafushi","latitude":"3.94231000","longitude":"73.49070000"},"male":{"id":67935,"name":"Male","latitude":"4.17521000","longitude":"73.50916000"}}},"laamuatoll":{"id":2601,"name":"Laamu Atoll","state_code":"05","latitude":"1.94307370","longitude":"73.41802110","type":null,"cities":{"fonadhoo":{"id":67925,"name":"Fonadhoo","latitude":"1.83243000","longitude":"73.50257000"}}},"lhaviyaniatoll":{"id":2607,"name":"Lhaviyani Atoll","state_code":"03","latitude":"5.37470210","longitude":"73.51229280","type":null,"cities":{"naifaru":{"id":67939,"name":"Naifaru","latitude":"5.44438000","longitude":"73.36571000"}}},"mal\u00e9":{"id":2609,"name":"Mal\u00e9","state_code":"MLE","latitude":"46.34888670","longitude":"10.90724890","type":null},"meemuatoll":{"id":2608,"name":"Meemu Atoll","state_code":"12","latitude":"3.00903450","longitude":"73.51229280","type":null,"cities":{"muli":{"id":67938,"name":"Muli","latitude":"2.91667000","longitude":"73.56667000"}}},"noonuatoll":{"id":2592,"name":"Noonu Atoll","state_code":"25","latitude":"5.85512760","longitude":"73.32370800","type":null,"cities":{"manadhoo":{"id":67936,"name":"Manadhoo","latitude":"5.76687000","longitude":"73.41360000"}}},"northcentralprovince":{"id":2589,"name":"North Central Province","state_code":"NC","latitude":null,"longitude":null,"type":null},"northprovince":{"id":2588,"name":"North Province","state_code":"NO","latitude":"8.88550270","longitude":"80.27673270","type":null},"raaatoll":{"id":2602,"name":"Raa Atoll","state_code":"13","latitude":"5.60064570","longitude":"72.94605660","type":null,"cities":{"ugoofaaru":{"id":67941,"name":"Ugoofaaru","latitude":"5.66812000","longitude":"73.03017000"}}},"shaviyaniatoll":{"id":2585,"name":"Shaviyani Atoll","state_code":"24","latitude":"6.17511000","longitude":"73.13496050","type":null,"cities":{"funadhoo":{"id":67926,"name":"Funadhoo","latitude":"6.15091000","longitude":"73.29013000"}}},"southcentralprovince":{"id":2606,"name":"South Central Province","state_code":"SC","latitude":"7.25649960","longitude":"80.72144170","type":null,"cities":{"mahibadhoo":{"id":67934,"name":"Mahibadhoo","latitude":"3.75713000","longitude":"72.96893000"}}},"southprovince":{"id":2605,"name":"South Province","state_code":"SU","latitude":"-21.74820060","longitude":"166.17837390","type":null},"thaaatoll":{"id":2591,"name":"Thaa Atoll","state_code":"08","latitude":"2.43111610","longitude":"73.18216230","type":null,"cities":{"veymandoo":{"id":67942,"name":"Veymandoo","latitude":"2.18772000","longitude":"73.09556000"}}},"uppersouthprovince":{"id":2593,"name":"Upper South Province","state_code":"US","latitude":"0.23070000","longitude":"73.27948460","type":null},"vaavuatoll":{"id":2584,"name":"Vaavu Atoll","state_code":"04","latitude":"3.39554380","longitude":"73.51229280","type":null,"cities":{"felidhoo":{"id":67924,"name":"Felidhoo","latitude":"3.47182000","longitude":"73.54699000"}}}}}