{"id":133,"name":"Maldives","iso3":"MDV","iso2":"MV","numeric_code":"462","phonecode":"960","capital":"Male","currency":"MVR","currency_name":"Maldivian rufiyaa","currency_symbol":"Rf","tld":".mv","native":"Maldives","region":"Asia","region_id":3,"subregion":"Southern Asia","subregion_id":14,"nationality":"Maldivian","timezones":[{"zoneName":"Indian/Maldives","gmtOffset":18000,"gmtOffsetName":"UTC+05:00","abbreviation":"MVT","tzName":"Maldives Time"}],"translations":{"ko":"\ubab0\ub514\ube0c","pt-BR":"Maldivas","pt":"Maldivas","nl":"Maldiven","hr":"Maldivi","fa":"\u0645\u0627\u0644\u062f\u06cc\u0648","de":"Malediven","es":"Maldivas","fr":"Maldives","ja":"\u30e2\u30eb\u30c7\u30a3\u30d6","it":"Maldive","zh-CN":"\u9a6c\u5c14\u4ee3\u592b","tr":"Maldivler","ru":"\u041c\u0430\u043b\u044c\u0434\u0438\u0432\u044b","uk":"\u041c\u0430\u043b\u044c\u0434\u0456\u0432\u0438","pl":"Malediwy"},"latitude":"3.25000000","longitude":"73.00000000","emoji":"\ud83c\uddf2\ud83c\uddfb","emojiU":"U+1F1F2 U+1F1FB","states":{"addu":{"id":2594,"name":"Addu","state_code":"01","latitude":"-0.63009950","longitude":"73.15856260","type":"city","cities":{"hithadhoo":{"id":67929,"name":"Hithadhoo","latitude":"-0.60000000","longitude":"73.08333000"},"meedhoo":{"id":67937,"name":"Meedhoo","latitude":"-0.58333000","longitude":"73.23333000"}}},"alifalif":{"id":2587,"name":"Alif Alif","state_code":"02","latitude":"4.08500000","longitude":"72.85154790","type":"administrative atoll"},"alifdhaal":{"id":2600,"name":"Alif Dhaal","state_code":"00","latitude":"3.65433020","longitude":"72.80427970","type":"administrative atoll"},"central":{"id":2604,"name":"Central","state_code":"CE","latitude":"2.96933090","longitude":"72.90826190","type":"province"},"dhaalu":{"id":2590,"name":"Dhaalu","state_code":"17","latitude":"2.84685020","longitude":"72.94605660","type":"administrative atoll","cities":{"kudahuvadhoo":{"id":67931,"name":"Kudahuvadhoo","latitude":"2.67075000","longitude":"72.89437000"}}},"faafu":{"id":2599,"name":"Faafu","state_code":"14","latitude":"3.23094090","longitude":"72.94605660","type":"administrative atoll"},"gaafualif":{"id":2598,"name":"Gaafu Alif","state_code":"27","latitude":"0.61248130","longitude":"73.32370800","type":"administrative atoll","cities":{"viligili":{"id":67943,"name":"Viligili","latitude":"0.75906000","longitude":"73.43296000"}}},"gaafudhaalu":{"id":2603,"name":"Gaafu Dhaalu","state_code":"28","latitude":"0.35880400","longitude":"73.18216230","type":"administrative atoll","cities":{"thinadhoo":{"id":67940,"name":"Thinadhoo","latitude":"0.53060000","longitude":"72.99969000"}}},"gnaviyani":{"id":2595,"name":"Gnaviyani","state_code":"29","latitude":"-0.30064250","longitude":"73.42391430","type":"administrative atoll","cities":{"fuvahmulah":{"id":67927,"name":"Fuvahmulah","latitude":"-0.29878000","longitude":"73.42403000"}}},"haaalif":{"id":2586,"name":"Haa Alif","state_code":"07","latitude":"6.99034880","longitude":"72.94605660","type":"administrative atoll","cities":{"dhidhdhoo":{"id":67923,"name":"Dhidhdhoo","latitude":"6.88744000","longitude":"73.11402000"}}},"haadhaalu":{"id":2597,"name":"Haa Dhaalu","state_code":"23","latitude":"6.57827170","longitude":"72.94605660","type":"administrative atoll","cities":{"kulhudhuffushi":{"id":67932,"name":"Kulhudhuffushi","latitude":"6.62207000","longitude":"73.06998000"}}},"kaafu":{"id":2596,"name":"Kaafu","state_code":"26","latitude":"4.45589790","longitude":"73.55941280","type":"administrative atoll","cities":{"guraidhoo":{"id":67928,"name":"Guraidhoo","latitude":"3.90045000","longitude":"73.46623000"},"hulhumale":{"id":67930,"name":"Hulhumale","latitude":"4.21169000","longitude":"73.54008000"},"maafushi":{"id":67933,"name":"Maafushi","latitude":"3.94231000","longitude":"73.49070000"},"male":{"id":67935,"name":"Male","latitude":"4.17521000","longitude":"73.50916000"}}},"laamu":{"id":2601,"name":"Laamu","state_code":"05","latitude":"1.94307370","longitude":"73.41802110","type":"administrative atoll","cities":{"fonadhoo":{"id":67925,"name":"Fonadhoo","latitude":"1.83243000","longitude":"73.50257000"}}},"lhaviyani":{"id":2607,"name":"Lhaviyani","state_code":"03","latitude":"5.37470210","longitude":"73.51229280","type":"administrative atoll","cities":{"naifaru":{"id":67939,"name":"Naifaru","latitude":"5.44438000","longitude":"73.36571000"}}},"mal\u00e9":{"id":2609,"name":"Mal\u00e9","state_code":"MLE","latitude":"4.41666300","longitude":"73.42617980","type":"administrative atoll"},"meemu":{"id":2608,"name":"Meemu","state_code":"12","latitude":"3.00903450","longitude":"73.51229280","type":"administrative atoll","cities":{"muli":{"id":67938,"name":"Muli","latitude":"2.91667000","longitude":"73.56667000"}}},"noonu":{"id":2592,"name":"Noonu","state_code":"25","latitude":"5.85512760","longitude":"73.32370800","type":"administrative atoll","cities":{"manadhoo":{"id":67936,"name":"Manadhoo","latitude":"5.76687000","longitude":"73.41360000"}}},"northcentral":{"id":2589,"name":"North Central","state_code":"NC","latitude":"4.13897880","longitude":"72.57340290","type":"province"},"raa":{"id":2602,"name":"Raa","state_code":"13","latitude":"5.60064570","longitude":"72.94605660","type":"administrative atoll","cities":{"ugoofaaru":{"id":67941,"name":"Ugoofaaru","latitude":"5.66812000","longitude":"73.03017000"}}},"shaviyani":{"id":2585,"name":"Shaviyani","state_code":"24","latitude":"6.17511000","longitude":"73.13496050","type":"administrative atoll","cities":{"funadhoo":{"id":67926,"name":"Funadhoo","latitude":"6.15091000","longitude":"73.29013000"}}},"south":{"id":2605,"name":"South","state_code":"SU","latitude":"-0.47831260","longitude":"73.07683270","type":"province"},"southcentral":{"id":2606,"name":"South Central","state_code":"SC","latitude":"7.25649960","longitude":"80.72144170","type":"province","cities":{"mahibadhoo":{"id":67934,"name":"Mahibadhoo","latitude":"3.75713000","longitude":"72.96893000"}}},"thaa":{"id":2591,"name":"Thaa","state_code":"08","latitude":"2.43111610","longitude":"73.18216230","type":"administrative atoll","cities":{"veymandoo":{"id":67942,"name":"Veymandoo","latitude":"2.18772000","longitude":"73.09556000"}}},"uppersouth":{"id":2593,"name":"Upper South","state_code":"US","latitude":"0.23070000","longitude":"73.27948460","type":"province"},"vaavu":{"id":2584,"name":"Vaavu","state_code":"04","latitude":"3.39554380","longitude":"73.51229280","type":"administrative atoll","cities":{"felidhoo":{"id":67924,"name":"Felidhoo","latitude":"3.47182000","longitude":"73.54699000"}}}}}