{"id":155,"name":"Bonaire, Sint Eustatius and Saba","iso3":"BES","iso2":"BQ","numeric_code":"535","phone_code":"599","capital":"Kralendijk","currency":"USD","currency_name":"United States dollar","currency_symbol":"$","tld":".an","native":"Caribisch Nederland","region":"Americas","region_id":"2","subregion":"Caribbean","subregion_id":"7","nationality":"Bonaire","timezones":[{"zoneName":"America/Anguilla","gmtOffset":-14400,"gmtOffsetName":"UTC-04:00","abbreviation":"AST","tzName":"Atlantic Standard Time"}],"translations":{"kr":"\ubcf4\ub124\ub974 \uc12c","pt-BR":"Bonaire","pt":"Bonaire","fa":"\u0628\u0648\u0646\u06cc\u0631","de":"Bonaire, Sint Eustatius und Saba","fr":"Bonaire, Saint-Eustache et Saba","it":"Bonaire, Saint-Eustache e Saba","cn":"\u535a\u5185\u5c14\u5c9b\u3001\u5723\u5c24\u65af\u7279\u6b47\u65af\u548c\u8428\u5df4\u5c9b","tr":"Karayip Hollandasi"},"latitude":"12.15000000","longitude":"-68.26666700","emoji":"\ud83c\udde7\ud83c\uddf6","emojiU":"U+1F1E7 U+1F1F6","states":{"bonaire":{"id":5086,"name":"Bonaire","state_code":"BQ1","latitude":"12.20189020","longitude":"-68.26238220","type":"special municipality","cities":{"bovenbolivia":{"id":150058,"name":"Boven Bolivia","latitude":"12.18190000","longitude":"-68.21810000"},"dorpterakora":{"id":150059,"name":"Dorp Tera Kora","latitude":"12.13333000","longitude":"-68.26667000"},"oranjestad":{"id":150060,"name":"Oranjestad","latitude":"17.48333333","longitude":"-62.98333333"},"rincon":{"id":150061,"name":"Rincon","latitude":"12.23833333","longitude":"-68.33250000"},"st.johns":{"id":150062,"name":"St. Johns","latitude":"17.62100750","longitude":"-63.24316830"},"thebottom":{"id":150063,"name":"The Bottom","latitude":"17.62611111","longitude":"-63.24916667"},"windwardside":{"id":150064,"name":"Windwardside","latitude":"17.62864000","longitude":"-63.23136000"},"zion\u0027shill":{"id":150065,"name":"Zion\u0027s Hill","latitude":"17.64300000","longitude":"-63.22649000"}}},"saba":{"id":5087,"name":"Saba","state_code":"BQ2","latitude":"17.63546420","longitude":"-63.23267630","type":"special municipality"},"sinteustatius":{"id":5088,"name":"Sint Eustatius","state_code":"BQ3","latitude":"17.48903060","longitude":"-62.97355500","type":"special municipality"}}}