{"id":43,"name":"Chad","iso3":"TCD","iso2":"TD","numeric_code":"148","phone_code":"235","capital":"N\u0027Djamena","currency":"XAF","currency_name":"Central African CFA franc","currency_symbol":"FCFA","tld":".td","native":"Tchad","region":"Africa","region_id":1,"subregion":"Middle Africa","subregion_id":2,"nationality":"Chadian","timezones":[{"zoneName":"Africa/Ndjamena","gmtOffset":3600,"gmtOffsetName":"UTC+01:00","abbreviation":"WAT","tzName":"West Africa Time"}],"translations":{"ko":"\ucc28\ub4dc","pt-BR":"Chade","pt":"Chade","nl":"Tsjaad","hr":"\u010cad","fa":"\u0686\u0627\u062f","de":"Tschad","es":"Chad","fr":"Tchad","ja":"\u30c1\u30e3\u30c9","it":"Ciad","zh-CN":"\u4e4d\u5f97","tr":"\u00c7ad","ru":"\u0427\u0430\u0434","uk":"\u0427\u0430\u0434.","pl":"Czad"},"latitude":"15.00000000","longitude":"19.00000000","emoji":"\ud83c\uddf9\ud83c\udde9","emojiU":"U+1F1F9 U+1F1E9","states":{"bahrelgazel":{"id":3583,"name":"Bahr el Gazel","state_code":"BG","latitude":"14.77022660","longitude":"16.91225100","type":"province","cities":{"moussoro":{"id":105152,"name":"Moussoro","latitude":"13.64143000","longitude":"16.48941000"}}},"batha":{"id":3590,"name":"Batha","state_code":"BA","latitude":"13.93717750","longitude":"18.42760470","type":"province","cities":{"ati":{"id":105120,"name":"Ati","latitude":"13.21540000","longitude":"18.33530000"},"oumhadjer":{"id":105154,"name":"Oum Hadjer","latitude":"13.29540000","longitude":"19.69660000"}}},"borkou":{"id":3574,"name":"Borkou","state_code":"BO","latitude":"17.86888450","longitude":"18.80761950","type":"province","cities":{"faya-largeau":{"id":105133,"name":"Faya-Largeau","latitude":"17.92570000","longitude":"19.10428000"}}},"chari-baguirmi":{"id":5114,"name":"Chari-Baguirmi","state_code":"CB","latitude":"11.46186260","longitude":"15.24463940","type":"province","cities":{"baguirmidepartment":{"id":153256,"name":"Baguirmi Department","latitude":"11.39833333","longitude":"16.16750000"},"bousso":{"id":153257,"name":"Bousso","latitude":"10.48250000","longitude":"16.71611111"},"charidepartment":{"id":153258,"name":"Chari Department","latitude":"12.05000000","longitude":"15.30000000"},"dababa":{"id":153259,"name":"Dababa","latitude":"12.38000000","longitude":"17.06000000"},"gaoui":{"id":153260,"name":"Gaoui","latitude":"12.18070000","longitude":"15.14760000"},"linia":{"id":153261,"name":"Linia","latitude":"12.05000000","longitude":"15.30000000"},"mandjafa":{"id":153262,"name":"Mandjafa","latitude":"11.19861111","longitude":"15.36111111"},"massenya":{"id":153263,"name":"Massenya","latitude":"11.40277778","longitude":"16.17000000"}}},"ennedi-est":{"id":3575,"name":"Ennedi-Est","state_code":"EE","latitude":"16.34204960","longitude":"23.00119890","type":"province"},"ennedi-ouest":{"id":3584,"name":"Ennedi-Ouest","state_code":"EO","latitude":"18.97756300","longitude":"21.85685860","type":"province","cities":{"fada":{"id":105132,"name":"Fada","latitude":"17.18535000","longitude":"21.58114000"}}},"gu\u00e9ra":{"id":3576,"name":"Gu\u00e9ra","state_code":"GR","latitude":"11.12190150","longitude":"18.42760470","type":"province","cities":{"bitkine":{"id":105124,"name":"Bitkine","latitude":"11.98010000","longitude":"18.21380000"},"melfi":{"id":105149,"name":"Melfi","latitude":"11.05980000","longitude":"17.93550000"},"mongo":{"id":105150,"name":"Mongo","latitude":"12.18441000","longitude":"18.69303000"}}},"hadjer-lamis":{"id":3573,"name":"Hadjer-Lamis","state_code":"HL","latitude":"12.45772730","longitude":"16.72346390","type":"province","cities":{"bokoro":{"id":105125,"name":"Bokoro","latitude":"12.37813000","longitude":"17.05876000"},"massaguet":{"id":105146,"name":"Massaguet","latitude":"12.47554000","longitude":"15.43647000"},"massakory":{"id":105147,"name":"Massakory","latitude":"12.99600000","longitude":"15.72927000"}}},"kanem":{"id":3588,"name":"Kanem","state_code":"KA","latitude":"14.87812620","longitude":"15.40680790","type":"province","cities":{"mao":{"id":105145,"name":"Mao","latitude":"14.12116000","longitude":"15.31030000"}}},"lac":{"id":3577,"name":"Lac","state_code":"LC","latitude":"13.69153770","longitude":"14.10013260","type":"province","cities":{"bol":{"id":105126,"name":"Bol","latitude":"13.46706000","longitude":"14.71363000"}}},"logoneoccidental":{"id":3585,"name":"Logone Occidental","state_code":"LO","latitude":"8.75967600","longitude":"15.87600400","type":"province","cities":{"be\u00efnamar":{"id":105122,"name":"Be\u00efnamar","latitude":"8.66980000","longitude":"15.38130000"},"benoy":{"id":105121,"name":"Benoy","latitude":"8.98327000","longitude":"16.31991000"},"lacwey":{"id":105143,"name":"Lac Wey","latitude":"8.70502000","longitude":"15.98303000"},"moundou":{"id":105151,"name":"Moundou","latitude":"8.56667000","longitude":"16.08333000"}}},"logoneoriental":{"id":3591,"name":"Logone Oriental","state_code":"LR","latitude":"8.31499490","longitude":"16.34637910","type":"province","cities":{"b\u00e9b\u00e9dja":{"id":105129,"name":"B\u00e9b\u00e9dja","latitude":"8.67610000","longitude":"16.56600000"},"b\u00e9boto":{"id":105128,"name":"B\u00e9boto","latitude":"8.26681000","longitude":"16.93898000"},"doba":{"id":105131,"name":"Doba","latitude":"8.65000000","longitude":"16.85000000"}}},"mandoul":{"id":3589,"name":"Mandoul","state_code":"MA","latitude":"8.60309100","longitude":"17.47951730","type":"province","cities":{"goundi":{"id":105134,"name":"Goundi","latitude":"9.36267000","longitude":"17.36597000"},"koumra":{"id":105141,"name":"Koumra","latitude":"8.91256000","longitude":"17.55392000"},"mo\u00efssala":{"id":105153,"name":"Mo\u00efssala","latitude":"8.34040000","longitude":"17.76630000"}}},"mayo-kebbiest":{"id":3580,"name":"Mayo-Kebbi Est","state_code":"ME","latitude":"9.40460390","longitude":"14.84546190","type":"province","cities":{"bongor":{"id":105127,"name":"Bongor","latitude":"10.28056000","longitude":"15.37222000"},"gounougaya":{"id":105135,"name":"Gounou Gaya","latitude":"9.62940000","longitude":"15.51320000"},"guelendeng":{"id":105138,"name":"Guelendeng","latitude":"10.91762000","longitude":"15.55011000"}}},"mayo-kebbiouest":{"id":3571,"name":"Mayo-Kebbi Ouest","state_code":"MO","latitude":"10.41130140","longitude":"15.59433880","type":"province","cities":{"mboursoul\u00e9r\u00e9":{"id":105148,"name":"Mboursou L\u00e9r\u00e9","latitude":"9.76390000","longitude":"14.15390000"},"pala":{"id":105155,"name":"Pala","latitude":"9.36420000","longitude":"14.90460000"}}},"moyen-chari":{"id":3570,"name":"Moyen-Chari","state_code":"MC","latitude":"9.06399980","longitude":"18.42760470","type":"province","cities":{"kyab\u00e9":{"id":105142,"name":"Kyab\u00e9","latitude":"9.45149000","longitude":"18.94493000"},"sarh":{"id":105156,"name":"Sarh","latitude":"9.14290000","longitude":"18.39230000"}}},"n\u0027djamena":{"id":3586,"name":"N\u0027Djamena","state_code":"ND","latitude":"12.13484570","longitude":"15.05574150","type":"province","cities":{"n\u0027djamena":{"id":153264,"name":"N\u0027Djamena","latitude":"12.11000000","longitude":"15.05000000"}}},"ouadda\u00ef":{"id":3582,"name":"Ouadda\u00ef","state_code":"OD","latitude":"13.74847600","longitude":"20.71224650","type":"province","cities":{"ab\u00e9ch\u00e9":{"id":105116,"name":"Ab\u00e9ch\u00e9","latitude":"13.82916000","longitude":"20.83240000"},"adr\u00e9":{"id":105117,"name":"Adr\u00e9","latitude":"13.46648000","longitude":"22.19875000"},"gozb\u00e9\u00efda":{"id":105137,"name":"Goz B\u00e9\u00efda","latitude":"13.94563000","longitude":"20.54680000"}}},"salamat":{"id":3592,"name":"Salamat","state_code":"SA","latitude":"10.96916010","longitude":"20.71224650","type":"province","cities":{"amtiman":{"id":105118,"name":"Am Timan","latitude":"11.02970000","longitude":"20.28270000"}}},"sila":{"id":3572,"name":"Sila","state_code":"SI","latitude":"12.13074000","longitude":"21.28450250","type":"province","cities":{"gozbe\u00efda":{"id":105136,"name":"Goz Be\u00efda","latitude":"12.22484000","longitude":"21.41034000"}}},"tandjil\u00e9":{"id":3579,"name":"Tandjil\u00e9","state_code":"TA","latitude":"9.66257290","longitude":"16.72346390","type":"province","cities":{"b\u00e9r\u00e9":{"id":105130,"name":"B\u00e9r\u00e9","latitude":"9.32020000","longitude":"16.15520000"},"kelo":{"id":105140,"name":"Kelo","latitude":"9.30859000","longitude":"15.80658000"},"la\u00ef":{"id":105144,"name":"La\u00ef","latitude":"9.39720000","longitude":"16.30066000"}}},"tibesti":{"id":3587,"name":"Tibesti","state_code":"TI","latitude":"21.36500310","longitude":"16.91225100","type":"province","cities":{"aozou":{"id":105119,"name":"Aozou","latitude":"21.83750000","longitude":"17.42750000"}}},"wadifira":{"id":3581,"name":"Wadi Fira","state_code":"WF","latitude":"15.08924160","longitude":"21.47528510","type":"province","cities":{"biltine":{"id":105123,"name":"Biltine","latitude":"14.52791000","longitude":"20.92749000"},"iriba":{"id":105139,"name":"Iriba","latitude":"15.11667000","longitude":"22.25000000"}}}}}