{"id":231,"name":"United Arab Emirates","iso3":"ARE","iso2":"AE","numeric_code":"784","phone_code":"971","capital":"Abu Dhabi","currency":"AED","currency_name":"United Arab Emirates dirham","currency_symbol":"\u0625.\u062f","tld":".ae","native":"\u062f\u0648\u0644\u0629 \u0627\u0644\u0625\u0645\u0627\u0631\u0627\u062a \u0627\u0644\u0639\u0631\u0628\u064a\u0629 \u0627\u0644\u0645\u062a\u062d\u062f\u0629","region":"Asia","region_id":3,"subregion":"Western Asia","subregion_id":11,"nationality":"Emirati, Emirian, Emiri","timezones":[{"zoneName":"Asia/Dubai","gmtOffset":14400,"gmtOffsetName":"UTC+04:00","abbreviation":"GST","tzName":"Gulf Standard Time"}],"translations":{"ko":"\uc544\ub78d\uc5d0\ubbf8\ub9ac\ud2b8","pt-BR":"Emirados \u00e1rabes Unidos","pt":"Emirados \u00e1rabes Unidos","nl":"Verenigde Arabische Emiraten","hr":"Ujedinjeni Arapski Emirati","fa":"\u0627\u0645\u0627\u0631\u0627\u062a \u0645\u062a\u062d\u062f\u0647 \u0639\u0631\u0628\u06cc","de":"Vereinigte Arabische Emirate","es":"Emiratos \u00c1rabes Unidos","fr":"\u00c9mirats arabes unis","ja":"\u30a2\u30e9\u30d6\u9996\u9577\u56fd\u9023\u90a6","it":"Emirati Arabi Uniti","zh-CN":"\u963f\u62c9\u4f2f\u8054\u5408\u914b\u957f\u56fd","tr":"Birle\u015fik Arap Emirlikleri","ru":"\u041e\u0431\u044a\u0435\u0434\u0438\u043d\u0435\u043d\u043d\u044b\u0435 \u0410\u0440\u0430\u0431\u0441\u043a\u0438\u0435 \u042d\u043c\u0438\u0440\u0430\u0442\u044b","uk":"\u041e\u0431\u0027\u0454\u0434\u043d\u0430\u043d\u0456 \u0410\u0440\u0430\u0431\u0441\u044c\u043a\u0456 \u0415\u043c\u0456\u0440\u0430\u0442\u0438","pl":"Zjednoczone Emiraty Arabskie"},"latitude":"24.00000000","longitude":"54.00000000","emoji":"\ud83c\udde6\ud83c\uddea","emojiU":"U+1F1E6 U+1F1EA","states":{"abudhabiemirate":{"id":3396,"name":"Abu Dhabi Emirate","state_code":"AZ","latitude":"24.45388400","longitude":"54.37734380","type":null,"cities":{"abudhabiislandandinternalislandscity":{"id":11,"name":"Abu Dhabi Island and Internal Islands City","latitude":"24.45110000","longitude":"54.39690000"},"abudhabimunicipality":{"id":12,"name":"Abu Dhabi Municipality","latitude":"24.41361000","longitude":"54.43295000"},"alaincity":{"id":16,"name":"Al Ain City","latitude":"24.19167000","longitude":"55.76056000"},"alainmunicipality":{"id":17,"name":"Al Ain Municipality","latitude":"24.15223000","longitude":"55.82040000"},"aldhafra":{"id":19,"name":"Al Dhafra","latitude":"23.65745000","longitude":"53.72225000"},"alshamkhahcity":{"id":24,"name":"Al Shamkhah City","latitude":"24.39268000","longitude":"54.70779000"},"baniyascity":{"id":26,"name":"Bani Yas City","latitude":"24.30978000","longitude":"54.62944000"},"khalifahacity":{"id":34,"name":"Khalifah A City","latitude":"24.42588000","longitude":"54.60500000"},"musaffah":{"id":41,"name":"Musaffah","latitude":"24.35893000","longitude":"54.48267000"},"muzayri\u2018":{"id":42,"name":"Muzayri\u2018","latitude":"23.14355000","longitude":"53.78810000"},"ruwais":{"id":25,"name":"Ruwais","latitude":"24.11028000","longitude":"52.73056000"},"zayedcity":{"id":49,"name":"Zayed City","latitude":"23.65416000","longitude":"53.70522000"}}},"ajmanemirate":{"id":3395,"name":"Ajman Emirate","state_code":"AJ","latitude":"25.40521650","longitude":"55.51364330","type":null,"cities":{"ajman":{"id":14,"name":"Ajman","latitude":"25.40328000","longitude":"55.52341000"},"ajmancity":{"id":15,"name":"Ajman City","latitude":"25.40177000","longitude":"55.47878000"},"manama":{"id":37,"name":"Manama","latitude":"25.32568000","longitude":"56.00259000"},"masfout":{"id":38,"name":"Masfout","latitude":"24.83982000","longitude":"56.05158000"}}},"dubai":{"id":3391,"name":"Dubai","state_code":"DU","latitude":"25.20484930","longitude":"55.27078280","type":null,"cities":{"dubai":{"id":32,"name":"Dubai","latitude":"25.06570000","longitude":"55.17128000"}}},"fujairah":{"id":3393,"name":"Fujairah","state_code":"FU","latitude":"25.12880990","longitude":"56.32648490","type":null,"cities":{"alfujairahcity":{"id":20,"name":"Al Fujairah City","latitude":"25.11641000","longitude":"56.34141000"},"alfujairahmunicipality":{"id":21,"name":"Al Fujairah Municipality","latitude":"25.13557000","longitude":"56.33279000"},"dibbaalfujairahmunicipality":{"id":28,"name":"Dibba Al Fujairah Municipality","latitude":"25.58580000","longitude":"56.24792000"},"dibbaal-fujairah":{"id":30,"name":"Dibba Al-Fujairah","latitude":"25.59246000","longitude":"56.26176000"},"dibbaal-hisn":{"id":31,"name":"Dibba Al-Hisn","latitude":"25.61955000","longitude":"56.27291000"},"reefalfujairahcity":{"id":45,"name":"Reef Al Fujairah City","latitude":"25.14479000","longitude":"56.24764000"}}},"rasal-khaimah":{"id":3394,"name":"Ras al-Khaimah","state_code":"RK","latitude":"25.67413430","longitude":"55.98041730","type":null,"cities":{"rasalkhaimah":{"id":43,"name":"Ras Al Khaimah","latitude":"25.46116000","longitude":"56.04058000"},"rasalkhaimahcity":{"id":44,"name":"Ras Al Khaimah City","latitude":"25.78953000","longitude":"55.94320000"}}},"sharjahemirate":{"id":3390,"name":"Sharjah Emirate","state_code":"SH","latitude":"25.07539740","longitude":"55.75784030","type":null,"cities":{"adhdhayd":{"id":13,"name":"Adh Dhayd","latitude":"25.28812000","longitude":"55.88157000"},"albatayih":{"id":18,"name":"Al Batayih","latitude":"25.22317000","longitude":"55.74272000"},"alhamriyah":{"id":22,"name":"Al Hamriyah","latitude":"25.46121000","longitude":"55.54813000"},"almadam":{"id":23,"name":"Al Madam","latitude":"24.95536000","longitude":"55.76820000"},"dhaid":{"id":27,"name":"Dhaid","latitude":"25.26951000","longitude":"55.92024000"},"dibbaalhesn":{"id":29,"name":"Dibba Al Hesn","latitude":"25.61593000","longitude":"56.26899000"},"kalba":{"id":33,"name":"Kalba","latitude":"24.99816000","longitude":"56.27207000"},"khawrfakk\u0101n":{"id":35,"name":"Khawr Fakk\u0101n","latitude":"25.33132000","longitude":"56.34199000"},"khorfakkan":{"id":36,"name":"Khor Fakkan","latitude":"25.33966000","longitude":"56.30280000"},"milehah":{"id":39,"name":"Milehah","latitude":"25.10097000","longitude":"55.91282000"},"murba\u1e29":{"id":40,"name":"Murba\u1e29","latitude":"25.27623000","longitude":"56.36256000"},"sharjah":{"id":46,"name":"Sharjah","latitude":"25.33737000","longitude":"55.41206000"}}},"ummal-quwain":{"id":3392,"name":"Umm al-Quwain","state_code":"UQ","latitude":"25.54263240","longitude":"55.54753480","type":null,"cities":{"ummalquwain":{"id":47,"name":"Umm AL Quwain","latitude":"25.49326000","longitude":"55.73520000"},"ummalquwaincity":{"id":48,"name":"Umm Al Quwain City","latitude":"25.56473000","longitude":"55.55517000"}}}}}