{"id":211,"name":"Svalbard and Jan Mayen Islands","iso3":"SJM","iso2":"SJ","numeric_code":"744","phonecode":"47","capital":"Longyearbyen","currency":"NOK","currency_name":"Norwegian krone","currency_symbol":"ko","tld":".sj","native":"Svalbard og Jan Mayen","region":"Europe","region_id":4,"subregion":"Northern Europe","subregion_id":18,"nationality":"Svalbard","timezones":[{"zoneName":"Arctic/Longyearbyen","gmtOffset":3600,"gmtOffsetName":"UTC+01:00","abbreviation":"CET","tzName":"Central European Time"}],"translations":{"ko":"\uc2a4\ubc1c\ubc14\ub974 \uc580\ub9c8\uc60c \uc81c\ub3c4","pt-BR":"Svalbard","pt":"Svalbard","nl":"Svalbard en Jan Mayen","hr":"Svalbard i Jan Mayen","fa":"\u0633\u0648\u0627\u0644\u0628\u0627\u0631\u062f \u0648 \u06cc\u0627\u0646 \u0645\u0627\u06cc\u0646","de":"Svalbard und Jan Mayen","es":"Islas Svalbard y Jan Mayen","fr":"Svalbard et Jan Mayen","ja":"\u30b9\u30f4\u30a1\u30fc\u30eb\u30d0\u30eb\u8af8\u5cf6\u304a\u3088\u3073\u30e4\u30f3\u30de\u30a4\u30a8\u30f3\u5cf6","it":"Svalbard e Jan Mayen","zh-CN":"\u65af\u74e6\u5c14\u5df4\u548c\u626c\u9a6c\u5ef6\u7fa4\u5c9b","tr":"Svalbard Ve Jan Mayen","ru":"\u0428\u043f\u0438\u0446\u0431\u0435\u0440\u0433\u0435\u043d \u0438 \u043e\u0441\u0442\u0440\u043e\u0432\u0430 \u042f\u043d-\u041c\u0430\u0439\u0435\u043d","uk":"\u0428\u043f\u0456\u0446\u0431\u0435\u0440\u0433\u0435\u043d \u0442\u0430 \u043e\u0441\u0442\u0440\u043e\u0432\u0438 \u042f\u043d-\u041c\u0430\u0439\u0454\u043d","pl":"Wyspy Svalbard i Jan Mayen"},"latitude":"78.00000000","longitude":"20.00000000","emoji":"\ud83c\uddf8\ud83c\uddef","emojiU":"U+1F1F8 U+1F1EF"}