{"id":196,"name":"Serbia","iso3":"SRB","iso2":"RS","numeric_code":"688","phonecode":"381","capital":"Belgrade","currency":"RSD","currency_name":"Serbian dinar","currency_symbol":"din","tld":".rs","native":"\u0421\u0440\u0431\u0438\u0458\u0430","region":"Europe","region_id":4,"subregion":"Southern Europe","subregion_id":16,"nationality":"Serbian","timezones":[{"zoneName":"Europe/Belgrade","gmtOffset":3600,"gmtOffsetName":"UTC+01:00","abbreviation":"CET","tzName":"Central European Time"}],"translations":{"ko":"\uc138\ub974\ube44\uc544","pt-BR":"S\u00e9rvia","pt":"S\u00e9rvia","nl":"Servi\u00eb","hr":"Srbija","fa":"\u0635\u0631\u0628\u0633\u062a\u0627\u0646","de":"Serbien","es":"Serbia","fr":"Serbie","ja":"\u30bb\u30eb\u30d3\u30a2","it":"Serbia","zh-CN":"\u585e\u5c14\u7ef4\u4e9a","tr":"Sirbistan","ru":"\u0421\u0435\u0440\u0431\u0438\u044f","uk":"\u0421\u0435\u0440\u0431\u0456\u044f","pl":"Serbia"},"latitude":"44.00000000","longitude":"21.00000000","emoji":"\ud83c\uddf7\ud83c\uddf8","emojiU":"U+1F1F7 U+1F1F8","states":{"belgrade":{"id":3728,"name":"Belgrade","state_code":"00","latitude":"44.78656800","longitude":"20.44892160","type":"city","cities":{"bari\u010d":{"id":97160,"name":"Bari\u010d","latitude":"44.65070000","longitude":"20.25941000"},"be\u010dmen":{"id":97174,"name":"Be\u010dmen","latitude":"44.77983000","longitude":"20.20577000"},"dobanovci":{"id":97193,"name":"Dobanovci","latitude":"44.82631000","longitude":"20.22487000"},"lazarevac":{"id":97270,"name":"Lazarevac","latitude":"44.38534000","longitude":"20.25570000"},"malamo\u0161tanica":{"id":97286,"name":"Mala Mo\u0161tanica","latitude":"44.63834000","longitude":"20.30600000"},"obrenovac":{"id":97319,"name":"Obrenovac","latitude":"44.65486000","longitude":"20.20017000"},"ostru\u017enica":{"id":97326,"name":"Ostru\u017enica","latitude":"44.72769000","longitude":"20.31845000"},"ov\u010da":{"id":97327,"name":"Ov\u010da","latitude":"44.88349000","longitude":"20.53336000"},"ru\u0161anj":{"id":97368,"name":"Ru\u0161anj","latitude":"44.68477000","longitude":"20.44993000"},"srem\u010dica":{"id":97390,"name":"Srem\u010dica","latitude":"44.67653000","longitude":"20.39232000"},"stepojevac":{"id":97399,"name":"Stepojevac","latitude":"44.51278000","longitude":"20.29500000"},"stubline":{"id":97400,"name":"Stubline","latitude":"44.57476000","longitude":"20.13477000"},"sur\u010din":{"id":97404,"name":"Sur\u010din","latitude":"44.79306000","longitude":"20.28028000"},"tabanovi\u0107":{"id":97406,"name":"Tabanovi\u0107","latitude":"44.82018000","longitude":"19.64128000"},"ugrinovci":{"id":97419,"name":"Ugrinovci","latitude":"44.87635000","longitude":"20.18763000"},"umka":{"id":97421,"name":"Umka","latitude":"44.67806000","longitude":"20.30472000"},"velikamo\u0161tanica":{"id":97428,"name":"Velika Mo\u0161tanica","latitude":"44.66486000","longitude":"20.35395000"},"vrani\u0107":{"id":97439,"name":"Vrani\u0107","latitude":"44.60237000","longitude":"20.32872000"},"zemun":{"id":97446,"name":"Zemun","latitude":"44.84580000","longitude":"20.40116000"},"zve\u010dka":{"id":97451,"name":"Zve\u010dka","latitude":"44.64025000","longitude":"20.16432000"}}},"bor":{"id":3717,"name":"Bor","state_code":"14","latitude":"44.06989180","longitude":"22.09850860","type":"district","cities":{"bor":{"id":97182,"name":"Bor","latitude":"44.36667000","longitude":"22.25000000"},"donjimilanovac":{"id":97197,"name":"Donji Milanovac","latitude":"44.46593000","longitude":"22.15170000"},"kladovo":{"id":155038,"name":"Kladovo","latitude":"44.60439890","longitude":"22.50819420"},"majdanpek":{"id":97284,"name":"Majdanpek","latitude":"44.42525470","longitude":"21.80927330"},"negotin":{"id":97301,"name":"Negotin","latitude":"44.21816180","longitude":"22.45162060"}}},"brani\u010devo":{"id":3732,"name":"Brani\u010devo","state_code":"11","latitude":"44.69822460","longitude":"21.54467750","type":"district","cities":{"golubac":{"id":97210,"name":"Golubac","latitude":"44.63552160","longitude":"21.59525590"},"klenje":{"id":97245,"name":"Klenje","latitude":"44.80794000","longitude":"19.43508000"},"ku\u010devo":{"id":155042,"name":"Ku\u010devo","latitude":"44.48938750","longitude":"21.63499770"},"malocrni\u0107e":{"id":155043,"name":"Malo Crni\u0107e","latitude":"44.54013980","longitude":"21.19802620"},"petrovacnamlavi":{"id":155044,"name":"Petrovac na Mlavi","latitude":"44.35397370","longitude":"21.28050670"},"po\u017earevac":{"id":97343,"name":"Po\u017earevac","latitude":"44.62133000","longitude":"21.18782000"},"radenka":{"id":97352,"name":"Radenka","latitude":"44.58345000","longitude":"21.76469000"},"\u0160evica":{"id":97469,"name":"\u0160evica","latitude":"44.50883000","longitude":"21.72296000"},"velikogradi\u0161te":{"id":155039,"name":"Veliko Gradi\u0161te","latitude":"44.75196410","longitude":"21.46282130"},"\u017dabari":{"id":155040,"name":"\u017dabari","latitude":"44.38522130","longitude":"21.04498720"},"\u017dagubica":{"id":155041,"name":"\u017dagubica","latitude":"44.15544450","longitude":"21.69317990"}}},"centralbanat":{"id":3716,"name":"Central Banat","state_code":"02","latitude":"45.47884850","longitude":"20.60825220","type":"district","cities":{"aradac":{"id":97146,"name":"Aradac","latitude":"45.38346000","longitude":"20.30137000"},"banatskidespotovac":{"id":97152,"name":"Banatski Despotovac","latitude":"45.36606000","longitude":"20.66407000"},"banatskidvor":{"id":97153,"name":"Banatski Dvor","latitude":"45.51866000","longitude":"20.51146000"},"banatskokara\u0111or\u0111evo":{"id":97155,"name":"Banatsko Kara\u0111or\u0111evo","latitude":"45.58693000","longitude":"20.56421000"},"beloblato":{"id":97171,"name":"Belo Blato","latitude":"45.27278000","longitude":"20.37500000"},"bo\u010dar":{"id":97185,"name":"Bo\u010dar","latitude":"45.76994000","longitude":"20.28390000"},"boka":{"id":97180,"name":"Boka","latitude":"45.35540000","longitude":"20.82987000"},"boto\u0161":{"id":97184,"name":"Boto\u0161","latitude":"45.30837000","longitude":"20.63514000"},"\u010centa":{"id":97459,"name":"\u010centa","latitude":"45.10814000","longitude":"20.38947000"},"\u010cestereg":{"id":97460,"name":"\u010cestereg","latitude":"45.56361000","longitude":"20.53194000"},"e\u010dka":{"id":97204,"name":"E\u010dka","latitude":"45.32328000","longitude":"20.44294000"},"elemir":{"id":97203,"name":"Elemir","latitude":"45.44263000","longitude":"20.30003000"},"farka\u017edin":{"id":97205,"name":"Farka\u017edin","latitude":"45.19172000","longitude":"20.47239000"},"hetin":{"id":97219,"name":"Hetin","latitude":"45.66202000","longitude":"20.79138000"},"jarkovac":{"id":97232,"name":"Jarkovac","latitude":"45.26985000","longitude":"20.76078000"},"ja\u0161atomi\u0107":{"id":97234,"name":"Ja\u0161a Tomi\u0107","latitude":"45.44725000","longitude":"20.85546000"},"klek":{"id":97243,"name":"Klek","latitude":"45.42254000","longitude":"20.48049000"},"kni\u0107anin":{"id":97246,"name":"Kni\u0107anin","latitude":"45.18675000","longitude":"20.31900000"},"konak":{"id":97250,"name":"Konak","latitude":"45.31575000","longitude":"20.91468000"},"kraji\u0161nik":{"id":97257,"name":"Kraji\u0161nik","latitude":"45.45283000","longitude":"20.72976000"},"kumane":{"id":97264,"name":"Kumane","latitude":"45.53946000","longitude":"20.22902000"},"lazarevo":{"id":97271,"name":"Lazarevo","latitude":"45.38893000","longitude":"20.53999000"},"luki\u0107evo":{"id":97282,"name":"Luki\u0107evo","latitude":"45.33815000","longitude":"20.49895000"},"me\u0111a":{"id":97293,"name":"Me\u0111a","latitude":"45.53815000","longitude":"20.80677000"},"melenci":{"id":97291,"name":"Melenci","latitude":"45.51680000","longitude":"20.31961000"},"mihajlovo":{"id":97294,"name":"Mihajlovo","latitude":"45.47085000","longitude":"20.41508000"},"neuzina":{"id":97302,"name":"Neuzina","latitude":"45.34460000","longitude":"20.71418000"},"novacrnja":{"id":97307,"name":"Nova Crnja","latitude":"45.68712540","longitude":"20.51005280"},"novibe\u010dej":{"id":155045,"name":"Novi Be\u010dej","latitude":"45.59435150","longitude":"20.18852580"},"noviitebej":{"id":97310,"name":"Novi Itebej","latitude":"45.55918000","longitude":"20.70030000"},"novomilo\u0161evo":{"id":97317,"name":"Novo Milo\u0161evo","latitude":"45.71916000","longitude":"20.30364000"},"orlovat":{"id":97322,"name":"Orlovat","latitude":"45.24171000","longitude":"20.58089000"},"perlez":{"id":97333,"name":"Perlez","latitude":"45.20813000","longitude":"20.38197000"},"radojevo":{"id":97354,"name":"Radojevo","latitude":"45.74617000","longitude":"20.78917000"},"ravnitopolovac":{"id":97358,"name":"Ravni Topolovac","latitude":"45.46082000","longitude":"20.56939000"},"se\u010danj":{"id":97379,"name":"Se\u010danj","latitude":"45.32387000","longitude":"20.67233210"},"srpskacrnja":{"id":97391,"name":"Srpska Crnja","latitude":"45.72538000","longitude":"20.69008000"},"srpskiitebej":{"id":97392,"name":"Srpski Itebej","latitude":"45.56715000","longitude":"20.71350000"},"staji\u0107evo":{"id":97393,"name":"Staji\u0107evo","latitude":"45.29489000","longitude":"20.45845000"},"sutjeska":{"id":97405,"name":"Sutjeska","latitude":"45.38312000","longitude":"20.69620000"},"tara\u0161":{"id":97407,"name":"Tara\u0161","latitude":"45.46737000","longitude":"20.19867000"},"toba":{"id":97410,"name":"Toba","latitude":"45.68943000","longitude":"20.55714000"},"toma\u0161evac":{"id":97411,"name":"Toma\u0161evac","latitude":"45.26855000","longitude":"20.62272000"},"torak":{"id":97413,"name":"Torak","latitude":"45.50928000","longitude":"20.60900000"},"torda":{"id":97414,"name":"Torda","latitude":"45.58423000","longitude":"20.45900000"},"vojvodastepa":{"id":97438,"name":"Vojvoda Stepa","latitude":"45.68537000","longitude":"20.65536000"},"\u017diti\u0161te":{"id":97474,"name":"\u017diti\u0161te","latitude":"45.54150190","longitude":"20.29310490"},"zrenjanin":{"id":97450,"name":"Zrenjanin","latitude":"45.38361000","longitude":"20.38194000"}}},"jablanica":{"id":3715,"name":"Jablanica","state_code":"23","latitude":"42.94815600","longitude":"21.81293210","type":"district","cities":{"bojnik":{"id":155046,"name":"Bojnik","latitude":"43.03962330","longitude":"21.50229300"},"crnatrava":{"id":155050,"name":"Crna Trava","latitude":"42.81226490","longitude":"22.26885720"},"kamenica":{"id":97239,"name":"Kamenica","latitude":"44.34300000","longitude":"19.72333000"},"lebane":{"id":155048,"name":"Lebane","latitude":"42.92312940","longitude":"21.71589360"},"leskovac":{"id":97272,"name":"Leskovac","latitude":"42.99806000","longitude":"21.94611000"},"medve\u0111a":{"id":155049,"name":"Medve\u0111a","latitude":"42.83278560","longitude":"21.53388900"},"vlasotince":{"id":155047,"name":"Vlasotince","latitude":"42.96648980","longitude":"22.09399660"}}},"kolubara":{"id":3724,"name":"Kolubara","state_code":"09","latitude":"44.35098110","longitude":"20.00043050","type":"district","cities":{"gornjabukovica":{"id":97212,"name":"Gornja Bukovica","latitude":"44.33987000","longitude":"19.81368000"},"jo\u0161eva":{"id":97238,"name":"Jo\u0161eva","latitude":"44.58772000","longitude":"19.40967000"},"lajkovac":{"id":155051,"name":"Lajkovac","latitude":"44.36809950","longitude":"20.14110360"},"ljig":{"id":97276,"name":"Ljig","latitude":"44.22281040","longitude":"20.21389960"},"mionica":{"id":155052,"name":"Mionica","latitude":"44.25595280","longitude":"20.05966170"},"ose\u010dina":{"id":97323,"name":"Ose\u010dina","latitude":"44.37202670","longitude":"19.57926740"},"ub":{"id":155053,"name":"Ub","latitude":"44.45594110","longitude":"20.04489880"},"valjevo":{"id":97425,"name":"Valjevo","latitude":"44.27513000","longitude":"19.89821000"}}},"ma\u010dva":{"id":3719,"name":"Ma\u010dva","state_code":"08","latitude":"44.59253140","longitude":"19.50822460","type":"district","cities":{"badovinci":{"id":97149,"name":"Badovinci","latitude":"44.78534000","longitude":"19.37146000"},"banovopolje":{"id":97157,"name":"Banovo Polje","latitude":"44.91040000","longitude":"19.44916000"},"beloti\u0107":{"id":97172,"name":"Beloti\u0107","latitude":"44.81782000","longitude":"19.54801000"},"bogati\u0107":{"id":97177,"name":"Bogati\u0107","latitude":"44.84997410","longitude":"19.40134990"},"bogosavac":{"id":97179,"name":"Bogosavac","latitude":"44.71799000","longitude":"19.59533000"},"brdarica":{"id":97186,"name":"Brdarica","latitude":"44.55376000","longitude":"19.77150000"},"bukor":{"id":97187,"name":"Bukor","latitude":"44.49523000","longitude":"19.57116000"},"\u010coke\u0161ina":{"id":97462,"name":"\u010coke\u0161ina","latitude":"44.65319000","longitude":"19.39016000"},"crnabara":{"id":97190,"name":"Crna Bara","latitude":"44.87374000","longitude":"19.39480000"},"dobri\u0107":{"id":97195,"name":"Dobri\u0107","latitude":"44.70224000","longitude":"19.57931000"},"donjidobri\u0107":{"id":97196,"name":"Donji Dobri\u0107","latitude":"44.61183000","longitude":"19.33109000"},"draginje":{"id":97199,"name":"Draginje","latitude":"44.53302000","longitude":"19.76250000"},"glu\u0161ci":{"id":97209,"name":"Glu\u0161ci","latitude":"44.89021000","longitude":"19.54913000"},"jadranskale\u0161nica":{"id":97227,"name":"Jadranska Le\u0161nica","latitude":"44.59730000","longitude":"19.35209000"},"jelen\u010da":{"id":97235,"name":"Jelen\u010da","latitude":"44.72700000","longitude":"19.73500000"},"jevremovac":{"id":97237,"name":"Jevremovac","latitude":"44.72172000","longitude":"19.66364000"},"koceljeva":{"id":155054,"name":"Koceljeva","latitude":"44.46299340","longitude":"19.78680540"},"kozjak":{"id":97255,"name":"Kozjak","latitude":"44.58727000","longitude":"19.28412000"},"krupanj":{"id":97260,"name":"Krupanj","latitude":"44.36556000","longitude":"19.36194000"},"le\u0161nica":{"id":97273,"name":"Le\u0161nica","latitude":"44.65250000","longitude":"19.31000000"},"lipni\u010dki\u0160or":{"id":97274,"name":"Lipni\u010dki \u0160or","latitude":"44.58058000","longitude":"19.26572000"},"lipolist":{"id":97275,"name":"Lipolist","latitude":"44.69783000","longitude":"19.50101000"},"ljubovija":{"id":97277,"name":"Ljubovija","latitude":"44.18944000","longitude":"19.37667000"},"ma\u010dva":{"id":97289,"name":"Ma\u010dva","latitude":"44.61472000","longitude":"19.47222000"},"majur":{"id":97285,"name":"Majur","latitude":"44.77105000","longitude":"19.65512000"},"malizvornik":{"id":97287,"name":"Mali Zvornik","latitude":"44.37344000","longitude":"19.10651000"},"metkovi\u0107":{"id":97292,"name":"Metkovi\u0107","latitude":"44.85617000","longitude":"19.54654000"},"novoselo":{"id":97318,"name":"Novo Selo","latitude":"44.67041000","longitude":"19.34495000"},"petkovica":{"id":97334,"name":"Petkovica","latitude":"44.66627000","longitude":"19.43923000"},"pocerskipri\u010dinovi\u0107":{"id":97340,"name":"Pocerski Pri\u010dinovi\u0107","latitude":"44.72222000","longitude":"19.70722000"},"ribari":{"id":97362,"name":"Ribari","latitude":"44.70961000","longitude":"19.42472000"},"rumska":{"id":97366,"name":"Rumska","latitude":"44.57261000","longitude":"19.58988000"},"\u0160abac":{"id":97465,"name":"\u0160abac","latitude":"44.74667000","longitude":"19.69000000"},"sala\u0161crnobarski":{"id":97371,"name":"Sala\u0161 Crnobarski","latitude":"44.82843000","longitude":"19.39437000"},"\u0160evarice":{"id":97468,"name":"\u0160evarice","latitude":"44.86704000","longitude":"19.66006000"},"sino\u0161evi\u0107":{"id":97380,"name":"Sino\u0161evi\u0107","latitude":"44.61503000","longitude":"19.63601000"},"\u0160titar":{"id":97471,"name":"\u0160titar","latitude":"44.79415000","longitude":"19.59529000"},"tr\u0161i\u0107":{"id":97416,"name":"Tr\u0161i\u0107","latitude":"44.49502000","longitude":"19.26490000"},"uzve\u0107e":{"id":97423,"name":"Uzve\u0107e","latitude":"44.87861000","longitude":"19.60356000"},"vladimirci":{"id":97434,"name":"Vladimirci","latitude":"44.61472000","longitude":"19.78528000"},"zminjak":{"id":97449,"name":"Zminjak","latitude":"44.75711000","longitude":"19.47070000"}}},"moravica":{"id":3727,"name":"Moravica","state_code":"17","latitude":"43.84147000","longitude":"20.29049870","type":"district","cities":{"\u010ca\u010dak":{"id":97457,"name":"\u010ca\u010dak","latitude":"43.89139000","longitude":"20.34972000"},"gornjimilanovac":{"id":97214,"name":"Gornji Milanovac","latitude":"44.02603000","longitude":"20.46152000"},"ivanjica":{"id":155055,"name":"Ivanjica","latitude":"43.58366500","longitude":"20.21556940"},"lu\u010dani":{"id":155056,"name":"Lu\u010dani","latitude":"43.85854930","longitude":"20.11661750"},"prislonica":{"id":97347,"name":"Prislonica","latitude":"43.95223000","longitude":"20.43521000"}}},"ni\u0161ava":{"id":3722,"name":"Ni\u0161ava","state_code":"20","latitude":"43.37389020","longitude":"21.93223310","type":"district","cities":{"aleksandrovo":{"id":97143,"name":"Aleksandrovo","latitude":"45.63755000","longitude":"20.59288000"},"aleksinac":{"id":155057,"name":"Aleksinac","latitude":"43.55255480","longitude":"21.63113320"},"doljevac":{"id":155059,"name":"Doljevac","latitude":"43.22262650","longitude":"21.76288330"},"gad\u017einhan":{"id":155058,"name":"Gad\u017ein Han","latitude":"43.23053490","longitude":"22.01312530"},"mero\u0161ina":{"id":155060,"name":"Mero\u0161ina","latitude":"43.30158010","longitude":"21.52993050"},"ni\u0161":{"id":97305,"name":"Ni\u0161","latitude":"43.32472000","longitude":"21.90333000"},"ra\u017eanj":{"id":155061,"name":"Ra\u017eanj","latitude":"43.70924730","longitude":"21.41131260"},"svrljig":{"id":155062,"name":"Svrljig","latitude":"43.46937580","longitude":"21.80472770"}}},"northba\u010dka":{"id":3714,"name":"North Ba\u010dka","state_code":"01","latitude":"45.98033940","longitude":"19.59070010","type":"district","cities":{"ba\u010dkatopola":{"id":97162,"name":"Ba\u010dka Topola","latitude":"45.81516000","longitude":"19.63180000"},"krivaja":{"id":97259,"name":"Krivaja","latitude":"44.55021000","longitude":"19.59153000"},"malii\u0111o\u0161":{"id":155063,"name":"Mali I\u0111o\u0161","latitude":"45.71406240","longitude":"19.58678580"},"subotica":{"id":97401,"name":"Subotica","latitude":"46.10000000","longitude":"19.66667000"}}},"northbanat":{"id":3736,"name":"North Banat","state_code":"03","latitude":"45.90683900","longitude":"19.99934170","type":"district","cities":{"ada":{"id":155064,"name":"Ada","latitude":"45.78604090","longitude":"19.84788560"},"adorjan":{"id":97142,"name":"Adorjan","latitude":"46.00333000","longitude":"20.04007000"},"banatskatopola":{"id":97151,"name":"Banatska Topola","latitude":"45.67248000","longitude":"20.46530000"},"banatskovelikoselo":{"id":97156,"name":"Banatsko Veliko Selo","latitude":"45.81961000","longitude":"20.60772000"},"ba\u0161aid":{"id":97167,"name":"Ba\u0161aid","latitude":"45.64102000","longitude":"20.41434000"},"\u010coka":{"id":97461,"name":"\u010coka","latitude":"45.94250000","longitude":"20.14333000"},"gornjibreg":{"id":97213,"name":"Gornji Breg","latitude":"45.91995000","longitude":"20.01766000"},"jazovo":{"id":97233,"name":"Jazovo","latitude":"45.89876000","longitude":"20.22130000"},"kanji\u017ea":{"id":97240,"name":"Kanji\u017ea","latitude":"46.06667000","longitude":"20.05000000"},"kikinda":{"id":97241,"name":"Kikinda","latitude":"45.82972000","longitude":"20.46528000"},"mokrin":{"id":97296,"name":"Mokrin","latitude":"45.93362000","longitude":"20.41215000"},"mol":{"id":97297,"name":"Mol","latitude":"45.76457000","longitude":"20.13286000"},"nakovo":{"id":97300,"name":"Nakovo","latitude":"45.87503000","longitude":"20.56709000"},"novikne\u017eevac":{"id":97312,"name":"Novi Kne\u017eevac","latitude":"46.05000000","longitude":"20.10000000"},"novikozarci":{"id":97313,"name":"Novi Kozarci","latitude":"45.78241000","longitude":"20.62289000"},"ostoji\u0107evo":{"id":97325,"name":"Ostoji\u0107evo","latitude":"45.88863000","longitude":"20.16642000"},"padej":{"id":97328,"name":"Padej","latitude":"45.82756000","longitude":"20.16279000"},"ruskoselo":{"id":97367,"name":"Rusko Selo","latitude":"45.76291000","longitude":"20.57117000"},"sajan":{"id":97369,"name":"Sajan","latitude":"45.84227000","longitude":"20.27815000"},"sanad":{"id":97375,"name":"Sanad","latitude":"45.97596000","longitude":"20.10816000"},"senta":{"id":97378,"name":"Senta","latitude":"45.92750000","longitude":"20.07722000"},"tiszahegyes":{"id":97408,"name":"Tiszahegyes","latitude":"45.82648000","longitude":"20.31791000"}}},"p\u010dinja":{"id":3721,"name":"P\u010dinja","state_code":"24","latitude":"42.58363620","longitude":"22.14302150","type":"district","cities":{"bilja\u010da":{"id":97176,"name":"Bilja\u010da","latitude":"42.35518000","longitude":"21.74781000"},"bosilegrad":{"id":155065,"name":"Bosilegrad","latitude":"42.50233740","longitude":"22.41940440"},"bujanovac":{"id":155066,"name":"Bujanovac","latitude":"42.45675480","longitude":"21.74726470"},"miratovac":{"id":97295,"name":"Miratovac","latitude":"42.25846000","longitude":"21.66456000"},"pre\u0161evo":{"id":155068,"name":"Pre\u0161evo","latitude":"42.31581340","longitude":"21.57144860"},"radovnica":{"id":97355,"name":"Radovnica","latitude":"42.43364000","longitude":"22.22861000"},"rajince":{"id":97356,"name":"Rajince","latitude":"42.37870000","longitude":"21.69591000"},"samoljica":{"id":97373,"name":"Samoljica","latitude":"42.38445000","longitude":"21.73708000"},"surdulica":{"id":155069,"name":"Surdulica","latitude":"42.69008190","longitude":"22.15599050"},"trgovi\u0161te":{"id":155070,"name":"Trgovi\u0161te","latitude":"42.35659850","longitude":"22.02351020"},"vladi\u010dinhan":{"id":155067,"name":"Vladi\u010din Han","latitude":"42.70738320","longitude":"22.04413920"},"vranje":{"id":97440,"name":"Vranje","latitude":"42.55139000","longitude":"21.90028000"},"\u017dujince":{"id":97475,"name":"\u017dujince","latitude":"42.31568000","longitude":"21.70212000"}}},"pirot":{"id":3712,"name":"Pirot","state_code":"22","latitude":"43.08740360","longitude":"22.59830440","type":"district","cities":{"babu\u0161nica":{"id":155071,"name":"Babu\u0161nica","latitude":"43.06573340","longitude":"22.38719690"},"belapalanka":{"id":155072,"name":"Bela Palanka","latitude":"43.21421070","longitude":"22.29898440"},"dimitrovgrad":{"id":155073,"name":"Dimitrovgrad","latitude":"43.02140830","longitude":"22.73950980"},"pirot":{"id":97337,"name":"Pirot","latitude":"43.17528000","longitude":"22.59278000"},"sumulic\u00eb":{"id":97402,"name":"Sumulic\u00eb","latitude":"42.38682000","longitude":"21.73400000"}}},"podunavlje":{"id":3741,"name":"Podunavlje","state_code":"10","latitude":"44.47291560","longitude":"20.99014260","type":"district","cities":{"lugav\u010dina":{"id":97281,"name":"Lugav\u010dina","latitude":"44.52314000","longitude":"21.07083000"},"smederevo":{"id":97382,"name":"Smederevo","latitude":"44.66436000","longitude":"20.92763000"},"smederevskapalanka":{"id":97383,"name":"Smederevska Palanka","latitude":"44.36548000","longitude":"20.95885000"},"velikaplana":{"id":155074,"name":"Velika Plana","latitude":"44.32578760","longitude":"20.97032280"}}},"pomoravlje":{"id":3737,"name":"Pomoravlje","state_code":"13","latitude":"43.95913790","longitude":"21.27135300","type":"district","cities":{"\u0106uprija":{"id":97455,"name":"\u0106uprija","latitude":"43.92750000","longitude":"21.37000000"},"despotovac":{"id":155075,"name":"Despotovac","latitude":"44.09472620","longitude":"21.39913490"},"drenovac":{"id":97200,"name":"Drenovac","latitude":"44.86649000","longitude":"19.70943000"},"dublje":{"id":97201,"name":"Dublje","latitude":"44.80117000","longitude":"19.50902000"},"duboka":{"id":97202,"name":"Duboka","latitude":"44.52223000","longitude":"21.76030000"},"grabovac":{"id":97215,"name":"Grabovac","latitude":"44.60049000","longitude":"20.08539000"},"jagodina":{"id":97228,"name":"Jagodina","latitude":"43.97713000","longitude":"21.26121000"},"para\u0107in":{"id":97331,"name":"Para\u0107in","latitude":"43.86083000","longitude":"21.40778000"},"rekovac":{"id":155076,"name":"Rekovac","latitude":"43.86577250","longitude":"21.02877540"},"svilajnac":{"id":155077,"name":"Svilajnac","latitude":"44.24526320","longitude":"21.15803640"}}},"rasina":{"id":3720,"name":"Rasina","state_code":"19","latitude":"43.52635250","longitude":"21.15881780","type":"district","cities":{"aleksandrovac":{"id":155078,"name":"Aleksandrovac","latitude":"43.45989420","longitude":"21.03087890"},"brus":{"id":155079,"name":"Brus","latitude":"43.38376200","longitude":"21.00656730"},"\u0106i\u0107evac":{"id":97454,"name":"\u0106i\u0107evac","latitude":"43.71882000","longitude":"21.44085000"},"kru\u0161evac":{"id":97261,"name":"Kru\u0161evac","latitude":"43.58000000","longitude":"21.33389000"},"trstenik":{"id":97415,"name":"Trstenik","latitude":"43.61694000","longitude":"21.00250000"},"varvarin":{"id":155080,"name":"Varvarin","latitude":"43.72306940","longitude":"21.34098520"}}},"ra\u0161ka":{"id":3725,"name":"Ra\u0161ka","state_code":"18","latitude":"43.33734610","longitude":"20.57340050","type":"district","cities":{"jarebice":{"id":97231,"name":"Jarebice","latitude":"44.53995000","longitude":"19.42418000"},"kraljevo":{"id":97258,"name":"Kraljevo","latitude":"43.72583000","longitude":"20.68944000"},"novipazar":{"id":97314,"name":"Novi Pazar","latitude":"43.13667000","longitude":"20.51222000"},"ra\u0161ka":{"id":97361,"name":"Ra\u0161ka","latitude":"43.26694000","longitude":"20.65278000"},"tutin":{"id":97418,"name":"Tutin","latitude":"42.99028000","longitude":"20.33139000"},"vrnja\u010dkabanja":{"id":97443,"name":"Vrnja\u010dka Banja","latitude":"43.62725000","longitude":"20.89634000"}}},"southba\u010dka":{"id":3711,"name":"South Ba\u010dka","state_code":"06","latitude":"45.48903440","longitude":"19.69761870","type":"district","cities":{"ba\u010d":{"id":155081,"name":"Ba\u010d","latitude":"45.35619150","longitude":"19.14208630"},"ba\u010dkapalanka":{"id":97161,"name":"Ba\u010dka Palanka","latitude":"45.24966000","longitude":"19.39664000"},"ba\u010dkipetrovac":{"id":97164,"name":"Ba\u010dki Petrovac","latitude":"45.36056000","longitude":"19.59167000"},"ba\u010dkogradi\u0161te":{"id":97165,"name":"Ba\u010dko Gradi\u0161te","latitude":"45.53271000","longitude":"20.03082000"},"ba\u010dkopetrovoselo":{"id":97166,"name":"Ba\u010dko Petrovo Selo","latitude":"45.70681000","longitude":"20.07928000"},"be\u010dej":{"id":97173,"name":"Be\u010dej","latitude":"45.61632000","longitude":"20.03331000"},"beo\u010din":{"id":155082,"name":"Beo\u010din","latitude":"45.19420630","longitude":"19.68125510"},"\u010celarevo":{"id":97458,"name":"\u010celarevo","latitude":"45.26999000","longitude":"19.52484000"},"\u010curug":{"id":97464,"name":"\u010curug","latitude":"45.47221000","longitude":"20.06861000"},"despotovo":{"id":97192,"name":"Despotovo","latitude":"45.45983000","longitude":"19.52653000"},"\u00d0ur\u0111evo":{"id":97453,"name":"\u00d0ur\u0111evo","latitude":"45.32591000","longitude":"20.06532000"},"gardinovci":{"id":97207,"name":"Gardinovci","latitude":"45.20359000","longitude":"20.13558000"},"glo\u017ean":{"id":97208,"name":"Glo\u017ean","latitude":"45.27954000","longitude":"19.56838000"},"kisa\u010d":{"id":97242,"name":"Kisa\u010d","latitude":"45.35421000","longitude":"19.72975000"},"kovilj":{"id":97252,"name":"Kovilj","latitude":"45.23422000","longitude":"20.02327000"},"kulpin":{"id":97263,"name":"Kulpin","latitude":"45.40240000","longitude":"19.58814000"},"lok":{"id":97279,"name":"Lok","latitude":"45.21583000","longitude":"20.21222000"},"magli\u0107":{"id":97283,"name":"Magli\u0107","latitude":"45.36248000","longitude":"19.53211000"},"mo\u0161orin":{"id":97299,"name":"Mo\u0161orin","latitude":"45.30196000","longitude":"20.16919000"},"novisad":{"id":97315,"name":"Novi Sad","latitude":"45.25167000","longitude":"19.83694000"},"obrovac":{"id":97320,"name":"Obrovac","latitude":"45.32106000","longitude":"19.35048000"},"petrovaradin":{"id":97335,"name":"Petrovaradin","latitude":"45.24667000","longitude":"19.87944000"},"ravnoselo":{"id":97360,"name":"Ravno Selo","latitude":"45.44967000","longitude":"19.62097000"},"rumenka":{"id":97365,"name":"Rumenka","latitude":"45.29400000","longitude":"19.74306000"},"\u0160ajka\u0161":{"id":97466,"name":"\u0160ajka\u0161","latitude":"45.27315000","longitude":"20.09051000"},"srbobran":{"id":155083,"name":"Srbobran","latitude":"45.59515130","longitude":"19.71831060"},"sremskikarlovci":{"id":97389,"name":"Sremski Karlovci","latitude":"45.20285000","longitude":"19.93373000"},"stepanovi\u0107evo":{"id":97398,"name":"Stepanovi\u0107evo","latitude":"45.41369000","longitude":"19.70000000"},"temerin":{"id":155084,"name":"Temerin","latitude":"45.42817430","longitude":"19.81379480"},"titel":{"id":97409,"name":"Titel","latitude":"45.20611000","longitude":"20.29444000"},"turija":{"id":97417,"name":"Turija","latitude":"44.52273000","longitude":"21.63945000"},"veternik":{"id":97431,"name":"Veternik","latitude":"45.25446000","longitude":"19.75880000"},"vilovo":{"id":97432,"name":"Vilovo","latitude":"45.24859000","longitude":"20.15521000"},"vrbas":{"id":97441,"name":"Vrbas","latitude":"45.57139000","longitude":"19.64083000"},"\u017dabalj":{"id":97473,"name":"\u017dabalj","latitude":"45.37222000","longitude":"20.06389000"},"zmajevo":{"id":97448,"name":"Zmajevo","latitude":"45.45408000","longitude":"19.69050000"}}},"southbanat":{"id":3713,"name":"South Banat","state_code":"04","latitude":"45.00274570","longitude":"21.05425090","type":"district","cities":{"alibunar":{"id":97144,"name":"Alibunar","latitude":"45.08083000","longitude":"20.96583000"},"banatskikarlovac":{"id":97154,"name":"Banatski Karlovac","latitude":"45.04987000","longitude":"21.01800000"},"baranda":{"id":97158,"name":"Baranda","latitude":"45.08459000","longitude":"20.44264000"},"barice":{"id":97159,"name":"Barice","latitude":"45.18189000","longitude":"21.08279000"},"belacrkva":{"id":97168,"name":"Bela Crkva","latitude":"44.89750000","longitude":"21.41722000"},"crepaja":{"id":97189,"name":"Crepaja","latitude":"45.00984000","longitude":"20.63702000"},"debelja\u010da":{"id":97191,"name":"Debelja\u010da","latitude":"45.07070000","longitude":"20.60153000"},"dobrica":{"id":97194,"name":"Dobrica","latitude":"45.21339000","longitude":"20.84995000"},"gudurica":{"id":97217,"name":"Gudurica","latitude":"45.16816000","longitude":"21.44264000"},"hajdu\u010dica":{"id":97218,"name":"Hajdu\u010dica","latitude":"45.25010000","longitude":"20.96016000"},"idvor":{"id":97221,"name":"Idvor","latitude":"45.18895000","longitude":"20.51442000"},"iland\u017ea":{"id":97222,"name":"Iland\u017ea","latitude":"45.16897000","longitude":"20.92008000"},"izbi\u0161te":{"id":97225,"name":"Izbi\u0161te","latitude":"45.02253000","longitude":"21.18388000"},"jano\u0161ik":{"id":97229,"name":"Jano\u0161ik","latitude":"45.17141000","longitude":"21.00658000"},"jermenovci":{"id":97236,"name":"Jermenovci","latitude":"45.18635000","longitude":"21.04550000"},"kova\u010dica":{"id":97251,"name":"Kova\u010dica","latitude":"45.11167000","longitude":"20.62139000"},"kovin":{"id":97253,"name":"Kovin","latitude":"44.74750000","longitude":"20.97611000"},"ku\u0161tilj":{"id":97267,"name":"Ku\u0161tilj","latitude":"45.03487000","longitude":"21.37989000"},"lokve":{"id":97280,"name":"Lokve","latitude":"45.15198000","longitude":"21.03073000"},"margita":{"id":97288,"name":"Margita","latitude":"45.21598000","longitude":"21.17527000"},"nikolinci":{"id":97304,"name":"Nikolinci","latitude":"45.05245000","longitude":"21.06695000"},"opovo":{"id":97321,"name":"Opovo","latitude":"45.05222000","longitude":"20.43028000"},"padina":{"id":97329,"name":"Padina","latitude":"45.11988000","longitude":"20.72860000"},"pan\u010devo":{"id":97330,"name":"Pan\u010devo","latitude":"44.87177000","longitude":"20.64167000"},"pavli\u0161":{"id":97332,"name":"Pavli\u0161","latitude":"45.10569000","longitude":"21.23952000"},"plandi\u0161te":{"id":97338,"name":"Plandi\u0161te","latitude":"45.22722000","longitude":"21.12167000"},"sakule":{"id":97370,"name":"Sakule","latitude":"45.14667000","longitude":"20.48619000"},"samo\u0161":{"id":97374,"name":"Samo\u0161","latitude":"45.20255000","longitude":"20.77392000"},"sefkerin":{"id":97376,"name":"Sefkerin","latitude":"45.00501000","longitude":"20.48256000"},"seleu\u0161":{"id":97377,"name":"Seleu\u0161","latitude":"45.12770000","longitude":"20.91461000"},"starilec":{"id":97397,"name":"Stari Lec","latitude":"45.28401000","longitude":"20.96433000"},"uljma":{"id":97420,"name":"Uljma","latitude":"45.04213000","longitude":"21.15393000"},"uzdin":{"id":97422,"name":"Uzdin","latitude":"45.20512000","longitude":"20.62342000"},"velikagreda":{"id":97427,"name":"Velika Greda","latitude":"45.24376000","longitude":"21.03498000"},"velikigaj":{"id":97429,"name":"Veliki Gaj","latitude":"45.28849000","longitude":"21.17057000"},"velikosredi\u0161te":{"id":97430,"name":"Veliko Sredi\u0161te","latitude":"45.17919000","longitude":"21.40353000"},"vladimirovac":{"id":97435,"name":"Vladimirovac","latitude":"45.03122000","longitude":"20.86566000"},"vlajkovac":{"id":97436,"name":"Vlajkovac","latitude":"45.07207000","longitude":"21.19945000"},"vr\u0161ac":{"id":97444,"name":"Vr\u0161ac","latitude":"45.11667000","longitude":"21.30361000"}}},"srem":{"id":3740,"name":"Srem","state_code":"07","latitude":"45.00291710","longitude":"19.80137730","type":"district","cities":{"belegi\u0161":{"id":97169,"name":"Belegi\u0161","latitude":"45.01920000","longitude":"20.33323000"},"be\u0161ka":{"id":97175,"name":"Be\u0161ka","latitude":"45.13092000","longitude":"20.06698000"},"bosut":{"id":97183,"name":"Bosut","latitude":"44.92977000","longitude":"19.36086000"},"bu\u0111anovci":{"id":97188,"name":"Bu\u0111anovci","latitude":"44.89388000","longitude":"19.86344000"},"\u010cortanovci":{"id":97463,"name":"\u010cortanovci","latitude":"45.15460000","longitude":"20.01851000"},"golubinci":{"id":97211,"name":"Golubinci","latitude":"44.98533000","longitude":"20.06339000"},"grabovci":{"id":97216,"name":"Grabovci","latitude":"44.76496000","longitude":"19.84489000"},"hrtkovci":{"id":97220,"name":"Hrtkovci","latitude":"44.88155000","longitude":"19.76374000"},"in\u0111ija":{"id":97223,"name":"In\u0111ija","latitude":"45.04816000","longitude":"20.08165000"},"irig":{"id":97224,"name":"Irig","latitude":"45.05230000","longitude":"19.84448000"},"jarak":{"id":97230,"name":"Jarak","latitude":"44.91843000","longitude":"19.75477000"},"klenak":{"id":97244,"name":"Klenak","latitude":"44.78846000","longitude":"19.71004000"},"kr\u010dedin":{"id":97262,"name":"Kr\u010dedin","latitude":"45.13871000","longitude":"20.13308000"},"ljukovo":{"id":97278,"name":"Ljukovo","latitude":"45.02604000","longitude":"20.02737000"},"ma\u010dvanskamitrovica":{"id":97290,"name":"Ma\u010dvanska Mitrovica","latitude":"44.96739000","longitude":"19.59314000"},"nikinci":{"id":97303,"name":"Nikinci","latitude":"44.85017000","longitude":"19.82321000"},"novapazova":{"id":97308,"name":"Nova Pazova","latitude":"44.94366000","longitude":"20.21931000"},"novibanovci":{"id":97309,"name":"Novi Banovci","latitude":"44.95691000","longitude":"20.28076000"},"novikarlovci":{"id":97311,"name":"Novi Karlovci","latitude":"45.07636000","longitude":"20.17948000"},"novislankamen":{"id":97316,"name":"Novi Slankamen","latitude":"45.12554000","longitude":"20.23914000"},"pe\u0107inci":{"id":97336,"name":"Pe\u0107inci","latitude":"44.90889000","longitude":"19.96639000"},"plati\u010devo":{"id":97339,"name":"Plati\u010devo","latitude":"44.82213000","longitude":"19.79487000"},"putinci":{"id":97350,"name":"Putinci","latitude":"44.99259000","longitude":"19.97102000"},"radenkovi\u0107":{"id":97353,"name":"Radenkovi\u0107","latitude":"44.92191000","longitude":"19.49543000"},"ravnje":{"id":97359,"name":"Ravnje","latitude":"44.94326000","longitude":"19.42280000"},"ruma":{"id":97364,"name":"Ruma","latitude":"45.00806000","longitude":"19.82222000"},"sala\u0161no\u0107ajski":{"id":97372,"name":"Sala\u0161 No\u0107ajski","latitude":"44.94722000","longitude":"19.58611000"},"\u0160a\u0161inci":{"id":97467,"name":"\u0160a\u0161inci","latitude":"44.96514000","longitude":"19.74151000"},"\u0160id":{"id":155085,"name":"\u0160id","latitude":"45.14969220","longitude":"19.12844990"},"\u0160imanovci":{"id":97470,"name":"\u0160imanovci","latitude":"44.87393000","longitude":"20.09175000"},"sremskamitrovica":{"id":97388,"name":"Sremska Mitrovica","latitude":"44.97639000","longitude":"19.61222000"},"starapazova":{"id":97395,"name":"Stara Pazova","latitude":"44.98500000","longitude":"20.16083000"},"staribanovci":{"id":97396,"name":"Stari Banovci","latitude":"44.98420000","longitude":"20.28382000"},"surduk":{"id":97403,"name":"Surduk","latitude":"45.07118000","longitude":"20.32510000"},"vi\u0161nji\u0107evo":{"id":97433,"name":"Vi\u0161nji\u0107evo","latitude":"44.96731000","longitude":"19.28993000"},"vojka":{"id":97437,"name":"Vojka","latitude":"44.93713000","longitude":"20.15236000"},"vrdnik":{"id":97442,"name":"Vrdnik","latitude":"45.12174000","longitude":"19.79227000"}}},"\u0160umadija":{"id":3734,"name":"\u0160umadija","state_code":"12","latitude":"44.20506780","longitude":"20.78565650","type":"district","cities":{"aran\u0111elovac":{"id":97147,"name":"Aran\u0111elovac","latitude":"44.30694000","longitude":"20.56000000"},"bato\u010dina":{"id":155086,"name":"Bato\u010dina","latitude":"44.15465720","longitude":"21.02491300"},"kni\u0107":{"id":155087,"name":"Kni\u0107","latitude":"43.92755740","longitude":"20.67905830"},"kragujevac":{"id":97256,"name":"Kragujevac","latitude":"44.01667000","longitude":"20.91667000"},"lapovo":{"id":97269,"name":"Lapovo","latitude":"44.18424000","longitude":"21.09727000"},"ra\u010da":{"id":155088,"name":"Ra\u010da","latitude":"44.23344940","longitude":"20.96074500"},"sokolovobrdo":{"id":97385,"name":"Sokolovo Brdo","latitude":"43.13694000","longitude":"19.80556000"},"topola":{"id":155089,"name":"Topola","latitude":"44.25204890","longitude":"20.66863050"}}},"toplica":{"id":3718,"name":"Toplica","state_code":"21","latitude":"43.19065920","longitude":"21.34077620","type":"district","cities":{"blace":{"id":155090,"name":"Blace","latitude":"43.29874190","longitude":"21.24844850"},"\u00d0uri\u0107i":{"id":97452,"name":"\u00d0uri\u0107i","latitude":"43.82533000","longitude":"19.41233000"},"kupinovo":{"id":97265,"name":"Kupinovo","latitude":"44.70708000","longitude":"20.04959000"},"kur\u0161umlija":{"id":155092,"name":"Kur\u0161umlija","latitude":"43.13784280","longitude":"21.24309210"},"prokuplje":{"id":97349,"name":"Prokuplje","latitude":"43.23417000","longitude":"21.58806000"},"\u017ditora\u0111a":{"id":155091,"name":"\u017ditora\u0111a","latitude":"43.18492750","longitude":"21.61641320"}}},"vojvodina":{"id":3733,"name":"Vojvodina","state_code":"VO","latitude":"45.26086510","longitude":"19.83193380","type":"province"},"westba\u010dka":{"id":3726,"name":"West Ba\u010dka","state_code":"05","latitude":"45.73553850","longitude":"19.18973640","type":"district","cities":{"apatin":{"id":97145,"name":"Apatin","latitude":"45.67260000","longitude":"18.97800000"},"ba\u010dkibreg":{"id":97163,"name":"Ba\u010dki Breg","latitude":"45.92034000","longitude":"18.92944000"},"bogojevo":{"id":97178,"name":"Bogojevo","latitude":"45.53015000","longitude":"19.13022000"},"doroslovo":{"id":97198,"name":"Doroslovo","latitude":"45.60699000","longitude":"19.18868000"},"gakovo":{"id":97206,"name":"Gakovo","latitude":"45.90078000","longitude":"19.06138000"},"kolut":{"id":97249,"name":"Kolut","latitude":"45.89292000","longitude":"18.92760000"},"kula":{"id":155093,"name":"Kula","latitude":"45.60706310","longitude":"19.46056640"},"kupusina":{"id":97266,"name":"Kupusina","latitude":"45.73759000","longitude":"19.01082000"},"od\u017eaci":{"id":155094,"name":"Od\u017eaci","latitude":"45.50206560","longitude":"19.20487140"},"prigrevica":{"id":97345,"name":"Prigrevica","latitude":"45.67636000","longitude":"19.08809000"},"ri\u0111ica":{"id":97363,"name":"Ri\u0111ica","latitude":"45.99088000","longitude":"19.10635000"},"sombor":{"id":97386,"name":"Sombor","latitude":"45.77417000","longitude":"19.11222000"},"sonta":{"id":97387,"name":"Sonta","latitude":"45.59427000","longitude":"19.09719000"},"stani\u0161i\u0107":{"id":97394,"name":"Stani\u0161i\u0107","latitude":"45.93895000","longitude":"19.16709000"}}},"zaje\u010dar":{"id":3731,"name":"Zaje\u010dar","state_code":"15","latitude":"43.90150480","longitude":"22.27380110","type":"district","cities":{"boljevac":{"id":155095,"name":"Boljevac","latitude":"43.83114320","longitude":"21.92158620"},"boljevci":{"id":97181,"name":"Boljevci","latitude":"44.72355000","longitude":"20.22348000"},"knjazevac":{"id":97247,"name":"Knjazevac","latitude":"43.56634000","longitude":"22.25701000"},"sokobanja":{"id":155096,"name":"Sokobanja","latitude":"43.63431460","longitude":"21.82442590"},"zaje\u010dar":{"id":97445,"name":"Zaje\u010dar","latitude":"43.69917000","longitude":"21.98778000"}}},"zlatibor":{"id":3729,"name":"Zlatibor","state_code":"16","latitude":"43.64541700","longitude":"19.71014550","type":"district","cities":{"arilje":{"id":97148,"name":"Arilje","latitude":"43.75306000","longitude":"20.09556000"},"bajinaba\u0161ta":{"id":97150,"name":"Bajina Ba\u0161ta","latitude":"43.97083000","longitude":"19.56750000"},"\u010cajetina":{"id":155103,"name":"\u010cajetina","latitude":"43.74970820","longitude":"19.69326120"},"kosjeri\u0107":{"id":155097,"name":"Kosjeri\u0107","latitude":"43.99992150","longitude":"19.89156760"},"novavaro\u0161":{"id":155098,"name":"Nova Varo\u0161","latitude":"43.46568110","longitude":"19.76736470"},"osje\u010denik":{"id":97324,"name":"Osje\u010denik","latitude":"43.14528000","longitude":"19.85889000"},"po\u017eega":{"id":155099,"name":"Po\u017eega","latitude":"43.84033580","longitude":"19.99691900"},"priboj":{"id":155100,"name":"Priboj","latitude":"43.56819680","longitude":"19.50779210"},"prijepolje":{"id":155101,"name":"Prijepolje","latitude":"43.38947300","longitude":"19.59898640"},"sjenica":{"id":155102,"name":"Sjenica","latitude":"43.26679670","longitude":"19.92726520"},"u\u017eice":{"id":97424,"name":"U\u017eice","latitude":"43.85861000","longitude":"19.84878000"}}}}}