{"id":196,"name":"Serbia","iso3":"SRB","iso2":"RS","numeric_code":"688","phone_code":"381","capital":"Belgrade","currency":"RSD","currency_name":"Serbian dinar","currency_symbol":"din","tld":".rs","native":"\u0421\u0440\u0431\u0438\u0458\u0430","region":"Europe","region_id":"4","subregion":"Southern Europe","subregion_id":"16","nationality":"Serbian","timezones":[{"zoneName":"Europe/Belgrade","gmtOffset":3600,"gmtOffsetName":"UTC+01:00","abbreviation":"CET","tzName":"Central European Time"}],"translations":{"kr":"\uc138\ub974\ube44\uc544","pt-BR":"S\u00e9rvia","pt":"S\u00e9rvia","nl":"Servi\u00eb","hr":"Srbija","fa":"\u0635\u0631\u0628\u0633\u062a\u0627\u0646","de":"Serbien","es":"Serbia","fr":"Serbie","ja":"\u30bb\u30eb\u30d3\u30a2","it":"Serbia","cn":"\u585e\u5c14\u7ef4\u4e9a","tr":"Sirbistan"},"latitude":"44.00000000","longitude":"21.00000000","emoji":"\ud83c\uddf7\ud83c\uddf8","emojiU":"U+1F1F7 U+1F1F8","states":{"belgrade":{"id":3728,"name":"Belgrade","state_code":"00","latitude":"44.78656800","longitude":"20.44892160","type":null},"bordistrict":{"id":3717,"name":"Bor District","state_code":"14","latitude":"44.06989180","longitude":"22.09850860","type":null},"brani\u010devodistrict":{"id":3732,"name":"Brani\u010devo District","state_code":"11","latitude":"44.69822460","longitude":"21.54467750","type":null},"centralbanatdistrict":{"id":3716,"name":"Central Banat District","state_code":"02","latitude":"45.47884850","longitude":"20.60825220","type":null,"cities":{"aran\u0111elovac":{"id":97147,"name":"Aran\u0111elovac","latitude":"44.30694000","longitude":"20.56000000"},"arilje":{"id":97148,"name":"Arilje","latitude":"43.75306000","longitude":"20.09556000"},"badovinci":{"id":97149,"name":"Badovinci","latitude":"44.78534000","longitude":"19.37146000"},"bajinaba\u0161ta":{"id":97150,"name":"Bajina Ba\u0161ta","latitude":"43.97083000","longitude":"19.56750000"},"banovopolje":{"id":97157,"name":"Banovo Polje","latitude":"44.91040000","longitude":"19.44916000"},"bari\u010d":{"id":97160,"name":"Bari\u010d","latitude":"44.65070000","longitude":"20.25941000"},"be\u010dmen":{"id":97174,"name":"Be\u010dmen","latitude":"44.77983000","longitude":"20.20577000"},"belgrade":{"id":97170,"name":"Belgrade","latitude":"44.80401000","longitude":"20.46513000"},"beloti\u0107":{"id":97172,"name":"Beloti\u0107","latitude":"44.81782000","longitude":"19.54801000"},"bilja\u010da":{"id":97176,"name":"Bilja\u010da","latitude":"42.35518000","longitude":"21.74781000"},"bogati\u0107":{"id":97177,"name":"Bogati\u0107","latitude":"44.83750000","longitude":"19.48056000"},"bogosavac":{"id":97179,"name":"Bogosavac","latitude":"44.71799000","longitude":"19.59533000"},"boljevci":{"id":97181,"name":"Boljevci","latitude":"44.72355000","longitude":"20.22348000"},"bor":{"id":97182,"name":"Bor","latitude":"44.36667000","longitude":"22.25000000"},"brdarica":{"id":97186,"name":"Brdarica","latitude":"44.55376000","longitude":"19.77150000"},"bukor":{"id":97187,"name":"Bukor","latitude":"44.49523000","longitude":"19.57116000"},"\u010ca\u010dak":{"id":97457,"name":"\u010ca\u010dak","latitude":"43.89139000","longitude":"20.34972000"},"\u010cajetina":{"id":97456,"name":"\u010cajetina","latitude":"43.74977000","longitude":"19.71273000"},"\u0106i\u0107evac":{"id":97454,"name":"\u0106i\u0107evac","latitude":"43.71882000","longitude":"21.44085000"},"\u010coke\u0161ina":{"id":97462,"name":"\u010coke\u0161ina","latitude":"44.65319000","longitude":"19.39016000"},"crnabara":{"id":97190,"name":"Crna Bara","latitude":"44.87374000","longitude":"19.39480000"},"\u0106uprija":{"id":97455,"name":"\u0106uprija","latitude":"43.92750000","longitude":"21.37000000"},"dobanovci":{"id":97193,"name":"Dobanovci","latitude":"44.82631000","longitude":"20.22487000"},"dobri\u0107":{"id":97195,"name":"Dobri\u0107","latitude":"44.70224000","longitude":"19.57931000"},"donjidobri\u0107":{"id":97196,"name":"Donji Dobri\u0107","latitude":"44.61183000","longitude":"19.33109000"},"donjimilanovac":{"id":97197,"name":"Donji Milanovac","latitude":"44.46593000","longitude":"22.15170000"},"draginje":{"id":97199,"name":"Draginje","latitude":"44.53302000","longitude":"19.76250000"},"drenovac":{"id":97200,"name":"Drenovac","latitude":"44.86649000","longitude":"19.70943000"},"dublje":{"id":97201,"name":"Dublje","latitude":"44.80117000","longitude":"19.50902000"},"duboka":{"id":97202,"name":"Duboka","latitude":"44.52223000","longitude":"21.76030000"},"\u00d0uri\u0107i":{"id":97452,"name":"\u00d0uri\u0107i","latitude":"43.82533000","longitude":"19.41233000"},"glu\u0161ci":{"id":97209,"name":"Glu\u0161ci","latitude":"44.89021000","longitude":"19.54913000"},"golubac":{"id":97210,"name":"Golubac","latitude":"44.65296000","longitude":"21.63199000"},"gornjabukovica":{"id":97212,"name":"Gornja Bukovica","latitude":"44.33987000","longitude":"19.81368000"},"gornjimilanovac":{"id":97214,"name":"Gornji Milanovac","latitude":"44.02603000","longitude":"20.46152000"},"grabovac":{"id":97215,"name":"Grabovac","latitude":"44.60049000","longitude":"20.08539000"},"jablanica":{"id":97226,"name":"Jablanica","latitude":"42.99528000","longitude":"21.91778000"},"jadranskale\u0161nica":{"id":97227,"name":"Jadranska Le\u0161nica","latitude":"44.59730000","longitude":"19.35209000"},"jagodina":{"id":97228,"name":"Jagodina","latitude":"43.97713000","longitude":"21.26121000"},"jarebice":{"id":97231,"name":"Jarebice","latitude":"44.53995000","longitude":"19.42418000"},"jelen\u010da":{"id":97235,"name":"Jelen\u010da","latitude":"44.72700000","longitude":"19.73500000"},"jevremovac":{"id":97237,"name":"Jevremovac","latitude":"44.72172000","longitude":"19.66364000"},"jo\u0161eva":{"id":97238,"name":"Jo\u0161eva","latitude":"44.58772000","longitude":"19.40967000"},"kamenica":{"id":97239,"name":"Kamenica","latitude":"44.34300000","longitude":"19.72333000"},"klenje":{"id":97245,"name":"Klenje","latitude":"44.80794000","longitude":"19.43508000"},"knjazevac":{"id":97247,"name":"Knjazevac","latitude":"43.56634000","longitude":"22.25701000"},"kolubara":{"id":97248,"name":"Kolubara","latitude":"44.26333000","longitude":"19.88750000"},"kozjak":{"id":97255,"name":"Kozjak","latitude":"44.58727000","longitude":"19.28412000"},"kragujevac":{"id":97256,"name":"Kragujevac","latitude":"44.01667000","longitude":"20.91667000"},"kraljevo":{"id":97258,"name":"Kraljevo","latitude":"43.72583000","longitude":"20.68944000"},"krivaja":{"id":97259,"name":"Krivaja","latitude":"44.55021000","longitude":"19.59153000"},"krupanj":{"id":97260,"name":"Krupanj","latitude":"44.36556000","longitude":"19.36194000"},"kru\u0161evac":{"id":97261,"name":"Kru\u0161evac","latitude":"43.58000000","longitude":"21.33389000"},"lagjaeposhtme":{"id":97268,"name":"Lagja e Poshtme","latitude":"42.38853000","longitude":"21.72971000"},"lapovo":{"id":97269,"name":"Lapovo","latitude":"44.18424000","longitude":"21.09727000"},"lazarevac":{"id":97270,"name":"Lazarevac","latitude":"44.38534000","longitude":"20.25570000"},"leskovac":{"id":97272,"name":"Leskovac","latitude":"42.99806000","longitude":"21.94611000"},"le\u0161nica":{"id":97273,"name":"Le\u0161nica","latitude":"44.65250000","longitude":"19.31000000"},"lipni\u010dki\u0160or":{"id":97274,"name":"Lipni\u010dki \u0160or","latitude":"44.58058000","longitude":"19.26572000"},"lipolist":{"id":97275,"name":"Lipolist","latitude":"44.69783000","longitude":"19.50101000"},"ljig":{"id":97276,"name":"Ljig","latitude":"44.23007000","longitude":"20.23819000"},"ljubovija":{"id":97277,"name":"Ljubovija","latitude":"44.18944000","longitude":"19.37667000"},"lugav\u010dina":{"id":97281,"name":"Lugav\u010dina","latitude":"44.52314000","longitude":"21.07083000"},"ma\u010dva":{"id":97289,"name":"Ma\u010dva","latitude":"44.61472000","longitude":"19.47222000"},"majdanpek":{"id":97284,"name":"Majdanpek","latitude":"44.42771000","longitude":"21.94596000"},"majur":{"id":97285,"name":"Majur","latitude":"44.77105000","longitude":"19.65512000"},"malamo\u0161tanica":{"id":97286,"name":"Mala Mo\u0161tanica","latitude":"44.63834000","longitude":"20.30600000"},"malizvornik":{"id":97287,"name":"Mali Zvornik","latitude":"44.37344000","longitude":"19.10651000"},"metkovi\u0107":{"id":97292,"name":"Metkovi\u0107","latitude":"44.85617000","longitude":"19.54654000"},"miratovac":{"id":97295,"name":"Miratovac","latitude":"42.25846000","longitude":"21.66456000"},"morava":{"id":97298,"name":"Morava","latitude":"43.80389000","longitude":"20.17806000"},"negotin":{"id":97301,"name":"Negotin","latitude":"44.22639000","longitude":"22.53083000"},"ni\u0161":{"id":97305,"name":"Ni\u0161","latitude":"43.32472000","longitude":"21.90333000"},"ni\u0161ava":{"id":97306,"name":"Ni\u0161ava","latitude":"43.32306000","longitude":"21.89444000"},"novipazar":{"id":97314,"name":"Novi Pazar","latitude":"43.13667000","longitude":"20.51222000"},"novoselo":{"id":97318,"name":"Novo Selo","latitude":"44.67041000","longitude":"19.34495000"},"obrenovac":{"id":97319,"name":"Obrenovac","latitude":"44.65486000","longitude":"20.20017000"},"ose\u010dina":{"id":97323,"name":"Ose\u010dina","latitude":"44.37306000","longitude":"19.60139000"},"osje\u010denik":{"id":97324,"name":"Osje\u010denik","latitude":"43.14528000","longitude":"19.85889000"},"ostru\u017enica":{"id":97326,"name":"Ostru\u017enica","latitude":"44.72769000","longitude":"20.31845000"},"ov\u010da":{"id":97327,"name":"Ov\u010da","latitude":"44.88349000","longitude":"20.53336000"},"para\u0107in":{"id":97331,"name":"Para\u0107in","latitude":"43.86083000","longitude":"21.40778000"},"p\u010dinja":{"id":97351,"name":"P\u010dinja","latitude":"42.56278000","longitude":"21.88250000"},"petkovica":{"id":97334,"name":"Petkovica","latitude":"44.66627000","longitude":"19.43923000"},"pirot":{"id":97337,"name":"Pirot","latitude":"43.17528000","longitude":"22.59278000"},"pocerskipri\u010dinovi\u0107":{"id":97340,"name":"Pocerski Pri\u010dinovi\u0107","latitude":"44.72222000","longitude":"19.70722000"},"podunavljedistrict":{"id":97341,"name":"Podunavlje District","latitude":"44.48417000","longitude":"20.91167000"},"pomoravlje":{"id":97342,"name":"Pomoravlje","latitude":"43.93667000","longitude":"21.40222000"},"po\u017earevac":{"id":97343,"name":"Po\u017earevac","latitude":"44.62133000","longitude":"21.18782000"},"priboj":{"id":97344,"name":"Priboj","latitude":"43.58306000","longitude":"19.52519000"},"prijepolje":{"id":97346,"name":"Prijepolje","latitude":"43.38996000","longitude":"19.64870000"},"prislonica":{"id":97347,"name":"Prislonica","latitude":"43.95223000","longitude":"20.43521000"},"prnjavor":{"id":97348,"name":"Prnjavor","latitude":"44.70061000","longitude":"19.38695000"},"prokuplje":{"id":97349,"name":"Prokuplje","latitude":"43.23417000","longitude":"21.58806000"},"radenka":{"id":97352,"name":"Radenka","latitude":"44.58345000","longitude":"21.76469000"},"radovnica":{"id":97355,"name":"Radovnica","latitude":"42.43364000","longitude":"22.22861000"},"rajince":{"id":97356,"name":"Rajince","latitude":"42.37870000","longitude":"21.69591000"},"rasina":{"id":97357,"name":"Rasina","latitude":"43.55917000","longitude":"21.21472000"},"ra\u0161ka":{"id":97361,"name":"Ra\u0161ka","latitude":"43.26694000","longitude":"20.65278000"},"ribari":{"id":97362,"name":"Ribari","latitude":"44.70961000","longitude":"19.42472000"},"rumska":{"id":97366,"name":"Rumska","latitude":"44.57261000","longitude":"19.58988000"},"ru\u0161anj":{"id":97368,"name":"Ru\u0161anj","latitude":"44.68477000","longitude":"20.44993000"},"\u0160abac":{"id":97465,"name":"\u0160abac","latitude":"44.74667000","longitude":"19.69000000"},"sala\u0161crnobarski":{"id":97371,"name":"Sala\u0161 Crnobarski","latitude":"44.82843000","longitude":"19.39437000"},"samoljica":{"id":97373,"name":"Samoljica","latitude":"42.38445000","longitude":"21.73708000"},"\u0160evarice":{"id":97468,"name":"\u0160evarice","latitude":"44.86704000","longitude":"19.66006000"},"\u0160evica":{"id":97469,"name":"\u0160evica","latitude":"44.50883000","longitude":"21.72296000"},"sino\u0161evi\u0107":{"id":97380,"name":"Sino\u0161evi\u0107","latitude":"44.61503000","longitude":"19.63601000"},"sjenica":{"id":97381,"name":"Sjenica","latitude":"43.27306000","longitude":"19.99944000"},"smederevo":{"id":97382,"name":"Smederevo","latitude":"44.66436000","longitude":"20.92763000"},"smederevskapalanka":{"id":97383,"name":"Smederevska Palanka","latitude":"44.36548000","longitude":"20.95885000"},"sokolovica":{"id":97384,"name":"Sokolovica","latitude":"43.21528000","longitude":"20.31556000"},"sokolovobrdo":{"id":97385,"name":"Sokolovo Brdo","latitude":"43.13694000","longitude":"19.80556000"},"srem\u010dica":{"id":97390,"name":"Srem\u010dica","latitude":"44.67653000","longitude":"20.39232000"},"stepojevac":{"id":97399,"name":"Stepojevac","latitude":"44.51278000","longitude":"20.29500000"},"\u0160titar":{"id":97471,"name":"\u0160titar","latitude":"44.79415000","longitude":"19.59529000"},"stubline":{"id":97400,"name":"Stubline","latitude":"44.57476000","longitude":"20.13477000"},"\u0160umadija":{"id":97472,"name":"\u0160umadija","latitude":"44.00222000","longitude":"20.91778000"},"sumulic\u00eb":{"id":97402,"name":"Sumulic\u00eb","latitude":"42.38682000","longitude":"21.73400000"},"sur\u010din":{"id":97404,"name":"Sur\u010din","latitude":"44.79306000","longitude":"20.28028000"},"tabanovi\u0107":{"id":97406,"name":"Tabanovi\u0107","latitude":"44.82018000","longitude":"19.64128000"},"toplica":{"id":97412,"name":"Toplica","latitude":"43.14194000","longitude":"21.27806000"},"tr\u0161i\u0107":{"id":97416,"name":"Tr\u0161i\u0107","latitude":"44.49502000","longitude":"19.26490000"},"trstenik":{"id":97415,"name":"Trstenik","latitude":"43.61694000","longitude":"21.00250000"},"turija":{"id":97417,"name":"Turija","latitude":"44.52273000","longitude":"21.63945000"},"tutin":{"id":97418,"name":"Tutin","latitude":"42.99028000","longitude":"20.33139000"},"ugrinovci":{"id":97419,"name":"Ugrinovci","latitude":"44.87635000","longitude":"20.18763000"},"umka":{"id":97421,"name":"Umka","latitude":"44.67806000","longitude":"20.30472000"},"u\u017eice":{"id":97424,"name":"U\u017eice","latitude":"43.85861000","longitude":"19.84878000"},"uzve\u0107e":{"id":97423,"name":"Uzve\u0107e","latitude":"44.87861000","longitude":"19.60356000"},"valjevo":{"id":97425,"name":"Valjevo","latitude":"44.27513000","longitude":"19.89821000"},"varna":{"id":97426,"name":"Varna","latitude":"44.67914000","longitude":"19.65150000"},"velikamo\u0161tanica":{"id":97428,"name":"Velika Mo\u0161tanica","latitude":"44.66486000","longitude":"20.35395000"},"vladimirci":{"id":97434,"name":"Vladimirci","latitude":"44.61472000","longitude":"19.78528000"},"vrani\u0107":{"id":97439,"name":"Vrani\u0107","latitude":"44.60237000","longitude":"20.32872000"},"vranje":{"id":97440,"name":"Vranje","latitude":"42.55139000","longitude":"21.90028000"},"vrnja\u010dkabanja":{"id":97443,"name":"Vrnja\u010dka Banja","latitude":"43.62725000","longitude":"20.89634000"},"zaje\u010dar":{"id":97445,"name":"Zaje\u010dar","latitude":"43.69917000","longitude":"21.98778000"},"zemun":{"id":97446,"name":"Zemun","latitude":"44.84580000","longitude":"20.40116000"},"zlatibor":{"id":97447,"name":"Zlatibor","latitude":"43.72900000","longitude":"19.70029000"},"zminjak":{"id":97449,"name":"Zminjak","latitude":"44.75711000","longitude":"19.47070000"},"\u017dujince":{"id":97475,"name":"\u017dujince","latitude":"42.31568000","longitude":"21.70212000"},"zve\u010dka":{"id":97451,"name":"Zve\u010dka","latitude":"44.64025000","longitude":"20.16432000"}}},"jablanicadistrict":{"id":3715,"name":"Jablanica District","state_code":"23","latitude":"42.94815600","longitude":"21.81293210","type":null},"kolubaradistrict":{"id":3724,"name":"Kolubara District","state_code":"09","latitude":"44.35098110","longitude":"20.00043050","type":null},"ma\u010dvadistrict":{"id":3719,"name":"Ma\u010dva District","state_code":"08","latitude":"44.59253140","longitude":"19.50822460","type":null},"moravicadistrict":{"id":3727,"name":"Moravica District","state_code":"17","latitude":"43.84147000","longitude":"20.29049870","type":null},"ni\u0161avadistrict":{"id":3722,"name":"Ni\u0161ava District","state_code":"20","latitude":"43.37389020","longitude":"21.93223310","type":null},"northba\u010dkadistrict":{"id":3714,"name":"North Ba\u010dka District","state_code":"01","latitude":"45.98033940","longitude":"19.59070010","type":null},"northbanatdistrict":{"id":3736,"name":"North Banat District","state_code":"03","latitude":"45.90683900","longitude":"19.99934170","type":null},"p\u010dinjadistrict":{"id":3721,"name":"P\u010dinja District","state_code":"24","latitude":"42.58363620","longitude":"22.14302150","type":null},"pirotdistrict":{"id":3712,"name":"Pirot District","state_code":"22","latitude":"43.08740360","longitude":"22.59830440","type":null},"podunavljedistrict":{"id":3741,"name":"Podunavlje District","state_code":"10","latitude":"44.47291560","longitude":"20.99014260","type":null},"pomoravljedistrict":{"id":3737,"name":"Pomoravlje District","state_code":"13","latitude":"43.95913790","longitude":"21.27135300","type":null},"rasinadistrict":{"id":3720,"name":"Rasina District","state_code":"19","latitude":"43.52635250","longitude":"21.15881780","type":null},"ra\u0161kadistrict":{"id":3725,"name":"Ra\u0161ka District","state_code":"18","latitude":"43.33734610","longitude":"20.57340050","type":null},"southba\u010dkadistrict":{"id":3711,"name":"South Ba\u010dka District","state_code":"06","latitude":"45.48903440","longitude":"19.69761870","type":null},"southbanatdistrict":{"id":3713,"name":"South Banat District","state_code":"04","latitude":"45.00274570","longitude":"21.05425090","type":null},"sremdistrict":{"id":3740,"name":"Srem District","state_code":"07","latitude":"45.00291710","longitude":"19.80137730","type":null},"\u0160umadijadistrict":{"id":3734,"name":"\u0160umadija District","state_code":"12","latitude":"44.20506780","longitude":"20.78565650","type":null},"toplicadistrict":{"id":3718,"name":"Toplica District","state_code":"21","latitude":"43.19065920","longitude":"21.34077620","type":null},"vojvodina":{"id":3733,"name":"Vojvodina","state_code":"VO","latitude":"45.26086510","longitude":"19.83193380","type":null,"cities":{"adorjan":{"id":97142,"name":"Adorjan","latitude":"46.00333000","longitude":"20.04007000"},"aleksandrovo":{"id":97143,"name":"Aleksandrovo","latitude":"45.63755000","longitude":"20.59288000"},"alibunar":{"id":97144,"name":"Alibunar","latitude":"45.08083000","longitude":"20.96583000"},"apatin":{"id":97145,"name":"Apatin","latitude":"45.67260000","longitude":"18.97800000"},"aradac":{"id":97146,"name":"Aradac","latitude":"45.38346000","longitude":"20.30137000"},"ba\u010dkapalanka":{"id":97161,"name":"Ba\u010dka Palanka","latitude":"45.24966000","longitude":"19.39664000"},"ba\u010dkatopola":{"id":97162,"name":"Ba\u010dka Topola","latitude":"45.81516000","longitude":"19.63180000"},"ba\u010dkibreg":{"id":97163,"name":"Ba\u010dki Breg","latitude":"45.92034000","longitude":"18.92944000"},"ba\u010dkipetrovac":{"id":97164,"name":"Ba\u010dki Petrovac","latitude":"45.36056000","longitude":"19.59167000"},"ba\u010dkogradi\u0161te":{"id":97165,"name":"Ba\u010dko Gradi\u0161te","latitude":"45.53271000","longitude":"20.03082000"},"ba\u010dkopetrovoselo":{"id":97166,"name":"Ba\u010dko Petrovo Selo","latitude":"45.70681000","longitude":"20.07928000"},"banatskatopola":{"id":97151,"name":"Banatska Topola","latitude":"45.67248000","longitude":"20.46530000"},"banatskidespotovac":{"id":97152,"name":"Banatski Despotovac","latitude":"45.36606000","longitude":"20.66407000"},"banatskidvor":{"id":97153,"name":"Banatski Dvor","latitude":"45.51866000","longitude":"20.51146000"},"banatskikarlovac":{"id":97154,"name":"Banatski Karlovac","latitude":"45.04987000","longitude":"21.01800000"},"banatskokara\u0111or\u0111evo":{"id":97155,"name":"Banatsko Kara\u0111or\u0111evo","latitude":"45.58693000","longitude":"20.56421000"},"banatskovelikoselo":{"id":97156,"name":"Banatsko Veliko Selo","latitude":"45.81961000","longitude":"20.60772000"},"baranda":{"id":97158,"name":"Baranda","latitude":"45.08459000","longitude":"20.44264000"},"barice":{"id":97159,"name":"Barice","latitude":"45.18189000","longitude":"21.08279000"},"ba\u0161aid":{"id":97167,"name":"Ba\u0161aid","latitude":"45.64102000","longitude":"20.41434000"},"be\u010dej":{"id":97173,"name":"Be\u010dej","latitude":"45.61632000","longitude":"20.03331000"},"belacrkva":{"id":97168,"name":"Bela Crkva","latitude":"44.89750000","longitude":"21.41722000"},"belegi\u0161":{"id":97169,"name":"Belegi\u0161","latitude":"45.01920000","longitude":"20.33323000"},"beloblato":{"id":97171,"name":"Belo Blato","latitude":"45.27278000","longitude":"20.37500000"},"be\u0161ka":{"id":97175,"name":"Be\u0161ka","latitude":"45.13092000","longitude":"20.06698000"},"bo\u010dar":{"id":97185,"name":"Bo\u010dar","latitude":"45.76994000","longitude":"20.28390000"},"bogojevo":{"id":97178,"name":"Bogojevo","latitude":"45.53015000","longitude":"19.13022000"},"boka":{"id":97180,"name":"Boka","latitude":"45.35540000","longitude":"20.82987000"},"bosut":{"id":97183,"name":"Bosut","latitude":"44.92977000","longitude":"19.36086000"},"boto\u0161":{"id":97184,"name":"Boto\u0161","latitude":"45.30837000","longitude":"20.63514000"},"bu\u0111anovci":{"id":97188,"name":"Bu\u0111anovci","latitude":"44.89388000","longitude":"19.86344000"},"\u010celarevo":{"id":97458,"name":"\u010celarevo","latitude":"45.26999000","longitude":"19.52484000"},"\u010centa":{"id":97459,"name":"\u010centa","latitude":"45.10814000","longitude":"20.38947000"},"\u010cestereg":{"id":97460,"name":"\u010cestereg","latitude":"45.56361000","longitude":"20.53194000"},"\u010coka":{"id":97461,"name":"\u010coka","latitude":"45.94250000","longitude":"20.14333000"},"\u010cortanovci":{"id":97463,"name":"\u010cortanovci","latitude":"45.15460000","longitude":"20.01851000"},"crepaja":{"id":97189,"name":"Crepaja","latitude":"45.00984000","longitude":"20.63702000"},"\u010curug":{"id":97464,"name":"\u010curug","latitude":"45.47221000","longitude":"20.06861000"},"debelja\u010da":{"id":97191,"name":"Debelja\u010da","latitude":"45.07070000","longitude":"20.60153000"},"despotovo":{"id":97192,"name":"Despotovo","latitude":"45.45983000","longitude":"19.52653000"},"dobrica":{"id":97194,"name":"Dobrica","latitude":"45.21339000","longitude":"20.84995000"},"doroslovo":{"id":97198,"name":"Doroslovo","latitude":"45.60699000","longitude":"19.18868000"},"\u00d0ur\u0111evo":{"id":97453,"name":"\u00d0ur\u0111evo","latitude":"45.32591000","longitude":"20.06532000"},"e\u010dka":{"id":97204,"name":"E\u010dka","latitude":"45.32328000","longitude":"20.44294000"},"elemir":{"id":97203,"name":"Elemir","latitude":"45.44263000","longitude":"20.30003000"},"farka\u017edin":{"id":97205,"name":"Farka\u017edin","latitude":"45.19172000","longitude":"20.47239000"},"gakovo":{"id":97206,"name":"Gakovo","latitude":"45.90078000","longitude":"19.06138000"},"gardinovci":{"id":97207,"name":"Gardinovci","latitude":"45.20359000","longitude":"20.13558000"},"glo\u017ean":{"id":97208,"name":"Glo\u017ean","latitude":"45.27954000","longitude":"19.56838000"},"golubinci":{"id":97211,"name":"Golubinci","latitude":"44.98533000","longitude":"20.06339000"},"gornjibreg":{"id":97213,"name":"Gornji Breg","latitude":"45.91995000","longitude":"20.01766000"},"grabovci":{"id":97216,"name":"Grabovci","latitude":"44.76496000","longitude":"19.84489000"},"gudurica":{"id":97217,"name":"Gudurica","latitude":"45.16816000","longitude":"21.44264000"},"hajdu\u010dica":{"id":97218,"name":"Hajdu\u010dica","latitude":"45.25010000","longitude":"20.96016000"},"hetin":{"id":97219,"name":"Hetin","latitude":"45.66202000","longitude":"20.79138000"},"hrtkovci":{"id":97220,"name":"Hrtkovci","latitude":"44.88155000","longitude":"19.76374000"},"idvor":{"id":97221,"name":"Idvor","latitude":"45.18895000","longitude":"20.51442000"},"iland\u017ea":{"id":97222,"name":"Iland\u017ea","latitude":"45.16897000","longitude":"20.92008000"},"in\u0111ija":{"id":97223,"name":"In\u0111ija","latitude":"45.04816000","longitude":"20.08165000"},"irig":{"id":97224,"name":"Irig","latitude":"45.05230000","longitude":"19.84448000"},"izbi\u0161te":{"id":97225,"name":"Izbi\u0161te","latitude":"45.02253000","longitude":"21.18388000"},"jano\u0161ik":{"id":97229,"name":"Jano\u0161ik","latitude":"45.17141000","longitude":"21.00658000"},"jarak":{"id":97230,"name":"Jarak","latitude":"44.91843000","longitude":"19.75477000"},"jarkovac":{"id":97232,"name":"Jarkovac","latitude":"45.26985000","longitude":"20.76078000"},"ja\u0161atomi\u0107":{"id":97234,"name":"Ja\u0161a Tomi\u0107","latitude":"45.44725000","longitude":"20.85546000"},"jazovo":{"id":97233,"name":"Jazovo","latitude":"45.89876000","longitude":"20.22130000"},"jermenovci":{"id":97236,"name":"Jermenovci","latitude":"45.18635000","longitude":"21.04550000"},"kanji\u017ea":{"id":97240,"name":"Kanji\u017ea","latitude":"46.06667000","longitude":"20.05000000"},"kikinda":{"id":97241,"name":"Kikinda","latitude":"45.82972000","longitude":"20.46528000"},"kisa\u010d":{"id":97242,"name":"Kisa\u010d","latitude":"45.35421000","longitude":"19.72975000"},"klek":{"id":97243,"name":"Klek","latitude":"45.42254000","longitude":"20.48049000"},"klenak":{"id":97244,"name":"Klenak","latitude":"44.78846000","longitude":"19.71004000"},"kni\u0107anin":{"id":97246,"name":"Kni\u0107anin","latitude":"45.18675000","longitude":"20.31900000"},"kolut":{"id":97249,"name":"Kolut","latitude":"45.89292000","longitude":"18.92760000"},"konak":{"id":97250,"name":"Konak","latitude":"45.31575000","longitude":"20.91468000"},"kova\u010dica":{"id":97251,"name":"Kova\u010dica","latitude":"45.11167000","longitude":"20.62139000"},"kovilj":{"id":97252,"name":"Kovilj","latitude":"45.23422000","longitude":"20.02327000"},"kovin":{"id":97253,"name":"Kovin","latitude":"44.74750000","longitude":"20.97611000"},"kozjak":{"id":97254,"name":"Kozjak","latitude":"45.18264000","longitude":"20.86381000"},"kraji\u0161nik":{"id":97257,"name":"Kraji\u0161nik","latitude":"45.45283000","longitude":"20.72976000"},"kr\u010dedin":{"id":97262,"name":"Kr\u010dedin","latitude":"45.13871000","longitude":"20.13308000"},"kulpin":{"id":97263,"name":"Kulpin","latitude":"45.40240000","longitude":"19.58814000"},"kumane":{"id":97264,"name":"Kumane","latitude":"45.53946000","longitude":"20.22902000"},"kupinovo":{"id":97265,"name":"Kupinovo","latitude":"44.70708000","longitude":"20.04959000"},"kupusina":{"id":97266,"name":"Kupusina","latitude":"45.73759000","longitude":"19.01082000"},"ku\u0161tilj":{"id":97267,"name":"Ku\u0161tilj","latitude":"45.03487000","longitude":"21.37989000"},"lazarevo":{"id":97271,"name":"Lazarevo","latitude":"45.38893000","longitude":"20.53999000"},"ljukovo":{"id":97278,"name":"Ljukovo","latitude":"45.02604000","longitude":"20.02737000"},"lok":{"id":97279,"name":"Lok","latitude":"45.21583000","longitude":"20.21222000"},"lokve":{"id":97280,"name":"Lokve","latitude":"45.15198000","longitude":"21.03073000"},"luki\u0107evo":{"id":97282,"name":"Luki\u0107evo","latitude":"45.33815000","longitude":"20.49895000"},"ma\u010dvanskamitrovica":{"id":97290,"name":"Ma\u010dvanska Mitrovica","latitude":"44.96739000","longitude":"19.59314000"},"magli\u0107":{"id":97283,"name":"Magli\u0107","latitude":"45.36248000","longitude":"19.53211000"},"margita":{"id":97288,"name":"Margita","latitude":"45.21598000","longitude":"21.17527000"},"me\u0111a":{"id":97293,"name":"Me\u0111a","latitude":"45.53815000","longitude":"20.80677000"},"melenci":{"id":97291,"name":"Melenci","latitude":"45.51680000","longitude":"20.31961000"},"mihajlovo":{"id":97294,"name":"Mihajlovo","latitude":"45.47085000","longitude":"20.41508000"},"mokrin":{"id":97296,"name":"Mokrin","latitude":"45.93362000","longitude":"20.41215000"},"mol":{"id":97297,"name":"Mol","latitude":"45.76457000","longitude":"20.13286000"},"mo\u0161orin":{"id":97299,"name":"Mo\u0161orin","latitude":"45.30196000","longitude":"20.16919000"},"nakovo":{"id":97300,"name":"Nakovo","latitude":"45.87503000","longitude":"20.56709000"},"neuzina":{"id":97302,"name":"Neuzina","latitude":"45.34460000","longitude":"20.71418000"},"nikinci":{"id":97303,"name":"Nikinci","latitude":"44.85017000","longitude":"19.82321000"},"nikolinci":{"id":97304,"name":"Nikolinci","latitude":"45.05245000","longitude":"21.06695000"},"novacrnja":{"id":97307,"name":"Nova Crnja","latitude":"45.66833000","longitude":"20.60500000"},"novapazova":{"id":97308,"name":"Nova Pazova","latitude":"44.94366000","longitude":"20.21931000"},"novibanovci":{"id":97309,"name":"Novi Banovci","latitude":"44.95691000","longitude":"20.28076000"},"noviitebej":{"id":97310,"name":"Novi Itebej","latitude":"45.55918000","longitude":"20.70030000"},"novikarlovci":{"id":97311,"name":"Novi Karlovci","latitude":"45.07636000","longitude":"20.17948000"},"novikne\u017eevac":{"id":97312,"name":"Novi Kne\u017eevac","latitude":"46.05000000","longitude":"20.10000000"},"novikozarci":{"id":97313,"name":"Novi Kozarci","latitude":"45.78241000","longitude":"20.62289000"},"novisad":{"id":97315,"name":"Novi Sad","latitude":"45.25167000","longitude":"19.83694000"},"novislankamen":{"id":97316,"name":"Novi Slankamen","latitude":"45.12554000","longitude":"20.23914000"},"novomilo\u0161evo":{"id":97317,"name":"Novo Milo\u0161evo","latitude":"45.71916000","longitude":"20.30364000"},"obrovac":{"id":97320,"name":"Obrovac","latitude":"45.32106000","longitude":"19.35048000"},"opovo":{"id":97321,"name":"Opovo","latitude":"45.05222000","longitude":"20.43028000"},"orlovat":{"id":97322,"name":"Orlovat","latitude":"45.24171000","longitude":"20.58089000"},"ostoji\u0107evo":{"id":97325,"name":"Ostoji\u0107evo","latitude":"45.88863000","longitude":"20.16642000"},"padej":{"id":97328,"name":"Padej","latitude":"45.82756000","longitude":"20.16279000"},"padina":{"id":97329,"name":"Padina","latitude":"45.11988000","longitude":"20.72860000"},"pan\u010devo":{"id":97330,"name":"Pan\u010devo","latitude":"44.87177000","longitude":"20.64167000"},"pavli\u0161":{"id":97332,"name":"Pavli\u0161","latitude":"45.10569000","longitude":"21.23952000"},"pe\u0107inci":{"id":97336,"name":"Pe\u0107inci","latitude":"44.90889000","longitude":"19.96639000"},"perlez":{"id":97333,"name":"Perlez","latitude":"45.20813000","longitude":"20.38197000"},"petrovaradin":{"id":97335,"name":"Petrovaradin","latitude":"45.24667000","longitude":"19.87944000"},"plandi\u0161te":{"id":97338,"name":"Plandi\u0161te","latitude":"45.22722000","longitude":"21.12167000"},"plati\u010devo":{"id":97339,"name":"Plati\u010devo","latitude":"44.82213000","longitude":"19.79487000"},"prigrevica":{"id":97345,"name":"Prigrevica","latitude":"45.67636000","longitude":"19.08809000"},"putinci":{"id":97350,"name":"Putinci","latitude":"44.99259000","longitude":"19.97102000"},"radenkovi\u0107":{"id":97353,"name":"Radenkovi\u0107","latitude":"44.92191000","longitude":"19.49543000"},"radojevo":{"id":97354,"name":"Radojevo","latitude":"45.74617000","longitude":"20.78917000"},"ravnitopolovac":{"id":97358,"name":"Ravni Topolovac","latitude":"45.46082000","longitude":"20.56939000"},"ravnje":{"id":97359,"name":"Ravnje","latitude":"44.94326000","longitude":"19.42280000"},"ravnoselo":{"id":97360,"name":"Ravno Selo","latitude":"45.44967000","longitude":"19.62097000"},"ri\u0111ica":{"id":97363,"name":"Ri\u0111ica","latitude":"45.99088000","longitude":"19.10635000"},"ruma":{"id":97364,"name":"Ruma","latitude":"45.00806000","longitude":"19.82222000"},"rumenka":{"id":97365,"name":"Rumenka","latitude":"45.29400000","longitude":"19.74306000"},"ruskoselo":{"id":97367,"name":"Rusko Selo","latitude":"45.76291000","longitude":"20.57117000"},"sajan":{"id":97369,"name":"Sajan","latitude":"45.84227000","longitude":"20.27815000"},"\u0160ajka\u0161":{"id":97466,"name":"\u0160ajka\u0161","latitude":"45.27315000","longitude":"20.09051000"},"sakule":{"id":97370,"name":"Sakule","latitude":"45.14667000","longitude":"20.48619000"},"sala\u0161no\u0107ajski":{"id":97372,"name":"Sala\u0161 No\u0107ajski","latitude":"44.94722000","longitude":"19.58611000"},"samo\u0161":{"id":97374,"name":"Samo\u0161","latitude":"45.20255000","longitude":"20.77392000"},"sanad":{"id":97375,"name":"Sanad","latitude":"45.97596000","longitude":"20.10816000"},"\u0160a\u0161inci":{"id":97467,"name":"\u0160a\u0161inci","latitude":"44.96514000","longitude":"19.74151000"},"se\u010danj":{"id":97379,"name":"Se\u010danj","latitude":"45.36667000","longitude":"20.77222000"},"sefkerin":{"id":97376,"name":"Sefkerin","latitude":"45.00501000","longitude":"20.48256000"},"seleu\u0161":{"id":97377,"name":"Seleu\u0161","latitude":"45.12770000","longitude":"20.91461000"},"senta":{"id":97378,"name":"Senta","latitude":"45.92750000","longitude":"20.07722000"},"\u0160imanovci":{"id":97470,"name":"\u0160imanovci","latitude":"44.87393000","longitude":"20.09175000"},"sombor":{"id":97386,"name":"Sombor","latitude":"45.77417000","longitude":"19.11222000"},"sonta":{"id":97387,"name":"Sonta","latitude":"45.59427000","longitude":"19.09719000"},"sremskamitrovica":{"id":97388,"name":"Sremska Mitrovica","latitude":"44.97639000","longitude":"19.61222000"},"sremskikarlovci":{"id":97389,"name":"Sremski Karlovci","latitude":"45.20285000","longitude":"19.93373000"},"srpskacrnja":{"id":97391,"name":"Srpska Crnja","latitude":"45.72538000","longitude":"20.69008000"},"srpskiitebej":{"id":97392,"name":"Srpski Itebej","latitude":"45.56715000","longitude":"20.71350000"},"staji\u0107evo":{"id":97393,"name":"Staji\u0107evo","latitude":"45.29489000","longitude":"20.45845000"},"stani\u0161i\u0107":{"id":97394,"name":"Stani\u0161i\u0107","latitude":"45.93895000","longitude":"19.16709000"},"starapazova":{"id":97395,"name":"Stara Pazova","latitude":"44.98500000","longitude":"20.16083000"},"staribanovci":{"id":97396,"name":"Stari Banovci","latitude":"44.98420000","longitude":"20.28382000"},"starilec":{"id":97397,"name":"Stari Lec","latitude":"45.28401000","longitude":"20.96433000"},"stepanovi\u0107evo":{"id":97398,"name":"Stepanovi\u0107evo","latitude":"45.41369000","longitude":"19.70000000"},"subotica":{"id":97401,"name":"Subotica","latitude":"46.10000000","longitude":"19.66667000"},"surduk":{"id":97403,"name":"Surduk","latitude":"45.07118000","longitude":"20.32510000"},"sutjeska":{"id":97405,"name":"Sutjeska","latitude":"45.38312000","longitude":"20.69620000"},"tara\u0161":{"id":97407,"name":"Tara\u0161","latitude":"45.46737000","longitude":"20.19867000"},"tiszahegyes":{"id":97408,"name":"Tiszahegyes","latitude":"45.82648000","longitude":"20.31791000"},"titel":{"id":97409,"name":"Titel","latitude":"45.20611000","longitude":"20.29444000"},"toba":{"id":97410,"name":"Toba","latitude":"45.68943000","longitude":"20.55714000"},"toma\u0161evac":{"id":97411,"name":"Toma\u0161evac","latitude":"45.26855000","longitude":"20.62272000"},"torak":{"id":97413,"name":"Torak","latitude":"45.50928000","longitude":"20.60900000"},"torda":{"id":97414,"name":"Torda","latitude":"45.58423000","longitude":"20.45900000"},"uljma":{"id":97420,"name":"Uljma","latitude":"45.04213000","longitude":"21.15393000"},"uzdin":{"id":97422,"name":"Uzdin","latitude":"45.20512000","longitude":"20.62342000"},"velikagreda":{"id":97427,"name":"Velika Greda","latitude":"45.24376000","longitude":"21.03498000"},"velikigaj":{"id":97429,"name":"Veliki Gaj","latitude":"45.28849000","longitude":"21.17057000"},"velikosredi\u0161te":{"id":97430,"name":"Veliko Sredi\u0161te","latitude":"45.17919000","longitude":"21.40353000"},"veternik":{"id":97431,"name":"Veternik","latitude":"45.25446000","longitude":"19.75880000"},"vilovo":{"id":97432,"name":"Vilovo","latitude":"45.24859000","longitude":"20.15521000"},"vi\u0161nji\u0107evo":{"id":97433,"name":"Vi\u0161nji\u0107evo","latitude":"44.96731000","longitude":"19.28993000"},"vladimirovac":{"id":97435,"name":"Vladimirovac","latitude":"45.03122000","longitude":"20.86566000"},"vlajkovac":{"id":97436,"name":"Vlajkovac","latitude":"45.07207000","longitude":"21.19945000"},"vojka":{"id":97437,"name":"Vojka","latitude":"44.93713000","longitude":"20.15236000"},"vojvodastepa":{"id":97438,"name":"Vojvoda Stepa","latitude":"45.68537000","longitude":"20.65536000"},"vrbas":{"id":97441,"name":"Vrbas","latitude":"45.57139000","longitude":"19.64083000"},"vrdnik":{"id":97442,"name":"Vrdnik","latitude":"45.12174000","longitude":"19.79227000"},"vr\u0161ac":{"id":97444,"name":"Vr\u0161ac","latitude":"45.11667000","longitude":"21.30361000"},"\u017dabalj":{"id":97473,"name":"\u017dabalj","latitude":"45.37222000","longitude":"20.06389000"},"\u017diti\u0161te":{"id":97474,"name":"\u017diti\u0161te","latitude":"45.48500000","longitude":"20.54972000"},"zmajevo":{"id":97448,"name":"Zmajevo","latitude":"45.45408000","longitude":"19.69050000"},"zrenjanin":{"id":97450,"name":"Zrenjanin","latitude":"45.38361000","longitude":"20.38194000"}}},"westba\u010dkadistrict":{"id":3726,"name":"West Ba\u010dka District","state_code":"05","latitude":"45.73553850","longitude":"19.18973640","type":null},"zaje\u010dardistrict":{"id":3731,"name":"Zaje\u010dar District","state_code":"15","latitude":"43.90150480","longitude":"22.27380110","type":null},"zlatibordistrict":{"id":3729,"name":"Zlatibor District","state_code":"16","latitude":"43.64541700","longitude":"19.71014550","type":null}}}