{"id":24,"name":"Benin","iso3":"BEN","iso2":"BJ","numeric_code":"204","phonecode":"229","capital":"Porto-Novo","currency":"XOF","currency_name":"West African CFA franc","currency_symbol":"CFA","tld":".bj","native":"B\u00e9nin","region":"Africa","region_id":1,"subregion":"Western Africa","subregion_id":3,"nationality":"Beninese, Beninois","timezones":[{"zoneName":"Africa/Porto-Novo","gmtOffset":3600,"gmtOffsetName":"UTC+01:00","abbreviation":"WAT","tzName":"West Africa Time"}],"translations":{"ko":"\ubca0\ub0c9","pt-BR":"Benin","pt":"Benim","nl":"Benin","hr":"Benin","fa":"\u0628\u0646\u06cc\u0646","de":"Benin","es":"Ben\u00edn","fr":"B\u00e9nin","ja":"\u30d9\u30ca\u30f3","it":"Benin","zh-CN":"\u8d1d\u5b81","tr":"Benin","ru":"\u0411\u0435\u043d\u0438\u043d","uk":"\u0411\u0435\u043d\u0456\u043d","pl":"Benin"},"latitude":"9.50000000","longitude":"2.25000000","emoji":"\ud83c\udde7\ud83c\uddef","emojiU":"U+1F1E7 U+1F1EF","states":{"alibori":{"id":3077,"name":"Alibori","state_code":"AL","latitude":"10.96810930","longitude":"2.77798130","type":"department","cities":{"banikoara":{"id":9782,"name":"Banikoara","latitude":"11.29845000","longitude":"2.43856000"},"kandi":{"id":9800,"name":"Kandi","latitude":"11.13417000","longitude":"2.93861000"},"malanville":{"id":9803,"name":"Malanville","latitude":"11.86819000","longitude":"3.38327000"}}},"atakora":{"id":3076,"name":"Atakora","state_code":"AK","latitude":"10.79549310","longitude":"1.67606910","type":"department","cities":{"guilmaro":{"id":9797,"name":"Guilmaro","latitude":"10.56583000","longitude":"1.72444000"},"natitingou":{"id":9804,"name":"Natitingou","latitude":"10.30416000","longitude":"1.37962000"},"tanguieta":{"id":9813,"name":"Tanguieta","latitude":"11.03621000","longitude":"1.41757000"}}},"atlantique":{"id":3079,"name":"Atlantique","state_code":"AQ","latitude":"6.65883910","longitude":"2.22366670","type":"department","cities":{"abomey-calavi":{"id":9780,"name":"Abomey-Calavi","latitude":"6.44852000","longitude":"2.35566000"},"allada":{"id":9781,"name":"Allada","latitude":"6.66547000","longitude":"2.15138000"},"h\u00e9vi\u00e9":{"id":9799,"name":"H\u00e9vi\u00e9","latitude":"6.41667000","longitude":"2.25000000"},"hinvi":{"id":9798,"name":"Hinvi","latitude":"6.76667000","longitude":"2.16667000"},"ouidah":{"id":9806,"name":"Ouidah","latitude":"6.36307000","longitude":"2.08506000"}}},"borgou":{"id":3078,"name":"Borgou","state_code":"BO","latitude":"9.53408640","longitude":"2.77798130","type":"department","cities":{"bemb\u00e8r\u00e8k\u00e8":{"id":9784,"name":"Bemb\u00e8r\u00e8k\u00e8","latitude":"10.22827000","longitude":"2.66335000"},"b\u00e9t\u00e9rou":{"id":9786,"name":"B\u00e9t\u00e9rou","latitude":"9.19916000","longitude":"2.25855000"},"nikki":{"id":9805,"name":"Nikki","latitude":"9.94009000","longitude":"3.21075000"},"parakou":{"id":9807,"name":"Parakou","latitude":"9.33716000","longitude":"2.63031000"},"tchaourou":{"id":9815,"name":"Tchaourou","latitude":"8.88649000","longitude":"2.59753000"}}},"collines":{"id":3070,"name":"Collines","state_code":"CO","latitude":"8.30222970","longitude":"2.30244600","type":"department","cities":{"com\u00e9":{"id":9790,"name":"Com\u00e9","latitude":"6.40764000","longitude":"1.88198000"},"dassa-zoum\u00e9":{"id":9793,"name":"Dassa-Zoum\u00e9","latitude":"7.75000000","longitude":"2.18333000"},"savalou":{"id":9811,"name":"Savalou","latitude":"7.92807000","longitude":"1.97558000"},"sav\u00e9":{"id":9812,"name":"Sav\u00e9","latitude":"8.03424000","longitude":"2.48660000"}}},"donga":{"id":3072,"name":"Donga","state_code":"DO","latitude":"9.71918670","longitude":"1.67606910","type":"department","cities":{"bassila":{"id":9783,"name":"Bassila","latitude":"9.00814000","longitude":"1.66540000"},"communeofdjougou":{"id":9789,"name":"Commune of Djougou","latitude":"9.64300000","longitude":"1.89600000"},"djougou":{"id":9795,"name":"Djougou","latitude":"9.70853000","longitude":"1.66598000"}}},"kouffo":{"id":3071,"name":"Kouffo","state_code":"KO","latitude":"7.00358940","longitude":"1.75388170","type":"department","cities":{"djakotomey":{"id":9794,"name":"Djakotomey","latitude":"6.90000000","longitude":"1.71667000"},"dogbo":{"id":9796,"name":"Dogbo","latitude":"6.79911000","longitude":"1.78073000"}}},"littoral":{"id":3081,"name":"Littoral","state_code":"LI","latitude":"6.38069730","longitude":"2.44063870","type":"department","cities":{"cotonou":{"id":9791,"name":"Cotonou","latitude":"6.36536000","longitude":"2.41833000"}}},"mono":{"id":3075,"name":"Mono","state_code":"MO","latitude":"37.92186080","longitude":"-118.95286450","type":"department","cities":{"communeofathieme":{"id":9788,"name":"Commune of Athieme","latitude":"6.56924000","longitude":"1.70259000"},"lokossa":{"id":9802,"name":"Lokossa","latitude":"6.63869000","longitude":"1.71674000"}}},"ou\u00e9m\u00e9":{"id":3080,"name":"Ou\u00e9m\u00e9","state_code":"OU","latitude":"6.61481520","longitude":"2.49999180","type":"department","cities":{"porto-novo":{"id":9809,"name":"Porto-Novo","latitude":"6.49646000","longitude":"2.60359000"}}},"plateau":{"id":3074,"name":"Plateau","state_code":"PL","latitude":"7.34451410","longitude":"2.53960300","type":"department","cities":{"k\u00e9tou":{"id":9801,"name":"K\u00e9tou","latitude":"7.36332000","longitude":"2.59978000"},"pob\u00e9":{"id":9808,"name":"Pob\u00e9","latitude":"6.98008000","longitude":"2.66490000"},"sak\u00e9t\u00e9":{"id":9810,"name":"Sak\u00e9t\u00e9","latitude":"6.73618000","longitude":"2.65866000"}}},"zou":{"id":3073,"name":"Zou","state_code":"ZO","latitude":"7.34692680","longitude":"2.06651970","type":"department","cities":{"abomey":{"id":9779,"name":"Abomey","latitude":"7.18286000","longitude":"1.99119000"},"bohicon":{"id":9785,"name":"Bohicon","latitude":"7.17826000","longitude":"2.06670000"},"communeofagbangnizoun":{"id":9787,"name":"Commune of Agbangnizoun","latitude":"7.07600000","longitude":"1.96100000"},"cov\u00e9":{"id":9792,"name":"Cov\u00e9","latitude":"7.22097000","longitude":"2.34017000"}}}}}