{"id":97,"name":"Honduras","iso3":"HND","iso2":"HN","numeric_code":"340","phonecode":"504","capital":"Tegucigalpa","currency":"HNL","currency_name":"Honduran lempira","currency_symbol":"L","tld":".hn","native":"Honduras","region":"Americas","region_id":2,"subregion":"Central America","subregion_id":9,"nationality":"Honduran","timezones":[{"zoneName":"America/Tegucigalpa","gmtOffset":-21600,"gmtOffsetName":"UTC-06:00","abbreviation":"CST","tzName":"Central Standard Time (North America"}],"translations":{"ko":"\uc628\ub450\ub77c\uc2a4","pt-BR":"Honduras","pt":"Honduras","nl":"Honduras","hr":"Honduras","fa":"\u0647\u0646\u062f\u0648\u0631\u0627\u0633","de":"Honduras","es":"Honduras","fr":"Honduras","ja":"\u30db\u30f3\u30b8\u30e5\u30e9\u30b9","it":"Honduras","zh-CN":"\u6d2a\u90fd\u62c9\u65af","tr":"Honduras","ru":"\u0413\u043e\u043d\u0434\u0443\u0440\u0430\u0441","uk":"\u0413\u043e\u043d\u0434\u0443\u0440\u0430\u0441","pl":"Honduras"},"latitude":"15.00000000","longitude":"-86.50000000","emoji":"\ud83c\udded\ud83c\uddf3","emojiU":"U+1F1ED U+1F1F3","states":{"atl\u00e1ntida":{"id":4047,"name":"Atl\u00e1ntida","state_code":"AT","latitude":"15.66962830","longitude":"-87.14228950","type":"department","cities":{"arizona":{"id":53857,"name":"Arizona","latitude":"15.63333000","longitude":"-87.31667000"},"atenasdesancrist\u00f3bal":{"id":53860,"name":"Atenas de San Crist\u00f3bal","latitude":"15.68333000","longitude":"-87.31667000"},"corozal":{"id":53921,"name":"Corozal","latitude":"15.80000000","longitude":"-86.71667000"},"elpino":{"id":53974,"name":"El Pino","latitude":"15.70000000","longitude":"-86.93333000"},"elporvenir":{"id":53976,"name":"El Porvenir","latitude":"15.75000000","longitude":"-86.93333000"},"eltriunfodelacruz":{"id":53995,"name":"El Triunfo de la Cruz","latitude":"15.76667000","longitude":"-87.43333000"},"esparta":{"id":54001,"name":"Esparta","latitude":"15.66291000","longitude":"-87.25622000"},"jutiapa":{"id":54041,"name":"Jutiapa","latitude":"15.69586000","longitude":"-86.50414000"},"laceiba":{"id":54048,"name":"La Ceiba","latitude":"15.75971000","longitude":"-86.78221000"},"lamasica":{"id":54071,"name":"La Masica","latitude":"15.59865000","longitude":"-87.13500000"},"launi\u00f3n":{"id":54080,"name":"La Uni\u00f3n","latitude":"15.71667000","longitude":"-87.00000000"},"mezapa":{"id":54127,"name":"Mezapa","latitude":"15.58333000","longitude":"-87.65000000"},"nuevaarmenia":{"id":54145,"name":"Nueva Armenia","latitude":"15.79556000","longitude":"-86.49845000"},"sambocreek":{"id":54208,"name":"Sambo Creek","latitude":"15.81667000","longitude":"-86.68333000"},"sanantonio":{"id":54212,"name":"San Antonio","latitude":"15.60000000","longitude":"-87.15000000"},"sanfrancisco":{"id":54226,"name":"San Francisco","latitude":"15.65246000","longitude":"-87.01736000"},"sanjuanpueblo":{"id":54259,"name":"San Juan Pueblo","latitude":"15.58333000","longitude":"-87.23333000"},"santaana":{"id":54290,"name":"Santa Ana","latitude":"15.65000000","longitude":"-87.06667000"},"tela":{"id":54334,"name":"Tela","latitude":"15.77425000","longitude":"-87.46731000"},"tornab\u00e9":{"id":54341,"name":"Tornab\u00e9","latitude":"15.75000000","longitude":"-87.55000000"}}},"bayislands":{"id":4045,"name":"Bay Islands","state_code":"IB","latitude":"16.48266140","longitude":"-85.87932520","type":"department","cities":{"coxenhole":{"id":53925,"name":"Coxen Hole","latitude":"16.31759000","longitude":"-86.53793000"},"frenchharbor":{"id":54008,"name":"French Harbor","latitude":"16.35000000","longitude":"-86.43333000"},"guanaja":{"id":54019,"name":"Guanaja","latitude":"16.44795000","longitude":"-85.89431000"},"jos\u00e9santosguardiola":{"id":54038,"name":"Jos\u00e9 Santos Guardiola","latitude":"16.41765000","longitude":"-86.30631000"},"roat\u00e1n":{"id":54197,"name":"Roat\u00e1n","latitude":"16.34098000","longitude":"-86.53763000"},"sandybay":{"id":54289,"name":"Sandy Bay","latitude":"16.32923000","longitude":"-86.56446000"},"savannahbight":{"id":54315,"name":"Savannah Bight","latitude":"16.45000000","longitude":"-85.85000000"},"utila":{"id":54351,"name":"Utila","latitude":"16.10026000","longitude":"-86.93070000"}}},"choluteca":{"id":4041,"name":"Choluteca","state_code":"CH","latitude":"13.25043250","longitude":"-87.14228950","type":"department","cities":{"apacilagua":{"id":53851,"name":"Apacilagua","latitude":"13.45821000","longitude":"-87.01122000"},"choluteca":{"id":53901,"name":"Choluteca","latitude":"13.28261000","longitude":"-87.20119000"},"ciudadcholuteca":{"id":53903,"name":"Ciudad Choluteca","latitude":"13.30028000","longitude":"-87.19083000"},"concepci\u00f3ndemar\u00eda":{"id":53913,"name":"Concepci\u00f3n de Mar\u00eda","latitude":"13.22363000","longitude":"-86.96244000"},"corpus":{"id":53922,"name":"Corpus","latitude":"13.28889000","longitude":"-87.03472000"},"duyure":{"id":53939,"name":"Duyure","latitude":"13.63333000","longitude":"-86.81667000"},"elcorpus":{"id":53949,"name":"El Corpus","latitude":"13.30464000","longitude":"-87.00970000"},"elobraje":{"id":53965,"name":"El Obraje","latitude":"13.15417000","longitude":"-87.13083000"},"elpuente":{"id":53981,"name":"El Puente","latitude":"13.28333000","longitude":"-87.11667000"},"eltriunfo":{"id":53994,"name":"El Triunfo","latitude":"13.08024000","longitude":"-87.01780000"},"losllanitos":{"id":54108,"name":"Los Llanitos","latitude":"13.28694000","longitude":"-87.33444000"},"marcovia":{"id":54121,"name":"Marcovia","latitude":"13.28806000","longitude":"-87.30972000"},"monjar\u00e1s":{"id":54131,"name":"Monjar\u00e1s","latitude":"13.20056000","longitude":"-87.37417000"},"morolica":{"id":54135,"name":"Morolica","latitude":"13.56800000","longitude":"-86.88821000"},"namasig\u00fce":{"id":54141,"name":"Namasig\u00fce","latitude":"13.20472000","longitude":"-87.13889000"},"orocuina":{"id":54162,"name":"Orocuina","latitude":"13.48167000","longitude":"-87.10500000"},"pespire":{"id":54168,"name":"Pespire","latitude":"13.59222000","longitude":"-87.36167000"},"sanantoniodeflores":{"id":54216,"name":"San Antonio de Flores","latitude":"13.64152000","longitude":"-87.34075000"},"sanisidro":{"id":54237,"name":"San Isidro","latitude":"13.64454000","longitude":"-87.26093000"},"sanjer\u00f3nimo":{"id":54239,"name":"San Jer\u00f3nimo","latitude":"13.17667000","longitude":"-87.13639000"},"sanjos\u00e9":{"id":54247,"name":"San Jos\u00e9","latitude":"13.71415000","longitude":"-87.42256000"},"sanjos\u00e9delasconchas":{"id":54251,"name":"San Jos\u00e9 de Las Conchas","latitude":"13.32528000","longitude":"-87.39556000"},"sanmarcosdecol\u00f3n":{"id":54273,"name":"San Marcos de Col\u00f3n","latitude":"13.41512000","longitude":"-86.82095000"},"santaanadeyusguare":{"id":54293,"name":"Santa Ana de Yusguare","latitude":"13.30056000","longitude":"-87.11389000"},"santacruz":{"id":54295,"name":"Santa Cruz","latitude":"13.25806000","longitude":"-87.34833000"}}},"col\u00f3n":{"id":4051,"name":"Col\u00f3n","state_code":"CL","latitude":"15.64259650","longitude":"-85.52002400","type":"department","cities":{"balfate":{"id":53867,"name":"Balfate","latitude":"15.75709000","longitude":"-86.29048000"},"bonitooriental":{"id":53874,"name":"Bonito Oriental","latitude":"15.74641000","longitude":"-85.73610000"},"corocito":{"id":53920,"name":"Corocito","latitude":"15.75000000","longitude":"-85.78333000"},"cusuna":{"id":53929,"name":"Cusuna","latitude":"15.85000000","longitude":"-85.23333000"},"el\u00edxir":{"id":53999,"name":"El\u00edxir","latitude":"15.48333000","longitude":"-86.30000000"},"francia":{"id":54006,"name":"Francia","latitude":"15.85000000","longitude":"-85.58333000"},"iriona":{"id":54029,"name":"Iriona","latitude":"15.59079000","longitude":"-85.20549000"},"jeric\u00f3":{"id":54033,"name":"Jeric\u00f3","latitude":"15.95000000","longitude":"-85.96667000"},"labrea":{"id":54046,"name":"La Brea","latitude":"15.80000000","longitude":"-85.96667000"},"laesperanza":{"id":54055,"name":"La Esperanza","latitude":"15.63333000","longitude":"-85.76667000"},"lim\u00f3n":{"id":54103,"name":"Lim\u00f3n","latitude":"15.79664000","longitude":"-85.50805000"},"municipiodesab\u00e1":{"id":54136,"name":"Municipio de Sab\u00e1","latitude":"15.48654000","longitude":"-86.16322000"},"prieta":{"id":54178,"name":"Prieta","latitude":"15.58060000","longitude":"-86.13664000"},"puertocastilla":{"id":54183,"name":"Puerto Castilla","latitude":"16.01667000","longitude":"-85.96667000"},"puntapiedra":{"id":54188,"name":"Punta Piedra","latitude":"15.90000000","longitude":"-85.28333000"},"quebradadearena":{"id":54192,"name":"Quebrada de Arena","latitude":"15.76667000","longitude":"-85.91667000"},"r\u00edoesteban":{"id":54202,"name":"R\u00edo Esteban","latitude":"15.83333000","longitude":"-86.30000000"},"sab\u00e1":{"id":54205,"name":"Sab\u00e1","latitude":"15.46667000","longitude":"-86.25000000"},"salam\u00e1":{"id":54206,"name":"Salam\u00e1","latitude":"15.75000000","longitude":"-85.96667000"},"santafe":{"id":54302,"name":"Santa Fe","latitude":"15.85424000","longitude":"-86.11083000"},"santarosadeagu\u00e1n":{"id":54312,"name":"Santa Rosa de Agu\u00e1n","latitude":"15.95000000","longitude":"-85.71667000"},"sonaguera":{"id":54321,"name":"Sonaguera","latitude":"15.64000000","longitude":"-86.26000000"},"taujica":{"id":54330,"name":"Taujica","latitude":"15.70000000","longitude":"-85.91667000"},"tocoa":{"id":54339,"name":"Tocoa","latitude":"15.68333000","longitude":"-86.00000000"},"trujillo":{"id":54349,"name":"Trujillo","latitude":"15.91667000","longitude":"-85.95417000"},"zamora":{"id":54378,"name":"Zamora","latitude":"15.63333000","longitude":"-86.06667000"}}},"comayagua":{"id":4042,"name":"Comayagua","state_code":"CM","latitude":"14.55348280","longitude":"-87.61863790","type":"department","cities":{"aguasdelpadre":{"id":53843,"name":"Aguas del Padre","latitude":"14.56667000","longitude":"-87.88333000"},"ajuterique":{"id":53845,"name":"Ajuterique","latitude":"14.38333000","longitude":"-87.70000000"},"cerroblanco":{"id":53894,"name":"Cerro Blanco","latitude":"14.66667000","longitude":"-87.78333000"},"comayagua":{"id":53908,"name":"Comayagua","latitude":"14.48412000","longitude":"-87.60060000"},"concepci\u00f3ndeguasistagua":{"id":53912,"name":"Concepci\u00f3n de Guasistagua","latitude":"14.60000000","longitude":"-87.65000000"},"elaguadulcita":{"id":53941,"name":"El Agua Dulcita","latitude":"14.70000000","longitude":"-87.75000000"},"elporvenir":{"id":53978,"name":"El Porvenir","latitude":"14.58333000","longitude":"-87.88333000"},"elrancho":{"id":53983,"name":"El Rancho","latitude":"14.68333000","longitude":"-87.50000000"},"elrinc\u00f3n":{"id":53984,"name":"El Rinc\u00f3n","latitude":"14.58333000","longitude":"-87.93333000"},"elrosario":{"id":53985,"name":"El Rosario","latitude":"14.57500000","longitude":"-87.74306000"},"elsauce":{"id":53988,"name":"El Sauce","latitude":"14.52850000","longitude":"-87.66571000"},"elsocorro":{"id":53989,"name":"El Socorro","latitude":"14.63333000","longitude":"-87.91667000"},"esqu\u00edas":{"id":54003,"name":"Esqu\u00edas","latitude":"14.73333000","longitude":"-87.36667000"},"flores":{"id":54004,"name":"Flores","latitude":"14.28333000","longitude":"-87.56667000"},"humuya":{"id":54025,"name":"Humuya","latitude":"14.25000000","longitude":"-87.66667000"},"jamalteca":{"id":54031,"name":"Jamalteca","latitude":"14.70000000","longitude":"-87.58333000"},"lalibertad":{"id":54068,"name":"La Libertad","latitude":"14.88000000","longitude":"-87.55000000"},"latrinidad":{"id":54079,"name":"La Trinidad","latitude":"14.70000000","longitude":"-87.66286000"},"laman\u00ed":{"id":54089,"name":"Laman\u00ed","latitude":"14.20000000","longitude":"-87.61667000"},"laslajas":{"id":54092,"name":"Las Lajas","latitude":"14.90000000","longitude":"-87.58333000"},"lejaman\u00ed":{"id":54100,"name":"Lejaman\u00ed","latitude":"14.36667000","longitude":"-87.70000000"},"me\u00e1mbar":{"id":54128,"name":"Me\u00e1mbar","latitude":"14.82047000","longitude":"-87.78424000"},"minasdeoro":{"id":54129,"name":"Minas de Oro","latitude":"14.80000000","longitude":"-87.35000000"},"ojosdeagua":{"id":54157,"name":"Ojos de Agua","latitude":"14.79498000","longitude":"-87.65010000"},"potrerillos":{"id":54175,"name":"Potrerillos","latitude":"14.55000000","longitude":"-87.86667000"},"r\u00edobonito":{"id":54200,"name":"R\u00edo Bonito","latitude":"14.76667000","longitude":"-87.88333000"},"sanantoniodelacuesta":{"id":54219,"name":"San Antonio de la Cuesta","latitude":"14.63333000","longitude":"-87.60000000"},"sanjer\u00f3nimo":{"id":54240,"name":"San Jer\u00f3nimo","latitude":"14.64043000","longitude":"-87.56768000"},"sanjos\u00e9decomayagua":{"id":54249,"name":"San Jos\u00e9 de Comayagua","latitude":"14.73333000","longitude":"-88.03333000"},"sanjos\u00e9delpotrero":{"id":54255,"name":"San Jos\u00e9 del Potrero","latitude":"14.86203000","longitude":"-87.29049000"},"sanluis":{"id":54266,"name":"San Luis","latitude":"14.75000000","longitude":"-87.41667000"},"sansebasti\u00e1n":{"id":54286,"name":"San Sebasti\u00e1n","latitude":"14.23687000","longitude":"-87.63215000"},"siguatepeque":{"id":54317,"name":"Siguatepeque","latitude":"14.60000000","longitude":"-87.83333000"},"taulab\u00e9":{"id":54331,"name":"Taulab\u00e9","latitude":"14.67145000","longitude":"-87.98693000"},"vallede\u00c1ngeles":{"id":54355,"name":"Valle de \u00c1ngeles","latitude":"14.50000000","longitude":"-87.63333000"},"villadesanantonio":{"id":54360,"name":"Villa de San Antonio","latitude":"14.31667000","longitude":"-87.61667000"}}},"cop\u00e1n":{"id":4049,"name":"Cop\u00e1n","state_code":"CP","latitude":"14.93608380","longitude":"-88.86469800","type":"department","cities":{"aguacaliente":{"id":53839,"name":"Agua Caliente","latitude":"14.88333000","longitude":"-88.81667000"},"buenosaires":{"id":53876,"name":"Buenos Aires","latitude":"15.03333000","longitude":"-88.96667000"},"caba\u00f1as":{"id":53878,"name":"Caba\u00f1as","latitude":"14.76000000","longitude":"-89.06000000"},"chalmeca":{"id":53896,"name":"Chalmeca","latitude":"15.10000000","longitude":"-88.68333000"},"concepci\u00f3n":{"id":53911,"name":"Concepci\u00f3n","latitude":"14.88077000","longitude":"-88.87919000"},"concepci\u00f3ndelabarranca":{"id":53914,"name":"Concepci\u00f3n de la Barranca","latitude":"15.16667000","longitude":"-88.71667000"},"cop\u00e1n":{"id":53918,"name":"Cop\u00e1n","latitude":"14.83333000","longitude":"-89.15000000"},"cop\u00e1nruinas":{"id":53919,"name":"Cop\u00e1n Ruinas","latitude":"14.92000000","longitude":"-89.15000000"},"corqu\u00edn":{"id":53923,"name":"Corqu\u00edn","latitude":"14.56667000","longitude":"-88.86667000"},"cucuyagua":{"id":53927,"name":"Cucuyagua","latitude":"14.65000000","longitude":"-88.86667000"},"dolores":{"id":53934,"name":"Dolores","latitude":"14.86667000","longitude":"-88.83333000"},"dulcenombre":{"id":53937,"name":"Dulce Nombre","latitude":"14.85552000","longitude":"-88.83856000"},"elcorpus":{"id":53948,"name":"El Corpus","latitude":"14.70000000","longitude":"-88.91667000"},"elocot\u00f3n":{"id":53968,"name":"El Ocot\u00f3n","latitude":"15.03333000","longitude":"-88.88333000"},"elpara\u00edso":{"id":53971,"name":"El Para\u00edso","latitude":"15.04217000","longitude":"-88.98045000"},"florida":{"id":54005,"name":"Florida","latitude":"15.03333000","longitude":"-88.83333000"},"laentrada":{"id":54052,"name":"La Entrada","latitude":"15.05000000","longitude":"-88.73333000"},"lajigua":{"id":54064,"name":"La Jigua","latitude":"15.10000000","longitude":"-88.76000000"},"laplayona":{"id":54074,"name":"La Playona","latitude":"15.11667000","longitude":"-88.98333000"},"launi\u00f3n":{"id":54083,"name":"La Uni\u00f3n","latitude":"14.69350000","longitude":"-88.94734000"},"lazumbadora":{"id":54086,"name":"La Zumbadora","latitude":"15.01667000","longitude":"-88.90000000"},"lostangos":{"id":54111,"name":"Los Tangos","latitude":"15.15000000","longitude":"-88.68333000"},"nuevaarcadia":{"id":54144,"name":"Nueva Arcadia","latitude":"15.08000000","longitude":"-88.69000000"},"ojosdeagua":{"id":54156,"name":"Ojos de Agua","latitude":"14.70000000","longitude":"-88.81667000"},"pueblonuevo":{"id":54181,"name":"Pueblo Nuevo","latitude":"15.00000000","longitude":"-88.75000000"},"quezailica":{"id":54194,"name":"Quezailica","latitude":"14.88333000","longitude":"-88.73333000"},"sanagust\u00edn":{"id":54209,"name":"San Agust\u00edn","latitude":"14.81973000","longitude":"-88.93027000"},"sanantonio":{"id":54214,"name":"San Antonio","latitude":"15.04000000","longitude":"-88.88000000"},"sanjer\u00f3nimo":{"id":54241,"name":"San Jer\u00f3nimo","latitude":"14.96207000","longitude":"-88.90270000"},"sanjoaqu\u00edn":{"id":54242,"name":"San Joaqu\u00edn","latitude":"15.05000000","longitude":"-88.90000000"},"sanjos\u00e9":{"id":54245,"name":"San Jos\u00e9","latitude":"14.91184000","longitude":"-88.71667000"},"sanjos\u00e9decop\u00e1n":{"id":54250,"name":"San Jos\u00e9 de Cop\u00e1n","latitude":"14.90000000","longitude":"-88.71667000"},"sanjuandeopoa":{"id":54261,"name":"San Juan de Opoa","latitude":"14.78333000","longitude":"-88.70000000"},"sanjuandeplanes":{"id":54262,"name":"San Juan de Planes","latitude":"14.93333000","longitude":"-88.78333000"},"sannicol\u00e1s":{"id":54279,"name":"San Nicol\u00e1s","latitude":"14.98000000","longitude":"-88.73000000"},"sanpedrodecop\u00e1n":{"id":54283,"name":"San Pedro de Cop\u00e1n","latitude":"14.61667000","longitude":"-88.80000000"},"santarita":{"id":54310,"name":"Santa Rita","latitude":"14.88000000","longitude":"-89.01000000"},"santaritacopan":{"id":54311,"name":"Santa Rita Copan","latitude":"14.86748000","longitude":"-89.10000000"},"santarosadecop\u00e1n":{"id":54313,"name":"Santa Rosa de Cop\u00e1n","latitude":"14.76667000","longitude":"-88.77917000"},"trinidaddecop\u00e1n":{"id":54346,"name":"Trinidad de Cop\u00e1n","latitude":"14.95000000","longitude":"-88.75000000"},"veracruz":{"id":54357,"name":"Veracruz","latitude":"14.88343000","longitude":"-88.78570000"}}},"cort\u00e9s":{"id":4046,"name":"Cort\u00e9s","state_code":"CR","latitude":"15.49235080","longitude":"-88.09007620","type":"department","cities":{"aguaazul":{"id":53836,"name":"Agua Azul","latitude":"14.91667000","longitude":"-87.96667000"},"aguaazulrancho":{"id":53837,"name":"Agua Azul Rancho","latitude":"14.90000000","longitude":"-87.95000000"},"armenta":{"id":53859,"name":"Armenta","latitude":"15.50000000","longitude":"-88.05000000"},"bajamar":{"id":53866,"name":"Baja Mar","latitude":"15.88851000","longitude":"-87.85547000"},"baracoa":{"id":53868,"name":"Baracoa","latitude":"15.76667000","longitude":"-87.85000000"},"bejuco":{"id":53870,"name":"Bejuco","latitude":"15.13333000","longitude":"-87.93333000"},"ca\u00f1averal":{"id":53891,"name":"Ca\u00f1averal","latitude":"14.98333000","longitude":"-88.01667000"},"casaquemada":{"id":53889,"name":"Casa Quemada","latitude":"15.11667000","longitude":"-88.08333000"},"chivana":{"id":53899,"name":"Chivana","latitude":"15.75000000","longitude":"-87.98333000"},"choloma":{"id":53900,"name":"Choloma","latitude":"15.64000000","longitude":"-87.92000000"},"chotepe":{"id":53902,"name":"Chotepe","latitude":"15.41667000","longitude":"-87.98333000"},"cofrad\u00eda":{"id":53904,"name":"Cofrad\u00eda","latitude":"15.40000000","longitude":"-88.15000000"},"cuyamel":{"id":53931,"name":"Cuyamel","latitude":"15.66667000","longitude":"-88.20000000"},"elllano":{"id":53958,"name":"El Llano","latitude":"15.15000000","longitude":"-87.88333000"},"elmara\u00f1\u00f3n":{"id":53960,"name":"El Mara\u00f1\u00f3n","latitude":"15.40000000","longitude":"-88.05000000"},"elmilagro":{"id":53961,"name":"El Milagro","latitude":"15.40000000","longitude":"-87.96667000"},"elolivar":{"id":53969,"name":"El Olivar","latitude":"15.08333000","longitude":"-87.88333000"},"elperico":{"id":53973,"name":"El Perico","latitude":"15.08333000","longitude":"-88.10000000"},"elplan":{"id":53975,"name":"El Plan","latitude":"15.28333000","longitude":"-87.96667000"},"elporvenir":{"id":53977,"name":"El Porvenir","latitude":"15.83333000","longitude":"-87.93333000"},"elrancho":{"id":53982,"name":"El Rancho","latitude":"15.66667000","longitude":"-87.95000000"},"eltigre":{"id":53993,"name":"El Tigre","latitude":"14.93333000","longitude":"-87.98333000"},"elzapotaldelnorte":{"id":53998,"name":"El Zapotal del Norte","latitude":"15.51667000","longitude":"-88.05000000"},"laguama":{"id":54060,"name":"La Guama","latitude":"14.88333000","longitude":"-87.93333000"},"lahuesa":{"id":54062,"name":"La Huesa","latitude":"15.58333000","longitude":"-87.88333000"},"lajutosa":{"id":54065,"name":"La Jutosa","latitude":"15.63333000","longitude":"-88.00000000"},"lalima":{"id":54070,"name":"La Lima","latitude":"15.43333000","longitude":"-87.91667000"},"lasabana":{"id":54076,"name":"La Sabana","latitude":"15.36667000","longitude":"-87.93333000"},"loscaminos":{"id":54107,"name":"Los Caminos","latitude":"14.95000000","longitude":"-87.96667000"},"losnaranjos":{"id":54109,"name":"Los Naranjos","latitude":"14.90000000","longitude":"-88.05000000"},"monterrey":{"id":54132,"name":"Monterrey","latitude":"15.58333000","longitude":"-87.88333000"},"nuevochamelec\u00f3n":{"id":54152,"name":"Nuevo Chamelec\u00f3n","latitude":"15.38333000","longitude":"-88.01667000"},"omoa":{"id":54159,"name":"Omoa","latitude":"15.76667000","longitude":"-88.03333000"},"orop\u00e9ndolas":{"id":54164,"name":"Orop\u00e9ndolas","latitude":"15.01667000","longitude":"-87.93333000"},"pe\u00f1ablanca":{"id":54170,"name":"Pe\u00f1a Blanca","latitude":"15.53333000","longitude":"-88.05000000"},"pimienta":{"id":54171,"name":"Pimienta","latitude":"15.26500000","longitude":"-87.96667000"},"pimientavieja":{"id":54172,"name":"Pimienta Vieja","latitude":"15.23333000","longitude":"-87.96667000"},"potrerillos":{"id":54176,"name":"Potrerillos","latitude":"15.21000000","longitude":"-87.95000000"},"pueblonuevo":{"id":54180,"name":"Pueblo Nuevo","latitude":"15.28333000","longitude":"-88.01667000"},"puertoalto":{"id":54182,"name":"Puerto Alto","latitude":"15.70000000","longitude":"-87.86667000"},"puertocort\u00e9s":{"id":54185,"name":"Puerto Cort\u00e9s","latitude":"15.79000000","longitude":"-87.84900000"},"puertocortez":{"id":54184,"name":"Puerto Cortez","latitude":"15.82562000","longitude":"-87.92968000"},"quebradaseca":{"id":54191,"name":"Quebrada Seca","latitude":"15.66667000","longitude":"-87.95000000"},"r\u00edoblanquito":{"id":54199,"name":"R\u00edo Blanquito","latitude":"15.73333000","longitude":"-87.90000000"},"r\u00edochiquito":{"id":54201,"name":"R\u00edo Chiquito","latitude":"15.63333000","longitude":"-88.25000000"},"r\u00edolindo":{"id":54203,"name":"R\u00edo Lindo","latitude":"15.03333000","longitude":"-87.98333000"},"sanantoniodecort\u00e9s":{"id":54215,"name":"San Antonio de Cort\u00e9s","latitude":"15.11667000","longitude":"-88.03333000"},"sanbuenaventura":{"id":54221,"name":"San Buenaventura","latitude":"15.01667000","longitude":"-88.00000000"},"sanfranciscodeyojoa":{"id":54233,"name":"San Francisco de Yojoa","latitude":"15.01667000","longitude":"-87.96667000"},"sanjos\u00e9delboquer\u00f3n":{"id":54254,"name":"San Jos\u00e9 del Boquer\u00f3n","latitude":"15.48333000","longitude":"-87.86667000"},"sanmanuel":{"id":54268,"name":"San Manuel","latitude":"15.37279000","longitude":"-87.90167000"},"sanpedrosula":{"id":54281,"name":"San Pedro Sula","latitude":"15.50417000","longitude":"-88.02500000"},"santacruzdeyojoa":{"id":54298,"name":"Santa Cruz de Yojoa","latitude":"14.98333000","longitude":"-87.90000000"},"santaelena":{"id":54299,"name":"Santa Elena","latitude":"15.38333000","longitude":"-88.13333000"},"traves\u00eda":{"id":54344,"name":"Traves\u00eda","latitude":"15.86667000","longitude":"-87.90000000"},"villanueva":{"id":54362,"name":"Villanueva","latitude":"15.31667000","longitude":"-88.00000000"}}},"elpara\u00edso":{"id":4043,"name":"El Para\u00edso","state_code":"EP","latitude":"13.98212940","longitude":"-86.49965460","type":"department","cities":{"alauca":{"id":53846,"name":"Alauca","latitude":"13.84020000","longitude":"-86.69526000"},"araul\u00ed":{"id":53854,"name":"Araul\u00ed","latitude":"13.95000000","longitude":"-86.55000000"},"cuyal\u00ed":{"id":53930,"name":"Cuyal\u00ed","latitude":"13.88333000","longitude":"-86.55000000"},"danl\u00ed":{"id":53932,"name":"Danl\u00ed","latitude":"14.03333000","longitude":"-86.58333000"},"elbenque":{"id":53942,"name":"El Benque","latitude":"14.03333000","longitude":"-86.46667000"},"elchichicaste":{"id":53944,"name":"El Chichicaste","latitude":"14.06667000","longitude":"-86.30000000"},"elobraje":{"id":53966,"name":"El Obraje","latitude":"14.00000000","longitude":"-86.43333000"},"elpara\u00edso":{"id":53970,"name":"El Para\u00edso","latitude":"13.85381000","longitude":"-86.53094000"},"g\u00fcinope":{"id":54024,"name":"G\u00fcinope","latitude":"13.88333000","longitude":"-86.93333000"},"jacaleapa":{"id":54030,"name":"Jacaleapa","latitude":"14.01667000","longitude":"-86.66667000"},"jutiapa":{"id":54040,"name":"Jutiapa","latitude":"13.98333000","longitude":"-86.40000000"},"las\u00c1nimas":{"id":54098,"name":"Las \u00c1nimas","latitude":"14.25000000","longitude":"-86.56667000"},"lastrojes":{"id":54094,"name":"Las Trojes","latitude":"14.06667000","longitude":"-85.98333000"},"liure":{"id":54104,"name":"Liure","latitude":"13.53583000","longitude":"-87.09194000"},"morocel\u00ed":{"id":54134,"name":"Morocel\u00ed","latitude":"14.11667000","longitude":"-86.86667000"},"municipiodetexiguat":{"id":54138,"name":"Municipio de Texiguat","latitude":"13.66372000","longitude":"-87.03479000"},"ojodeagua":{"id":54154,"name":"Ojo de Agua","latitude":"14.01667000","longitude":"-86.35000000"},"oropol\u00ed":{"id":54163,"name":"Oropol\u00ed","latitude":"13.81667000","longitude":"-86.81667000"},"potrerillos":{"id":54177,"name":"Potrerillos","latitude":"14.04478000","longitude":"-86.76201000"},"quebradalarga":{"id":54190,"name":"Quebrada Larga","latitude":"14.10000000","longitude":"-86.36667000"},"sanantoniodeflores":{"id":54217,"name":"San Antonio de Flores","latitude":"13.71089000","longitude":"-86.84226000"},"sandiego":{"id":54223,"name":"San Diego","latitude":"14.05000000","longitude":"-86.46667000"},"sanlucas":{"id":54264,"name":"San Lucas","latitude":"13.74586000","longitude":"-86.95163000"},"sanmat\u00edas":{"id":54275,"name":"San Mat\u00edas","latitude":"13.95966000","longitude":"-86.64032000"},"santacruz":{"id":54296,"name":"Santa Cruz","latitude":"13.86667000","longitude":"-86.63333000"},"soledad":{"id":54320,"name":"Soledad","latitude":"13.58333000","longitude":"-87.11667000"},"teupasenti":{"id":54337,"name":"Teupasenti","latitude":"14.21667000","longitude":"-86.70000000"},"tex\u00edguat":{"id":54338,"name":"Tex\u00edguat","latitude":"13.64972000","longitude":"-87.02250000"},"trojes":{"id":54348,"name":"Trojes","latitude":"14.05966000","longitude":"-86.00166000"},"vadoancho":{"id":54352,"name":"Vado Ancho","latitude":"13.64355000","longitude":"-86.95546000"},"yauyupe":{"id":54372,"name":"Yauyupe","latitude":"13.74867000","longitude":"-87.07610000"},"yuscar\u00e1n":{"id":54376,"name":"Yuscar\u00e1n","latitude":"13.95708000","longitude":"-86.83170000"}}},"franciscomoraz\u00e1n":{"id":4052,"name":"Francisco Moraz\u00e1n","state_code":"FM","latitude":"14.45411000","longitude":"-87.06242610","type":"department","cities":{"agalteca":{"id":53835,"name":"Agalteca","latitude":"14.45000000","longitude":"-87.26667000"},"alubar\u00e9n":{"id":53848,"name":"Alubar\u00e9n","latitude":"13.78226000","longitude":"-87.46990000"},"cedros":{"id":53892,"name":"Cedros","latitude":"14.50464000","longitude":"-87.21680000"},"cerrogrande":{"id":53895,"name":"Cerro Grande","latitude":"13.81667000","longitude":"-87.25000000"},"cofrad\u00eda":{"id":53905,"name":"Cofrad\u00eda","latitude":"14.21667000","longitude":"-87.18333000"},"curar\u00e9n":{"id":53928,"name":"Curar\u00e9n","latitude":"13.83000000","longitude":"-87.57000000"},"distritocentral":{"id":53933,"name":"Distrito Central","latitude":"14.14975000","longitude":"-87.24806000"},"elchimbo":{"id":53945,"name":"El Chimbo","latitude":"14.13333000","longitude":"-87.11667000"},"elescanito":{"id":53951,"name":"El Escanito","latitude":"14.66667000","longitude":"-87.10000000"},"elesca\u00f1odetepale":{"id":53952,"name":"El Esca\u00f1o de Tepale","latitude":"14.75000000","longitude":"-87.06667000"},"elguante":{"id":53953,"name":"El Guante","latitude":"14.55000000","longitude":"-87.10000000"},"elguantillo":{"id":53954,"name":"El Guantillo","latitude":"14.60000000","longitude":"-87.30000000"},"elguapinol":{"id":53955,"name":"El Guapinol","latitude":"13.76667000","longitude":"-87.46667000"},"ellolo":{"id":53959,"name":"El Lolo","latitude":"14.11667000","longitude":"-87.26667000"},"elpedernal":{"id":53972,"name":"El Pedernal","latitude":"14.70000000","longitude":"-87.11667000"},"elporvenir":{"id":53979,"name":"El Porvenir","latitude":"14.72009000","longitude":"-87.21039000"},"elsuyatal":{"id":53990,"name":"El Suyatal","latitude":"14.51667000","longitude":"-87.21667000"},"eltabl\u00f3n":{"id":53991,"name":"El Tabl\u00f3n","latitude":"14.03333000","longitude":"-87.16667000"},"elterrero":{"id":53992,"name":"El Terrero","latitude":"14.06667000","longitude":"-87.06667000"},"guaimaca":{"id":54012,"name":"Guaimaca","latitude":"14.53333000","longitude":"-86.81667000"},"laermita":{"id":54053,"name":"La Ermita","latitude":"14.46667000","longitude":"-87.06667000"},"lalibertad":{"id":54069,"name":"La Libertad","latitude":"13.70662000","longitude":"-87.50421000"},"laventa":{"id":54084,"name":"La Venta","latitude":"13.73113000","longitude":"-87.32874000"},"lepaterique":{"id":54102,"name":"Lepaterique","latitude":"14.05590000","longitude":"-87.47908000"},"maraita":{"id":54118,"name":"Maraita","latitude":"13.87197000","longitude":"-87.05633000"},"marale":{"id":54119,"name":"Marale","latitude":"14.94113000","longitude":"-87.09892000"},"matadepl\u00e1tano":{"id":54123,"name":"Mata de Pl\u00e1tano","latitude":"14.60000000","longitude":"-87.28333000"},"mateo":{"id":54124,"name":"Mateo","latitude":"14.08333000","longitude":"-87.31667000"},"nuevaarmenia":{"id":54146,"name":"Nueva Armenia","latitude":"13.75000000","longitude":"-87.15307000"},"ojojona":{"id":54155,"name":"Ojojona","latitude":"13.93389000","longitude":"-87.29583000"},"orica":{"id":54161,"name":"Orica","latitude":"14.80645000","longitude":"-86.95760000"},"quebradas":{"id":54193,"name":"Quebradas","latitude":"14.50000000","longitude":"-87.35000000"},"reitoca":{"id":54196,"name":"Reitoca","latitude":"13.82583000","longitude":"-87.46528000"},"r\u00edoabajo":{"id":54198,"name":"R\u00edo Abajo","latitude":"14.16667000","longitude":"-87.21667000"},"sabanagrande":{"id":54204,"name":"Sabanagrande","latitude":"13.80778000","longitude":"-87.25917000"},"sanantoniodeoriente":{"id":54218,"name":"San Antonio de Oriente","latitude":"14.03859000","longitude":"-86.98951000"},"sanbuenaventura":{"id":54222,"name":"San Buenaventura","latitude":"13.89100000","longitude":"-87.18554000"},"sanignacio":{"id":54236,"name":"San Ignacio","latitude":"14.73795000","longitude":"-87.04759000"},"sanjuandeflores":{"id":54260,"name":"San Juan de Flores","latitude":"14.26667000","longitude":"-87.03333000"},"sanmiguelito":{"id":54276,"name":"San Miguelito","latitude":"13.74572000","longitude":"-87.49233000"},"santaana":{"id":54291,"name":"Santa Ana","latitude":"13.94000000","longitude":"-87.21000000"},"santaluc\u00eda":{"id":54305,"name":"Santa Luc\u00eda","latitude":"14.12595000","longitude":"-87.09175000"},"talanga":{"id":54325,"name":"Talanga","latitude":"14.41393000","longitude":"-87.06941000"},"t\u00e1mara":{"id":54350,"name":"T\u00e1mara","latitude":"14.15000000","longitude":"-87.33333000"},"tatumbla":{"id":54329,"name":"Tatumbla","latitude":"13.98467000","longitude":"-87.06977000"},"tegucigalpa":{"id":54333,"name":"Tegucigalpa","latitude":"14.08180000","longitude":"-87.20681000"},"vallede\u00c1ngeles":{"id":54354,"name":"Valle de \u00c1ngeles","latitude":"14.15000000","longitude":"-87.03333000"},"vallecillo":{"id":54356,"name":"Vallecillo","latitude":"14.51313000","longitude":"-87.40242000"},"villadesanfrancisco":{"id":54361,"name":"Villa de San Francisco","latitude":"14.16667000","longitude":"-86.96667000"},"villanueva":{"id":54359,"name":"Villa Nueva","latitude":"14.03333000","longitude":"-87.13333000"},"yaguacire":{"id":54367,"name":"Yaguacire","latitude":"14.01667000","longitude":"-87.21667000"},"zambrano":{"id":54377,"name":"Zambrano","latitude":"14.26667000","longitude":"-87.40000000"}}},"graciasadios":{"id":4048,"name":"Gracias a Dios","state_code":"GD","latitude":"15.34180600","longitude":"-84.60604490","type":"department","cities":{"ahuas":{"id":53844,"name":"Ahuas","latitude":"15.46923000","longitude":"-84.34479000"},"auas":{"id":53862,"name":"Auas","latitude":"15.48333000","longitude":"-84.33333000"},"auka":{"id":53863,"name":"Auka","latitude":"14.94087000","longitude":"-83.83229000"},"barrapatuca":{"id":53869,"name":"Barra Patuca","latitude":"15.80000000","longitude":"-84.28333000"},"bruslaguna":{"id":53875,"name":"Brus Laguna","latitude":"15.75000000","longitude":"-84.48333000"},"iralaya":{"id":54028,"name":"Iralaya","latitude":"15.00000000","longitude":"-83.23333000"},"juanfranciscobulnes":{"id":54039,"name":"Juan Francisco Bulnes","latitude":"15.91676000","longitude":"-84.90990000"},"paptalaya":{"id":54165,"name":"Paptalaya","latitude":"15.50000000","longitude":"-84.31667000"},"puertolempira":{"id":54186,"name":"Puerto Lempira","latitude":"15.26667000","longitude":"-83.77222000"},"villedamorales":{"id":54363,"name":"Villeda Morales","latitude":"15.08472000","longitude":"-83.35361000"},"wampusirpi":{"id":54365,"name":"Wampusirpi","latitude":"15.18333000","longitude":"-84.61667000"},"wawina":{"id":54366,"name":"Wawina","latitude":"15.41667000","longitude":"-84.43333000"}}},"intibuc\u00e1":{"id":4044,"name":"Intibuc\u00e1","state_code":"IN","latitude":"14.37273400","longitude":"-88.24611830","type":"department","cities":{"camasca":{"id":53882,"name":"Camasca","latitude":"14.00000000","longitude":"-88.38333000"},"colomoncagua":{"id":53907,"name":"Colomoncagua","latitude":"13.97245000","longitude":"-88.27673000"},"concepci\u00f3n":{"id":53910,"name":"Concepci\u00f3n","latitude":"14.04725000","longitude":"-88.31942000"},"dolores":{"id":53935,"name":"Dolores","latitude":"14.26188000","longitude":"-88.35787000"},"intibuc\u00e1":{"id":54027,"name":"Intibuc\u00e1","latitude":"14.43000000","longitude":"-88.17000000"},"jes\u00fasdeotoro":{"id":54034,"name":"Jes\u00fas de Otoro","latitude":"14.48333000","longitude":"-87.98333000"},"jiquinlaca":{"id":54035,"name":"Jiquinlaca","latitude":"14.00000000","longitude":"-88.35000000"},"laesperanza":{"id":54054,"name":"La Esperanza","latitude":"14.31111000","longitude":"-88.18056000"},"magdalena":{"id":54114,"name":"Magdalena","latitude":"13.92452000","longitude":"-88.36675000"},"masaguara":{"id":54122,"name":"Masaguara","latitude":"14.40428000","longitude":"-87.98247000"},"sanantonio":{"id":54213,"name":"San Antonio","latitude":"13.95043000","longitude":"-88.46493000"},"sanfranciscodeopalaca":{"id":54232,"name":"San Francisco de Opalaca","latitude":"14.58441000","longitude":"-88.30253000"},"sanisidro":{"id":54238,"name":"San Isidro","latitude":"14.56763000","longitude":"-88.11743000"},"sanjuan":{"id":54256,"name":"San Juan","latitude":"14.42127000","longitude":"-88.41953000"},"sanmarcosdelasierra":{"id":54274,"name":"San Marcos de la Sierra","latitude":"14.13236000","longitude":"-88.24690000"},"sanmiguelito":{"id":54277,"name":"San Miguelito","latitude":"14.34875000","longitude":"-88.33983000"},"santaluc\u00eda":{"id":54304,"name":"Santa Luc\u00eda","latitude":"13.90812000","longitude":"-88.41566000"},"yamaranguila":{"id":54368,"name":"Yamaranguila","latitude":"14.26826000","longitude":"-88.24652000"}}},"lapaz":{"id":4058,"name":"La Paz","state_code":"LP","latitude":"-15.08924160","longitude":"-68.52471490","type":"department","cities":{"aguanqueterique":{"id":53842,"name":"Aguanqueterique","latitude":"13.98606000","longitude":"-87.64622000"},"caba\u00f1as":{"id":53879,"name":"Caba\u00f1as","latitude":"13.99419000","longitude":"-88.02864000"},"cane":{"id":53885,"name":"Cane","latitude":"14.28333000","longitude":"-87.66667000"},"chinacla":{"id":53897,"name":"Chinacla","latitude":"14.18289000","longitude":"-87.95395000"},"guajiquiro":{"id":54014,"name":"Guajiquiro","latitude":"14.06982000","longitude":"-87.77451000"},"lapaz":{"id":54073,"name":"La Paz","latitude":"14.31944000","longitude":"-87.67917000"},"lauterique":{"id":54099,"name":"Lauterique","latitude":"13.86425000","longitude":"-87.65792000"},"losplanes":{"id":54110,"name":"Los Planes","latitude":"14.05000000","longitude":"-88.01667000"},"marcala":{"id":54120,"name":"Marcala","latitude":"14.14845000","longitude":"-88.02405000"},"mercedesdeoriente":{"id":54126,"name":"Mercedes de Oriente","latitude":"13.90937000","longitude":"-87.77795000"},"opatoro":{"id":54160,"name":"Opatoro","latitude":"14.02451000","longitude":"-87.87982000"},"sanantoniodelnorte":{"id":54220,"name":"San Antonio del Norte","latitude":"13.88000000","longitude":"-87.72000000"},"sanjos\u00e9":{"id":54246,"name":"San Jos\u00e9","latitude":"14.22642000","longitude":"-87.96238000"},"sanjuan":{"id":54257,"name":"San Juan","latitude":"13.95428000","longitude":"-87.72948000"},"sanpedrodetutule":{"id":54284,"name":"San Pedro de Tutule","latitude":"14.25000000","longitude":"-87.85000000"},"santaana":{"id":54292,"name":"Santa Ana","latitude":"14.00011000","longitude":"-87.94107000"},"santaelena":{"id":54300,"name":"Santa Elena","latitude":"14.07149000","longitude":"-88.15445000"},"santamar\u00eda":{"id":54306,"name":"Santa Mar\u00eda","latitude":"14.26904000","longitude":"-87.91164000"},"santiagopuringla":{"id":54314,"name":"Santiago Puringla","latitude":"14.35000000","longitude":"-87.90000000"},"tepanguare":{"id":54335,"name":"Tepanguare","latitude":"14.33333000","longitude":"-87.75000000"},"yarula":{"id":54370,"name":"Yarula","latitude":"14.10000000","longitude":"-88.08000000"},"yarumela":{"id":54371,"name":"Yarumela","latitude":"14.33333000","longitude":"-87.63333000"}}},"lempira":{"id":4054,"name":"Lempira","state_code":"LE","latitude":"14.18876980","longitude":"-88.55653100","type":"department","cities":{"bel\u00e9n":{"id":53871,"name":"Bel\u00e9n","latitude":"14.50834000","longitude":"-88.42819000"},"candelaria":{"id":53884,"name":"Candelaria","latitude":"14.06072000","longitude":"-88.55913000"},"cololaca":{"id":53906,"name":"Cololaca","latitude":"14.31189000","longitude":"-88.87720000"},"elachiotal":{"id":53940,"name":"El Achiotal","latitude":"14.08333000","longitude":"-88.75000000"},"erandique":{"id":54000,"name":"Erandique","latitude":"14.23333000","longitude":"-88.46667000"},"gracias":{"id":54010,"name":"Gracias","latitude":"14.59028000","longitude":"-88.58194000"},"gualcince":{"id":54017,"name":"Gualcince","latitude":"14.12869000","longitude":"-88.56812000"},"guarita":{"id":54020,"name":"Guarita","latitude":"14.20784000","longitude":"-88.85161000"},"lacampa":{"id":54047,"name":"La Campa","latitude":"14.47280000","longitude":"-88.56090000"},"laiguala":{"id":54063,"name":"La Iguala","latitude":"14.66441000","longitude":"-88.46360000"},"lalibertad":{"id":54067,"name":"La Libertad","latitude":"14.80000000","longitude":"-88.58333000"},"launi\u00f3n":{"id":54081,"name":"La Uni\u00f3n","latitude":"14.81667000","longitude":"-88.40000000"},"lavirtud":{"id":54085,"name":"La Virtud","latitude":"14.07156000","longitude":"-88.68584000"},"lasflores":{"id":54091,"name":"Las Flores","latitude":"14.67930000","longitude":"-88.65040000"},"lastejeras":{"id":54093,"name":"Las Tejeras","latitude":"14.80000000","longitude":"-88.60000000"},"lepaera":{"id":54101,"name":"Lepaera","latitude":"14.78333000","longitude":"-88.58333000"},"mapulaca":{"id":54117,"name":"Mapulaca","latitude":"14.04293000","longitude":"-88.62440000"},"piraera":{"id":54174,"name":"Piraera","latitude":"14.06261000","longitude":"-88.46319000"},"sanandr\u00e9s":{"id":54210,"name":"San Andr\u00e9s","latitude":"14.21968000","longitude":"-88.54981000"},"sanfrancisco":{"id":54227,"name":"San Francisco","latitude":"14.12435000","longitude":"-88.37189000"},"sanjuanguarita":{"id":54258,"name":"San Juan Guarita","latitude":"14.15492000","longitude":"-88.77477000"},"sanmanuelcolohete":{"id":54269,"name":"San Manuel Colohete","latitude":"14.44435000","longitude":"-88.67050000"},"sanmarcosdecaiquin":{"id":54272,"name":"San Marcos de Caiquin","latitude":"14.41614000","longitude":"-88.60126000"},"sanrafael":{"id":54285,"name":"San Rafael","latitude":"14.73333000","longitude":"-88.41667000"},"sansebasti\u00e1n":{"id":54287,"name":"San Sebasti\u00e1n","latitude":"14.34594000","longitude":"-88.73487000"},"santacruz":{"id":54297,"name":"Santa Cruz","latitude":"14.34427000","longitude":"-88.52684000"},"talgua":{"id":54326,"name":"Talgua","latitude":"14.68110000","longitude":"-88.72800000"},"tambla":{"id":54327,"name":"Tambla","latitude":"14.21276000","longitude":"-88.76768000"},"taragual":{"id":54328,"name":"Taragual","latitude":"14.75000000","longitude":"-88.48333000"},"tomal\u00e1":{"id":54340,"name":"Tomal\u00e1","latitude":"14.24330000","longitude":"-88.73140000"},"valladolid":{"id":54353,"name":"Valladolid","latitude":"14.14710000","longitude":"-88.70840000"},"virginia":{"id":54364,"name":"Virginia","latitude":"14.00522000","longitude":"-88.56193000"}}},"ocotepeque":{"id":4056,"name":"Ocotepeque","state_code":"OC","latitude":"14.51703470","longitude":"-89.05615320","type":"department","cities":{"antiguaocotepeque":{"id":53850,"name":"Antigua Ocotepeque","latitude":"14.40000000","longitude":"-89.20000000"},"bel\u00e9ngualcho":{"id":53872,"name":"Bel\u00e9n Gualcho","latitude":"14.48333000","longitude":"-88.80000000"},"concepci\u00f3n":{"id":53909,"name":"Concepci\u00f3n","latitude":"14.52383000","longitude":"-89.19371000"},"doloresmerend\u00f3n":{"id":53936,"name":"Dolores Merend\u00f3n","latitude":"14.55095000","longitude":"-89.12493000"},"eltr\u00e1nsito":{"id":53996,"name":"El Tr\u00e1nsito","latitude":"14.38333000","longitude":"-88.91667000"},"fraternidad":{"id":54007,"name":"Fraternidad","latitude":"14.58087000","longitude":"-89.07740000"},"laencarnaci\u00f3n":{"id":54051,"name":"La Encarnaci\u00f3n","latitude":"14.66667000","longitude":"-89.04742000"},"lalabor":{"id":54066,"name":"La Labor","latitude":"14.48333000","longitude":"-89.00000000"},"lucerna":{"id":54112,"name":"Lucerna","latitude":"14.55000000","longitude":"-88.93333000"},"mercedes":{"id":54125,"name":"Mercedes","latitude":"14.31667000","longitude":"-88.98333000"},"nuevaocotepeque":{"id":54150,"name":"Nueva Ocotepeque","latitude":"14.43333000","longitude":"-89.18333000"},"sanfernando":{"id":54225,"name":"San Fernando","latitude":"14.68793000","longitude":"-89.10153000"},"sanfranciscodecones":{"id":54229,"name":"San Francisco de Cones","latitude":"14.51667000","longitude":"-88.90000000"},"sanfranciscodelvalle":{"id":54235,"name":"San Francisco del Valle","latitude":"14.43333000","longitude":"-88.95000000"},"sanjorge":{"id":54243,"name":"San Jorge","latitude":"14.63697000","longitude":"-89.11860000"},"sanmarcos":{"id":54271,"name":"San Marcos","latitude":"14.38000000","longitude":"-88.92000000"},"santafe":{"id":54301,"name":"Santa Fe","latitude":"14.50038000","longitude":"-89.27320000"},"santaluc\u00eda":{"id":54303,"name":"Santa Luc\u00eda","latitude":"14.41667000","longitude":"-89.20000000"},"sensenti":{"id":54316,"name":"Sensenti","latitude":"14.48333000","longitude":"-88.93333000"},"sinuapa":{"id":54319,"name":"Sinuapa","latitude":"14.45000000","longitude":"-89.18333000"},"yaruchel":{"id":54369,"name":"Yaruchel","latitude":"14.53333000","longitude":"-88.81667000"}}},"olancho":{"id":4050,"name":"Olancho","state_code":"OL","latitude":"14.80674060","longitude":"-85.76666450","type":"department","cities":{"arim\u00eds":{"id":53856,"name":"Arim\u00eds","latitude":"14.78333000","longitude":"-86.00000000"},"campamento":{"id":53883,"name":"Campamento","latitude":"14.55000000","longitude":"-86.65000000"},"catacamas":{"id":53890,"name":"Catacamas","latitude":"14.60384000","longitude":"-85.54261000"},"concordia":{"id":53917,"name":"Concordia","latitude":"14.61667000","longitude":"-86.65000000"},"dulcenombredeculm\u00ed":{"id":53938,"name":"Dulce Nombre de Culm\u00ed","latitude":"15.10000000","longitude":"-85.53333000"},"elguayabito":{"id":53956,"name":"El Guayabito","latitude":"14.83333000","longitude":"-86.03333000"},"elrosario":{"id":53986,"name":"El Rosario","latitude":"14.88720000","longitude":"-86.68764000"},"elrusio":{"id":53987,"name":"El Rusio","latitude":"14.46667000","longitude":"-86.36667000"},"esquipulasdelnorte":{"id":54002,"name":"Esquipulas del Norte","latitude":"15.27763000","longitude":"-86.55760000"},"gualaco":{"id":54015,"name":"Gualaco","latitude":"15.02521000","longitude":"-86.07076000"},"guarizama":{"id":54021,"name":"Guarizama","latitude":"14.91667000","longitude":"-86.33333000"},"guata":{"id":54022,"name":"Guata","latitude":"15.15133000","longitude":"-86.37624000"},"guayape":{"id":54023,"name":"Guayape","latitude":"14.71667000","longitude":"-86.83333000"},"jano":{"id":54032,"name":"Jano","latitude":"15.07902000","longitude":"-86.51521000"},"juticalpa":{"id":54042,"name":"Juticalpa","latitude":"14.66667000","longitude":"-86.21944000"},"jutiquile":{"id":54043,"name":"Jutiquile","latitude":"14.71667000","longitude":"-86.08333000"},"laconcepci\u00f3n":{"id":54049,"name":"La Concepci\u00f3n","latitude":"14.70000000","longitude":"-86.23333000"},"laestancia":{"id":54057,"name":"La Estancia","latitude":"15.05000000","longitude":"-86.35000000"},"laguata":{"id":54061,"name":"La Guata","latitude":"15.08333000","longitude":"-86.38333000"},"launi\u00f3n":{"id":54082,"name":"La Uni\u00f3n","latitude":"15.09759000","longitude":"-86.68910000"},"lagunaseca":{"id":54087,"name":"Laguna Seca","latitude":"14.70000000","longitude":"-86.10000000"},"mangulile":{"id":54115,"name":"Mangulile","latitude":"15.06667000","longitude":"-86.80000000"},"manto":{"id":54116,"name":"Manto","latitude":"14.91667000","longitude":"-86.38333000"},"municipiodesanfranciscodelapaz":{"id":54137,"name":"Municipio de San Francisco de La Paz","latitude":"14.84183000","longitude":"-86.11819000"},"patuca":{"id":54166,"name":"Patuca","latitude":"14.36000000","longitude":"-85.97000000"},"punuare":{"id":54189,"name":"Punuare","latitude":"14.73333000","longitude":"-85.96667000"},"salam\u00e1":{"id":54207,"name":"Salam\u00e1","latitude":"14.81052000","longitude":"-86.61996000"},"sanesteban":{"id":54224,"name":"San Esteban","latitude":"15.29467000","longitude":"-85.69487000"},"sanfranciscodebecerra":{"id":54228,"name":"San Francisco de Becerra","latitude":"14.63333000","longitude":"-86.10000000"},"sanfranciscodelapaz":{"id":54234,"name":"San Francisco de la Paz","latitude":"14.90000000","longitude":"-86.20000000"},"sanjos\u00e9der\u00edotinto":{"id":54252,"name":"San Jos\u00e9 de R\u00edo Tinto","latitude":"14.93333000","longitude":"-85.70000000"},"sannicol\u00e1s":{"id":54278,"name":"San Nicol\u00e1s","latitude":"14.55000000","longitude":"-86.25000000"},"santamar\u00edadelreal":{"id":54307,"name":"Santa Mar\u00eda del Real","latitude":"14.76667000","longitude":"-85.95000000"},"silca":{"id":54318,"name":"Silca","latitude":"14.76205000","longitude":"-86.51521000"},"yoc\u00f3n":{"id":54373,"name":"Yoc\u00f3n","latitude":"14.95000000","longitude":"-86.82000000"},"zopilotepe":{"id":54379,"name":"Zopilotepe","latitude":"14.60000000","longitude":"-86.26667000"}}},"santab\u00e1rbara":{"id":4053,"name":"Santa B\u00e1rbara","state_code":"SB","latitude":"15.12027950","longitude":"-88.40160410","type":"department","cities":{"agualote":{"id":53841,"name":"Agualote","latitude":"15.33528000","longitude":"-88.55306000"},"arada":{"id":53852,"name":"Arada","latitude":"14.85000000","longitude":"-88.30000000"},"atima":{"id":53861,"name":"Atima","latitude":"14.93333000","longitude":"-88.48333000"},"azacualpa":{"id":53865,"name":"Azacualpa","latitude":"14.71667000","longitude":"-88.10000000"},"berl\u00edn":{"id":53873,"name":"Berl\u00edn","latitude":"14.83333000","longitude":"-88.50000000"},"callejones":{"id":53880,"name":"Callejones","latitude":"15.16667000","longitude":"-88.65000000"},"camalote":{"id":53881,"name":"Camalote","latitude":"15.33333000","longitude":"-88.33333000"},"casaquemada":{"id":53888,"name":"Casa Quemada","latitude":"15.26667000","longitude":"-88.55000000"},"ceguaca":{"id":53893,"name":"Ceguaca","latitude":"14.80000000","longitude":"-88.20000000"},"chinda":{"id":53898,"name":"Chinda","latitude":"15.11667000","longitude":"-88.20000000"},"concepci\u00f3ndelnorte":{"id":53915,"name":"Concepci\u00f3n del Norte","latitude":"15.20227000","longitude":"-88.13728000"},"concepci\u00f3ndelsur":{"id":53916,"name":"Concepci\u00f3n del Sur","latitude":"14.81263000","longitude":"-88.15316000"},"correderos":{"id":53924,"name":"Correderos","latitude":"15.41667000","longitude":"-88.45000000"},"elciruelo":{"id":53946,"name":"El Ciruelo","latitude":"15.30000000","longitude":"-88.50000000"},"elcorozal":{"id":53947,"name":"El Corozal","latitude":"15.06667000","longitude":"-88.61667000"},"elmochito":{"id":53962,"name":"El Mochito","latitude":"14.86667000","longitude":"-88.08333000"},"eln\u00edspero":{"id":53964,"name":"El N\u00edspero","latitude":"14.75957000","longitude":"-88.34438000"},"guacamaya":{"id":54011,"name":"Guacamaya","latitude":"15.01667000","longitude":"-88.15000000"},"gualala":{"id":54016,"name":"Gualala","latitude":"14.98000000","longitude":"-88.17000000"},"gualjoco":{"id":54018,"name":"Gualjoco","latitude":"14.95000000","longitude":"-88.23333000"},"ilama":{"id":54026,"name":"Ilama","latitude":"15.06667000","longitude":"-88.21667000"},"joconal":{"id":54036,"name":"Joconal","latitude":"15.35444000","longitude":"-88.63556000"},"laflecha":{"id":54058,"name":"La Flecha","latitude":"15.28333000","longitude":"-88.48333000"},"lagunaverde":{"id":54088,"name":"Laguna Verde","latitude":"15.20000000","longitude":"-88.16667000"},"lasvegas":{"id":54096,"name":"Las Vegas","latitude":"14.86636000","longitude":"-88.07233000"},"lasvegassantabarbara":{"id":54097,"name":"Las Vegas Santa Barbara","latitude":"14.87649000","longitude":"-88.07473000"},"lomaalta":{"id":54105,"name":"Loma Alta","latitude":"15.39667000","longitude":"-88.55972000"},"macuelizo":{"id":54113,"name":"Macuelizo","latitude":"15.26000000","longitude":"-88.66000000"},"naco":{"id":54140,"name":"Naco","latitude":"15.38333000","longitude":"-88.18333000"},"naranjito":{"id":54142,"name":"Naranjito","latitude":"14.95000000","longitude":"-88.68333000"},"nuevafrontera":{"id":54148,"name":"Nueva Frontera","latitude":"15.21000000","longitude":"-88.56000000"},"nuevajalapa":{"id":54149,"name":"Nueva Jalapa","latitude":"14.91667000","longitude":"-88.33333000"},"nuevocelilac":{"id":54151,"name":"Nuevo Celilac","latitude":"14.97554000","longitude":"-88.36726000"},"petoa":{"id":54169,"name":"Petoa","latitude":"15.26667000","longitude":"-88.28333000"},"pinalejo":{"id":54173,"name":"Pinalejo","latitude":"15.38333000","longitude":"-88.40000000"},"protecci\u00f3n":{"id":54179,"name":"Protecci\u00f3n","latitude":"15.03333000","longitude":"-88.65000000"},"quimist\u00e1n":{"id":54195,"name":"Quimist\u00e1n","latitude":"15.35000000","longitude":"-88.40000000"},"sanfranciscodeojuera":{"id":54231,"name":"San Francisco de Ojuera","latitude":"14.67000000","longitude":"-88.21000000"},"sanjos\u00e9decolinas":{"id":54248,"name":"San Jos\u00e9 de Colinas","latitude":"15.03333000","longitude":"-88.30000000"},"sanjos\u00e9detarros":{"id":54253,"name":"San Jos\u00e9 de Tarros","latitude":"15.30000000","longitude":"-88.70000000"},"sanluis":{"id":54265,"name":"San Luis","latitude":"15.08333000","longitude":"-88.38333000"},"sanluisdeplanes":{"id":54267,"name":"San Luis de Planes","latitude":"14.98333000","longitude":"-88.13333000"},"sanmarcos":{"id":54270,"name":"San Marcos","latitude":"15.30000000","longitude":"-88.41667000"},"sannicol\u00e1s":{"id":54280,"name":"San Nicol\u00e1s","latitude":"14.91913000","longitude":"-88.37910000"},"sanpedrozacapa":{"id":54282,"name":"San Pedro Zacapa","latitude":"14.75000000","longitude":"-88.11667000"},"sanvicentecentenario":{"id":54288,"name":"San Vicente Centenario","latitude":"14.88333000","longitude":"-88.28333000"},"santab\u00e1rbara":{"id":54294,"name":"Santa B\u00e1rbara","latitude":"14.91944000","longitude":"-88.23611000"},"santarita":{"id":54309,"name":"Santa Rita","latitude":"14.76015000","longitude":"-88.26782000"},"sula":{"id":54323,"name":"Sula","latitude":"15.25000000","longitude":"-88.56667000"},"trascerros":{"id":54343,"name":"Tras Cerros","latitude":"15.30000000","longitude":"-88.66667000"},"trinidad":{"id":54345,"name":"Trinidad","latitude":"15.13333000","longitude":"-88.23333000"}}},"valle":{"id":4055,"name":"Valle","state_code":"VA","latitude":"13.57829360","longitude":"-87.57912870","type":"department","cities":{"aguafr\u00eda":{"id":53840,"name":"Agua Fr\u00eda","latitude":"13.46889000","longitude":"-87.55111000"},"alianza":{"id":53847,"name":"Alianza","latitude":"13.44815000","longitude":"-87.68643000"},"amapala":{"id":53849,"name":"Amapala","latitude":"13.29222000","longitude":"-87.65389000"},"aramecina":{"id":53853,"name":"Aramecina","latitude":"13.74222000","longitude":"-87.71028000"},"caridad":{"id":53887,"name":"Caridad","latitude":"13.81562000","longitude":"-87.68121000"},"elcubolero":{"id":53950,"name":"El Cubolero","latitude":"13.46667000","longitude":"-87.66667000"},"eltular":{"id":53997,"name":"El Tular","latitude":"13.46639000","longitude":"-87.51528000"},"goascor\u00e1n":{"id":54009,"name":"Goascor\u00e1n","latitude":"13.58333000","longitude":"-87.61667000"},"j\u00edcarogal\u00e1n":{"id":54044,"name":"J\u00edcaro Gal\u00e1n","latitude":"13.53167000","longitude":"-87.43889000"},"laalianza":{"id":54045,"name":"La Alianza","latitude":"13.51222000","longitude":"-87.72444000"},"lacriba":{"id":54050,"name":"La Criba","latitude":"13.45361000","longitude":"-87.41333000"},"langue":{"id":54090,"name":"Langue","latitude":"13.62083000","longitude":"-87.65250000"},"nacaome":{"id":54139,"name":"Nacaome","latitude":"13.52209000","longitude":"-87.52477000"},"sanfranciscodecoray":{"id":54230,"name":"San Francisco de Coray","latitude":"13.66139000","longitude":"-87.53278000"},"sanlorenzo":{"id":54263,"name":"San Lorenzo","latitude":"13.45149000","longitude":"-87.40743000"}}},"yoro":{"id":4057,"name":"Yoro","state_code":"YO","latitude":"15.29496790","longitude":"-87.14228950","type":"department","cities":{"aguablancasur":{"id":53838,"name":"Agua Blanca Sur","latitude":"15.25000000","longitude":"-87.88333000"},"arenal":{"id":53855,"name":"Arenal","latitude":"15.35000000","longitude":"-86.83333000"},"armenia":{"id":53858,"name":"Armenia","latitude":"15.46667000","longitude":"-86.36667000"},"ayapa":{"id":53864,"name":"Ayapa","latitude":"15.11174000","longitude":"-87.17557000"},"b\u00e1lsamooriental":{"id":53877,"name":"B\u00e1lsamo Oriental","latitude":"15.48333000","longitude":"-86.33333000"},"carbajales":{"id":53886,"name":"Carbajales","latitude":"15.51667000","longitude":"-86.35000000"},"coyolescentral":{"id":53926,"name":"Coyoles Central","latitude":"15.40000000","longitude":"-86.66667000"},"elb\u00e1lsamo":{"id":53943,"name":"El B\u00e1lsamo","latitude":"15.06667000","longitude":"-87.46667000"},"eljuncal":{"id":53957,"name":"El Juncal","latitude":"15.45000000","longitude":"-86.43333000"},"elnegrito":{"id":53963,"name":"El Negrito","latitude":"15.31667000","longitude":"-87.70000000"},"elocote":{"id":53967,"name":"El Ocote","latitude":"15.41667000","longitude":"-86.56667000"},"elprogreso":{"id":53980,"name":"El Progreso","latitude":"15.42762000","longitude":"-87.77396000"},"guaimitas":{"id":54013,"name":"Guaimitas","latitude":"15.50000000","longitude":"-87.71667000"},"joc\u00f3n":{"id":54037,"name":"Joc\u00f3n","latitude":"15.28333000","longitude":"-86.96667000"},"laestancia":{"id":54056,"name":"La Estancia","latitude":"15.28333000","longitude":"-87.55000000"},"laguacamaya":{"id":54059,"name":"La Guacamaya","latitude":"15.25000000","longitude":"-87.80000000"},"lamina":{"id":54072,"name":"La Mina","latitude":"15.31667000","longitude":"-87.83333000"},"larosa":{"id":54075,"name":"La Rosa","latitude":"15.35000000","longitude":"-87.06667000"},"lasarrosa":{"id":54077,"name":"La Sarrosa","latitude":"15.23333000","longitude":"-87.83333000"},"latrinidad":{"id":54078,"name":"La Trinidad","latitude":"15.10000000","longitude":"-87.20000000"},"lasvegas":{"id":54095,"name":"Las Vegas","latitude":"15.01667000","longitude":"-87.45000000"},"lomitas":{"id":54106,"name":"Lomitas","latitude":"15.10000000","longitude":"-87.21667000"},"mojim\u00e1n":{"id":54130,"name":"Mojim\u00e1n","latitude":"15.26667000","longitude":"-87.60000000"},"moraz\u00e1n":{"id":54133,"name":"Moraz\u00e1n","latitude":"15.31667000","longitude":"-87.60000000"},"nombredejes\u00fas":{"id":54143,"name":"Nombre de Jes\u00fas","latitude":"15.35000000","longitude":"-86.68333000"},"nuevaesperanza":{"id":54147,"name":"Nueva Esperanza","latitude":"15.26667000","longitude":"-87.60000000"},"ocotepaulino":{"id":54153,"name":"Ocote Paulino","latitude":"15.41667000","longitude":"-87.60000000"},"olanchito":{"id":54158,"name":"Olanchito","latitude":"15.48131000","longitude":"-86.57415000"},"paujiles":{"id":54167,"name":"Paujiles","latitude":"15.10000000","longitude":"-87.35000000"},"puntaocote":{"id":54187,"name":"Punta Ocote","latitude":"15.20000000","longitude":"-87.28333000"},"sanantonio":{"id":54211,"name":"San Antonio","latitude":"15.33333000","longitude":"-87.15000000"},"sanjos\u00e9":{"id":54244,"name":"San Jos\u00e9","latitude":"15.31667000","longitude":"-87.16667000"},"santarita":{"id":54308,"name":"Santa Rita","latitude":"15.18000000","longitude":"-87.81000000"},"subirana":{"id":54322,"name":"Subirana","latitude":"15.20000000","longitude":"-87.45000000"},"sulaco":{"id":54324,"name":"Sulaco","latitude":"14.91667000","longitude":"-87.26667000"},"teguajinal":{"id":54332,"name":"Teguajinal","latitude":"15.36667000","longitude":"-86.60000000"},"tepusteca":{"id":54336,"name":"Tepusteca","latitude":"15.41667000","longitude":"-86.31667000"},"toy\u00f3s":{"id":54342,"name":"Toy\u00f3s","latitude":"15.55000000","longitude":"-87.65000000"},"trojas":{"id":54347,"name":"Trojas","latitude":"15.35000000","longitude":"-86.70000000"},"victoria":{"id":54358,"name":"Victoria","latitude":"15.10012000","longitude":"-87.53020000"},"yorito":{"id":54374,"name":"Yorito","latitude":"15.06667000","longitude":"-87.28333000"},"yoro":{"id":54375,"name":"Yoro","latitude":"15.13750000","longitude":"-87.12778000"}}}}}