{"id":250,"name":"Sint Maarten (Dutch part)","iso3":"SXM","iso2":"SX","numeric_code":"534","phonecode":"1721","capital":"Philipsburg","currency":"ANG","currency_name":"Netherlands Antillean guilder","currency_symbol":"\u0192","tld":".sx","native":"Sint Maarten","region":"Americas","region_id":2,"subregion":"Caribbean","subregion_id":7,"nationality":"Sint Maarten","timezones":[{"zoneName":"America/Anguilla","gmtOffset":-14400,"gmtOffsetName":"UTC-04:00","abbreviation":"AST","tzName":"Atlantic Standard Time"}],"translations":{"ko":"\uc2e0\ud2b8\ub9c8\ub974\ud134","pt-BR":"Sint Maarten","pt":"S\u00e3o Martinho","nl":"Sint Maarten","fa":"\u0633\u06cc\u0646\u062a \u0645\u0627\u0631\u062a\u0646","de":"Sint Maarten (niederl. Teil)","fr":"Saint Martin (partie n\u00e9erlandaise)","it":"Saint Martin (parte olandese)","zh-CN":"\u5723\u9a6c\u4e01\u5c9b\uff08\u8377\u5170\u90e8\u5206\uff09","tr":"Sint Maarten","ru":"\u0421\u0438\u043d\u0442-\u041c\u0430\u0440\u0442\u0435\u043d (\u0433\u043e\u043b\u043b\u0430\u043d\u0434\u0441\u043a\u0430\u044f \u0447\u0430\u0441\u0442\u044c)","uk":"\u0421\u0456\u043d\u0442-\u041c\u0430\u0440\u0442\u0435\u043d (\u0433\u043e\u043b\u043b\u0430\u043d\u0434\u0441\u044c\u043a\u0430 \u0447\u0430\u0441\u0442\u0438\u043d\u0430)","pl":"Sint Maarten (cz\u0119\u015b\u0107 niderlandzka)"},"latitude":"18.03333300","longitude":"-63.05000000","emoji":"\ud83c\uddf8\ud83c\uddfd","emojiU":"U+1F1F8 U+1F1FD"}