{"id":106,"name":"Israel","iso3":"ISR","iso2":"IL","numeric_code":"376","phone_code":"972","capital":"Jerusalem","currency":"ILS","currency_name":"Israeli new shekel","currency_symbol":"\u20aa","tld":".il","native":"\u05d9\u05b4\u05e9\u05b0\u05c2\u05e8\u05b8\u05d0\u05b5\u05dc","region":"Asia","region_id":"3","subregion":"Western Asia","subregion_id":"11","nationality":"Israeli","timezones":[{"zoneName":"Asia/Jerusalem","gmtOffset":7200,"gmtOffsetName":"UTC+02:00","abbreviation":"IST","tzName":"Israel Standard Time"}],"translations":{"kr":"\uc774\uc2a4\ub77c\uc5d8","pt-BR":"Israel","pt":"Israel","nl":"Isra\u00ebl","hr":"Izrael","fa":"\u0627\u0633\u0631\u0627\u0626\u06cc\u0644","de":"Israel","es":"Israel","fr":"Isra\u00ebl","ja":"\u30a4\u30b9\u30e9\u30a8\u30eb","it":"Israele","cn":"\u4ee5\u8272\u5217","tr":"\u0130srail"},"latitude":"31.50000000","longitude":"34.75000000","emoji":"\ud83c\uddee\ud83c\uddf1","emojiU":"U+1F1EE U+1F1F1","states":{"centraldistrict":{"id":1367,"name":"Central District","state_code":"M","latitude":"47.60875830","longitude":"-122.29642350","type":null,"cities":{"betdagan":{"id":57446,"name":"Bet Dagan","latitude":"32.00191000","longitude":"34.82977000"},"betyi\u1e95\u1e96aq":{"id":57449,"name":"Bet Yi\u1e95\u1e96aq","latitude":"32.32751000","longitude":"34.88878000"},"bneiayish":{"id":57450,"name":"Bnei Ayish","latitude":"31.78333000","longitude":"34.75000000"},"elyakhin":{"id":57463,"name":"Elyakhin","latitude":"32.40793000","longitude":"34.92433000"},"e\u1e6d\u1e6caiyiba":{"id":57467,"name":"E\u1e6d \u1e6caiyiba","latitude":"32.26616000","longitude":"35.00893000"},"evenyehuda":{"id":57466,"name":"Even Yehuda","latitude":"32.26959000","longitude":"34.88759000"},"ganyavne":{"id":57468,"name":"Gan Yavne","latitude":"31.78737000","longitude":"34.70659000"},"ganeitikva":{"id":57469,"name":"Ganei Tikva","latitude":"32.05971000","longitude":"34.87320000"},"gedera":{"id":57470,"name":"Gedera","latitude":"31.81456000","longitude":"34.77998000"},"hodhasharon":{"id":57478,"name":"Hod HaSharon","latitude":"32.15934000","longitude":"34.89320000"},"jalj\u016blya":{"id":57483,"name":"Jalj\u016blya","latitude":"32.15470000","longitude":"34.95372000"},"kafrq\u0101sim":{"id":57491,"name":"Kafr Q\u0101sim","latitude":"32.11406000","longitude":"34.97624000"},"kefarh\u0331abad":{"id":57494,"name":"Kefar H\u0331abad","latitude":"31.98793000","longitude":"34.85160000"},"kefaryona":{"id":57499,"name":"Kefar Yona","latitude":"32.31669000","longitude":"34.93507000"},"kfarsaba":{"id":57500,"name":"Kfar Saba","latitude":"32.17500000","longitude":"34.90694000"},"lapid":{"id":57503,"name":"Lapid","latitude":"31.91764000","longitude":"35.03222000"},"lod":{"id":57505,"name":"Lod","latitude":"31.94670000","longitude":"34.89030000"},"mazkeretbatya":{"id":57507,"name":"Mazkeret Batya","latitude":"31.85357000","longitude":"34.84646000"},"modi\u2018inmakkabbimre\u2018ut":{"id":57515,"name":"Modi\u2018in Makkabbim Re\u2018ut","latitude":"31.89385000","longitude":"35.01504000"},"ne\u1e96alim":{"id":57525,"name":"Ne\u1e96alim","latitude":"32.06012000","longitude":"34.91069000"},"nessziona":{"id":57522,"name":"Ness Ziona","latitude":"31.92933000","longitude":"34.79868000"},"netanya":{"id":57523,"name":"Netanya","latitude":"32.33291000","longitude":"34.85992000"},"nirit":{"id":57526,"name":"Nirit","latitude":"32.14677000","longitude":"34.98622000"},"nofayalon":{"id":57527,"name":"Nof Ayalon","latitude":"31.87111000","longitude":"34.99081000"},"nordiyya":{"id":57528,"name":"Nordiyya","latitude":"32.31470000","longitude":"34.89617000"},"pardesiyya":{"id":57531,"name":"Pardesiyya","latitude":"32.30577000","longitude":"34.90911000"},"peta\u1e96tiqwa":{"id":57533,"name":"Peta\u1e96 Tiqwa","latitude":"32.08707000","longitude":"34.88747000"},"qalansuwa":{"id":57534,"name":"Qalansuwa","latitude":"32.28493000","longitude":"34.98106000"},"ra\u0027anana":{"id":57541,"name":"Ra\u0027anana","latitude":"32.18360000","longitude":"34.87386000"},"ramla":{"id":57546,"name":"Ramla","latitude":"31.92923000","longitude":"34.86563000"},"re\u1e96ovot":{"id":57548,"name":"Re\u1e96ovot","latitude":"31.89421000","longitude":"34.81199000"},"rishonle\u1e94iyyon":{"id":57549,"name":"Rishon Le\u1e94iyyon","latitude":"31.97102000","longitude":"34.78939000"},"roshha\u2018ayin":{"id":57550,"name":"Rosh Ha\u2018Ayin","latitude":"32.09556000","longitude":"34.95664000"},"savyon":{"id":57556,"name":"Savyon","latitude":"32.04966000","longitude":"34.87770000"},"shoham":{"id":57560,"name":"Shoham","latitude":"31.99866000","longitude":"34.94559000"},"telmond":{"id":57565,"name":"Tel Mond","latitude":"32.24995000","longitude":"34.91737000"},"tirah":{"id":57568,"name":"Tirah","latitude":"32.23410000","longitude":"34.95023000"},"yavn\u00e9":{"id":57573,"name":"Yavn\u00e9","latitude":"31.87808000","longitude":"34.73983000"},"yehud":{"id":57574,"name":"Yehud","latitude":"32.03317000","longitude":"34.89091000"},"\u1e94urmoshe":{"id":57580,"name":"\u1e94ur Moshe","latitude":"32.29819000","longitude":"34.91313000"}}},"haifadistrict":{"id":1369,"name":"Haifa District","state_code":"HA","latitude":"32.48141110","longitude":"34.99475100","type":null,"cities":{"atlit":{"id":57440,"name":"Atlit","latitude":"32.68889000","longitude":"34.94236000"},"caesarea":{"id":57455,"name":"Caesarea","latitude":"32.51888000","longitude":"34.90459000"},"daliyatalkarmel":{"id":57457,"name":"Daliyat al Karmel","latitude":"32.69383000","longitude":"35.04686000"},"elfureid\u012bs":{"id":57461,"name":"El Fureid\u012bs","latitude":"32.59812000","longitude":"34.95153000"},"hadera":{"id":57473,"name":"Hadera","latitude":"32.44192000","longitude":"34.90390000"},"haifa":{"id":57474,"name":"Haifa","latitude":"32.81841000","longitude":"34.98850000"},"ib\u1e6d\u012bn":{"id":57480,"name":"Ib\u1e6d\u012bn","latitude":"32.76150000","longitude":"35.11402000"},"nesher":{"id":57521,"name":"Nesher","latitude":"32.76622000","longitude":"35.04425000"},"qiryatata":{"id":57535,"name":"Qiryat Ata","latitude":"32.81149000","longitude":"35.11323000"},"qiryatbialik":{"id":57536,"name":"Qiryat Bialik","latitude":"32.82750000","longitude":"35.08583000"},"qiryatmo\u1e95qin":{"id":57538,"name":"Qiryat Mo\u1e95qin","latitude":"32.83706000","longitude":"35.07760000"},"qiryatyam":{"id":57540,"name":"Qiryat Yam","latitude":"32.84966000","longitude":"35.06973000"},"rekhasim":{"id":57547,"name":"Rekhasim","latitude":"32.74907000","longitude":"35.09901000"},"tiratkarmel":{"id":57569,"name":"Tirat Karmel","latitude":"32.76021000","longitude":"34.97183000"},"ummelfa\u1e25m":{"id":57570,"name":"Umm el Fa\u1e25m","latitude":"32.51725000","longitude":"35.15349000"}}},"jerusalemdistrict":{"id":1370,"name":"Jerusalem District","state_code":"JM","latitude":"31.76482430","longitude":"34.99475100","type":null,"cities":{"ab\u016bghaush":{"id":57434,"name":"Ab\u016b Ghaush","latitude":"31.80592000","longitude":"35.10930000"},"betshemesh":{"id":57447,"name":"Bet Shemesh","latitude":"31.73072000","longitude":"34.99293000"},"haradar":{"id":57475,"name":"Har Adar","latitude":"31.82754000","longitude":"35.13093000"},"jerusalem":{"id":57484,"name":"Jerusalem","latitude":"31.76904000","longitude":"35.21633000"},"mevasseret\u1e94iyyon":{"id":57509,"name":"Mevasseret \u1e94iyyon","latitude":"31.80186000","longitude":"35.15072000"},"modiinilit":{"id":57514,"name":"Modiin Ilit","latitude":"31.93221000","longitude":"35.04416000"},"westjerusalem":{"id":57571,"name":"West Jerusalem","latitude":"31.78199000","longitude":"35.21961000"},"\u1e94urhadassa":{"id":57579,"name":"\u1e94ur Hadassa","latitude":"31.71912000","longitude":"35.09708000"}}},"northerndistrict":{"id":1366,"name":"Northern District","state_code":"Z","latitude":"36.15118640","longitude":"-95.99517630","type":null,"cities":{"\u2018eilabun":{"id":57581,"name":"\u2018Eilabun","latitude":"32.83693000","longitude":"35.40029000"},"\u2018uzeir":{"id":57583,"name":"\u2018Uzeir","latitude":"32.79212000","longitude":"35.32984000"},"acre":{"id":57435,"name":"Acre","latitude":"32.92814000","longitude":"35.07647000"},"afula":{"id":57436,"name":"Afula","latitude":"32.60907000","longitude":"35.28920000"},"basmat\u1e6cab\u2018\u016bn":{"id":57442,"name":"Basmat \u1e6cab\u2018\u016bn","latitude":"32.73898000","longitude":"35.15716000"},"beitjann":{"id":57445,"name":"Beit Jann","latitude":"32.96464000","longitude":"35.38152000"},"betshe\u2019an":{"id":57448,"name":"Bet She\u2019an","latitude":"32.49728000","longitude":"35.49632000"},"b\u012brelmaks\u016br":{"id":57454,"name":"B\u012br el Maks\u016br","latitude":"32.77732000","longitude":"35.22069000"},"bu\u2018eina":{"id":57453,"name":"Bu\u2018eina","latitude":"32.80636000","longitude":"35.36486000"},"buqei\u2018a":{"id":57452,"name":"Buqei\u2018a","latitude":"32.97747000","longitude":"35.33345000"},"dabb\u016br\u012bya":{"id":57456,"name":"Dabb\u016br\u012bya","latitude":"32.69256000","longitude":"35.37123000"},"deir\u1e24ann\u0101":{"id":57458,"name":"Deir \u1e24ann\u0101","latitude":"32.86196000","longitude":"35.36365000"},"elmazra\u2018a":{"id":57462,"name":"El Mazra\u2018a","latitude":"32.98338000","longitude":"35.09837000"},"erreina":{"id":57464,"name":"Er Reina","latitude":"32.72339000","longitude":"35.31622000"},"eshsheikhdann\u016bn":{"id":57465,"name":"Esh Sheikh Dann\u016bn","latitude":"32.99410000","longitude":"35.14805000"},"\u1e24urfeish":{"id":57578,"name":"\u1e24urfeish","latitude":"33.01711000","longitude":"35.34835000"},"iks\u0101l":{"id":57481,"name":"Iks\u0101l","latitude":"32.68164000","longitude":"35.32365000"},"j\u012bsh":{"id":57486,"name":"J\u012bsh","latitude":"33.02216000","longitude":"35.44694000"},"judeidamakr":{"id":57485,"name":"Judeida Makr","latitude":"32.92820000","longitude":"35.15705000"},"k\u0101b\u016bl":{"id":57502,"name":"K\u0101b\u016bl","latitude":"32.86856000","longitude":"35.21171000"},"kafrkamm\u0101":{"id":57487,"name":"Kafr Kamm\u0101","latitude":"32.72129000","longitude":"35.44122000"},"kafrkann\u0101":{"id":57488,"name":"Kafr Kann\u0101","latitude":"32.74660000","longitude":"35.34242000"},"kafrmand\u0101":{"id":57489,"name":"Kafr Mand\u0101","latitude":"32.81034000","longitude":"35.26009000"},"kafrmi\u1e63r":{"id":57490,"name":"Kafr Mi\u1e63r","latitude":"32.64521000","longitude":"35.42147000"},"karmi\u2019el":{"id":57492,"name":"Karmi\u2019el","latitude":"32.91708000","longitude":"35.30501000"},"kaukabab\u016belh\u012bj\u0101":{"id":57493,"name":"Kaukab Ab\u016b el H\u012bj\u0101","latitude":"32.83155000","longitude":"35.24848000"},"kefarroshhaniqra":{"id":57495,"name":"Kefar Rosh HaNiqra","latitude":"33.08607000","longitude":"35.11348000"},"kefartavor":{"id":57497,"name":"Kefar Tavor","latitude":"32.68655000","longitude":"35.42118000"},"kefarweradim":{"id":57498,"name":"Kefar Weradim","latitude":"32.99385000","longitude":"35.27793000"},"kfaryasif":{"id":57501,"name":"Kfar Yasif","latitude":"32.95451000","longitude":"35.16230000"},"maalottarsh\u012bh\u0101":{"id":57577,"name":"maalot Tarsh\u012bh\u0101","latitude":"33.01667000","longitude":"35.26667000"},"magh\u0101r":{"id":57506,"name":"Magh\u0101r","latitude":"32.88984000","longitude":"35.40703000"},"metulla":{"id":57508,"name":"Metulla","latitude":"33.27918000","longitude":"35.57950000"},"mi\u2018ily\u0101":{"id":57513,"name":"Mi\u2018ily\u0101","latitude":"33.02781000","longitude":"35.25658000"},"migdalha\u2018emeq":{"id":57511,"name":"Migdal Ha\u2018Emeq","latitude":"32.67597000","longitude":"35.23986000"},"nahariyya":{"id":57516,"name":"Nahariyya","latitude":"33.00892000","longitude":"35.09814000"},"na\u1e25f":{"id":57518,"name":"Na\u1e25f","latitude":"32.93444000","longitude":"35.31679000"},"nazareth":{"id":57517,"name":"Nazareth","latitude":"32.70056000","longitude":"35.29722000"},"nefat\u2018akko":{"id":57519,"name":"Nefat \u2018Akko","latitude":"32.95000000","longitude":"35.23333000"},"nein":{"id":57520,"name":"Nein","latitude":"32.63063000","longitude":"35.34885000"},"pasuta":{"id":57532,"name":"Pasuta","latitude":"33.04895000","longitude":"35.30893000"},"qiryatshemona":{"id":57539,"name":"Qiryat Shemona","latitude":"33.20733000","longitude":"35.57212000"},"ramatyishay":{"id":57545,"name":"Ramat Yishay","latitude":"32.70444000","longitude":"35.17070000"},"roshpinna":{"id":57551,"name":"Rosh Pinna","latitude":"32.96894000","longitude":"35.54258000"},"rumatheib":{"id":57552,"name":"Rumat Heib","latitude":"32.77802000","longitude":"35.30571000"},"safed":{"id":57553,"name":"Safed","latitude":"32.96465000","longitude":"35.49600000"},"s\u0101j\u016br":{"id":57561,"name":"S\u0101j\u016br","latitude":"32.94266000","longitude":"35.34136000"},"sakhn\u012bn":{"id":57554,"name":"Sakhn\u012bn","latitude":"32.86422000","longitude":"35.29707000"},"sallama":{"id":57555,"name":"Sallama","latitude":"32.89443000","longitude":"35.36931000"},"shelomi":{"id":57558,"name":"Shelomi","latitude":"33.07216000","longitude":"35.14452000"},"shibli":{"id":57559,"name":"Shibli","latitude":"32.69464000","longitude":"35.39252000"},"s\u016blam":{"id":57562,"name":"S\u016blam","latitude":"32.60606000","longitude":"35.33408000"},"tamra":{"id":57563,"name":"Tamra","latitude":"32.85301000","longitude":"35.19870000"},"tiberias":{"id":57566,"name":"Tiberias","latitude":"32.79221000","longitude":"35.53124000"},"timrat":{"id":57567,"name":"Timrat","latitude":"32.70302000","longitude":"35.22359000"},"yavne\u2019el":{"id":57572,"name":"Yavne\u2019el","latitude":"32.70619000","longitude":"35.50435000"}}},"southerndistrict":{"id":1368,"name":"Southern District","state_code":"D","latitude":"40.71375860","longitude":"-74.00090590","type":null,"cities":{"\u2018enboqeq":{"id":57582,"name":"\u2018En Boqeq","latitude":"31.19941000","longitude":"35.36253000"},"arad":{"id":57437,"name":"Arad","latitude":"31.25882000","longitude":"35.21282000"},"ashdod":{"id":57438,"name":"Ashdod","latitude":"31.79213000","longitude":"34.64966000"},"ashkelon":{"id":57439,"name":"Ashkelon","latitude":"31.66926000","longitude":"34.57149000"},"beersheba":{"id":57444,"name":"Beersheba","latitude":"31.25181000","longitude":"34.79130000"},"dimona":{"id":57459,"name":"Dimona","latitude":"31.07079000","longitude":"35.03269000"},"eilat":{"id":57460,"name":"Eilat","latitude":"29.55805000","longitude":"34.94821000"},"lehavim":{"id":57504,"name":"Lehavim","latitude":"31.37284000","longitude":"34.81619000"},"midreshetben-gurion":{"id":57510,"name":"Midreshet Ben-Gurion","latitude":"30.85154000","longitude":"34.78340000"},"mitzperamon":{"id":57512,"name":"Mitzpe Ramon","latitude":"30.60944000","longitude":"34.80111000"},"netivot":{"id":57524,"name":"Netivot","latitude":"31.42305000","longitude":"34.58911000"},"ofaqim":{"id":57529,"name":"Ofaqim","latitude":"31.31410000","longitude":"34.62025000"},"qiryatgat":{"id":57537,"name":"Qiryat Gat","latitude":"31.60998000","longitude":"34.76422000"},"rahat":{"id":57542,"name":"Rahat","latitude":"31.39547000","longitude":"34.75699000"},"sederot":{"id":57557,"name":"Sederot","latitude":"31.52500000","longitude":"34.59693000"},"yero\u1e96am":{"id":57576,"name":"Yero\u1e96am","latitude":"30.98822000","longitude":"34.93176000"}}},"telavivdistrict":{"id":1371,"name":"Tel Aviv District","state_code":"TA","latitude":"32.09290750","longitude":"34.80721650","type":null,"cities":{"azor":{"id":57441,"name":"Azor","latitude":"32.02430000","longitude":"34.80632000"},"batyam":{"id":57443,"name":"Bat Yam","latitude":"32.02379000","longitude":"34.75185000"},"bneibrak":{"id":57451,"name":"Bnei Brak","latitude":"32.08074000","longitude":"34.83380000"},"giv\u0027atshmuel":{"id":57471,"name":"Giv\u0027at Shmuel","latitude":"32.07817000","longitude":"34.84858000"},"givatayim":{"id":57472,"name":"Givatayim","latitude":"32.07225000","longitude":"34.81253000"},"herzliya":{"id":57476,"name":"Herzliya","latitude":"32.16627000","longitude":"34.82536000"},"herzliyapituah":{"id":57477,"name":"Herzliya Pituah","latitude":"32.17409000","longitude":"34.80280000"},"h\u0331olon":{"id":57479,"name":"H\u0331olon","latitude":"32.01034000","longitude":"34.77918000"},"jaffa":{"id":57482,"name":"Jaffa","latitude":"32.05043000","longitude":"34.75224000"},"kefarshemaryahu":{"id":57496,"name":"Kefar Shemaryahu","latitude":"32.18529000","longitude":"34.82082000"},"oryehuda":{"id":57530,"name":"Or Yehuda","latitude":"32.02923000","longitude":"34.85788000"},"ramatgan":{"id":57543,"name":"Ramat Gan","latitude":"32.08227000","longitude":"34.81065000"},"ramathasharon":{"id":57544,"name":"Ramat HaSharon","latitude":"32.14613000","longitude":"34.83940000"},"telaviv":{"id":57564,"name":"Tel Aviv","latitude":"32.08088000","longitude":"34.78057000"},"yehud-monosson":{"id":57575,"name":"Yehud-Monosson","latitude":"32.02840000","longitude":"34.87960000"}}}}}