{"id":209,"name":"Sudan","iso3":"SDN","iso2":"SD","numeric_code":"729","phone_code":"249","capital":"Khartoum","currency":"SDG","currency_name":"Sudanese pound","currency_symbol":".\u0633.\u062c","tld":".sd","native":"\u0627\u0644\u0633\u0648\u062f\u0627\u0646","region":"Africa","region_id":"1","subregion":"Northern Africa","subregion_id":"1","nationality":"Sudanese","timezones":[{"zoneName":"Africa/Khartoum","gmtOffset":7200,"gmtOffsetName":"UTC+02:00","abbreviation":"EAT","tzName":"Eastern African Time"}],"translations":{"kr":"\uc218\ub2e8","pt-BR":"Sud\u00e3o","pt":"Sud\u00e3o","nl":"Soedan","hr":"Sudan","fa":"\u0633\u0648\u062f\u0627\u0646","de":"Sudan","es":"Sud\u00e1n","fr":"Soudan","ja":"\u30b9\u30fc\u30c0\u30f3","it":"Sudan","cn":"\u82cf\u4e39","tr":"Sudan","ru":"\u0421\u0443\u0434\u0430\u043d","uk":"\u0421\u0443\u0434\u0430\u043d","pl":"Sudan"},"latitude":"15.00000000","longitude":"30.00000000","emoji":"\ud83c\uddf8\ud83c\udde9","emojiU":"U+1F1F8 U+1F1E9","states":{"aljazirah":{"id":885,"name":"Al Jazirah","state_code":"GZ","latitude":"14.88596110","longitude":"33.43835300","type":null,"cities":{"alhasaheisa":{"id":102921,"name":"Al Hasaheisa","latitude":"14.75264000","longitude":"33.29836000"},"alhil\u0101liyya":{"id":102922,"name":"Al Hil\u0101liyya","latitude":"14.93980000","longitude":"33.23400000"},"alkiremital\u2018arakiyy\u012bn":{"id":102924,"name":"Al Kiremit al \u2018Arakiyy\u012bn","latitude":"14.34760000","longitude":"32.94370000"},"alman\u0101qil":{"id":102926,"name":"Al Man\u0101qil","latitude":"14.24590000","longitude":"32.98910000"},"almasallamiyya":{"id":102927,"name":"Al Masallamiyya","latitude":"14.57480000","longitude":"33.33730000"},"wadmedani":{"id":102980,"name":"Wad Medani","latitude":"14.40118000","longitude":"33.51989000"},"wadr\u0101wah":{"id":102981,"name":"Wad R\u0101wah","latitude":"15.16028000","longitude":"33.13972000"}}},"alqadarif":{"id":886,"name":"Al Qadarif","state_code":"GD","latitude":"14.02430700","longitude":"35.36856790","type":null,"cities":{"al\u1e28aw\u0101tah":{"id":102931,"name":"Al \u1e28aw\u0101tah","latitude":"13.41667000","longitude":"34.63333000"},"alqadarif":{"id":102929,"name":"Al Qadarif","latitude":"14.03493000","longitude":"35.38344000"},"doka":{"id":102942,"name":"Doka","latitude":"13.51667000","longitude":"35.76667000"}}},"bluenile":{"id":887,"name":"Blue Nile","state_code":"NB","latitude":"47.59867300","longitude":"-122.33441900","type":null,"cities":{"ad-damazin":{"id":102919,"name":"Ad-Damazin","latitude":"11.78910000","longitude":"34.35920000"},"arruseris":{"id":102934,"name":"Ar Ruseris","latitude":"11.86590000","longitude":"34.38690000"},"kurmuk":{"id":102961,"name":"Kurmuk","latitude":"10.55000000","longitude":"34.28333000"}}},"centraldarfur":{"id":896,"name":"Central Darfur","state_code":"DC","latitude":"14.37827470","longitude":"24.90422080","type":null,"cities":{"zalingei":{"id":102984,"name":"Zalingei","latitude":"12.90918000","longitude":"23.47058000"}}},"eastdarfur":{"id":892,"name":"East Darfur","state_code":"DE","latitude":"14.37827470","longitude":"24.90422080","type":null,"cities":{"eldaein":{"id":102946,"name":"El Daein","latitude":"11.46186000","longitude":"26.12583000"}}},"kassala":{"id":884,"name":"Kassala","state_code":"KA","latitude":"15.45813320","longitude":"36.40396290","type":null,"cities":{"aroma":{"id":102936,"name":"Aroma","latitude":"15.81667000","longitude":"36.13333000"},"kassala":{"id":102956,"name":"Kassala","latitude":"15.45099000","longitude":"36.39998000"},"wagar":{"id":102983,"name":"Wagar","latitude":"16.15250000","longitude":"36.20320000"}}},"khartoum":{"id":881,"name":"Khartoum","state_code":"KH","latitude":"15.50065440","longitude":"32.55989940","type":null,"cities":{"khartoum":{"id":102957,"name":"Khartoum","latitude":"15.55177000","longitude":"32.53241000"},"omdurman":{"id":102967,"name":"Omdurman","latitude":"15.64453000","longitude":"32.47773000"}}},"northdarfur":{"id":890,"name":"North Darfur","state_code":"DN","latitude":"15.76619690","longitude":"24.90422080","type":null,"cities":{"elfasher":{"id":102947,"name":"El Fasher","latitude":"13.62793000","longitude":"25.34936000"},"kutum":{"id":102962,"name":"Kutum","latitude":"14.20000000","longitude":"24.66667000"},"ummkaddadah":{"id":102978,"name":"Umm Kaddadah","latitude":"13.60169000","longitude":"26.68759000"}}},"northkordofan":{"id":893,"name":"North Kordofan","state_code":"KN","latitude":"13.83064410","longitude":"29.41793240","type":null,"cities":{"arrahad":{"id":102933,"name":"Ar Rahad","latitude":"12.71667000","longitude":"30.65000000"},"b\u0101rah":{"id":102940,"name":"B\u0101rah","latitude":"13.70000000","longitude":"30.36667000"},"elobeid":{"id":102949,"name":"El Obeid","latitude":"13.18421000","longitude":"30.21669000"},"ummruwaba":{"id":102979,"name":"Umm Ruwaba","latitude":"12.90610000","longitude":"31.21580000"}}},"northern":{"id":895,"name":"Northern","state_code":"NO","latitude":"38.06381700","longitude":"-84.46286480","type":null,"cities":{"addabbah":{"id":102916,"name":"Ad Dabbah","latitude":"18.05000000","longitude":"30.95000000"},"argo":{"id":102935,"name":"Argo","latitude":"19.51667000","longitude":"30.41667000"},"dongola":{"id":102943,"name":"Dongola","latitude":"19.18163000","longitude":"30.47689000"},"karmahannuzul":{"id":102955,"name":"Karmah an Nuzul","latitude":"19.63333000","longitude":"30.41667000"},"kuraymah":{"id":102960,"name":"Kuraymah","latitude":"18.55000000","longitude":"31.85000000"},"merowe":{"id":102965,"name":"Merowe","latitude":"18.47036000","longitude":"31.81126000"}}},"redsea":{"id":880,"name":"Red Sea","state_code":"RS","latitude":"20.28023200","longitude":"38.51257300","type":null,"cities":{"gebeit":{"id":102950,"name":"Gebeit","latitude":"21.06667000","longitude":"36.31667000"},"portsudan":{"id":102968,"name":"Port Sudan","latitude":"19.61745000","longitude":"37.21644000"},"saw\u0101kin":{"id":102970,"name":"Saw\u0101kin","latitude":"19.10590000","longitude":"37.33210000"},"tok\u0101r":{"id":102976,"name":"Tok\u0101r","latitude":"18.42540000","longitude":"37.72900000"}}},"rivernile":{"id":891,"name":"River Nile","state_code":"NR","latitude":"23.97275950","longitude":"32.87492060","type":null,"cities":{"atbara":{"id":102938,"name":"Atbara","latitude":"17.70217000","longitude":"33.98638000"},"berber":{"id":102939,"name":"Berber","latitude":"18.02158000","longitude":"33.98299000"},"eddamer":{"id":102944,"name":"Ed Damer","latitude":"17.59898000","longitude":"33.97205000"},"elbauga":{"id":102945,"name":"El Bauga","latitude":"18.26197000","longitude":"33.90812000"},"elmatama":{"id":102948,"name":"El Matama","latitude":"16.70950000","longitude":"33.35650000"},"shendi":{"id":102971,"name":"Shendi","latitude":"16.69150000","longitude":"33.43410000"}}},"sennar":{"id":882,"name":"Sennar","state_code":"SI","latitude":"13.56746900","longitude":"33.56720450","type":null,"cities":{"addindar":{"id":102917,"name":"Ad Dindar","latitude":"13.20000000","longitude":"34.16667000"},"ass\u016bk\u012b":{"id":102937,"name":"As S\u016bk\u012b","latitude":"13.31667000","longitude":"33.88333000"},"jalqani":{"id":102953,"name":"Jalqani","latitude":"12.44860000","longitude":"34.21860000"},"kin\u0101na":{"id":102958,"name":"Kin\u0101na","latitude":"14.03610000","longitude":"33.17120000"},"maiurno":{"id":102963,"name":"Maiurno","latitude":"13.41667000","longitude":"33.66667000"},"singa":{"id":102972,"name":"Singa","latitude":"13.14830000","longitude":"33.93117000"},"sinnar":{"id":102973,"name":"Sinnar","latitude":"13.56907000","longitude":"33.56718000"}}},"southdarfur":{"id":894,"name":"South Darfur","state_code":"DS","latitude":"11.64886390","longitude":"24.90422080","type":null,"cities":{"gereida":{"id":102952,"name":"Gereida","latitude":"11.27543000","longitude":"25.14026000"},"nyala":{"id":102966,"name":"Nyala","latitude":"12.04888000","longitude":"24.88069000"}}},"southkordofan":{"id":883,"name":"South Kordofan","state_code":"KS","latitude":"11.19901920","longitude":"29.41793240","type":null,"cities":{"abujibeha":{"id":102914,"name":"Abu Jibeha","latitude":"11.45620000","longitude":"31.22850000"},"alf\u016blah":{"id":102920,"name":"Al F\u016blah","latitude":"11.73292000","longitude":"28.35786000"},"dilling":{"id":102941,"name":"Dilling","latitude":"12.05000000","longitude":"29.65000000"},"kadugli":{"id":102954,"name":"Kadugli","latitude":"11.01111000","longitude":"29.71833000"},"talodi":{"id":102974,"name":"Talodi","latitude":"10.63246000","longitude":"30.37970000"}}},"westdarfur":{"id":888,"name":"West Darfur","state_code":"DW","latitude":"12.84635610","longitude":"23.00119890","type":null,"cities":{"geneina":{"id":102951,"name":"Geneina","latitude":"13.45262000","longitude":"22.44725000"}}},"westkordofan":{"id":889,"name":"West Kordofan","state_code":"GK","latitude":"11.19901920","longitude":"29.41793240","type":null,"cities":{"ab\u016bzabad":{"id":102915,"name":"Ab\u016b Zabad","latitude":"12.35000000","longitude":"29.25000000"},"allagowa":{"id":102925,"name":"Al Lagowa","latitude":"11.40000000","longitude":"29.13333000"},"almijlad":{"id":102928,"name":"Al Mijlad","latitude":"11.03333000","longitude":"27.73333000"},"annuh\u016bd":{"id":102932,"name":"An Nuh\u016bd","latitude":"12.70000000","longitude":"28.43333000"}}},"whitenile":{"id":879,"name":"White Nile","state_code":"NW","latitude":"9.33215160","longitude":"31.46153000","type":null,"cities":{"addouiem":{"id":102918,"name":"Ad Douiem","latitude":"14.00120000","longitude":"32.31160000"},"alkawa":{"id":102923,"name":"Al Kawa","latitude":"13.74630000","longitude":"32.49960000"},"alqi\u0163ena":{"id":102930,"name":"Al Qi\u0163ena","latitude":"14.86480000","longitude":"32.36680000"},"kosti":{"id":102959,"name":"Kosti","latitude":"13.16290000","longitude":"32.66347000"},"marabba":{"id":102964,"name":"Marabba","latitude":"12.35000000","longitude":"32.18333000"},"rabak":{"id":102969,"name":"Rabak","latitude":"13.18087000","longitude":"32.73999000"},"tandalt\u012b":{"id":102975,"name":"Tandalt\u012b","latitude":"13.01667000","longitude":"31.86667000"},"umjaralgharbiyya":{"id":102977,"name":"Um Jar Al Gharbiyya","latitude":"13.80130000","longitude":"32.40780000"},"wadazz\u0101ki":{"id":102982,"name":"Wad az Z\u0101ki","latitude":"14.46190000","longitude":"32.20650000"}}}}}