{"id":227,"name":"Turks and Caicos Islands","iso3":"TCA","iso2":"TC","numeric_code":"796","phone_code":"1","capital":"Cockburn Town","currency":"USD","currency_name":"United States dollar","currency_symbol":"$","tld":".tc","native":"Turks and Caicos Islands","region":"Americas","region_id":2,"subregion":"Caribbean","subregion_id":7,"nationality":"Turks and Caicos Island","timezones":[{"zoneName":"America/Grand_Turk","gmtOffset":-18000,"gmtOffsetName":"UTC-05:00","abbreviation":"EST","tzName":"Eastern Standard Time (North America"}],"translations":{"ko":"\ud130\ud06c\uc2a4 \ucf00\uc774\ucee4\uc2a4 \uc81c\ub3c4","pt-BR":"Ilhas Turcas e Caicos","pt":"Ilhas Turcas e Caicos","nl":"Turks- en Caicoseilanden","hr":"Otoci Turks i Caicos","fa":"\u062c\u0632\u0627\u06cc\u0631 \u062a\u0648\u0631\u06a9\u0633 \u0648 \u06a9\u0627\u06cc\u06a9\u0648\u0633","de":"Turks- und Caicosinseln","es":"Islas Turks y Caicos","fr":"\u00celes Turques-et-Ca\u00efques","ja":"\u30bf\u30fc\u30af\u30b9\u30fb\u30ab\u30a4\u30b3\u30b9\u8af8\u5cf6","it":"Isole Turks e Caicos","zh-CN":"\u7279\u514b\u65af\u548c\u51ef\u79d1\u65af\u7fa4\u5c9b","tr":"Turks Ve Caicos Adalari","ru":"\u041e\u0441\u0442\u0440\u043e\u0432\u0430 \u0422\u0435\u0440\u043a\u0441 \u0438 \u041a\u0430\u0439\u043a\u043e\u0441","uk":"\u041e\u0441\u0442\u0440\u043e\u0432\u0438 \u0422\u0435\u0440\u043a\u0441 \u0456 \u041a\u0430\u0439\u043a\u043e\u0441","pl":"Wyspy Turks i Caicos"},"latitude":"21.75000000","longitude":"-71.58333333","emoji":"\ud83c\uddf9\ud83c\udde8","emojiU":"U+1F1F9 U+1F1E8"}