{"id":67,"name":"Equatorial Guinea","iso3":"GNQ","iso2":"GQ","numeric_code":"226","phonecode":"240","capital":"Malabo","currency":"XAF","currency_name":"Central African CFA franc","currency_symbol":"FCFA","tld":".gq","native":"Guinea Ecuatorial","region":"Africa","region_id":1,"subregion":"Middle Africa","subregion_id":2,"nationality":"Equatorial Guinean, Equatoguinean","timezones":[{"zoneName":"Africa/Malabo","gmtOffset":3600,"gmtOffsetName":"UTC+01:00","abbreviation":"WAT","tzName":"West Africa Time"}],"translations":{"ko":"\uc801\ub3c4 \uae30\ub2c8","pt-BR":"Guin\u00e9 Equatorial","pt":"Guin\u00e9 Equatorial","nl":"Equatoriaal-Guinea","hr":"Ekvatorijalna Gvineja","fa":"\u06af\u06cc\u0646\u0647 \u0627\u0633\u062a\u0648\u0627\u06cc\u06cc","de":"\u00c4quatorial-Guinea","es":"Guinea Ecuatorial","fr":"Guin\u00e9e-\u00c9quatoriale","ja":"\u8d64\u9053\u30ae\u30cb\u30a2","it":"Guinea Equatoriale","zh-CN":"\u8d64\u9053\u51e0\u5185\u4e9a","tr":"Ekvator Ginesi","ru":"\u042d\u043a\u0432\u0430\u0442\u043e\u0440\u0438\u0430\u043b\u044c\u043d\u0430\u044f \u0413\u0432\u0438\u043d\u0435\u044f","uk":"\u0415\u043a\u0432\u0430\u0442\u043e\u0440\u0456\u0430\u043b\u044c\u043d\u0430 \u0413\u0432\u0456\u043d\u0435\u044f","pl":"Gwinea R\u00f3wnikowa"},"latitude":"2.00000000","longitude":"10.00000000","emoji":"\ud83c\uddec\ud83c\uddf6","emojiU":"U+1F1EC U+1F1F6","states":{"annob\u00f3n":{"id":3444,"name":"Annob\u00f3n","state_code":"AN","latitude":"-1.42687820","longitude":"5.63528010","type":"province","cities":{"sanantoniodepal\u00e9":{"id":52397,"name":"San Antonio de Pal\u00e9","latitude":"-1.40680000","longitude":"5.63178000"}}},"biokonorte":{"id":3446,"name":"Bioko Norte","state_code":"BN","latitude":"3.65950720","longitude":"8.79218360","type":"province","cities":{"malabo":{"id":52387,"name":"Malabo","latitude":"3.75578000","longitude":"8.78166000"},"rebola":{"id":52395,"name":"Rebola","latitude":"3.71667000","longitude":"8.83333000"},"santiagodebaney":{"id":52398,"name":"Santiago de Baney","latitude":"3.69920000","longitude":"8.90840000"}}},"biokosur":{"id":3443,"name":"Bioko Sur","state_code":"BS","latitude":"3.42097850","longitude":"8.61606740","type":"province","cities":{"luba":{"id":52385,"name":"Luba","latitude":"3.45683000","longitude":"8.55465000"}}},"centrosur":{"id":3445,"name":"Centro Sur","state_code":"CS","latitude":"1.34360840","longitude":"10.43965600","type":"province","cities":{"acurenam":{"id":52376,"name":"Acurenam","latitude":"1.03225000","longitude":"10.64882000"},"bicurga":{"id":52380,"name":"Bicurga","latitude":"1.58113000","longitude":"10.46716000"},"evinayong":{"id":52384,"name":"Evinayong","latitude":"1.43677000","longitude":"10.55124000"}}},"insular":{"id":3442,"name":"Insular","state_code":"I","latitude":"37.09024000","longitude":"-95.71289100","type":"region"},"ki\u00e9-ntem":{"id":3439,"name":"Ki\u00e9-Ntem","state_code":"KN","latitude":"2.02809300","longitude":"11.07117580","type":"province","cities":{"ebebiyin":{"id":52383,"name":"Ebebiyin","latitude":"2.15106000","longitude":"11.33528000"},"mikomeseng":{"id":52390,"name":"Mikomeseng","latitude":"2.13609000","longitude":"10.61322000"},"ncue":{"id":52392,"name":"Ncue","latitude":"2.01643000","longitude":"10.47066000"},"nsang":{"id":52393,"name":"Nsang","latitude":"2.02475000","longitude":"10.94599000"}}},"litoral":{"id":3441,"name":"Litoral","state_code":"LI","latitude":"1.57502440","longitude":"9.81249350","type":"province","cities":{"bata":{"id":52379,"name":"Bata","latitude":"1.86391000","longitude":"9.76582000"},"bitica":{"id":52381,"name":"Bitica","latitude":"1.42610000","longitude":"9.62316000"},"cogo":{"id":52382,"name":"Cogo","latitude":"1.08425000","longitude":"9.69300000"},"machinda":{"id":52386,"name":"Machinda","latitude":"1.88262000","longitude":"9.95133000"},"mbini":{"id":52388,"name":"Mbini","latitude":"1.58267000","longitude":"9.61478000"},"r\u00edocampo":{"id":52396,"name":"R\u00edo Campo","latitude":"2.33812000","longitude":"9.82212000"}}},"r\u00edomuni":{"id":3438,"name":"R\u00edo Muni","state_code":"C","latitude":"1.46106060","longitude":"9.67868940","type":"region"},"wele-nzas":{"id":3440,"name":"Wele-Nzas","state_code":"WN","latitude":"1.41661620","longitude":"11.07117580","type":"province","cities":{"aconibe":{"id":52375,"name":"Aconibe","latitude":"1.29683000","longitude":"10.93691000"},"a\u00f1isoc":{"id":52378,"name":"A\u00f1isoc","latitude":"1.86580000","longitude":"10.76892000"},"ayene":{"id":52377,"name":"Ayene","latitude":"1.85592000","longitude":"10.68994000"},"mengomey\u00e9n":{"id":52389,"name":"Mengomey\u00e9n","latitude":"1.69439000","longitude":"11.03422000"},"mongomo":{"id":52391,"name":"Mongomo","latitude":"1.62742000","longitude":"11.31346000"},"nsok":{"id":52394,"name":"Nsok","latitude":"1.12985000","longitude":"11.26603000"}}}}}