{"id":122,"name":"Lesotho","iso3":"LSO","iso2":"LS","numeric_code":"426","phone_code":"266","capital":"Maseru","currency":"LSL","currency_name":"Lesotho loti","currency_symbol":"L","tld":".ls","native":"Lesotho","region":"Africa","region_id":"1","subregion":"Southern Africa","subregion_id":"5","nationality":"Basotho","timezones":[{"zoneName":"Africa/Maseru","gmtOffset":7200,"gmtOffsetName":"UTC+02:00","abbreviation":"SAST","tzName":"South African Standard Time"}],"translations":{"kr":"\ub808\uc18c\ud1a0","pt-BR":"Lesoto","pt":"Lesoto","nl":"Lesotho","hr":"Lesoto","fa":"\u0644\u0633\u0648\u062a\u0648","de":"Lesotho","es":"Lesotho","fr":"Lesotho","ja":"\u30ec\u30bd\u30c8","it":"Lesotho","cn":"\u83b1\u7d22\u6258","tr":"Lesotho","ru":"\u041b\u0435\u0441\u043e\u0442\u043e","uk":"\u041b\u0435\u0441\u043e\u0442\u043e","pl":"Lesotho"},"latitude":"-29.50000000","longitude":"28.50000000","emoji":"\ud83c\uddf1\ud83c\uddf8","emojiU":"U+1F1F1 U+1F1F8","states":{"bereadistrict":{"id":3030,"name":"Berea District","state_code":"D","latitude":"41.36616140","longitude":"-81.85430260","type":null,"cities":{"teyateyaneng":{"id":66574,"name":"Teyateyaneng","latitude":"-29.14719000","longitude":"27.74895000"}}},"butha-buthedistrict":{"id":3029,"name":"Butha-Buthe District","state_code":"B","latitude":"-28.76537540","longitude":"28.24681480","type":null,"cities":{"butha-buthe":{"id":66564,"name":"Butha-Buthe","latitude":"-28.76659000","longitude":"28.24937000"}}},"leribedistrict":{"id":3026,"name":"Leribe District","state_code":"C","latitude":"-28.86380650","longitude":"28.04788260","type":null,"cities":{"leribe":{"id":66565,"name":"Leribe","latitude":"-28.87185000","longitude":"28.04501000"},"maputsoe":{"id":66567,"name":"Maputsoe","latitude":"-28.88660000","longitude":"27.89915000"}}},"mafetengdistrict":{"id":3022,"name":"Mafeteng District","state_code":"E","latitude":"-29.80410080","longitude":"27.50261740","type":null,"cities":{"mafeteng":{"id":66566,"name":"Mafeteng","latitude":"-29.82299000","longitude":"27.23744000"}}},"maserudistrict":{"id":3028,"name":"Maseru District","state_code":"A","latitude":"-29.51656500","longitude":"27.83114280","type":null,"cities":{"maseru":{"id":66568,"name":"Maseru","latitude":"-29.31667000","longitude":"27.48333000"},"nako":{"id":66571,"name":"Nako","latitude":"-29.61667000","longitude":"27.76667000"}}},"mohale\u0027shoekdistrict":{"id":3023,"name":"Mohale\u0027s Hoek District","state_code":"F","latitude":"-30.14259170","longitude":"27.46738450","type":null,"cities":{"mohale\u2019shoek":{"id":66569,"name":"Mohale\u2019s Hoek","latitude":"-30.15137000","longitude":"27.47691000"}}},"mokhotlongdistrict":{"id":3024,"name":"Mokhotlong District","state_code":"J","latitude":"-29.25731930","longitude":"28.95286450","type":null,"cities":{"mokhotlong":{"id":66570,"name":"Mokhotlong","latitude":"-29.28939000","longitude":"29.06751000"}}},"qacha\u0027snekdistrict":{"id":3025,"name":"Qacha\u0027s Nek District","state_code":"H","latitude":"-30.11145650","longitude":"28.67897900","type":null,"cities":{"qacha\u2019snek":{"id":66572,"name":"Qacha\u2019s Nek","latitude":"-30.11537000","longitude":"28.68936000"}}},"quthingdistrict":{"id":3027,"name":"Quthing District","state_code":"G","latitude":"-30.40156870","longitude":"27.70801330","type":null,"cities":{"quthing":{"id":66573,"name":"Quthing","latitude":"-30.40001000","longitude":"27.70027000"}}},"thaba-tsekadistrict":{"id":3031,"name":"Thaba-Tseka District","state_code":"K","latitude":"-29.52389750","longitude":"28.60897520","type":null,"cities":{"thaba-tseka":{"id":66575,"name":"Thaba-Tseka","latitude":"-29.52204000","longitude":"28.60840000"}}}}}