{"id":185,"name":"Saint Kitts and Nevis","iso3":"KNA","iso2":"KN","numeric_code":"659","phonecode":"1","capital":"Basseterre","currency":"XCD","currency_name":"Eastern Caribbean dollar","currency_symbol":"$","tld":".kn","native":"Saint Kitts and Nevis","region":"Americas","region_id":2,"subregion":"Caribbean","subregion_id":7,"nationality":"Kittitian or Nevisian","timezones":[{"zoneName":"America/St_Kitts","gmtOffset":-14400,"gmtOffsetName":"UTC-04:00","abbreviation":"AST","tzName":"Atlantic Standard Time"}],"translations":{"ko":"\uc138\uc778\ud2b8\ud0a4\uce20 \ub124\ube44\uc2a4","pt-BR":"S\u00e3o Crist\u00f3v\u00e3o e Neves","pt":"S\u00e3o Crist\u00f3v\u00e3o e Neves","nl":"Saint Kitts en Nevis","hr":"Sveti Kristof i Nevis","fa":"\u0633\u0646\u062a \u06a9\u06cc\u062a\u0633 \u0648 \u0646\u0648\u06cc\u0633","de":"St. Kitts und Nevis","es":"San Crist\u00f3bal y Nieves","fr":"Saint-Christophe-et-Ni\u00e9v\u00e8s","ja":"\u30bb\u30f3\u30c8\u30af\u30ea\u30b9\u30c8\u30d5\u30a1\u30fc\u30fb\u30cd\u30a4\u30d3\u30b9","it":"Saint Kitts e Nevis","zh-CN":"\u5723\u57fa\u8328\u548c\u5c3c\u7ef4\u65af","tr":"Saint Kitts Ve Nevis","ru":"\u0421\u0435\u043d\u0442-\u041a\u0438\u0442\u0441 \u0438 \u041d\u0435\u0432\u0438\u0441","uk":"\u0421\u0435\u043d\u0442-\u041a\u0456\u0442\u0441 \u0456 \u041d\u0435\u0432\u0456\u0441","pl":"Saint Kitts i Nevis"},"latitude":"17.33333333","longitude":"-62.75000000","emoji":"\ud83c\uddf0\ud83c\uddf3","emojiU":"U+1F1F0 U+1F1F3","states":{"christchurchnicholatown":{"id":3833,"name":"Christ Church Nichola Town","state_code":"01","latitude":"17.36048120","longitude":"-62.76178370","type":"parish","cities":{"nicolatown":{"id":65176,"name":"Nicola Town","latitude":"17.37956000","longitude":"-62.75318000"}}},"nevis":{"id":3832,"name":"Nevis","state_code":"N","latitude":"17.15535580","longitude":"-62.57960260","type":"state"},"saintannesandypoint":{"id":3836,"name":"Saint Anne Sandy Point","state_code":"02","latitude":"17.37253330","longitude":"-62.84411330","type":"parish","cities":{"sandypointtown":{"id":65178,"name":"Sandy Point Town","latitude":"17.35908000","longitude":"-62.84858000"}}},"saintgeorgebasseterre":{"id":5348,"name":"Saint George Basseterre","state_code":"03","latitude":"17.26710110","longitude":"-62.76930010","type":"parish"},"saintgeorgegingerland":{"id":3837,"name":"Saint George Gingerland","state_code":"04","latitude":"17.12577590","longitude":"-62.56198110","type":"parish","cities":{"marketshop":{"id":65172,"name":"Market Shop","latitude":"17.13218000","longitude":"-62.57267000"}}},"saintjameswindward":{"id":3835,"name":"Saint James Windward","state_code":"05","latitude":"17.17696330","longitude":"-62.57960260","type":"parish","cities":{"newcastle":{"id":65175,"name":"Newcastle","latitude":"17.20000000","longitude":"-62.58333000"}}},"saintjohncapisterre":{"id":3845,"name":"Saint John Capisterre","state_code":"06","latitude":"17.38103410","longitude":"-62.79118330","type":"parish","cities":{"dieppebaytown":{"id":65170,"name":"Dieppe Bay Town","latitude":"17.41473000","longitude":"-62.81390000"}}},"saintjohnfigtree":{"id":3840,"name":"Saint John Figtree","state_code":"07","latitude":"17.11557480","longitude":"-62.60310040","type":"parish","cities":{"figtree":{"id":65171,"name":"Fig Tree","latitude":"17.12623000","longitude":"-62.60265000"}}},"saintkitts":{"id":3841,"name":"Saint Kitts","state_code":"K","latitude":"17.34337960","longitude":"-62.75590430","type":"state"},"saintmarycayon":{"id":3844,"name":"Saint Mary Cayon","state_code":"08","latitude":"17.34620710","longitude":"-62.73826710","type":"parish","cities":{"cayon":{"id":65167,"name":"Cayon","latitude":"17.35000000","longitude":"-62.73333000"}}},"saintpaulcapisterre":{"id":3834,"name":"Saint Paul Capisterre","state_code":"09","latitude":"17.40166830","longitude":"-62.82573320","type":"parish","cities":{"saintpaul\u2019s":{"id":65177,"name":"Saint Paul\u2019s","latitude":"17.40605000","longitude":"-62.83562000"}}},"saintpaulcharlestown":{"id":3838,"name":"Saint Paul Charlestown","state_code":"10","latitude":"17.13462970","longitude":"-62.61338160","type":"parish","cities":{"charlestown":{"id":65168,"name":"Charlestown","latitude":"17.13333000","longitude":"-62.61667000"}}},"saintpeterbasseterre":{"id":3831,"name":"Saint Peter Basseterre","state_code":"11","latitude":"17.31029110","longitude":"-62.71475330","type":"parish","cities":{"monkeyhill":{"id":65174,"name":"Monkey Hill","latitude":"17.32327000","longitude":"-62.72914000"}}},"saintthomaslowland":{"id":3839,"name":"Saint Thomas Lowland","state_code":"12","latitude":"17.16505130","longitude":"-62.60897530","type":"parish","cities":{"cottonground":{"id":65169,"name":"Cotton Ground","latitude":"17.16667000","longitude":"-62.61667000"}}},"saintthomasmiddleisland":{"id":3842,"name":"Saint Thomas Middle Island","state_code":"13","latitude":"17.33488130","longitude":"-62.80882510","type":"parish","cities":{"middleisland":{"id":65173,"name":"Middle Island","latitude":"17.32590000","longitude":"-62.81055000"}}},"trinitypalmettopoint":{"id":3843,"name":"Trinity Palmetto Point","state_code":"15","latitude":"17.30635190","longitude":"-62.76178370","type":"parish","cities":{"trinity":{"id":65179,"name":"Trinity","latitude":"17.30037000","longitude":"-62.77584000"}}}}}