{"id":224,"name":"Tunisia","iso3":"TUN","iso2":"TN","numeric_code":"788","phonecode":"216","capital":"Tunis","currency":"TND","currency_name":"Tunisian dinar","currency_symbol":"\u062a.\u062f","tld":".tn","native":"\u062a\u0648\u0646\u0633","region":"Africa","region_id":1,"subregion":"Northern Africa","subregion_id":1,"nationality":"Tunisian","timezones":[{"zoneName":"Africa/Tunis","gmtOffset":3600,"gmtOffsetName":"UTC+01:00","abbreviation":"CET","tzName":"Central European Time"}],"translations":{"ko":"\ud280\ub2c8\uc9c0","pt-BR":"Tun\u00edsia","pt":"Tun\u00edsia","nl":"Tunesi\u00eb","hr":"Tunis","fa":"\u062a\u0648\u0646\u0633","de":"Tunesien","es":"T\u00fanez","fr":"Tunisie","ja":"\u30c1\u30e5\u30cb\u30b8\u30a2","it":"Tunisia","zh-CN":"\u7a81\u5c3c\u65af","tr":"Tunus","ru":"\u0422\u0443\u043d\u0438\u0441","uk":"\u0422\u0443\u043d\u0456\u0441","pl":"Tunezja"},"latitude":"34.00000000","longitude":"9.00000000","emoji":"\ud83c\uddf9\ud83c\uddf3","emojiU":"U+1F1F9 U+1F1F3","states":{"ariana":{"id":2550,"name":"Ariana","state_code":"12","latitude":"36.99227510","longitude":"10.12551640","type":"governorate","cities":{"ariana":{"id":106915,"name":"Ariana","latitude":"36.86012000","longitude":"10.19337000"},"ettadhamen-mnihla":{"id":153381,"name":"Ettadhamen-Mnihla","latitude":"36.86250000","longitude":"10.17030000"},"kalaatel-andalous":{"id":106955,"name":"Kalaat el-Andalous","latitude":"36.88110000","longitude":"10.26220000"},"lasoukra":{"id":153380,"name":"La Soukra","latitude":"36.85350000","longitude":"10.25250000"},"mnihla":{"id":153382,"name":"Mnihla","latitude":"36.83690000","longitude":"10.20020000"},"raoued":{"id":153378,"name":"Raoued","latitude":"36.88500000","longitude":"10.24650000"},"sidithabet":{"id":153379,"name":"Sidi Thabet","latitude":"36.83990000","longitude":"10.04030000"}}},"b\u00e9ja":{"id":2572,"name":"B\u00e9ja","state_code":"31","latitude":"35.17227160","longitude":"8.83076260","type":"governorate","cities":{"amdoun":{"id":153377,"name":"Amdoun","latitude":"36.74420000","longitude":"9.05130000"},"b\u00e9ja":{"id":106930,"name":"B\u00e9ja","latitude":"36.72564000","longitude":"9.18169000"},"goubellat":{"id":106956,"name":"Goubellat","latitude":"36.59560000","longitude":"9.20780000"},"medjezelbab":{"id":106986,"name":"Medjez el Bab","latitude":"36.70640000","longitude":"9.61060000"},"nefza":{"id":106940,"name":"Nefza","latitude":"36.60490000","longitude":"8.97020000"},"tabursuq":{"id":107031,"name":"Tabursuq","latitude":"36.45692000","longitude":"9.24751000"},"t\u00e9boursouk":{"id":153376,"name":"T\u00e9boursouk","latitude":"36.71040000","longitude":"9.00080000"},"testour":{"id":107035,"name":"Testour","latitude":"36.50140000","longitude":"9.66640000"},"thibar":{"id":153375,"name":"Thibar","latitude":"36.46560000","longitude":"9.06220000"}}},"benarous":{"id":2566,"name":"Ben Arous","state_code":"13","latitude":"36.64356060","longitude":"10.21515780","type":"governorate","cities":{"benarous":{"id":106920,"name":"Ben Arous","latitude":"36.75310000","longitude":"10.22940000"},"hammamlif":{"id":106959,"name":"Hammam Lif","latitude":"36.72030000","longitude":"10.32610000"},"mornag":{"id":106977,"name":"Mornag","latitude":"36.66160000","longitude":"10.14630000"},"mornaguia":{"id":106961,"name":"Mornaguia","latitude":"36.72140000","longitude":"10.04940000"},"rad\u00e8s":{"id":107007,"name":"Rad\u00e8s","latitude":"36.76946000","longitude":"10.27468000"}}},"bizerte":{"id":2551,"name":"Bizerte","state_code":"23","latitude":"37.16093970","longitude":"9.63413500","type":"governorate","cities":{"almatl\u012bn":{"id":106913,"name":"Al Matl\u012bn","latitude":"37.24516000","longitude":"10.05000000"},"bizerte":{"id":106926,"name":"Bizerte","latitude":"37.27442000","longitude":"9.87391000"},"bizertesud":{"id":106927,"name":"Bizerte Sud","latitude":"37.25528000","longitude":"9.67915000"},"douartindja":{"id":106938,"name":"Douar Tindja","latitude":"37.16667000","longitude":"9.75000000"},"elalia":{"id":106941,"name":"El Alia","latitude":"37.16911000","longitude":"10.03478000"},"mateur":{"id":106983,"name":"Mateur","latitude":"37.04045000","longitude":"9.66557000"},"menzelabderhaman":{"id":106988,"name":"Menzel Abderhaman","latitude":"37.23737000","longitude":"9.86313000"},"menzelbourguiba":{"id":106989,"name":"Menzel Bourguiba","latitude":"37.15368000","longitude":"9.78594000"},"menzeljemil":{"id":106990,"name":"Menzel Jemil","latitude":"37.23618000","longitude":"9.91448000"},"rafr\u0101f":{"id":107008,"name":"Rafr\u0101f","latitude":"37.19043000","longitude":"10.18365000"},"rharelmelah":{"id":107010,"name":"Rhar el Melah","latitude":"37.16939000","longitude":"10.19064000"},"sejenane":{"id":107017,"name":"Sejenane","latitude":"37.05722000","longitude":"9.23806000"},"zah\u0101nah":{"id":107041,"name":"Zah\u0101nah","latitude":"37.03959000","longitude":"10.03876000"}}},"gab\u00e8s":{"id":2558,"name":"Gab\u00e8s","state_code":"81","latitude":"33.94596480","longitude":"9.72326730","type":"governorate","cities":{"bouattouche":{"id":106929,"name":"Bou Attouche","latitude":"33.89927000","longitude":"9.78496000"},"elhamma":{"id":106945,"name":"El Hamma","latitude":"33.89152000","longitude":"9.79629000"},"gab\u00e8s":{"id":106952,"name":"Gab\u00e8s","latitude":"33.88146000","longitude":"10.09820000"},"matmata":{"id":106984,"name":"Matmata","latitude":"33.54445000","longitude":"9.97157000"}}},"gafsa":{"id":2556,"name":"Gafsa","state_code":"71","latitude":"34.37885050","longitude":"8.66005860","type":"governorate","cities":{"arrudayyif":{"id":106914,"name":"Ar Rudayyif","latitude":"34.38270000","longitude":"8.15549000"},"assanad":{"id":106916,"name":"As Sanad","latitude":"34.46280000","longitude":"9.26404000"},"gafsa":{"id":106954,"name":"Gafsa","latitude":"34.42500000","longitude":"8.78417000"},"metlaoui":{"id":106994,"name":"Metlaoui","latitude":"34.32081000","longitude":"8.40157000"},"mu\u2018tamad\u012byatarrudayyif":{"id":107000,"name":"Mu\u2018tamad\u012byat ar Rudayyif","latitude":"34.40081000","longitude":"8.17057000"}}},"jendouba":{"id":2552,"name":"Jendouba","state_code":"32","latitude":"36.71818620","longitude":"8.74811670","type":"governorate","cities":{"fernana":{"id":106951,"name":"Fernana","latitude":"36.65547000","longitude":"8.69602000"},"jendouba":{"id":106965,"name":"Jendouba","latitude":"36.48519000","longitude":"8.82325000"},"ouedmeliz":{"id":107005,"name":"Oued Meliz","latitude":"36.46813000","longitude":"8.54951000"},"tabarka":{"id":107030,"name":"Tabarka","latitude":"36.95442000","longitude":"8.75801000"}}},"kairouan":{"id":2564,"name":"Kairouan","state_code":"41","latitude":"35.67116630","longitude":"10.10054690","type":"governorate","cities":{"haffouz":{"id":106958,"name":"Haffouz","latitude":"35.63235000","longitude":"9.67624000"},"kairouan":{"id":106968,"name":"Kairouan","latitude":"35.67810000","longitude":"10.09633000"},"sbikha":{"id":107016,"name":"Sbikha","latitude":"35.93325000","longitude":"10.02081000"}}},"kasserine":{"id":2570,"name":"Kasserine","state_code":"42","latitude":"35.08091480","longitude":"8.66005860","type":"governorate","cities":{"kasserine":{"id":106969,"name":"Kasserine","latitude":"35.16758000","longitude":"8.83651000"},"rohia":{"id":107011,"name":"Rohia","latitude":"35.65129000","longitude":"9.05306000"},"sbiba":{"id":107015,"name":"Sbiba","latitude":"35.54332000","longitude":"9.07370000"},"thala":{"id":107036,"name":"Thala","latitude":"35.57244000","longitude":"8.67031000"}}},"kebili":{"id":2562,"name":"Kebili","state_code":"73","latitude":"33.70715510","longitude":"8.97146230","type":"governorate","cities":{"douz":{"id":106939,"name":"Douz","latitude":"33.46632000","longitude":"9.02030000"},"elgolaa":{"id":106944,"name":"El Golaa","latitude":"33.48485000","longitude":"9.00678000"},"jemna":{"id":106964,"name":"Jemna","latitude":"33.57778000","longitude":"9.01472000"},"kebili":{"id":106970,"name":"Kebili","latitude":"33.70439000","longitude":"8.96903000"}}},"kef":{"id":2561,"name":"Kef","state_code":"33","latitude":"36.12305120","longitude":"8.66005860","type":"governorate","cities":{"assars":{"id":106917,"name":"As Sars","latitude":"36.07640000","longitude":"9.02117000"},"elkef":{"id":106947,"name":"El Kef","latitude":"36.17424000","longitude":"8.70486000"},"elksour":{"id":106948,"name":"El Ksour","latitude":"35.89607000","longitude":"8.88493000"},"menzelsalem":{"id":106992,"name":"Menzel Salem","latitude":"35.85673000","longitude":"8.47654000"},"nibbar":{"id":107002,"name":"Nibbar","latitude":"36.29411000","longitude":"8.76657000"},"sakietsidiyoussef":{"id":107013,"name":"Sakiet Sidi Youssef","latitude":"36.22292000","longitude":"8.35547000"},"tajerouine":{"id":107032,"name":"Tajerouine","latitude":"35.89174000","longitude":"8.55276000"}}},"mahdia":{"id":2568,"name":"Mahdia","state_code":"53","latitude":"35.33525580","longitude":"10.89030990","type":"governorate","cities":{"chebba":{"id":106932,"name":"Chebba","latitude":"35.23722000","longitude":"11.11500000"},"chorbane":{"id":106934,"name":"Chorbane","latitude":"35.28581000","longitude":"10.38580000"},"eljem":{"id":106946,"name":"El Jem","latitude":"35.30000000","longitude":"10.71667000"},"ksouressaf":{"id":106974,"name":"Ksour Essaf","latitude":"35.41808000","longitude":"10.99475000"},"mahdia":{"id":106980,"name":"Mahdia","latitude":"35.50472000","longitude":"11.06222000"},"melloul\u00e8che":{"id":106987,"name":"Melloul\u00e8che","latitude":"35.16617000","longitude":"11.03504000"},"salakta":{"id":107014,"name":"Salakta","latitude":"35.39444000","longitude":"11.04361000"},"sidialouane":{"id":107020,"name":"Sidi Alouane","latitude":"35.37505000","longitude":"10.93899000"},"zouila":{"id":107043,"name":"Zouila","latitude":"35.50056000","longitude":"11.06056000"}}},"manouba":{"id":2555,"name":"Manouba","state_code":"14","latitude":"36.84465040","longitude":"9.85714160","type":"governorate","cities":{"elbattan":{"id":106942,"name":"El Battan","latitude":"36.80368000","longitude":"9.84424000"},"manouba":{"id":106982,"name":"Manouba","latitude":"36.81006000","longitude":"10.09557000"},"mu\u2018tamad\u012byatman\u016bbah":{"id":106999,"name":"Mu\u2018tamad\u012byat Man\u016bbah","latitude":"36.80907000","longitude":"10.09467000"},"ouedlill":{"id":107004,"name":"Oued Lill","latitude":"36.83408000","longitude":"10.04057000"}}},"medenine":{"id":2560,"name":"Medenine","state_code":"82","latitude":"33.22805650","longitude":"10.89030990","type":"governorate","cities":{"bengardane":{"id":106921,"name":"Ben Gardane","latitude":"33.13783000","longitude":"11.21965000"},"benikheddache":{"id":106923,"name":"Beni Kheddache","latitude":"33.25279000","longitude":"10.19883000"},"erriadh":{"id":106950,"name":"Erriadh","latitude":"33.82063000","longitude":"10.85394000"},"houmtelsouk":{"id":106963,"name":"Houmt El Souk","latitude":"33.87576000","longitude":"10.85745000"},"jerbamidoun":{"id":106966,"name":"Jerba Midoun","latitude":"33.77918000","longitude":"10.95215000"},"medenine":{"id":106985,"name":"Medenine","latitude":"33.35495000","longitude":"10.50548000"},"midoun":{"id":106996,"name":"Midoun","latitude":"33.80813000","longitude":"10.99228000"},"zarzis":{"id":107042,"name":"Zarzis","latitude":"33.50398000","longitude":"11.11215000"}}},"monastir":{"id":2553,"name":"Monastir","state_code":"52","latitude":"35.76425150","longitude":"10.81128850","type":"governorate","cities":{"banbalah":{"id":106918,"name":"Banbalah","latitude":"35.70000000","longitude":"10.80000000"},"bekalta":{"id":106919,"name":"Bekalta","latitude":"35.61739000","longitude":"10.99466000"},"benihassane":{"id":106922,"name":"Beni Hassane","latitude":"35.56720000","longitude":"10.80869000"},"djemmal":{"id":106937,"name":"Djemmal","latitude":"35.62231000","longitude":"10.75696000"},"ksarhellal":{"id":106972,"name":"Ksar Hellal","latitude":"35.64773000","longitude":"10.89046000"},"ksibetelmediouni":{"id":106973,"name":"Ksibet el Mediouni","latitude":"35.68561000","longitude":"10.84256000"},"lemta":{"id":106979,"name":"Lemta","latitude":"35.66667000","longitude":"10.88333000"},"menzelkamel":{"id":106991,"name":"Menzel Kamel","latitude":"35.62477000","longitude":"10.66727000"},"mesdour":{"id":106993,"name":"Mesdour","latitude":"35.68206000","longitude":"10.72746000"},"monastir":{"id":106997,"name":"Monastir","latitude":"35.77799000","longitude":"10.82617000"},"ouardenine":{"id":107003,"name":"Ouardenine","latitude":"35.70915000","longitude":"10.67397000"},"sahline":{"id":107012,"name":"Sahline","latitude":"35.75166000","longitude":"10.71109000"},"se\u00efada":{"id":107018,"name":"Se\u00efada","latitude":"35.66887000","longitude":"10.89246000"},"sidibennour":{"id":107021,"name":"Sidi Ben Nour","latitude":"35.53333000","longitude":"10.91667000"},"skanes":{"id":107027,"name":"Skanes","latitude":"35.78333000","longitude":"10.80000000"},"touza":{"id":107037,"name":"Touza","latitude":"35.63544000","longitude":"10.82732000"}}},"nabeul":{"id":5116,"name":"Nabeul","state_code":"21","latitude":"36.45245910","longitude":"10.68032220","type":"governorate","cities":{"azmour":{"id":153265,"name":"Azmour","latitude":"36.92440000","longitude":"11.00690000"},"benikhalled":{"id":153266,"name":"Beni Khalled","latitude":"36.65038000","longitude":"10.59004000"},"b\u00e9nikhiar":{"id":153268,"name":"B\u00e9ni Khiar","latitude":"36.46666667","longitude":"10.78333333"},"bouargoub":{"id":153267,"name":"Bou Argoub","latitude":"36.53853000","longitude":"10.55093000"},"darchaabane":{"id":153269,"name":"Dar Chaabane","latitude":"36.47000000","longitude":"10.75000000"},"elhaouaria":{"id":153270,"name":"El Haouaria","latitude":"37.05000000","longitude":"11.01111111"},"elma\u00e2moura":{"id":153271,"name":"El Ma\u00e2moura","latitude":"36.46666667","longitude":"10.80000000"},"elmida":{"id":153272,"name":"El Mida","latitude":"36.73333333","longitude":"10.85000000"},"elmrezga":{"id":153273,"name":"El Mrezga","latitude":"36.42163000","longitude":"10.66411000"},"grombalia":{"id":153274,"name":"Grombalia","latitude":"36.61000000","longitude":"10.50000000"},"hammamet":{"id":153275,"name":"Hammamet","latitude":"36.41666667","longitude":"10.60000000"},"kelibia":{"id":153276,"name":"Kelibia","latitude":"36.84750000","longitude":"11.09388889"},"korba":{"id":153277,"name":"Korba","latitude":"36.56666667","longitude":"10.86666667"},"korbous":{"id":153278,"name":"Korbous","latitude":"36.81638889","longitude":"10.56861111"},"menzelbouzelfa":{"id":153279,"name":"Menzel Bouzelfa","latitude":"36.68170000","longitude":"10.58470000"},"menzelhorr":{"id":153280,"name":"Menzel Horr","latitude":"36.73333333","longitude":"10.95000000"},"menzeltemime":{"id":153281,"name":"Menzel Temime","latitude":"36.78333333","longitude":"10.98333333"},"nabeul":{"id":153282,"name":"Nabeul","latitude":"36.45138900","longitude":"10.73611100"},"soliman":{"id":153283,"name":"Soliman","latitude":"36.69512600","longitude":"10.49125700"},"takelsa":{"id":153284,"name":"Takelsa","latitude":"36.79000000","longitude":"10.63000000"},"tazerka":{"id":153285,"name":"Tazerka","latitude":"36.55000000","longitude":"10.80000000"},"zaouietdjedidi":{"id":153286,"name":"Zaouiet Djedidi","latitude":"36.65000000","longitude":"10.60000000"},"zriba":{"id":153287,"name":"Zriba","latitude":"36.35585000","longitude":"10.20603400"}}},"sfax":{"id":2557,"name":"Sfax","state_code":"61","latitude":"34.86065810","longitude":"10.34978950","type":"governorate","cities":{"agareb":{"id":106910,"name":"Agareb","latitude":"34.74406000","longitude":"10.46110000"},"biralibenkhalifa":{"id":106924,"name":"Bir Ali Ben Khalifa","latitude":"34.73592000","longitude":"10.09240000"},"djebeniana":{"id":106936,"name":"Djebeniana","latitude":"35.03500000","longitude":"10.90809000"},"gremda":{"id":106957,"name":"Gremda","latitude":"34.75000000","longitude":"10.78333000"},"sfax":{"id":107019,"name":"Sfax","latitude":"34.74056000","longitude":"10.76028000"},"skhira":{"id":107028,"name":"Skhira","latitude":"34.29920000","longitude":"10.06999000"}}},"sidibouzid":{"id":2567,"name":"Sidi Bouzid","state_code":"43","latitude":"35.03543860","longitude":"9.48393920","type":"governorate","cities":{"birelhafey":{"id":106925,"name":"Bir el Hafey","latitude":"34.93212000","longitude":"9.19321000"},"erregueb":{"id":106949,"name":"Er Regueb","latitude":"34.85932000","longitude":"9.78654000"},"jilma":{"id":106967,"name":"Jilma","latitude":"35.27311000","longitude":"9.42385000"},"mezzouna":{"id":106995,"name":"Mezzouna","latitude":"34.57758000","longitude":"9.84193000"},"sidibouzid":{"id":107024,"name":"Sidi Bouzid","latitude":"35.03823000","longitude":"9.48494000"}}},"siliana":{"id":2563,"name":"Siliana","state_code":"34","latitude":"36.08872080","longitude":"9.36453350","type":"governorate","cities":{"bouarada":{"id":106928,"name":"Bou Arada","latitude":"36.35251000","longitude":"9.62175000"},"gafour":{"id":106953,"name":"Gafour","latitude":"36.32045000","longitude":"9.32424000"},"kesra":{"id":106971,"name":"Kesra","latitude":"35.81363000","longitude":"9.36434000"},"lekrib":{"id":106978,"name":"Le Krib","latitude":"36.32802000","longitude":"9.13613000"},"maktar":{"id":106981,"name":"Maktar","latitude":"35.85798000","longitude":"9.20072000"},"siliana":{"id":107026,"name":"Siliana","latitude":"36.08497000","longitude":"9.37082000"}}},"sousse":{"id":2571,"name":"Sousse","state_code":"51","latitude":"35.90222670","longitude":"10.34978950","type":"governorate","cities":{"akouda":{"id":106911,"name":"Akouda","latitude":"35.86910000","longitude":"10.56530000"},"hammamsousse":{"id":106960,"name":"Hammam Sousse","latitude":"35.86090000","longitude":"10.60313000"},"harqalah":{"id":106962,"name":"Harqalah","latitude":"36.03027000","longitude":"10.50904000"},"msaken":{"id":106998,"name":"Msaken","latitude":"35.72917000","longitude":"10.58082000"},"portelkantaoui":{"id":107006,"name":"Port el Kantaoui","latitude":"35.89239000","longitude":"10.59434000"},"sidibouali":{"id":107022,"name":"Sidi Bou Ali","latitude":"35.95667000","longitude":"10.47306000"},"sidielhani":{"id":107025,"name":"Sidi el Hani","latitude":"35.67139000","longitude":"10.31583000"},"sousse":{"id":107029,"name":"Sousse","latitude":"35.82539000","longitude":"10.63699000"}}},"tataouine":{"id":2559,"name":"Tataouine","state_code":"83","latitude":"32.13441220","longitude":"10.08072980","type":"governorate","cities":{"remada":{"id":107009,"name":"Remada","latitude":"32.31662000","longitude":"10.39551000"},"tataouine":{"id":107034,"name":"Tataouine","latitude":"32.92967000","longitude":"10.45177000"}}},"tozeur":{"id":2569,"name":"Tozeur","state_code":"72","latitude":"33.97894910","longitude":"8.04651850","type":"governorate","cities":{"chebika":{"id":106933,"name":"Chebika","latitude":"34.31909000","longitude":"7.93519000"},"degache":{"id":106935,"name":"Degache","latitude":"33.97606000","longitude":"8.20810000"},"nefta":{"id":107001,"name":"Nefta","latitude":"33.87309000","longitude":"7.87765000"},"tamaghzah":{"id":107033,"name":"Tamaghzah","latitude":"34.38849000","longitude":"7.94313000"},"tozeur":{"id":107038,"name":"Tozeur","latitude":"33.91968000","longitude":"8.13352000"}}},"tunis":{"id":2554,"name":"Tunis","state_code":"11","latitude":"36.83749460","longitude":"10.19273890","type":"governorate","cities":{"almars\u00e1":{"id":106912,"name":"Al Mars\u00e1","latitude":"36.87818000","longitude":"10.32466000"},"carthage":{"id":106931,"name":"Carthage","latitude":"36.85961000","longitude":"10.32978000"},"lagoulette":{"id":106975,"name":"La Goulette","latitude":"36.81825000","longitude":"10.30520000"},"lamohammedia":{"id":106976,"name":"La Mohammedia","latitude":"36.67446000","longitude":"10.15633000"},"sidibousa\u00efd":{"id":107023,"name":"Sidi Bou Sa\u00efd","latitude":"36.86870000","longitude":"10.34174000"},"tunis":{"id":107039,"name":"Tunis","latitude":"36.81897000","longitude":"10.16579000"}}},"zaghouan":{"id":2565,"name":"Zaghouan","state_code":"22","latitude":"36.40911880","longitude":"10.14231720","type":"governorate","cities":{"elfahs":{"id":106943,"name":"El Fahs","latitude":"36.37419000","longitude":"9.90651000"},"zaghouan":{"id":107040,"name":"Zaghouan","latitude":"36.40291000","longitude":"10.14292000"}}}}}