{"id":136,"name":"Man (Isle of)","iso3":"IMN","iso2":"IM","numeric_code":"833","phone_code":"44-1624","capital":"Douglas, Isle of Man","currency":"GBP","currency_name":"British pound","currency_symbol":"\u00a3","tld":".im","native":"Isle of Man","region":"Europe","region_id":"4","subregion":"Northern Europe","subregion_id":"18","nationality":"Manx","timezones":[{"zoneName":"Europe/Isle_of_Man","gmtOffset":0,"gmtOffsetName":"UTC\u00b100","abbreviation":"GMT","tzName":"Greenwich Mean Time"}],"translations":{"kr":"\ub9e8 \uc12c","pt-BR":"Ilha de Man","pt":"Ilha de Man","nl":"Isle of Man","hr":"Otok Man","fa":"\u062c\u0632\u06cc\u0631\u0647 \u0645\u0646","de":"Insel Man","es":"Isla de Man","fr":"\u00cele de Man","ja":"\u30de\u30f3\u5cf6","it":"Isola di Man","cn":"\u9a6c\u6069\u5c9b","tr":"Man Adasi"},"latitude":"54.25000000","longitude":"-4.50000000","emoji":"\ud83c\uddee\ud83c\uddf2","emojiU":"U+1F1EE U+1F1F2"}