{"id":136,"name":"Man (Isle of)","iso3":"IMN","iso2":"IM","numeric_code":"833","phonecode":"44","capital":"Douglas, Isle of Man","currency":"GBP","currency_name":"British pound","currency_symbol":"\u00a3","tld":".im","native":"Isle of Man","region":"Europe","region_id":4,"subregion":"Northern Europe","subregion_id":18,"nationality":"Manx","timezones":[{"zoneName":"Europe/Isle_of_Man","gmtOffset":0,"gmtOffsetName":"UTC\u00b100","abbreviation":"GMT","tzName":"Greenwich Mean Time"}],"translations":{"ko":"\ub9e8 \uc12c","pt-BR":"Ilha de Man","pt":"Ilha de Man","nl":"Isle of Man","hr":"Otok Man","fa":"\u062c\u0632\u06cc\u0631\u0647 \u0645\u0646","de":"Insel Man","es":"Isla de Man","fr":"\u00cele de Man","ja":"\u30de\u30f3\u5cf6","it":"Isola di Man","zh-CN":"\u9a6c\u6069\u5c9b","tr":"Man Adasi","ru":"\u041c\u044d\u043d (\u043e\u0441\u0442\u0440\u043e\u0432)","uk":"\u041c\u0435\u043d (\u043e\u0441\u0442\u0440\u0456\u0432 \u041c\u0435\u043d)","pl":"Man (Wyspa)"},"latitude":"54.25000000","longitude":"-4.50000000","emoji":"\ud83c\uddee\ud83c\uddf2","emojiU":"U+1F1EE U+1F1F2","states":{"ayre":{"id":5303,"name":"Ayre","state_code":"01","latitude":"54.32975770","longitude":"-4.60258790","type":"sheadings","cities":{"andreas":{"id":154082,"name":"Andreas","latitude":"54.36841400","longitude":"-4.52114630"},"bride":{"id":154083,"name":"Bride","latitude":"54.38316570","longitude":"-4.40803560"},"lezayre":{"id":154084,"name":"Lezayre","latitude":"54.29621930","longitude":"-4.53110150"}}},"garff":{"id":5304,"name":"Garff","state_code":"02","latitude":"54.25687200","longitude":"-4.55473070","type":"sheadings","cities":{"lonan":{"id":154085,"name":"Lonan","latitude":"54.22104520","longitude":"-4.50103060"},"maughold":{"id":154086,"name":"Maughold","latitude":"54.25494540","longitude":"-4.51223490"},"onchan":{"id":154087,"name":"Onchan","latitude":"54.19815080","longitude":"-4.54908980"}}},"glenfaba":{"id":5305,"name":"Glenfaba","state_code":"03","latitude":"54.19855340","longitude":"-4.81314070","type":"sheadings","cities":{"german":{"id":154088,"name":"German","latitude":"54.21871450","longitude":"-4.70652730"}}},"michael":{"id":5306,"name":"Michael","state_code":"04","latitude":"54.27427780","longitude":"-4.64273250","type":"sheadings","cities":{"ballaugh":{"id":154089,"name":"Ballaugh","latitude":"54.30481210","longitude":"-4.62075260"},"jurby":{"id":154090,"name":"Jurby","latitude":"54.35905280","longitude":"-4.54065860"},"michael":{"id":154091,"name":"Michael","latitude":"54.27427780","longitude":"-4.64273250"}}},"middle":{"id":5307,"name":"Middle","state_code":"05","latitude":"54.17770520","longitude":"-4.81064360","type":"sheadings","cities":{"braddan":{"id":154092,"name":"Braddan","latitude":"54.16328280","longitude":"-4.52585060"},"marown":{"id":154093,"name":"Marown","latitude":"54.18462420","longitude":"-4.64952180"},"santon":{"id":154094,"name":"Santon","latitude":"54.12054890","longitude":"-4.64937750"}}},"rushen":{"id":5308,"name":"Rushen","state_code":"06","latitude":"54.09574060","longitude":"-4.82835170","type":"sheadings","cities":{"arbory":{"id":154095,"name":"Arbory","latitude":"54.10878070","longitude":"-4.83564540"},"malew":{"id":154097,"name":"Malew","latitude":"54.11180490","longitude":"-4.80138270"},"rushen":{"id":154096,"name":"Rushen","latitude":"54.09084920","longitude":"-4.84149820"}}}}}