{"id":126,"name":"Lithuania","iso3":"LTU","iso2":"LT","numeric_code":"440","phonecode":"370","capital":"Vilnius","currency":"EUR","currency_name":"Euro","currency_symbol":"\u20ac","tld":".lt","native":"Lietuva","region":"Europe","region_id":4,"subregion":"Northern Europe","subregion_id":18,"nationality":"Lithuanian","timezones":[{"zoneName":"Europe/Vilnius","gmtOffset":7200,"gmtOffsetName":"UTC+02:00","abbreviation":"EET","tzName":"Eastern European Time"}],"translations":{"ko":"\ub9ac\ud22c\uc544\ub2c8\uc544","pt-BR":"Litu\u00e2nia","pt":"Litu\u00e2nia","nl":"Litouwen","hr":"Litva","fa":"\u0644\u06cc\u062a\u0648\u0627\u0646\u06cc","de":"Litauen","es":"Lituania","fr":"Lituanie","ja":"\u30ea\u30c8\u30a2\u30cb\u30a2","it":"Lituania","zh-CN":"\u7acb\u9676\u5b9b","tr":"Litvanya","ru":"\u041b\u0438\u0442\u0432\u0430","uk":"\u041b\u0438\u0442\u0432\u0430","pl":"Litwa"},"latitude":"56.00000000","longitude":"24.00000000","emoji":"\ud83c\uddf1\ud83c\uddf9","emojiU":"U+1F1F1 U+1F1F9","states":{"akmen\u0117":{"id":1561,"name":"Akmen\u0117","state_code":"01","latitude":"56.24550290","longitude":"22.74711690","type":"district municipality"},"alytus":{"id":1605,"name":"Alytus","state_code":"02","latitude":"54.39629380","longitude":"24.04587610","type":"district municipality","cities":{"alytus":{"id":66581,"name":"Alytus","latitude":"54.39635000","longitude":"24.04142000"},"daugai":{"id":66592,"name":"Daugai","latitude":"54.36667000","longitude":"24.33333000"},"druskininkai":{"id":66593,"name":"Druskininkai","latitude":"54.01573000","longitude":"23.98703000"},"lazdijai":{"id":66630,"name":"Lazdijai","latitude":"54.23333000","longitude":"23.51667000"},"simnas":{"id":66678,"name":"Simnas","latitude":"54.38200000","longitude":"23.64600000"},"var\u0117na":{"id":66694,"name":"Var\u0117na","latitude":"54.21667000","longitude":"24.56667000"},"veisiejai":{"id":66695,"name":"Veisiejai","latitude":"54.10110000","longitude":"23.69614000"}}},"anyk\u0161\u010diai":{"id":5346,"name":"Anyk\u0161\u010diai","state_code":"04","latitude":"55.54755510","longitude":"24.73181660","type":"district municipality"},"bir\u0161tonas":{"id":1603,"name":"Bir\u0161tonas","state_code":"05","latitude":"54.56696640","longitude":"24.00930980","type":"municipality"},"bir\u017eai":{"id":1566,"name":"Bir\u017eai","state_code":"06","latitude":"56.20177190","longitude":"24.75601180","type":"district municipality"},"druskininkai":{"id":1579,"name":"Druskininkai","state_code":"07","latitude":"53.99336850","longitude":"24.03424380","type":"municipality"},"elektr\u0117nai":{"id":1559,"name":"Elektr\u0117nai","state_code":"08","latitude":"54.76539340","longitude":"24.77405830","type":"municipality"},"ignalina":{"id":1562,"name":"Ignalina","state_code":"09","latitude":"55.40903420","longitude":"26.32848930","type":"district municipality"},"jonava":{"id":1567,"name":"Jonava","state_code":"10","latitude":"55.07272420","longitude":"24.27933370","type":"district municipality"},"joni\u0161kis":{"id":1581,"name":"Joni\u0161kis","state_code":"11","latitude":"56.23607300","longitude":"23.61365790","type":"district municipality"},"jurbarkas":{"id":1555,"name":"Jurbarkas","state_code":"12","latitude":"55.07740700","longitude":"22.74195690","type":"district municipality"},"kai\u0161iadorys":{"id":1583,"name":"Kai\u0161iadorys","state_code":"13","latitude":"54.85886690","longitude":"24.42779290","type":"district municipality"},"kalvarija":{"id":1591,"name":"Kalvarija","state_code":"14","latitude":"54.37616740","longitude":"23.19203210","type":"municipality"},"kaunas":{"id":1580,"name":"Kaunas","state_code":"15","latitude":"54.91453260","longitude":"23.90535180","type":"district municipality","cities":{"akademija(kaunas)":{"id":66576,"name":"Akademija (Kaunas)","latitude":"54.89640000","longitude":"23.82411000"},"aleksotas":{"id":66579,"name":"Aleksotas","latitude":"54.88037000","longitude":"23.90842000"},"ariogala":{"id":66584,"name":"Ariogala","latitude":"55.26200000","longitude":"23.47700000"},"bir\u0161tonas":{"id":66588,"name":"Bir\u0161tonas","latitude":"54.61667000","longitude":"24.03333000"},"dainava(kaunas)":{"id":66591,"name":"Dainava (Kaunas)","latitude":"54.91525000","longitude":"23.96831000"},"eiguliai":{"id":66595,"name":"Eiguliai","latitude":"54.93133000","longitude":"23.93243000"},"e\u017eer\u0117lis":{"id":66598,"name":"E\u017eer\u0117lis","latitude":"54.88315000","longitude":"23.60396000"},"garliava":{"id":66601,"name":"Garliava","latitude":"54.82139000","longitude":"23.87130000"},"jieznas":{"id":66605,"name":"Jieznas","latitude":"54.59937000","longitude":"24.17593000"},"jonava":{"id":66606,"name":"Jonava","latitude":"55.08333000","longitude":"24.28333000"},"kai\u0161iadorys":{"id":66611,"name":"Kai\u0161iadorys","latitude":"54.86667000","longitude":"24.45000000"},"karm\u0117lava":{"id":66614,"name":"Karm\u0117lava","latitude":"54.97055000","longitude":"24.06182000"},"kaunas":{"id":66615,"name":"Kaunas","latitude":"54.90272000","longitude":"23.90961000"},"k\u0117dainiai":{"id":66629,"name":"K\u0117dainiai","latitude":"55.28333000","longitude":"23.96667000"},"kulautuva":{"id":66624,"name":"Kulautuva","latitude":"54.94212000","longitude":"23.64218000"},"mastaiciai":{"id":66636,"name":"Mastaiciai","latitude":"54.81998000","longitude":"23.84462000"},"prienai":{"id":66661,"name":"Prienai","latitude":"54.63333000","longitude":"23.95000000"},"ramu\u010diai":{"id":66664,"name":"Ramu\u010diai","latitude":"54.94830000","longitude":"24.03050000"},"raseiniai":{"id":66666,"name":"Raseiniai","latitude":"55.36667000","longitude":"23.11667000"},"sarg\u0117nai":{"id":66674,"name":"Sarg\u0117nai","latitude":"54.94933000","longitude":"23.88316000"},"\u0160ilainiai":{"id":66714,"name":"\u0160ilainiai","latitude":"54.92911000","longitude":"23.88599000"},"vilkija":{"id":66701,"name":"Vilkija","latitude":"55.04609000","longitude":"23.58552000"},"\u017die\u017emariai":{"id":66723,"name":"\u017die\u017emariai","latitude":"54.80725000","longitude":"24.44073000"}}},"kazl\u0173r\u016bda":{"id":1575,"name":"Kazl\u0173 R\u016bda","state_code":"17","latitude":"54.78075260","longitude":"23.48402430","type":"municipality"},"k\u0117dainiai":{"id":1584,"name":"K\u0117dainiai","state_code":"18","latitude":"55.35609470","longitude":"23.98326830","type":"district municipality"},"kelm\u0117":{"id":1618,"name":"Kelm\u0117","state_code":"19","latitude":"55.62663520","longitude":"22.87817200","type":"district municipality"},"klaipeda":{"id":1597,"name":"Klaipeda","state_code":"20","latitude":"55.70329480","longitude":"21.14427950","type":"district municipality"},"klaip\u0117da":{"id":1604,"name":"Klaip\u0117da","state_code":"21","latitude":"55.68416150","longitude":"21.44164640","type":"district municipality","cities":{"garg\u017edai":{"id":66600,"name":"Garg\u017edai","latitude":"55.70951000","longitude":"21.39441000"},"klaip\u0117da":{"id":66620,"name":"Klaip\u0117da","latitude":"55.71667000","longitude":"21.11667000"},"kretinga":{"id":66622,"name":"Kretinga","latitude":"55.88880000","longitude":"21.24448000"},"neringa":{"id":66644,"name":"Neringa","latitude":"55.36667000","longitude":"21.06667000"},"nida":{"id":66645,"name":"Nida","latitude":"55.30860000","longitude":"20.99651000"},"palanga":{"id":66650,"name":"Palanga","latitude":"55.91750000","longitude":"21.06861000"},"priekul\u0117":{"id":66660,"name":"Priekul\u0117","latitude":"55.55427000","longitude":"21.31903000"},"rusn\u0117":{"id":66670,"name":"Rusn\u0117","latitude":"55.29820000","longitude":"21.37120000"},"salantai":{"id":66673,"name":"Salantai","latitude":"56.05650000","longitude":"21.56890000"},"silute":{"id":66677,"name":"Silute","latitude":"55.34889000","longitude":"21.48306000"},"skuodas":{"id":66681,"name":"Skuodas","latitude":"56.26667000","longitude":"21.53333000"},"\u0160ventoji":{"id":66718,"name":"\u0160ventoji","latitude":"56.02610000","longitude":"21.08411000"},"\u017demai\u010di\u0173naumiestis":{"id":66722,"name":"\u017demai\u010di\u0173 Naumiestis","latitude":"55.35941000","longitude":"21.70364000"}}},"kretinga":{"id":1571,"name":"Kretinga","state_code":"22","latitude":"55.88384200","longitude":"21.23509190","type":"district municipality"},"kupi\u0161kis":{"id":1585,"name":"Kupi\u0161kis","state_code":"23","latitude":"55.84287410","longitude":"25.02958160","type":"district municipality"},"lazdijai":{"id":1611,"name":"Lazdijai","state_code":"24","latitude":"54.23432670","longitude":"23.51565050","type":"district municipality"},"marijampol\u0117":{"id":1570,"name":"Marijampol\u0117","state_code":"MR","latitude":"54.78199710","longitude":"23.13413650","type":"county"},"ma\u017eeikiai":{"id":1557,"name":"Ma\u017eeikiai","state_code":"26","latitude":"56.30924390","longitude":"22.34146800","type":"district municipality"},"mol\u0117tai":{"id":1582,"name":"Mol\u0117tai","state_code":"27","latitude":"55.22653090","longitude":"25.41800110","type":"district municipality"},"neringa":{"id":1563,"name":"Neringa","state_code":"28","latitude":"55.45724030","longitude":"21.08390050","type":"municipality"},"pag\u0117giai":{"id":1612,"name":"Pag\u0117giai","state_code":"29","latitude":"55.17213200","longitude":"21.96836140","type":"municipality"},"pakruojis":{"id":1595,"name":"Pakruojis","state_code":"30","latitude":"56.07326050","longitude":"23.93899060","type":"district municipality"},"palanga":{"id":1588,"name":"Palanga","state_code":"31","latitude":"55.92019800","longitude":"21.06776140","type":"district municipality"},"panev\u0117\u017eys":{"id":1614,"name":"Panev\u0117\u017eys","state_code":"33","latitude":"55.61667280","longitude":"24.31422830","type":"district municipality","cities":{"birzai":{"id":66587,"name":"Birzai","latitude":"56.20000000","longitude":"24.75000000"},"juodup\u0117":{"id":66608,"name":"Juodup\u0117","latitude":"56.08700000","longitude":"25.60700000"},"kupiskis":{"id":66625,"name":"Kupiskis","latitude":"55.84027000","longitude":"24.97976000"},"obeliai":{"id":66646,"name":"Obeliai","latitude":"55.96895000","longitude":"25.15648000"},"panev\u0117\u017eys":{"id":66651,"name":"Panev\u0117\u017eys","latitude":"55.73333000","longitude":"24.35000000"},"panev\u0117\u017eyscity":{"id":66652,"name":"Panev\u0117\u017eys City","latitude":"55.73600000","longitude":"24.34347000"},"panev\u0117\u017eysdistrictmunicipality":{"id":66653,"name":"Panev\u0117\u017eys District Municipality","latitude":"55.73301000","longitude":"24.37609000"},"pasvalys":{"id":66654,"name":"Pasvalys","latitude":"56.06667000","longitude":"24.40000000"},"ramygala":{"id":66665,"name":"Ramygala","latitude":"55.51400000","longitude":"24.30000000"},"roki\u0161kis":{"id":66669,"name":"Roki\u0161kis","latitude":"55.96667000","longitude":"25.58333000"},"vabalninkas":{"id":66692,"name":"Vabalninkas","latitude":"55.98151000","longitude":"24.74828000"}}},"pasvalys":{"id":1616,"name":"Pasvalys","state_code":"34","latitude":"56.06046190","longitude":"24.39629100","type":"district municipality"},"plung\u0117":{"id":1553,"name":"Plung\u0117","state_code":"35","latitude":"55.91078400","longitude":"21.84540690","type":"district municipality"},"prienai":{"id":1578,"name":"Prienai","state_code":"36","latitude":"54.63835800","longitude":"23.94680090","type":"district municipality"},"radvili\u0161kis":{"id":1568,"name":"Radvili\u0161kis","state_code":"37","latitude":"55.81083990","longitude":"23.54648700","type":"district municipality"},"raseiniai":{"id":1587,"name":"Raseiniai","state_code":"38","latitude":"55.38194990","longitude":"23.11561290","type":"district municipality"},"rietavas":{"id":1590,"name":"Rietavas","state_code":"39","latitude":"55.70217190","longitude":"21.99865640","type":"municipality"},"roki\u0161kis":{"id":1615,"name":"Roki\u0161kis","state_code":"40","latitude":"55.95550390","longitude":"25.58592490","type":"district municipality"},"\u0160akiai":{"id":1576,"name":"\u0160akiai","state_code":"41","latitude":"54.95267100","longitude":"23.04801990","type":"district municipality"},"\u0160al\u010dininkai":{"id":1577,"name":"\u0160al\u010dininkai","state_code":"42","latitude":"54.30976700","longitude":"25.38756400","type":"district municipality"},"\u0160iauliai":{"id":1586,"name":"\u0160iauliai","state_code":"SA","latitude":"55.99857510","longitude":"23.13800510","type":"county"},"\u0160ilal\u0117":{"id":1613,"name":"\u0160ilal\u0117 ","state_code":"45","latitude":"55.49268000","longitude":"22.18455590","type":"district municipality"},"\u0160ilut\u0117":{"id":1607,"name":"\u0160ilut\u0117","state_code":"46","latitude":"55.35041400","longitude":"21.46598590","type":"district municipality"},"\u0160irvintos":{"id":1594,"name":"\u0160irvintos","state_code":"47","latitude":"55.04310200","longitude":"24.95698100","type":"district municipality"},"skuodas":{"id":1617,"name":"Skuodas","state_code":"48","latitude":"56.27021690","longitude":"21.52143310","type":"district municipality"},"\u0160ven\u010dionys":{"id":1560,"name":"\u0160ven\u010dionys","state_code":"49","latitude":"55.10280980","longitude":"26.00718550","type":"district municipality"},"taurag\u0117":{"id":1572,"name":"Taurag\u0117","state_code":"50","latitude":"55.25036600","longitude":"22.29095000","type":"district municipality"},"tel\u0161iai":{"id":1569,"name":"Tel\u0161iai","state_code":"TE","latitude":"56.10266160","longitude":"22.11139150","type":"county"},"trakai":{"id":1593,"name":"Trakai","state_code":"52","latitude":"54.63791130","longitude":"24.93468940","type":"district municipality"},"ukmerg\u0117":{"id":1596,"name":"Ukmerg\u0117","state_code":"53","latitude":"55.24526500","longitude":"24.77607490","type":"district municipality"},"utena":{"id":1621,"name":"Utena","state_code":"UT","latitude":"55.53189690","longitude":"25.79046990","type":"county","cities":{"anyksciai":{"id":66582,"name":"Anyksciai","latitude":"55.52557000","longitude":"25.10264000"},"d\u016bk\u0161tas":{"id":66594,"name":"D\u016bk\u0161tas","latitude":"55.52200000","longitude":"26.32100000"},"ignalina":{"id":66604,"name":"Ignalina","latitude":"55.35000000","longitude":"26.16667000"},"moletai":{"id":66639,"name":"Moletai","latitude":"55.23333000","longitude":"25.41667000"},"utena":{"id":66691,"name":"Utena","latitude":"55.49764000","longitude":"25.59918000"},"visaginas":{"id":66706,"name":"Visaginas","latitude":"55.60000000","longitude":"26.41667000"},"zarasai":{"id":66707,"name":"Zarasai","latitude":"55.73333000","longitude":"26.25000000"}}},"var\u0117na":{"id":1602,"name":"Var\u0117na","state_code":"55","latitude":"54.22033300","longitude":"24.57899700","type":"district municipality"},"vilkavi\u0161kis":{"id":1620,"name":"Vilkavi\u0161kis","state_code":"56","latitude":"54.65194500","longitude":"23.03515500","type":"district municipality"},"vilnius":{"id":1592,"name":"Vilnius","state_code":"58","latitude":"54.77325780","longitude":"25.58671130","type":"district municipality"},"visaginas":{"id":1564,"name":"Visaginas","state_code":"59","latitude":"55.59411800","longitude":"26.43079540","type":"municipality"},"zarasai":{"id":1619,"name":"Zarasai","state_code":"60","latitude":"55.73096090","longitude":"26.24529500","type":"district municipality"}}}