{"id":89,"name":"Guam","iso3":"GUM","iso2":"GU","numeric_code":"316","phonecode":"1","capital":"Hagatna","currency":"USD","currency_name":"United States dollar","currency_symbol":"$","tld":".gu","native":"Guam","region":"Oceania","region_id":5,"subregion":"Micronesia","subregion_id":21,"nationality":"Guamanian, Guambat","timezones":[{"zoneName":"Pacific/Guam","gmtOffset":36000,"gmtOffsetName":"UTC+10:00","abbreviation":"CHST","tzName":"Chamorro Standard Time"}],"translations":{"ko":"\uad0c","pt-BR":"Guam","pt":"Guame","nl":"Guam","hr":"Guam","fa":"\u06af\u0648\u0627\u0645","de":"Guam","es":"Guam","fr":"Guam","ja":"\u30b0\u30a2\u30e0","it":"Guam","zh-CN":"\u5173\u5c9b","tr":"Guam","ru":"\u0413\u0443\u0430\u043c","uk":"\u0413\u0443\u0430\u043c","pl":"Guam"},"latitude":"13.46666666","longitude":"144.78333333","emoji":"\ud83c\uddec\ud83c\uddfa","emojiU":"U+1F1EC U+1F1FA","states":{"aganaheights":{"id":5254,"name":"Agana Heights","state_code":null,"latitude":"13.46575920","longitude":"144.73195330","type":"village"},"asan-maina":{"id":5255,"name":"Asan-Maina","state_code":null,"latitude":"13.47291240","longitude":"144.71180410","type":"village"},"barrigada":{"id":5256,"name":"Barrigada","state_code":null,"latitude":"13.46418270","longitude":"144.78822470","type":"village"},"chalanpago-ordot":{"id":5257,"name":"Chalan Pago-Ordot","state_code":null,"latitude":"13.43699800","longitude":"144.74867080","type":"village"},"dededo":{"id":5258,"name":"Dededo","state_code":null,"latitude":"13.52289900","longitude":"144.79892870","type":"village"},"h\u00e5gat":{"id":5259,"name":"H\u00e5gat","state_code":null,"latitude":"13.38522240","longitude":"144.63996980","type":"village"},"hag\u00e5t\u00f1a":{"id":5265,"name":"Hag\u00e5t\u00f1a","state_code":null,"latitude":"13.47298290","longitude":"144.72740380","type":"village"},"inarajan(inal\u00e5han)":{"id":5261,"name":"Inarajan (Inal\u00e5han)","state_code":null,"latitude":"13.27620490","longitude":"144.72038630","type":"village"},"mangilao":{"id":5263,"name":"Mangilao","state_code":null,"latitude":"13.44985090","longitude":"144.78302680","type":"village"},"merizo(malesso)":{"id":5262,"name":"Merizo (Malesso)","state_code":null,"latitude":"13.26860850","longitude":"144.65797490","type":"village"},"mongmong-toto-maite":{"id":5264,"name":"Mongmong-Toto-Maite","state_code":null,"latitude":"13.46922010","longitude":"144.75338080","type":"village"},"piti":{"id":5266,"name":"Piti","state_code":null,"latitude":"13.46474460","longitude":"144.68769820","type":"village"},"santarita(s\u00e5ntarita-sumai)":{"id":5267,"name":"Santa Rita (S\u00e5nta Rita-Sumai)","state_code":null,"latitude":"13.38678740","longitude":"144.66642270","type":"village"},"sinajana":{"id":5268,"name":"Sinajana","state_code":null,"latitude":"13.46094860","longitude":"144.74612080","type":"village"},"talofofo(talo\u0027fo\u0027fo)":{"id":5269,"name":"Talofofo (Talo\u0027fo\u0027fo)","state_code":null,"latitude":"13.35471440","longitude":"144.73459730","type":"village"},"tamuning":{"id":5270,"name":"Tamuning","state_code":null,"latitude":"13.49447620","longitude":"144.78045820","type":"village"},"umatac(hum\u00e5tak)":{"id":5260,"name":"Umatac (Hum\u00e5tak)","state_code":null,"latitude":"13.29457770","longitude":"144.65382830","type":"village"},"yigo":{"id":5271,"name":"Yigo","state_code":null,"latitude":"13.57293770","longitude":"144.82315220","type":"village"},"yona":{"id":5272,"name":"Yona","state_code":null,"latitude":"13.41020600","longitude":"144.75557470","type":"village"}}}