{"id":89,"name":"Guam","iso3":"GUM","iso2":"GU","numeric_code":"316","phone_code":"1","capital":"Hagatna","currency":"USD","currency_name":"US Dollar","currency_symbol":"$","tld":".gu","native":"Guam","region":"Oceania","region_id":"5","subregion":"Micronesia","subregion_id":"21","nationality":"Guamanian, Guambat","timezones":[{"zoneName":"Pacific/Guam","gmtOffset":36000,"gmtOffsetName":"UTC+10:00","abbreviation":"CHST","tzName":"Chamorro Standard Time"}],"translations":{"kr":"\uad0c","pt-BR":"Guam","pt":"Guame","nl":"Guam","hr":"Guam","fa":"\u06af\u0648\u0627\u0645","de":"Guam","es":"Guam","fr":"Guam","ja":"\u30b0\u30a2\u30e0","it":"Guam","cn":"\u5173\u5c9b","tr":"Guam","ru":"\u0413\u0443\u0430\u043c","uk":"\u0413\u0443\u0430\u043c","pl":"Guam"},"latitude":"13.46666666","longitude":"144.78333333","emoji":"\ud83c\uddec\ud83c\uddfa","emojiU":"U+1F1EC U+1F1FA"}