{"id":1,"name":"Afghanistan","iso3":"AFG","iso2":"AF","numeric_code":"004","phonecode":"93","capital":"Kabul","currency":"AFN","currency_name":"Afghan afghani","currency_symbol":"\u060b","tld":".af","native":"\u0627\u0641\u063a\u0627\u0646\u0633\u062a\u0627\u0646","region":"Asia","region_id":3,"subregion":"Southern Asia","subregion_id":14,"nationality":"Afghan","timezones":[{"zoneName":"Asia/Kabul","gmtOffset":16200,"gmtOffsetName":"UTC+04:30","abbreviation":"AFT","tzName":"Afghanistan Time"}],"translations":{"ko":"\uc544\ud504\uac00\ub2c8\uc2a4\ud0c4","pt-BR":"Afeganist\u00e3o","pt":"Afeganist\u00e3o","nl":"Afghanistan","hr":"Afganistan","fa":"\u0627\u0641\u063a\u0627\u0646\u0633\u062a\u0627\u0646","de":"Afghanistan","es":"Afganist\u00e1n","fr":"Afghanistan","ja":"\u30a2\u30d5\u30ac\u30cb\u30b9\u30bf\u30f3","it":"Afghanistan","zh-CN":"\u963f\u5bcc\u6c57","tr":"Afganistan","ru":"\u0410\u0444\u0433\u0430\u043d\u0438\u0441\u0442\u0430\u043d","uk":"\u0410\u0444\u0433\u0430\u043d\u0456\u0441\u0442\u0430\u043d","pl":"Afganistan"},"latitude":"33.00000000","longitude":"65.00000000","emoji":"\ud83c\udde6\ud83c\uddeb","emojiU":"U+1F1E6 U+1F1EB","states":{"badakhshan":{"id":3901,"name":"Badakhshan","state_code":"BDS","latitude":"36.73477250","longitude":"70.81199530","type":"province","cities":{"ashk\u0101sham":{"id":52,"name":"Ashk\u0101sham","latitude":"36.68333000","longitude":"71.53333000"},"fayzabad":{"id":68,"name":"Fayzabad","latitude":"37.11664000","longitude":"70.58002000"},"jurm":{"id":78,"name":"Jurm","latitude":"36.86477000","longitude":"70.83421000"},"khand\u016bd":{"id":84,"name":"Khand\u016bd","latitude":"36.95127000","longitude":"72.31800000"},"r\u0101ghist\u0101n":{"id":115,"name":"R\u0101ghist\u0101n","latitude":"37.66079000","longitude":"70.67346000"},"w\u0101kh\u0101n":{"id":131,"name":"W\u0101kh\u0101n","latitude":"37.05710000","longitude":"73.34928000"}}},"badghis":{"id":3871,"name":"Badghis","state_code":"BDG","latitude":"35.16713390","longitude":"63.76953840","type":"province","cities":{"ghormach":{"id":72,"name":"Ghormach","latitude":"35.73062000","longitude":"63.78264000"},"qalainaw":{"id":108,"name":"Qala i Naw","latitude":"34.98735000","longitude":"63.12891000"}}},"baghlan":{"id":3875,"name":"Baghlan","state_code":"BGL","latitude":"36.17890260","longitude":"68.74530640","type":"province","cities":{"baghl\u0101n":{"id":54,"name":"Baghl\u0101n","latitude":"36.13068000","longitude":"68.70829000"},"\u1e28uk\u016bmat\u012bdahanah-yegh\u014dr\u012b":{"id":140,"name":"\u1e28uk\u016bmat\u012b Dahanah-ye Gh\u014dr\u012b","latitude":"35.90617000","longitude":"68.48869000"},"nahr\u012bn":{"id":101,"name":"Nahr\u012bn","latitude":"36.06490000","longitude":"69.13343000"},"pul-ekhumr\u012b":{"id":105,"name":"Pul-e Khumr\u012b","latitude":"35.94458000","longitude":"68.71512000"}}},"balkh":{"id":3884,"name":"Balkh","state_code":"BAL","latitude":"36.75506030","longitude":"66.89753720","type":"province","cities":{"balkh":{"id":55,"name":"Balkh","latitude":"36.75635000","longitude":"66.89720000"},"dowlat\u0101b\u0101d":{"id":65,"name":"Dowlat\u0101b\u0101d","latitude":"36.98821000","longitude":"66.82069000"},"khulm":{"id":85,"name":"Khulm","latitude":"36.69736000","longitude":"67.69826000"},"lab-sar":{"id":91,"name":"Lab-Sar","latitude":"36.02634000","longitude":"66.83799000"},"maz\u0101r-eshar\u012bf":{"id":97,"name":"Maz\u0101r-e Shar\u012bf","latitude":"36.70904000","longitude":"67.11087000"},"qarch\u012bgak":{"id":112,"name":"Qarch\u012b Gak","latitude":"37.03999000","longitude":"66.78891000"}}},"bamyan":{"id":3872,"name":"Bamyan","state_code":"BAM","latitude":"34.81000670","longitude":"67.82121040","type":"province","cities":{"b\u0101my\u0101n":{"id":57,"name":"B\u0101my\u0101n","latitude":"34.82156000","longitude":"67.82734000"},"panj\u0101b":{"id":104,"name":"Panj\u0101b","latitude":"34.38795000","longitude":"67.02327000"}}},"daykundi":{"id":3892,"name":"Daykundi","state_code":"DAY","latitude":"33.66949500","longitude":"66.04635340","type":"province","cities":{"n\u012bl\u012b":{"id":102,"name":"N\u012bl\u012b","latitude":"33.76329000","longitude":"66.07617000"}}},"farah":{"id":3899,"name":"Farah","state_code":"FRA","latitude":"32.49532800","longitude":"62.26266270","type":"province","cities":{"farah":{"id":66,"name":"Farah","latitude":"32.37451000","longitude":"62.11638000"}}},"faryab":{"id":3889,"name":"Faryab","state_code":"FYB","latitude":"36.07956130","longitude":"64.90595500","type":"province","cities":{"andkhoy":{"id":50,"name":"Andkhoy","latitude":"36.95293000","longitude":"65.12376000"},"maymana":{"id":96,"name":"Maymana","latitude":"35.92139000","longitude":"64.78361000"}}},"ghazni":{"id":3870,"name":"Ghazni","state_code":"GHA","latitude":"33.54505870","longitude":"68.41739720","type":"province","cities":{"ghazni":{"id":71,"name":"Ghazni","latitude":"33.55391000","longitude":"68.42096000"}}},"gh\u014dr":{"id":3888,"name":"Gh\u014dr","state_code":"GHO","latitude":"34.09957760","longitude":"64.90595500","type":"province","cities":{"fayr\u014dzk\u014dh":{"id":67,"name":"Fayr\u014dz K\u014dh","latitude":"34.51952000","longitude":"65.25093000"},"shahrak":{"id":121,"name":"Shahrak","latitude":"34.10737000","longitude":"64.30520000"}}},"helmand":{"id":3873,"name":"Helmand","state_code":"HEL","latitude":"39.29893610","longitude":"-76.61604720","type":"province","cities":{"\u2018al\u0101qahd\u0101r\u012bd\u012bsh\u016b":{"id":141,"name":"\u2018Al\u0101qahd\u0101r\u012b D\u012bsh\u016b","latitude":"30.43206000","longitude":"63.29802000"},"gereshk":{"id":70,"name":"Gereshk","latitude":"31.82089000","longitude":"64.57005000"},"lashkarg\u0101h":{"id":93,"name":"Lashkar G\u0101h","latitude":"31.59382000","longitude":"64.37161000"},"markaz-e\u1e28uk\u016bmat-edarw\u0113sh\u0101n":{"id":95,"name":"Markaz-e \u1e28uk\u016bmat-e Darw\u0113sh\u0101n","latitude":"31.13231000","longitude":"64.19340000"},"sang\u012bn":{"id":118,"name":"Sang\u012bn","latitude":"32.07275000","longitude":"64.83590000"}}},"herat":{"id":3887,"name":"Herat","state_code":"HER","latitude":"34.35286500","longitude":"62.20402870","type":"province","cities":{"chah\u0101rburj":{"id":60,"name":"Chah\u0101r Burj","latitude":"34.24475000","longitude":"62.19165000"},"gh\u014driy\u0101n":{"id":73,"name":"Gh\u014driy\u0101n","latitude":"34.34480000","longitude":"61.49321000"},"her\u0101t":{"id":74,"name":"Her\u0101t","latitude":"34.34817000","longitude":"62.19967000"},"kafirqala":{"id":80,"name":"Kafir Qala","latitude":"34.66667000","longitude":"61.06667000"},"karukh":{"id":82,"name":"Karukh","latitude":"34.48108000","longitude":"62.58630000"},"kuhs\u0101n":{"id":88,"name":"Kuhs\u0101n","latitude":"34.65389000","longitude":"61.19778000"},"kushk":{"id":90,"name":"Kushk","latitude":"33.29565000","longitude":"61.95221000"},"qarahb\u0101gh":{"id":111,"name":"Qarah B\u0101gh","latitude":"34.94023000","longitude":"61.77589000"},"sh\u012bn\u1e0fan\u1e0f":{"id":123,"name":"Sh\u012bn\u1e0fan\u1e0f","latitude":"33.30294000","longitude":"62.14740000"},"t\u012brpul":{"id":129,"name":"T\u012br Pul","latitude":"34.59431000","longitude":"61.26895000"},"zindahj\u0101n":{"id":135,"name":"Zindah J\u0101n","latitude":"34.34264000","longitude":"61.74675000"}}},"jowzjan":{"id":3886,"name":"Jowzjan","state_code":"JOW","latitude":"36.89696920","longitude":"65.66585680","type":"province","cities":{"\u0100qchah":{"id":136,"name":"\u0100qchah","latitude":"36.90500000","longitude":"66.18341000"},"darz\u0101b":{"id":63,"name":"Darz\u0101b","latitude":"35.97744000","longitude":"65.37828000"},"qarq\u012bn":{"id":113,"name":"Qarq\u012bn","latitude":"37.41853000","longitude":"66.04358000"},"shibirgh\u0101n":{"id":122,"name":"Shibirgh\u0101n","latitude":"36.66757000","longitude":"65.75290000"}}},"kabul":{"id":3902,"name":"Kabul","state_code":"KAB","latitude":"34.55534940","longitude":"69.20748600","type":"province","cities":{"kabul":{"id":79,"name":"Kabul","latitude":"34.52813000","longitude":"69.17233000"},"m\u012brbachahk\u014d\u1e6f":{"id":99,"name":"M\u012br Bachah K\u014d\u1e6f","latitude":"34.74999000","longitude":"69.11899000"},"paghm\u0101n":{"id":103,"name":"Paghm\u0101n","latitude":"34.58787000","longitude":"68.95091000"}}},"kandahar":{"id":3890,"name":"Kandahar","state_code":"KAN","latitude":"31.62887100","longitude":"65.73717490","type":"province","cities":{"kandah\u0101r":{"id":81,"name":"Kandah\u0101r","latitude":"31.61332000","longitude":"65.71013000"}}},"kapisa":{"id":3879,"name":"Kapisa","state_code":"KAP","latitude":"34.98105720","longitude":"69.62145620","type":"province","cities":{"sidq\u0101b\u0101d":{"id":124,"name":"Sidq\u0101b\u0101d","latitude":"35.02298000","longitude":"69.35112000"}}},"khost":{"id":3878,"name":"Khost","state_code":"KHO","latitude":"33.33384720","longitude":"69.93716730","type":"province","cities":{"kh\u014dst":{"id":87,"name":"Kh\u014dst","latitude":"33.33951000","longitude":"69.92041000"}}},"kunar":{"id":3876,"name":"Kunar","state_code":"KNR","latitude":"34.84658930","longitude":"71.09731700","type":"province","cities":{"asadabad":{"id":51,"name":"Asadabad","latitude":"34.87311000","longitude":"71.14697000"},"\u0100sm\u0101r":{"id":138,"name":"\u0100sm\u0101r","latitude":"35.03333000","longitude":"71.35809000"}}},"kunduzprovince":{"id":3900,"name":"Kunduz Province","state_code":"KDZ","latitude":"36.72855110","longitude":"68.86789820","type":"province","cities":{"dasht-earch\u012b":{"id":64,"name":"Dasht-e Arch\u012b","latitude":"37.13333000","longitude":"69.16667000"},"im\u0101m\u015e\u0101\u1e29ib":{"id":75,"name":"Im\u0101m \u015e\u0101\u1e29ib","latitude":"37.18897000","longitude":"68.93644000"},"khanabad":{"id":83,"name":"Khanabad","latitude":"36.68250000","longitude":"69.11556000"},"kunduz":{"id":89,"name":"Kunduz","latitude":"36.72895000","longitude":"68.85700000"},"qar\u0101wul":{"id":114,"name":"Qar\u0101wul","latitude":"37.21959000","longitude":"68.78020000"}}},"laghman":{"id":3891,"name":"Laghman","state_code":"LAG","latitude":"34.68976870","longitude":"70.14558050","type":"province","cities":{"mehtarl\u0101m":{"id":98,"name":"Mehtar L\u0101m","latitude":"34.67139000","longitude":"70.20944000"}}},"logar":{"id":3897,"name":"Logar","state_code":"LOG","latitude":"34.01455180","longitude":"69.19239160","type":"province","cities":{"barakibarak":{"id":56,"name":"Baraki Barak","latitude":"33.96744000","longitude":"68.94920000"},"\u1e28uk\u016bmat\u012bazrah":{"id":139,"name":"\u1e28uk\u016bmat\u012b Azrah","latitude":"34.17355000","longitude":"69.64573000"},"pul-e\u2018alam":{"id":106,"name":"Pul-e \u2018Alam","latitude":"33.99529000","longitude":"69.02274000"}}},"nangarhar":{"id":3882,"name":"Nangarhar","state_code":"NAN","latitude":"34.17183130","longitude":"70.62167940","type":"province","cities":{"b\u0101sawul":{"id":58,"name":"B\u0101sawul","latitude":"34.24749000","longitude":"70.87218000"},"jal\u0101l\u0101b\u0101d":{"id":77,"name":"Jal\u0101l\u0101b\u0101d","latitude":"34.42647000","longitude":"70.45153000"}}},"nimruz":{"id":3896,"name":"Nimruz","state_code":"NIM","latitude":"31.02614880","longitude":"62.45041540","type":"province","cities":{"kh\u0101sh":{"id":86,"name":"Kh\u0101sh","latitude":"31.52919000","longitude":"62.79055000"},"m\u012br\u0101b\u0101d":{"id":100,"name":"M\u012br\u0101b\u0101d","latitude":"30.43624000","longitude":"61.83830000"},"r\u016bdb\u0101r":{"id":116,"name":"R\u016bdb\u0101r","latitude":"30.15000000","longitude":"62.60000000"},"zaranj":{"id":132,"name":"Zaranj","latitude":"30.95962000","longitude":"61.86037000"}}},"nuristan":{"id":3880,"name":"Nuristan","state_code":"NUR","latitude":"35.32502230","longitude":"70.90712360","type":"province","cities":{"p\u0101r\u016bn":{"id":107,"name":"P\u0101r\u016bn","latitude":"35.42064000","longitude":"70.92261000"}}},"paktia":{"id":3894,"name":"Paktia","state_code":"PIA","latitude":"33.70619900","longitude":"69.38310790","type":"province","cities":{"gardez":{"id":69,"name":"Gardez","latitude":"33.59744000","longitude":"69.22592000"}}},"paktika":{"id":3877,"name":"Paktika","state_code":"PKA","latitude":"32.26453860","longitude":"68.52471490","type":"province","cities":{"sa\u1e5f\u014db\u012b":{"id":120,"name":"Sa\u1e5f\u014db\u012b","latitude":"32.75221000","longitude":"69.04587000"},"za\u1e5fahsharan":{"id":134,"name":"Za\u1e5fah Sharan","latitude":"33.14641000","longitude":"68.79213000"},"zargh\u016bnshahr":{"id":133,"name":"Zargh\u016bn Shahr","latitude":"32.84734000","longitude":"68.44573000"}}},"panjshir":{"id":3881,"name":"Panjshir","state_code":"PAN","latitude":"38.88023910","longitude":"-77.17172380","type":"province","cities":{"b\u0101z\u0101rak":{"id":59,"name":"B\u0101z\u0101rak","latitude":"35.31292000","longitude":"69.51519000"}}},"parwan":{"id":3895,"name":"Parwan","state_code":"PAR","latitude":"34.96309770","longitude":"68.81088490","type":"province","cities":{"charikar":{"id":61,"name":"Charikar","latitude":"35.01361000","longitude":"69.17139000"},"jabalossaraj":{"id":76,"name":"Jabal os Saraj","latitude":"35.11833000","longitude":"69.23778000"}}},"samangan":{"id":3883,"name":"Samangan","state_code":"SAM","latitude":"36.31555060","longitude":"67.96428630","type":"province","cities":{"a\u012bbak":{"id":53,"name":"A\u012bbak","latitude":"36.26468000","longitude":"68.01551000"}}},"sar-epol":{"id":3885,"name":"Sar-e Pol","state_code":"SAR","latitude":"36.21662800","longitude":"65.93336000","type":"province","cities":{"ch\u012bras":{"id":62,"name":"Ch\u012bras","latitude":"35.41674000","longitude":"65.98234000"},"larkird":{"id":92,"name":"Larkird","latitude":"35.48936000","longitude":"66.66409000"},"qal\u2018ah-yeshahr":{"id":110,"name":"Qal\u2018ah-ye Shahr","latitude":"35.54729000","longitude":"65.56760000"},"sang-ech\u0101rak":{"id":117,"name":"Sang-e Ch\u0101rak","latitude":"35.84972000","longitude":"66.43694000"},"sar-epul":{"id":119,"name":"Sar-e Pul","latitude":"36.21544000","longitude":"65.93249000"},"tag\u0101w-b\u0101y":{"id":125,"name":"Tag\u0101w-B\u0101y","latitude":"35.69941000","longitude":"66.06164000"},"tukz\u0101r":{"id":128,"name":"Tukz\u0101r","latitude":"35.94831000","longitude":"66.42132000"}}},"takhar":{"id":3893,"name":"Takhar","state_code":"TAK","latitude":"36.66980130","longitude":"69.47845410","type":"province","cities":{"\u0100rtkhw\u0101jah":{"id":137,"name":"\u0100rt Khw\u0101jah","latitude":"37.08571000","longitude":"69.47958000"},"taloqan":{"id":126,"name":"Taloqan","latitude":"36.73605000","longitude":"69.53451000"}}},"urozgan":{"id":3898,"name":"Urozgan","state_code":"URU","latitude":"32.92712870","longitude":"66.14152630","type":"province","cities":{"tarinkot":{"id":127,"name":"Tarinkot","latitude":"32.62998000","longitude":"65.87806000"},"uruzg\u0101n":{"id":130,"name":"Uruzg\u0101n","latitude":"32.92775000","longitude":"66.63253000"}}},"zabul":{"id":3874,"name":"Zabul","state_code":"ZAB","latitude":"32.19187820","longitude":"67.18944880","type":"province","cities":{"qal\u0101t":{"id":109,"name":"Qal\u0101t","latitude":"32.10575000","longitude":"66.90833000"}}}}}