{"id":188,"name":"Saint Vincent and the Grenadines","iso3":"VCT","iso2":"VC","numeric_code":"670","phone_code":"1","capital":"Kingstown","currency":"XCD","currency_name":"Eastern Caribbean dollar","currency_symbol":"$","tld":".vc","native":"Saint Vincent and the Grenadines","region":"Americas","region_id":2,"subregion":"Caribbean","subregion_id":7,"nationality":"Saint Vincentian, Vincentian","timezones":[{"zoneName":"America/St_Vincent","gmtOffset":-14400,"gmtOffsetName":"UTC-04:00","abbreviation":"AST","tzName":"Atlantic Standard Time"}],"translations":{"ko":"\uc138\uc778\ud2b8\ube48\uc13c\ud2b8 \uadf8\ub808\ub098\ub518","pt-BR":"S\u00e3o Vicente e Granadinas","pt":"S\u00e3o Vicente e Granadinas","nl":"Saint Vincent en de Grenadines","hr":"Sveti Vincent i Grenadini","fa":"\u0633\u0646\u062a \u0648\u06cc\u0646\u0633\u0646\u062a \u0648 \u06af\u0631\u0646\u0627\u062f\u06cc\u0646\u200c\u0647\u0627","de":"Saint Vincent und die Grenadinen","es":"San Vicente y Granadinas","fr":"Saint-Vincent-et-les-Grenadines","ja":"\u30bb\u30f3\u30c8\u30d3\u30f3\u30bb\u30f3\u30c8\u304a\u3088\u3073\u30b0\u30ec\u30ca\u30c7\u30a3\u30fc\u30f3\u8af8\u5cf6","it":"Saint Vincent e Grenadine","zh-CN":"\u5723\u6587\u68ee\u7279\u548c\u683c\u6797\u7eb3\u4e01\u65af","tr":"Saint Vincent Ve Grenadinler","ru":"\u0421\u0435\u043d\u0442-\u0412\u0438\u043d\u0441\u0435\u043d\u0442 \u0438 \u0413\u0440\u0435\u043d\u0430\u0434\u0438\u043d\u044b","uk":"\u0421\u0435\u043d\u0442-\u0412\u0456\u043d\u0441\u0435\u043d\u0442 \u0456 \u0413\u0440\u0435\u043d\u0430\u0434\u0438\u043d\u0438","pl":"Saint Vincent i Grenadyny"},"latitude":"13.25000000","longitude":"-61.20000000","emoji":"\ud83c\uddfb\ud83c\udde8","emojiU":"U+1F1FB U+1F1E8","states":{"charlotteparish":{"id":3389,"name":"Charlotte Parish","state_code":"01","latitude":"13.21754510","longitude":"-61.16362440","type":null,"cities":{"biabou":{"id":130030,"name":"Biabou","latitude":"13.19430000","longitude":"-61.13904000"},"byeravillage":{"id":130031,"name":"Byera Village","latitude":"13.25636000","longitude":"-61.11954000"},"georgetown":{"id":130033,"name":"Georgetown","latitude":"13.28054000","longitude":"-61.11850000"}}},"grenadinesparish":{"id":3388,"name":"Grenadines Parish","state_code":"06","latitude":"13.01229650","longitude":"-61.22773010","type":null,"cities":{"portelizabeth":{"id":130037,"name":"Port Elizabeth","latitude":"13.01102000","longitude":"-61.23548000"}}},"saintandrewparish":{"id":3386,"name":"Saint Andrew Parish","state_code":"02","latitude":"43.02429990","longitude":"-81.20250000","type":null,"cities":{"layou":{"id":130036,"name":"Layou","latitude":"13.20175000","longitude":"-61.27014000"}}},"saintdavidparish":{"id":3387,"name":"Saint David Parish","state_code":"03","latitude":"43.85230950","longitude":"-79.52366540","type":null,"cities":{"chateaubelair":{"id":130032,"name":"Chateaubelair","latitude":"13.29069000","longitude":"-61.24043000"}}},"saintgeorgeparish":{"id":3384,"name":"Saint George Parish","state_code":"04","latitude":"42.95760900","longitude":"-81.32670500","type":null,"cities":{"kingstown":{"id":130034,"name":"Kingstown","latitude":"13.15527000","longitude":"-61.22742000"},"kingstownpark":{"id":130035,"name":"Kingstown Park","latitude":"13.15924000","longitude":"-61.23161000"}}},"saintpatrickparish":{"id":3385,"name":"Saint Patrick Parish","state_code":"05","latitude":"39.75091860","longitude":"-94.84505560","type":null,"cities":{"barrouallie":{"id":130029,"name":"Barrouallie","latitude":"13.23676000","longitude":"-61.27275000"}}}}}