{"id":25,"name":"Bermuda","iso3":"BMU","iso2":"BM","numeric_code":"060","phone_code":"1","capital":"Hamilton","currency":"BMD","currency_name":"Bermudian dollar","currency_symbol":"$","tld":".bm","native":"Bermuda","region":"Americas","region_id":2,"subregion":"Northern America","subregion_id":6,"nationality":"Bermudian, Bermudan","timezones":[{"zoneName":"Atlantic/Bermuda","gmtOffset":-14400,"gmtOffsetName":"UTC-04:00","abbreviation":"AST","tzName":"Atlantic Standard Time"}],"translations":{"ko":"\ubc84\ubba4\ub2e4","pt-BR":"Bermudas","pt":"Bermudas","nl":"Bermuda","hr":"Bermudi","fa":"\u0628\u0631\u0645\u0648\u062f\u0627","de":"Bermuda","es":"Bermudas","fr":"Bermudes","ja":"\u30d0\u30df\u30e5\u30fc\u30c0","it":"Bermuda","zh-CN":"\u767e\u6155\u5927","tr":"Bermuda","ru":"\u0411\u0435\u0440\u043c\u0443\u0434\u044b","uk":"\u0411\u0435\u0440\u043c\u0443\u0434\u0441\u044c\u043a\u0456 \u043e\u0441\u0442\u0440\u043e\u0432\u0438","pl":"Bermudy"},"latitude":"32.33333333","longitude":"-64.75000000","emoji":"\ud83c\udde7\ud83c\uddf2","emojiU":"U+1F1E7 U+1F1F2","states":{"devonshire":{"id":4860,"name":"Devonshire","state_code":"DEV","latitude":"32.30380620","longitude":"-64.76069540","type":"municipality","cities":{"devonshire":{"id":153518,"name":"Devonshire","latitude":"32.29300000","longitude":"-64.80000000"}}},"hamilton":{"id":4861,"name":"Hamilton","state_code":"HA","latitude":"32.34494320","longitude":"-64.72365000","type":"municipality","cities":{"hamilton":{"id":153515,"name":"Hamilton","latitude":"32.29400000","longitude":"-64.78300000"}}},"paget":{"id":4863,"name":"Paget","state_code":"PAG","latitude":"32.28107400","longitude":"-64.77847870","type":"municipality","cities":{"paget":{"id":153516,"name":"Paget","latitude":"32.27800000","longitude":"-64.76900000"}}},"pembroke":{"id":4864,"name":"Pembroke","state_code":"PEM","latitude":"32.30076720","longitude":"-64.79626300","type":"municipality"},"saintgeorge\u0027s":{"id":4866,"name":"Saint George\u0027s","state_code":"SGE","latitude":"17.12577590","longitude":"-62.56198110","type":"municipality","cities":{"st.george\u0027s":{"id":153514,"name":"St. George\u0027s","latitude":"32.38100000","longitude":"-64.67400000"},"tucker\u2019stown":{"id":153517,"name":"Tucker\u2019s Town","latitude":"32.33280000","longitude":"64.68810000"}}},"sandys":{"id":4867,"name":"Sandys","state_code":"SAN","latitude":"32.29995280","longitude":"-64.86741030","type":"municipality","cities":{"somerset":{"id":153513,"name":"Somerset","latitude":"32.28200000","longitude":"-64.84400000"}}},"smith\u0027s":{"id":4868,"name":"Smith\u0027s","state_code":"SMI","latitude":"32.31339660","longitude":"-64.73105880","type":"municipality","cities":{"flatts":{"id":153512,"name":"Flatts","latitude":"32.32800000","longitude":"-64.73600000"}}},"southampton":{"id":4869,"name":"Southampton","state_code":"SOU","latitude":"32.25400950","longitude":"-64.82590580","type":"municipality","cities":{"southampton":{"id":153511,"name":"Southampton","latitude":"32.24900000","longitude":"-64.86100000"}}},"warwick":{"id":4870,"name":"Warwick","state_code":"WAR","latitude":"32.26615340","longitude":"-64.80811980","type":"municipality","cities":{"warwick":{"id":153510,"name":"Warwick","latitude":"32.26700000","longitude":"-64.80600000"}}}}}