{"id":80,"name":"The Gambia ","iso3":"GMB","iso2":"GM","numeric_code":"270","phonecode":"220","capital":"Banjul","currency":"GMD","currency_name":"Gambian dalasi","currency_symbol":"D","tld":".gm","native":"Gambia","region":"Africa","region_id":1,"subregion":"Western Africa","subregion_id":3,"nationality":"Gambian","timezones":[{"zoneName":"Africa/Banjul","gmtOffset":0,"gmtOffsetName":"UTC\u00b100","abbreviation":"GMT","tzName":"Greenwich Mean Time"}],"translations":{"ko":"\uac10\ube44\uc544","pt-BR":"G\u00e2mbia","pt":"G\u00e2mbia","nl":"Gambia","hr":"Gambija","fa":"\u06af\u0627\u0645\u0628\u06cc\u0627","de":"Gambia","es":"Gambia","fr":"Gambie","ja":"\u30ac\u30f3\u30d3\u30a2","it":"Gambia","zh-CN":"\u5188\u6bd4\u4e9a","tr":"Gambiya","ru":"\u0413\u0430\u043c\u0431\u0438\u044f","uk":"\u0413\u0430\u043c\u0431\u0456\u044f The","pl":"Gambia The"},"latitude":"13.46666666","longitude":"-16.56666666","emoji":"\ud83c\uddec\ud83c\uddf2","emojiU":"U+1F1EC U+1F1F2","states":{"banjul":{"id":2666,"name":"Banjul","state_code":"B","latitude":"13.45487610","longitude":"-16.57903230","type":"city","cities":{"bakau":{"id":52219,"name":"Bakau","latitude":"13.47806000","longitude":"-16.68194000"},"banjul":{"id":52221,"name":"Banjul","latitude":"13.45274000","longitude":"-16.57803000"},"kombosaintmarydistrict":{"id":52277,"name":"Kombo Saint Mary District","latitude":"13.44389000","longitude":"-16.64583000"},"serekunda":{"id":52304,"name":"Serekunda","latitude":"13.43833000","longitude":"-16.67806000"}}},"centralriver":{"id":2669,"name":"Central River","state_code":"M","latitude":"13.59944690","longitude":"-14.89216680","type":"division","cities":{"bansang":{"id":52222,"name":"Bansang","latitude":"13.43333000","longitude":"-14.65000000"},"brikamanding":{"id":52228,"name":"Brikama Nding","latitude":"13.53333000","longitude":"-14.93333000"},"dankunku":{"id":52233,"name":"Dankunku","latitude":"13.56667000","longitude":"-15.31667000"},"denton":{"id":52236,"name":"Denton","latitude":"13.50000000","longitude":"-14.93333000"},"fulladuwest":{"id":52246,"name":"Fulladu West","latitude":"13.50000000","longitude":"-14.75000000"},"gallehmanda":{"id":52247,"name":"Galleh Manda","latitude":"13.43333000","longitude":"-14.78333000"},"georgetown":{"id":52248,"name":"Georgetown","latitude":"13.54039000","longitude":"-14.76374000"},"jakhaly":{"id":52252,"name":"Jakhaly","latitude":"13.55000000","longitude":"-14.96667000"},"janjanbureh":{"id":52254,"name":"Janjanbureh","latitude":"13.53564000","longitude":"-14.76515000"},"jarreng":{"id":52258,"name":"Jarreng","latitude":"13.61667000","longitude":"-15.18333000"},"karantaba":{"id":52265,"name":"Karantaba","latitude":"13.66667000","longitude":"-15.03333000"},"kasswollof":{"id":52266,"name":"Kass Wollof","latitude":"13.78333000","longitude":"-14.93333000"},"kuntaur":{"id":52280,"name":"Kuntaur","latitude":"13.67085000","longitude":"-14.88977000"},"kunting":{"id":52281,"name":"Kunting","latitude":"13.53333000","longitude":"-14.66667000"},"lowersaloum":{"id":52285,"name":"Lower Saloum","latitude":"13.71667000","longitude":"-15.36667000"},"niaminaeastdistrict":{"id":52287,"name":"Niamina East District","latitude":"13.63333000","longitude":"-15.08333000"},"niaminawestdistrict":{"id":52288,"name":"Niamina West District","latitude":"13.58333000","longitude":"-15.25000000"},"niani":{"id":52289,"name":"Niani","latitude":"13.66667000","longitude":"-14.91667000"},"nianijadistrict":{"id":52290,"name":"Nianija District","latitude":"13.72900000","longitude":"-15.09100000"},"patehsam":{"id":52294,"name":"Pateh Sam","latitude":"13.61667000","longitude":"-15.06667000"},"sami":{"id":52298,"name":"Sami","latitude":"13.58333000","longitude":"-15.20000000"},"samidistrict":{"id":52299,"name":"Sami District","latitude":"13.58333000","longitude":"-14.58333000"},"saruja":{"id":52303,"name":"Saruja","latitude":"13.55000000","longitude":"-14.91667000"},"sukuta":{"id":52309,"name":"Sukuta","latitude":"13.61667000","longitude":"-14.91667000"},"uppersaloum":{"id":52317,"name":"Upper Saloum","latitude":"13.75000000","longitude":"-15.20000000"},"wassu":{"id":52318,"name":"Wassu","latitude":"13.69094000","longitude":"-14.87884000"}}},"lowerriver":{"id":2670,"name":"Lower River","state_code":"L","latitude":"13.35533060","longitude":"-15.92299000","type":"division","cities":{"barokunda":{"id":52223,"name":"Baro Kunda","latitude":"13.48333000","longitude":"-15.26667000"},"bureng":{"id":52229,"name":"Bureng","latitude":"13.41667000","longitude":"-15.28333000"},"jali":{"id":52253,"name":"Jali","latitude":"13.35000000","longitude":"-15.96667000"},"jarracentral":{"id":52255,"name":"Jarra Central","latitude":"13.41667000","longitude":"-15.41667000"},"jarraeast":{"id":52256,"name":"Jarra East","latitude":"13.41667000","longitude":"-15.25000000"},"jarrawest":{"id":52257,"name":"Jarra West","latitude":"13.41667000","longitude":"-15.53333000"},"jenoi":{"id":52259,"name":"Jenoi","latitude":"13.48333000","longitude":"-15.56667000"},"jifarong":{"id":52260,"name":"Jifarong","latitude":"13.30000000","longitude":"-15.86667000"},"kaiaf":{"id":52262,"name":"Kaiaf","latitude":"13.40000000","longitude":"-15.61667000"},"karantaba":{"id":52264,"name":"Karantaba","latitude":"13.43333000","longitude":"-15.51667000"},"keneba":{"id":52268,"name":"Keneba","latitude":"13.32889000","longitude":"-16.01500000"},"kiangcentral":{"id":52270,"name":"Kiang Central","latitude":"13.40000000","longitude":"-15.75000000"},"kiangeast":{"id":52271,"name":"Kiang East","latitude":"13.41667000","longitude":"-15.63333000"},"kiangwestdistrict":{"id":52272,"name":"Kiang West District","latitude":"13.33333000","longitude":"-16.00000000"},"mansakonko":{"id":52286,"name":"Mansa Konko","latitude":"13.44325000","longitude":"-15.53570000"},"nioro":{"id":52291,"name":"Nioro","latitude":"13.35000000","longitude":"-15.75000000"},"sankwia":{"id":52301,"name":"Sankwia","latitude":"13.46667000","longitude":"-15.51667000"},"sikunda":{"id":52305,"name":"Si Kunda","latitude":"13.43333000","longitude":"-15.56667000"},"soma":{"id":52306,"name":"Soma","latitude":"13.43333000","longitude":"-15.53333000"},"sutukung":{"id":52313,"name":"Sutukung","latitude":"13.46667000","longitude":"-15.26667000"},"toniataba":{"id":52314,"name":"Toniataba","latitude":"13.43333000","longitude":"-15.58333000"},"wellingaraba":{"id":52319,"name":"Wellingara Ba","latitude":"13.41667000","longitude":"-15.40000000"}}},"northbank":{"id":2671,"name":"North Bank","state_code":"N","latitude":"13.52854360","longitude":"-16.01699710","type":"division","cities":{"bambali":{"id":52220,"name":"Bambali","latitude":"13.48333000","longitude":"-15.33333000"},"barra":{"id":52224,"name":"Barra","latitude":"13.48278000","longitude":"-16.54556000"},"centralbaddibu":{"id":52230,"name":"Central Baddibu","latitude":"13.53333000","longitude":"-15.91667000"},"chilla":{"id":52231,"name":"Chilla","latitude":"13.55000000","longitude":"-16.28333000"},"darurilwan":{"id":52234,"name":"Daru Rilwan","latitude":"13.55000000","longitude":"-15.98333000"},"essau":{"id":52239,"name":"Essau","latitude":"13.48389000","longitude":"-16.53472000"},"farafenni":{"id":52240,"name":"Farafenni","latitude":"13.56667000","longitude":"-15.60000000"},"gunjur":{"id":52250,"name":"Gunjur","latitude":"13.52278000","longitude":"-16.02778000"},"jokadu":{"id":52261,"name":"Jokadu","latitude":"13.53333000","longitude":"-16.18333000"},"katchang":{"id":52267,"name":"Katchang","latitude":"13.50000000","longitude":"-15.75000000"},"kerewan":{"id":52269,"name":"Kerewan","latitude":"13.48980000","longitude":"-16.08879000"},"lamin":{"id":52282,"name":"Lamin","latitude":"13.35222000","longitude":"-16.43389000"},"lowerbaddibudistrict":{"id":52283,"name":"Lower Baddibu District","latitude":"13.50000000","longitude":"-16.05000000"},"lowerniumidistrict":{"id":52284,"name":"Lower Niumi District","latitude":"13.53333000","longitude":"-16.41667000"},"nokunda":{"id":52292,"name":"No Kunda","latitude":"13.56667000","longitude":"-15.83333000"},"saba":{"id":52296,"name":"Saba","latitude":"13.51639000","longitude":"-16.04917000"},"sarakunda":{"id":52302,"name":"Sara Kunda","latitude":"13.53333000","longitude":"-15.41667000"},"upperbaddibu":{"id":52315,"name":"Upper Baddibu","latitude":"13.55000000","longitude":"-15.66667000"},"upperniumidistrict":{"id":52316,"name":"Upper Niumi District","latitude":"13.40000000","longitude":"-16.33333000"}}},"upperriver":{"id":2668,"name":"Upper River","state_code":"U","latitude":"13.42573660","longitude":"-14.00723480","type":"division","cities":{"bakadagy":{"id":52218,"name":"Bakadagy","latitude":"13.30000000","longitude":"-14.38333000"},"bassesantasu":{"id":52225,"name":"Basse Santa Su","latitude":"13.30995000","longitude":"-14.21373000"},"brifu":{"id":52226,"name":"Brifu","latitude":"13.50000000","longitude":"-13.93333000"},"dabakunda":{"id":52232,"name":"Daba Kunda","latitude":"13.31667000","longitude":"-14.30000000"},"dembakunda":{"id":52235,"name":"Demba Kunda","latitude":"13.25000000","longitude":"-14.26667000"},"diabugu":{"id":52237,"name":"Diabugu","latitude":"13.38333000","longitude":"-14.40000000"},"diabugubasilla":{"id":52238,"name":"Diabugu Basilla","latitude":"13.33333000","longitude":"-13.95000000"},"fulladueast":{"id":52245,"name":"Fulladu East","latitude":"13.33333000","longitude":"-14.25000000"},"gunjurkuta":{"id":52251,"name":"Gunjur Kuta","latitude":"13.53333000","longitude":"-14.11667000"},"kantora":{"id":52263,"name":"Kantora","latitude":"13.41667000","longitude":"-13.91667000"},"koina":{"id":52273,"name":"Koina","latitude":"13.48333000","longitude":"-13.86667000"},"kumbija":{"id":52279,"name":"Kumbija","latitude":"13.26667000","longitude":"-14.18333000"},"nyamanari":{"id":52293,"name":"Nyamanari","latitude":"13.33333000","longitude":"-13.86667000"},"perai":{"id":52295,"name":"Perai","latitude":"13.38333000","longitude":"-14.03333000"},"sabi":{"id":52297,"name":"Sabi","latitude":"13.23333000","longitude":"-14.20000000"},"sandu":{"id":52300,"name":"Sandu","latitude":"13.41667000","longitude":"-14.36667000"},"sudowol":{"id":52308,"name":"Sudowol","latitude":"13.36667000","longitude":"-13.96667000"},"sunkunda":{"id":52311,"name":"Sun Kunda","latitude":"13.38333000","longitude":"-13.85000000"},"sutukoba":{"id":52312,"name":"Sutukoba","latitude":"13.50000000","longitude":"-14.01667000"},"wuli":{"id":52320,"name":"Wuli","latitude":"13.50000000","longitude":"-14.08333000"}}},"westcoast":{"id":2667,"name":"West Coast","state_code":"W","latitude":"5.97727980","longitude":"116.07542880","type":"division","cities":{"abuko":{"id":52217,"name":"Abuko","latitude":"13.40417000","longitude":"-16.65583000"},"brikama":{"id":52227,"name":"Brikama","latitude":"13.27136000","longitude":"-16.64944000"},"fonibondali":{"id":52241,"name":"Foni Bondali","latitude":"13.21667000","longitude":"-15.93333000"},"fonibrefet":{"id":52242,"name":"Foni Brefet","latitude":"13.21667000","longitude":"-16.33333000"},"fonijarrol":{"id":52243,"name":"Foni Jarrol","latitude":"13.23333000","longitude":"-15.83333000"},"fonikansala":{"id":52244,"name":"Foni Kansala","latitude":"13.21667000","longitude":"-16.05000000"},"gunjur":{"id":52249,"name":"Gunjur","latitude":"13.20194000","longitude":"-16.73389000"},"kombocentraldistrict":{"id":52274,"name":"Kombo Central District","latitude":"13.25000000","longitude":"-16.66667000"},"komboeastdistrict":{"id":52275,"name":"Kombo East District","latitude":"13.21667000","longitude":"-16.51667000"},"kombonorthdistrict":{"id":52276,"name":"Kombo North District","latitude":"13.36667000","longitude":"-16.66667000"},"kombosouthdistrict":{"id":52278,"name":"Kombo South District","latitude":"13.25000000","longitude":"-16.75000000"},"somita":{"id":52307,"name":"Somita","latitude":"13.20583000","longitude":"-16.30556000"},"sukuta":{"id":52310,"name":"Sukuta","latitude":"13.41033000","longitude":"-16.70815000"}}}}}