{"id":74,"name":"Finland","iso3":"FIN","iso2":"FI","numeric_code":"246","phone_code":"358","capital":"Helsinki","currency":"EUR","currency_name":"Euro","currency_symbol":"\u20ac","tld":".fi","native":"Suomi","region":"Europe","region_id":4,"subregion":"Northern Europe","subregion_id":18,"nationality":"Finnish","timezones":[{"zoneName":"Europe/Helsinki","gmtOffset":7200,"gmtOffsetName":"UTC+02:00","abbreviation":"EET","tzName":"Eastern European Time"}],"translations":{"ko":"\ud540\ub780\ub4dc","pt-BR":"Finl\u00e2ndia","pt":"Finl\u00e2ndia","nl":"Finland","hr":"Finska","fa":"\u0641\u0646\u0644\u0627\u0646\u062f","de":"Finnland","es":"Finlandia","fr":"Finlande","ja":"\u30d5\u30a3\u30f3\u30e9\u30f3\u30c9","it":"Finlandia","zh-CN":"\u82ac\u5170","tr":"Finlandiya","ru":"\u0424\u0438\u043d\u043b\u044f\u043d\u0434\u0438\u044f","uk":"\u0424\u0456\u043d\u043b\u044f\u043d\u0434\u0456\u044f","pl":"Finlandia"},"latitude":"64.00000000","longitude":"26.00000000","emoji":"\ud83c\uddeb\ud83c\uddee","emojiU":"U+1F1EB U+1F1EE","states":{"\u00c5landislands":{"id":1509,"name":"\u00c5land Islands","state_code":"01","latitude":"60.17852470","longitude":"19.91561050","type":"region","cities":{"br\u00e4nd\u00f6":{"id":153539,"name":"Br\u00e4nd\u00f6","latitude":"60.40750000","longitude":"21.07860000"},"ecker\u00f6":{"id":153536,"name":"Ecker\u00f6","latitude":"60.22080000","longitude":"19.55890000"},"finstr\u00f6m":{"id":153531,"name":"Finstr\u00f6m","latitude":"60.23420000","longitude":"20.11390000"},"f\u00f6gl\u00f6":{"id":153537,"name":"F\u00f6gl\u00f6","latitude":"60.09890000","longitude":"20.37280000"},"geta":{"id":153538,"name":"Geta","latitude":"60.41830000","longitude":"19.71670000"},"hammarland":{"id":153535,"name":"Hammarland","latitude":"60.24470000","longitude":"19.68920000"},"jomala":{"id":153530,"name":"Jomala","latitude":"60.11810000","longitude":"19.89890000"},"kumlinge":{"id":153540,"name":"Kumlinge","latitude":"60.39920000","longitude":"20.76920000"},"lemland":{"id":153532,"name":"Lemland","latitude":"60.09250000","longitude":"20.15440000"},"mariehamn":{"id":153529,"name":"Mariehamn","latitude":"60.10260000","longitude":"19.93480000"},"saltvik":{"id":153533,"name":"Saltvik","latitude":"60.35750000","longitude":"20.15470000"},"sund":{"id":153534,"name":"Sund","latitude":"60.23610000","longitude":"20.21560000"}}},"centralfinland":{"id":1511,"name":"Central Finland","state_code":"08","latitude":"62.56667430","longitude":"25.55494450","type":"region","cities":{"\u00c4\u00e4nekoski":{"id":39132,"name":"\u00c4\u00e4nekoski","latitude":"62.60000000","longitude":"25.73333000"},"hankasalmi":{"id":38760,"name":"Hankasalmi","latitude":"62.38333000","longitude":"26.43333000"},"j\u00e4ms\u00e4":{"id":38809,"name":"J\u00e4ms\u00e4","latitude":"61.86420000","longitude":"25.19002000"},"j\u00e4ms\u00e4nkoski":{"id":38810,"name":"J\u00e4ms\u00e4nkoski","latitude":"61.91900000","longitude":"25.17011000"},"joutsa":{"id":38801,"name":"Joutsa","latitude":"61.73333000","longitude":"26.11667000"},"jyv\u00e4skyl\u00e4":{"id":38807,"name":"Jyv\u00e4skyl\u00e4","latitude":"62.24147000","longitude":"25.72088000"},"kannonkoski":{"id":38823,"name":"Kannonkoski","latitude":"62.96667000","longitude":"25.25000000"},"karstula":{"id":38831,"name":"Karstula","latitude":"62.86667000","longitude":"24.78333000"},"keuruu":{"id":38849,"name":"Keuruu","latitude":"62.26667000","longitude":"24.70000000"},"kinnula":{"id":38855,"name":"Kinnula","latitude":"63.38333000","longitude":"24.95000000"},"kivij\u00e4rvi":{"id":38862,"name":"Kivij\u00e4rvi","latitude":"63.11984000","longitude":"25.07835000"},"konnevesi":{"id":38866,"name":"Konnevesi","latitude":"62.61667000","longitude":"26.31667000"},"korpilahti":{"id":38868,"name":"Korpilahti","latitude":"62.01667000","longitude":"25.55000000"},"kuhmoinen":{"id":38878,"name":"Kuhmoinen","latitude":"61.56667000","longitude":"25.18333000"},"kyyj\u00e4rvi":{"id":38887,"name":"Kyyj\u00e4rvi","latitude":"63.03333000","longitude":"24.56667000"},"laukaa":{"id":38903,"name":"Laukaa","latitude":"62.41407000","longitude":"25.95194000"},"leivonm\u00e4ki":{"id":38907,"name":"Leivonm\u00e4ki","latitude":"61.91198000","longitude":"26.12796000"},"luhanka":{"id":38921,"name":"Luhanka","latitude":"61.79682000","longitude":"25.70457000"},"multia":{"id":38939,"name":"Multia","latitude":"62.41667000","longitude":"24.78333000"},"muurame":{"id":38942,"name":"Muurame","latitude":"62.13333000","longitude":"25.66667000"},"pet\u00e4j\u00e4vesi":{"id":38982,"name":"Pet\u00e4j\u00e4vesi","latitude":"62.25000000","longitude":"25.20000000"},"pihtipudas":{"id":38985,"name":"Pihtipudas","latitude":"63.38333000","longitude":"25.56667000"},"pylk\u00f6nm\u00e4ki":{"id":39008,"name":"Pylk\u00f6nm\u00e4ki","latitude":"62.66667000","longitude":"24.80000000"},"saarij\u00e4rvi":{"id":39035,"name":"Saarij\u00e4rvi","latitude":"62.70486000","longitude":"25.25396000"},"s\u00e4yn\u00e4tsalo":{"id":39066,"name":"S\u00e4yn\u00e4tsalo","latitude":"62.14025000","longitude":"25.76948000"},"sumiainen":{"id":39058,"name":"Sumiainen","latitude":"62.65736000","longitude":"26.04642000"},"suolahti":{"id":39059,"name":"Suolahti","latitude":"62.56421000","longitude":"25.85363000"},"toivakka":{"id":39079,"name":"Toivakka","latitude":"62.10000000","longitude":"26.08333000"},"uurainen":{"id":39092,"name":"Uurainen","latitude":"62.50000000","longitude":"25.45000000"},"viitasaari":{"id":39110,"name":"Viitasaari","latitude":"63.06667000","longitude":"25.86667000"}}},"centralostrobothnia":{"id":1494,"name":"Central Ostrobothnia","state_code":"07","latitude":"63.56217350","longitude":"24.00136310","type":"region","cities":{"halsua":{"id":38758,"name":"Halsua","latitude":"63.46667000","longitude":"24.16667000"},"k\u00e4lvi\u00e4":{"id":38888,"name":"K\u00e4lvi\u00e4","latitude":"63.86067000","longitude":"23.45289000"},"kannus":{"id":38824,"name":"Kannus","latitude":"63.90000000","longitude":"23.90000000"},"kaustinen":{"id":38838,"name":"Kaustinen","latitude":"63.54878000","longitude":"23.68845000"},"kokkola":{"id":38864,"name":"Kokkola","latitude":"63.85414000","longitude":"23.58562000"},"lestij\u00e4rvi":{"id":38911,"name":"Lestij\u00e4rvi","latitude":"63.53333000","longitude":"24.65000000"},"lohtaja":{"id":38918,"name":"Lohtaja","latitude":"64.02472000","longitude":"23.50482000"},"perho":{"id":38977,"name":"Perho","latitude":"63.21667000","longitude":"24.41667000"},"toholampi":{"id":39078,"name":"Toholampi","latitude":"63.76667000","longitude":"24.25000000"},"ullava":{"id":39088,"name":"Ullava","latitude":"63.60000000","longitude":"24.08333000"},"veteli":{"id":39106,"name":"Veteli","latitude":"63.47839000","longitude":"23.78285000"}}},"finlandproper":{"id":1507,"name":"Finland Proper","state_code":"19","latitude":"60.36279140","longitude":"22.44393690","type":"region","cities":{"alastaro":{"id":38732,"name":"Alastaro","latitude":"60.95000000","longitude":"22.85000000"},"askainen":{"id":38738,"name":"Askainen","latitude":"60.56667000","longitude":"21.86667000"},"aura":{"id":38740,"name":"Aura","latitude":"60.64710000","longitude":"22.58755000"},"dragsfj\u00e4rd":{"id":38742,"name":"Dragsfj\u00e4rd","latitude":"60.06667000","longitude":"22.48333000"},"halikko":{"id":38757,"name":"Halikko","latitude":"60.40000000","longitude":"23.08333000"},"houtsk\u00e4r":{"id":38775,"name":"Houtsk\u00e4r","latitude":"60.22284000","longitude":"21.37218000"},"ini\u00f6":{"id":38790,"name":"Ini\u00f6","latitude":"60.40000000","longitude":"21.40000000"},"kaarina":{"id":38814,"name":"Kaarina","latitude":"60.40724000","longitude":"22.36904000"},"karinainen":{"id":38827,"name":"Karinainen","latitude":"60.66667000","longitude":"22.76667000"},"kiikala":{"id":38851,"name":"Kiikala","latitude":"60.46667000","longitude":"23.56667000"},"kimito":{"id":38854,"name":"Kimito","latitude":"60.16047000","longitude":"22.72900000"},"kisko":{"id":38857,"name":"Kisko","latitude":"60.23333000","longitude":"23.48333000"},"kustavi":{"id":38884,"name":"Kustavi","latitude":"60.54529000","longitude":"21.35880000"},"kuusjoki":{"id":38886,"name":"Kuusjoki","latitude":"60.51667000","longitude":"23.20000000"},"laitila":{"id":38894,"name":"Laitila","latitude":"60.87575000","longitude":"21.69765000"},"lemu":{"id":38909,"name":"Lemu","latitude":"60.56667000","longitude":"21.96667000"},"lieto":{"id":38913,"name":"Lieto","latitude":"60.51032000","longitude":"22.46176000"},"marttila":{"id":38928,"name":"Marttila","latitude":"60.58333000","longitude":"22.90000000"},"masku":{"id":38929,"name":"Masku","latitude":"60.57082000","longitude":"22.09883000"},"mellil\u00e4":{"id":38930,"name":"Mellil\u00e4","latitude":"60.76667000","longitude":"22.95000000"},"merimasku":{"id":38934,"name":"Merimasku","latitude":"60.48333000","longitude":"21.86667000"},"mietoinen":{"id":38936,"name":"Mietoinen","latitude":"60.63333000","longitude":"21.93333000"},"muurla":{"id":38943,"name":"Muurla","latitude":"60.35000000","longitude":"23.28333000"},"myn\u00e4m\u00e4ki":{"id":38944,"name":"Myn\u00e4m\u00e4ki","latitude":"60.67915000","longitude":"21.99274000"},"naantali":{"id":38948,"name":"Naantali","latitude":"60.46744000","longitude":"22.02428000"},"nagu":{"id":38949,"name":"Nagu","latitude":"60.19375000","longitude":"21.90972000"},"nousiainen":{"id":38955,"name":"Nousiainen","latitude":"60.60416000","longitude":"22.07926000"},"orip\u00e4\u00e4":{"id":38963,"name":"Orip\u00e4\u00e4","latitude":"60.85000000","longitude":"22.68333000"},"paimio":{"id":38970,"name":"Paimio","latitude":"60.45671000","longitude":"22.68694000"},"pargas":{"id":38972,"name":"Pargas","latitude":"60.30672000","longitude":"22.30097000"},"perni\u00f6":{"id":38978,"name":"Perni\u00f6","latitude":"60.20000000","longitude":"23.13333000"},"pertteli":{"id":38980,"name":"Pertteli","latitude":"60.43333000","longitude":"23.26667000"},"piikki\u00f6":{"id":38986,"name":"Piikki\u00f6","latitude":"60.42481000","longitude":"22.51601000"},"p\u00f6yty\u00e4":{"id":39009,"name":"P\u00f6yty\u00e4","latitude":"60.76667000","longitude":"22.66667000"},"pyh\u00e4ranta":{"id":39006,"name":"Pyh\u00e4ranta","latitude":"60.95000000","longitude":"21.45000000"},"raisio":{"id":39012,"name":"Raisio","latitude":"60.48592000","longitude":"22.16895000"},"rusko":{"id":39030,"name":"Rusko","latitude":"60.53333000","longitude":"22.21667000"},"rym\u00e4ttyl\u00e4":{"id":39032,"name":"Rym\u00e4ttyl\u00e4","latitude":"60.37658000","longitude":"21.94184000"},"salo":{"id":39037,"name":"Salo","latitude":"60.38333000","longitude":"23.13333000"},"s\u00e4rkisalo":{"id":39065,"name":"S\u00e4rkisalo","latitude":"60.11389000","longitude":"22.95000000"},"sauvo":{"id":39039,"name":"Sauvo","latitude":"60.34306000","longitude":"22.69642000"},"somero":{"id":39054,"name":"Somero","latitude":"60.61667000","longitude":"23.53333000"},"suomusj\u00e4rvi":{"id":39060,"name":"Suomusj\u00e4rvi","latitude":"60.35000000","longitude":"23.65000000"},"taivassalo":{"id":39069,"name":"Taivassalo","latitude":"60.56085000","longitude":"21.61639000"},"tarvasjoki":{"id":39071,"name":"Tarvasjoki","latitude":"60.58333000","longitude":"22.73333000"},"turku":{"id":39081,"name":"Turku","latitude":"60.45148000","longitude":"22.26869000"},"uusikaupunki":{"id":39093,"name":"Uusikaupunki","latitude":"60.80043000","longitude":"21.40841000"},"vahto":{"id":39096,"name":"Vahto","latitude":"60.60000000","longitude":"22.30000000"},"v\u00e4st\u00e5boland":{"id":39119,"name":"V\u00e4st\u00e5boland","latitude":"60.29972000","longitude":"22.30040000"},"v\u00e4stanfj\u00e4rd":{"id":39118,"name":"V\u00e4stanfj\u00e4rd","latitude":"60.05000000","longitude":"22.68333000"},"vehmaa":{"id":39102,"name":"Vehmaa","latitude":"60.68333000","longitude":"21.66667000"},"velkua":{"id":39104,"name":"Velkua","latitude":"60.46667000","longitude":"21.66667000"},"yl\u00e4ne":{"id":39128,"name":"Yl\u00e4ne","latitude":"60.88333000","longitude":"22.41667000"}}},"kainuu":{"id":1496,"name":"Kainuu","state_code":"05","latitude":"64.37365640","longitude":"28.74374750","type":"region","cities":{"hyrynsalmi":{"id":38778,"name":"Hyrynsalmi","latitude":"64.66667000","longitude":"28.53333000"},"kajaani":{"id":38816,"name":"Kajaani","latitude":"64.22728000","longitude":"27.72846000"},"kuhmo":{"id":38877,"name":"Kuhmo","latitude":"64.13333000","longitude":"29.51667000"},"paltamo":{"id":38971,"name":"Paltamo","latitude":"64.41667000","longitude":"27.83333000"},"puolanka":{"id":38999,"name":"Puolanka","latitude":"64.86667000","longitude":"27.66667000"},"ristij\u00e4rvi":{"id":39025,"name":"Ristij\u00e4rvi","latitude":"64.50000000","longitude":"28.21667000"},"sotkamo":{"id":39056,"name":"Sotkamo","latitude":"64.13333000","longitude":"28.41667000"},"suomussalmi":{"id":39061,"name":"Suomussalmi","latitude":"64.88685000","longitude":"28.90778000"},"vaala":{"id":39094,"name":"Vaala","latitude":"64.56667000","longitude":"26.83333000"},"vuokatti":{"id":39114,"name":"Vuokatti","latitude":"64.14466000","longitude":"28.28196000"},"vuolijoki":{"id":39115,"name":"Vuolijoki","latitude":"64.18538000","longitude":"26.99547000"}}},"kymenlaakso":{"id":1512,"name":"Kymenlaakso","state_code":"09","latitude":"60.78051200","longitude":"26.88293360","type":"region","cities":{"anjala":{"id":38735,"name":"Anjala","latitude":"60.68333000","longitude":"26.83333000"},"elim\u00e4ki":{"id":38744,"name":"Elim\u00e4ki","latitude":"60.71667000","longitude":"26.46667000"},"hamina":{"id":38759,"name":"Hamina","latitude":"60.56974000","longitude":"27.19794000"},"iitti":{"id":38784,"name":"Iitti","latitude":"60.89488000","longitude":"26.33869000"},"jaala":{"id":38794,"name":"Jaala","latitude":"61.05251000","longitude":"26.48117000"},"karhula":{"id":38825,"name":"Karhula","latitude":"60.52156000","longitude":"26.93125000"},"kotka":{"id":38872,"name":"Kotka","latitude":"60.46640000","longitude":"26.94582000"},"kouvola":{"id":38874,"name":"Kouvola","latitude":"60.86667000","longitude":"26.70000000"},"miehikk\u00e4l\u00e4":{"id":38935,"name":"Miehikk\u00e4l\u00e4","latitude":"60.66667000","longitude":"27.70000000"},"pyht\u00e4\u00e4":{"id":39001,"name":"Pyht\u00e4\u00e4","latitude":"60.49349000","longitude":"26.54346000"},"virojoki":{"id":39112,"name":"Virojoki","latitude":"60.57940000","longitude":"27.70354000"}}},"lapland":{"id":1500,"name":"Lapland","state_code":"10","latitude":"67.92223040","longitude":"26.50464380","type":"region","cities":{"enonteki\u00f6":{"id":38747,"name":"Enonteki\u00f6","latitude":"68.38573000","longitude":"23.63215000"},"inari":{"id":38788,"name":"Inari","latitude":"68.90596000","longitude":"27.02881000"},"ivalo":{"id":38793,"name":"Ivalo","latitude":"68.65986000","longitude":"27.53891000"},"kemi":{"id":38841,"name":"Kemi","latitude":"65.73641000","longitude":"24.56371000"},"kemij\u00e4rvi":{"id":38842,"name":"Kemij\u00e4rvi","latitude":"66.71309000","longitude":"27.43056000"},"keminmaa":{"id":38843,"name":"Keminmaa","latitude":"65.80158000","longitude":"24.54483000"},"kittil\u00e4":{"id":38859,"name":"Kittil\u00e4","latitude":"67.66474000","longitude":"24.89356000"},"kolari":{"id":38865,"name":"Kolari","latitude":"67.33047000","longitude":"23.77785000"},"muonio":{"id":38941,"name":"Muonio","latitude":"67.95000000","longitude":"23.70000000"},"pelkosenniemi":{"id":38975,"name":"Pelkosenniemi","latitude":"67.11083000","longitude":"27.51056000"},"pello":{"id":38976,"name":"Pello","latitude":"66.77364000","longitude":"23.96255000"},"posio":{"id":38994,"name":"Posio","latitude":"66.10856000","longitude":"28.17186000"},"pyh\u00e4j\u00e4rvi":{"id":39004,"name":"Pyh\u00e4j\u00e4rvi","latitude":"67.07010000","longitude":"27.21763000"},"ranua":{"id":39015,"name":"Ranua","latitude":"65.91667000","longitude":"26.53333000"},"rovaniemi":{"id":39027,"name":"Rovaniemi","latitude":"66.50000000","longitude":"25.71667000"},"salla":{"id":39036,"name":"Salla","latitude":"66.83333000","longitude":"28.66667000"},"savukoski":{"id":39043,"name":"Savukoski","latitude":"67.29250000","longitude":"28.15806000"},"simo":{"id":39050,"name":"Simo","latitude":"65.66667000","longitude":"25.05000000"},"sodankyl\u00e4":{"id":39052,"name":"Sodankyl\u00e4","latitude":"67.41667000","longitude":"26.60000000"},"tervola":{"id":39075,"name":"Tervola","latitude":"66.08333000","longitude":"24.80000000"},"tornio":{"id":39080,"name":"Tornio","latitude":"65.84811000","longitude":"24.14662000"},"utsjoki":{"id":39091,"name":"Utsjoki","latitude":"69.90864000","longitude":"27.02843000"},"ylitornio":{"id":39125,"name":"Ylitornio","latitude":"66.30893000","longitude":"23.67734000"}}},"northkarelia":{"id":1504,"name":"North Karelia","state_code":"13","latitude":"62.80620780","longitude":"30.15538870","type":"region","cities":{"eno":{"id":38745,"name":"Eno","latitude":"62.80511000","longitude":"30.15422000"},"ilomantsi":{"id":38786,"name":"Ilomantsi","latitude":"62.67162000","longitude":"30.93276000"},"joensuu":{"id":38798,"name":"Joensuu","latitude":"62.60118000","longitude":"29.76316000"},"juuka":{"id":38805,"name":"Juuka","latitude":"63.23333000","longitude":"29.25000000"},"kes\u00e4lahti":{"id":38848,"name":"Kes\u00e4lahti","latitude":"61.89752000","longitude":"29.83494000"},"kiihtelysvaara":{"id":38850,"name":"Kiihtelysvaara","latitude":"62.49525000","longitude":"30.25081000"},"kitee":{"id":38858,"name":"Kitee","latitude":"62.10000000","longitude":"30.15000000"},"kontiolahti":{"id":38867,"name":"Kontiolahti","latitude":"62.76023000","longitude":"29.84711000"},"lieksa":{"id":38912,"name":"Lieksa","latitude":"63.31667000","longitude":"30.01667000"},"liperi":{"id":38916,"name":"Liperi","latitude":"62.53333000","longitude":"29.36667000"},"nurmes":{"id":38957,"name":"Nurmes","latitude":"63.54205000","longitude":"29.13965000"},"outokumpu":{"id":38968,"name":"Outokumpu","latitude":"62.72685000","longitude":"29.01592000"},"polvij\u00e4rvi":{"id":38989,"name":"Polvij\u00e4rvi","latitude":"62.85000000","longitude":"29.36667000"},"pyh\u00e4selk\u00e4":{"id":39007,"name":"Pyh\u00e4selk\u00e4","latitude":"62.43333000","longitude":"29.96667000"},"r\u00e4\u00e4kkyl\u00e4":{"id":39033,"name":"R\u00e4\u00e4kkyl\u00e4","latitude":"62.31667000","longitude":"29.61667000"},"tohmaj\u00e4rvi":{"id":39077,"name":"Tohmaj\u00e4rvi","latitude":"62.18333000","longitude":"30.38333000"},"tuupovaara":{"id":39083,"name":"Tuupovaara","latitude":"62.48372000","longitude":"30.62731000"},"valtimo":{"id":39097,"name":"Valtimo","latitude":"63.66667000","longitude":"28.80000000"}}},"northernostrobothnia":{"id":1505,"name":"Northern Ostrobothnia","state_code":"14","latitude":"65.27949300","longitude":"26.28904170","type":"region","cities":{"alavieska":{"id":38733,"name":"Alavieska","latitude":"64.16667000","longitude":"24.30000000"},"haapaj\u00e4rvi":{"id":38754,"name":"Haapaj\u00e4rvi","latitude":"63.75000000","longitude":"25.33333000"},"haapavesi":{"id":38755,"name":"Haapavesi","latitude":"64.13333000","longitude":"25.36667000"},"hailuoto":{"id":38756,"name":"Hailuoto","latitude":"65.00900000","longitude":"24.71385000"},"haukipudas":{"id":38765,"name":"Haukipudas","latitude":"65.17654000","longitude":"25.35233000"},"himanka":{"id":38772,"name":"Himanka","latitude":"64.06218000","longitude":"23.65447000"},"ii":{"id":38782,"name":"Ii","latitude":"65.31735000","longitude":"25.37310000"},"kalajoki":{"id":38817,"name":"Kalajoki","latitude":"64.25000000","longitude":"23.95000000"},"k\u00e4rs\u00e4m\u00e4ki":{"id":38890,"name":"K\u00e4rs\u00e4m\u00e4ki","latitude":"63.96667000","longitude":"25.76667000"},"kempele":{"id":38844,"name":"Kempele","latitude":"64.91314000","longitude":"25.50339000"},"kestil\u00e4":{"id":38847,"name":"Kestil\u00e4","latitude":"64.35002000","longitude":"26.27921000"},"kiiminki":{"id":38852,"name":"Kiiminki","latitude":"65.13139000","longitude":"25.79744000"},"kuivaniemi":{"id":38879,"name":"Kuivaniemi","latitude":"65.57847000","longitude":"25.18814000"},"kuusamo":{"id":38885,"name":"Kuusamo","latitude":"65.96667000","longitude":"29.18333000"},"liminka":{"id":38915,"name":"Liminka","latitude":"64.80985000","longitude":"25.41545000"},"lumijoki":{"id":38922,"name":"Lumijoki","latitude":"64.83744000","longitude":"25.18607000"},"merij\u00e4rvi":{"id":38932,"name":"Merij\u00e4rvi","latitude":"64.30000000","longitude":"24.45000000"},"muhos":{"id":38938,"name":"Muhos","latitude":"64.80798000","longitude":"25.99314000"},"nivala":{"id":38953,"name":"Nivala","latitude":"63.91667000","longitude":"24.96667000"},"oulainen":{"id":38965,"name":"Oulainen","latitude":"64.26667000","longitude":"24.80000000"},"oulu":{"id":38966,"name":"Oulu","latitude":"65.01236000","longitude":"25.46816000"},"oulunsalo":{"id":38967,"name":"Oulunsalo","latitude":"64.93456000","longitude":"25.41121000"},"piippola":{"id":38987,"name":"Piippola","latitude":"64.16667000","longitude":"25.96667000"},"pudasj\u00e4rvi":{"id":38995,"name":"Pudasj\u00e4rvi","latitude":"65.38333000","longitude":"26.91667000"},"pulkkila":{"id":38997,"name":"Pulkkila","latitude":"64.26667000","longitude":"25.86667000"},"pyh\u00e4j\u00e4rvi":{"id":39003,"name":"Pyh\u00e4j\u00e4rvi","latitude":"63.66667000","longitude":"25.90000000"},"pyh\u00e4joki":{"id":39002,"name":"Pyh\u00e4joki","latitude":"64.46667000","longitude":"24.23333000"},"pyh\u00e4nt\u00e4":{"id":39005,"name":"Pyh\u00e4nt\u00e4","latitude":"64.10000000","longitude":"26.31667000"},"raahe":{"id":39010,"name":"Raahe","latitude":"64.68333000","longitude":"24.48333000"},"rantsila":{"id":39014,"name":"Rantsila","latitude":"64.50613000","longitude":"25.66449000"},"reisj\u00e4rvi":{"id":39020,"name":"Reisj\u00e4rvi","latitude":"63.61667000","longitude":"24.90000000"},"ruukki":{"id":39031,"name":"Ruukki","latitude":"64.66667000","longitude":"25.10000000"},"sievi":{"id":39046,"name":"Sievi","latitude":"63.90000000","longitude":"24.50000000"},"siikajoki":{"id":39048,"name":"Siikajoki","latitude":"64.81455000","longitude":"24.75924000"},"taivalkoski":{"id":39068,"name":"Taivalkoski","latitude":"65.56667000","longitude":"28.25000000"},"tyrn\u00e4v\u00e4":{"id":39086,"name":"Tyrn\u00e4v\u00e4","latitude":"64.76469000","longitude":"25.65230000"},"utaj\u00e4rvi":{"id":39090,"name":"Utaj\u00e4rvi","latitude":"64.75000000","longitude":"26.38333000"},"vihanti":{"id":39108,"name":"Vihanti","latitude":"64.48472000","longitude":"24.99157000"},"yli-ii":{"id":39121,"name":"Yli-Ii","latitude":"65.37181000","longitude":"25.84580000"},"ylikiiminki":{"id":39123,"name":"Ylikiiminki","latitude":"65.08333000","longitude":"26.25000000"},"ylivieska":{"id":39126,"name":"Ylivieska","latitude":"64.08333000","longitude":"24.55000000"}}},"northernsavonia":{"id":1503,"name":"Northern Savonia","state_code":"15","latitude":"63.08448000","longitude":"27.02535040","type":"region"},"ostrobothnia":{"id":1508,"name":"Ostrobothnia","state_code":"12","latitude":"63.11817570","longitude":"21.90610620","type":"region","cities":{"hietalahti":{"id":38771,"name":"Hietalahti","latitude":"63.08480000","longitude":"21.61716000"},"isokyr\u00f6":{"id":38792,"name":"Isokyr\u00f6","latitude":"63.01172000","longitude":"22.33332000"},"jakobstad":{"id":38795,"name":"Jakobstad","latitude":"63.67486000","longitude":"22.70256000"},"kaskinen":{"id":38834,"name":"Kaskinen","latitude":"62.38444000","longitude":"21.22331000"},"korsholm":{"id":38869,"name":"Korsholm","latitude":"63.11418000","longitude":"21.68216000"},"korsn\u00e4s":{"id":38870,"name":"Korsn\u00e4s","latitude":"62.78333000","longitude":"21.20000000"},"kristinestad":{"id":38875,"name":"Kristinestad","latitude":"62.27429000","longitude":"21.37596000"},"kronoby":{"id":38876,"name":"Kronoby","latitude":"63.72859000","longitude":"23.03387000"},"laihia":{"id":38893,"name":"Laihia","latitude":"62.97609000","longitude":"22.01143000"},"larsmo":{"id":38902,"name":"Larsmo","latitude":"63.75388000","longitude":"22.74728000"},"malax":{"id":38927,"name":"Malax","latitude":"62.94225000","longitude":"21.57311000"},"nykarleby":{"id":38960,"name":"Nykarleby","latitude":"63.52277000","longitude":"22.53073000"},"oravais":{"id":38961,"name":"Oravais","latitude":"63.30135000","longitude":"22.37821000"},"peders\u00f6re":{"id":38974,"name":"Peders\u00f6re","latitude":"63.65000000","longitude":"22.68333000"},"replot":{"id":39022,"name":"Replot","latitude":"63.22882000","longitude":"21.41691000"},"ristinummi":{"id":39026,"name":"Ristinummi","latitude":"63.09192000","longitude":"21.72297000"},"teeriniemi":{"id":39072,"name":"Teeriniemi","latitude":"63.09705000","longitude":"21.69590000"},"vaasa":{"id":39095,"name":"Vaasa","latitude":"63.09600000","longitude":"21.61577000"},"v\u00e4h\u00e4kyr\u00f6":{"id":39117,"name":"V\u00e4h\u00e4kyr\u00f6","latitude":"63.05635000","longitude":"22.10584000"},"v\u00f6r\u00e5":{"id":39120,"name":"V\u00f6r\u00e5","latitude":"63.13607000","longitude":"22.25223000"}}},"p\u00e4ij\u00e4nnetavastia":{"id":1502,"name":"P\u00e4ij\u00e4nne Tavastia","state_code":"16","latitude":"61.32300410","longitude":"25.73224960","type":"region","cities":{"artj\u00e4rvi":{"id":38736,"name":"Artj\u00e4rvi","latitude":"60.74544000","longitude":"26.07084000"},"asikkala":{"id":38737,"name":"Asikkala","latitude":"61.21667000","longitude":"25.50000000"},"auttoinen":{"id":38741,"name":"Auttoinen","latitude":"61.29901000","longitude":"25.08887000"},"h\u00e4meenkoski":{"id":38780,"name":"H\u00e4meenkoski","latitude":"61.02222000","longitude":"25.15417000"},"hartola":{"id":38763,"name":"Hartola","latitude":"61.58333000","longitude":"26.01667000"},"heinola":{"id":38768,"name":"Heinola","latitude":"61.20564000","longitude":"26.03811000"},"hollola":{"id":38774,"name":"Hollola","latitude":"61.05000000","longitude":"25.43333000"},"lahti":{"id":38892,"name":"Lahti","latitude":"60.98267000","longitude":"25.66151000"},"nastola":{"id":38951,"name":"Nastola","latitude":"60.95000000","longitude":"25.93333000"},"orimattila":{"id":38962,"name":"Orimattila","latitude":"60.80487000","longitude":"25.72964000"},"padasjoki":{"id":38969,"name":"Padasjoki","latitude":"61.35000000","longitude":"25.28333000"},"sysm\u00e4":{"id":39063,"name":"Sysm\u00e4","latitude":"61.50000000","longitude":"25.68333000"}}},"pirkanmaa":{"id":1506,"name":"Pirkanmaa","state_code":"11","latitude":"61.69869180","longitude":"23.78955980","type":"region","cities":{"\u00c4ets\u00e4":{"id":153349,"name":"\u00c4ets\u00e4","latitude":"61.28333000","longitude":"22.68333000"},"aimala":{"id":153290,"name":"Aimala","latitude":"61.33000000","longitude":"23.69000000"},"aitoo":{"id":153291,"name":"Aitoo","latitude":"61.33897400","longitude":"24.49431900"},"akaa":{"id":153292,"name":"Akaa","latitude":"61.16666667","longitude":"23.86805556"},"amuri":{"id":153293,"name":"Amuri","latitude":"61.50000000","longitude":"23.74500000"},"haihara":{"id":153294,"name":"Haihara","latitude":"61.47630000","longitude":"23.87711000"},"hallila":{"id":153295,"name":"Hallila","latitude":"61.46250000","longitude":"23.82916667"},"h\u00e4meenkyr\u00f6":{"id":153297,"name":"H\u00e4meenkyr\u00f6","latitude":"61.63333333","longitude":"23.20000000"},"hervanta":{"id":153296,"name":"Hervanta","latitude":"61.44810000","longitude":"23.85210000"},"ikaalinen":{"id":153298,"name":"Ikaalinen","latitude":"61.76944444","longitude":"23.06805556"},"juupajoki":{"id":153299,"name":"Juupajoki","latitude":"61.79666667","longitude":"24.37000000"},"kangasala":{"id":153300,"name":"Kangasala","latitude":"61.46388900","longitude":"24.06500000"},"kihni\u00f6":{"id":153301,"name":"Kihni\u00f6","latitude":"62.20833333","longitude":"23.17916667"},"kiikka":{"id":153302,"name":"Kiikka","latitude":"61.32077778","longitude":"22.77538889"},"kiikoinen":{"id":153303,"name":"Kiikoinen","latitude":"61.45000000","longitude":"22.57500000"},"kolho":{"id":153304,"name":"Kolho","latitude":"62.13333333","longitude":"24.51666667"},"kuhmalahti":{"id":153305,"name":"Kuhmalahti","latitude":"61.50500000","longitude":"24.56666667"},"kuru":{"id":153306,"name":"Kuru","latitude":"61.87558000","longitude":"23.71948000"},"kylm\u00e4koski":{"id":153307,"name":"Kylm\u00e4koski","latitude":"61.15000000","longitude":"23.69166667"},"l\u00e4ngelm\u00e4ki":{"id":153312,"name":"L\u00e4ngelm\u00e4ki","latitude":"61.68890000","longitude":"24.69194000"},"lemp\u00e4\u00e4l\u00e4":{"id":153308,"name":"Lemp\u00e4\u00e4l\u00e4","latitude":"61.31388889","longitude":"23.75277778"},"lent\u00e4v\u00e4nniemi":{"id":153309,"name":"Lent\u00e4v\u00e4nniemi","latitude":"61.52801000","longitude":"23.70575000"},"lielahti":{"id":153310,"name":"Lielahti","latitude":"61.51666667","longitude":"23.66666667"},"luopioinen":{"id":153311,"name":"Luopioinen","latitude":"61.36293000","longitude":"24.66781000"},"m\u00e4ntt\u00e4":{"id":153315,"name":"M\u00e4ntt\u00e4","latitude":"62.03014000","longitude":"24.62791000"},"messukyl\u00e4":{"id":153313,"name":"Messukyl\u00e4","latitude":"61.48527778","longitude":"23.84472222"},"mouhij\u00e4rvi":{"id":153314,"name":"Mouhij\u00e4rvi","latitude":"61.50000000","longitude":"23.01667000"},"naistenmatka":{"id":153316,"name":"Naistenmatka","latitude":"61.46518000","longitude":"23.65253000"},"nekala":{"id":153317,"name":"Nekala","latitude":"61.48333333","longitude":"23.79055556"},"nokia":{"id":153318,"name":"Nokia","latitude":"61.47666667","longitude":"23.50527778"},"nurmi":{"id":153319,"name":"Nurmi","latitude":"61.53779000","longitude":"23.94178000"},"nuutaj\u00e4rvi":{"id":153320,"name":"Nuutaj\u00e4rvi","latitude":"61.04000000","longitude":"23.43000000"},"orivesi":{"id":153321,"name":"Orivesi","latitude":"61.67777778","longitude":"24.35694444"},"osara":{"id":153322,"name":"Osara","latitude":"61.70866000","longitude":"23.15871000"},"p\u00e4lk\u00e4ne":{"id":153328,"name":"P\u00e4lk\u00e4ne","latitude":"61.35403000","longitude":"24.51912000"},"parkano":{"id":153323,"name":"Parkano","latitude":"62.00972222","longitude":"23.02500000"},"pirkkala":{"id":153324,"name":"Pirkkala","latitude":"61.46666667","longitude":"23.65000000"},"pispala":{"id":153325,"name":"Pispala","latitude":"61.50611111","longitude":"23.70250000"},"pohjaslahti":{"id":153326,"name":"Pohjaslahti","latitude":"62.15631000","longitude":"24.13190000"},"punkalaidun":{"id":153327,"name":"Punkalaidun","latitude":"61.11166667","longitude":"23.10500000"},"ruovesi":{"id":153329,"name":"Ruovesi","latitude":"61.98333300","longitude":"24.08333300"},"s\u00e4\u00e4ksm\u00e4ki":{"id":153334,"name":"S\u00e4\u00e4ksm\u00e4ki","latitude":"61.20000000","longitude":"24.06666667"},"sahalahti":{"id":153330,"name":"Sahalahti","latitude":"61.46666667","longitude":"24.31666667"},"sastamala":{"id":153331,"name":"Sastamala","latitude":"61.34166667","longitude":"22.90833333"},"suodenniemi":{"id":153332,"name":"Suodenniemi","latitude":"61.55810000","longitude":"22.78526000"},"suoniemi":{"id":153333,"name":"Suoniemi","latitude":"61.44111111","longitude":"23.21500000"},"tampere":{"id":153335,"name":"Tampere","latitude":"61.49805556","longitude":"23.76000000"},"teisko":{"id":153336,"name":"Teisko","latitude":"61.67336111","longitude":"23.84766944"},"toijala":{"id":153337,"name":"Toijala","latitude":"61.16780000","longitude":"23.83819000"},"tottij\u00e4rvi":{"id":153338,"name":"Tottij\u00e4rvi","latitude":"61.39777778","longitude":"23.34277778"},"urjala":{"id":153339,"name":"Urjala","latitude":"61.08333333","longitude":"23.55000000"},"valkeakoski":{"id":153340,"name":"Valkeakoski","latitude":"61.26666667","longitude":"24.03055556"},"vammala":{"id":153341,"name":"Vammala","latitude":"61.34027778","longitude":"22.90972222"},"vesilahti":{"id":153342,"name":"Vesilahti","latitude":"61.31666700","longitude":"23.61666700"},"viiala":{"id":153343,"name":"Viiala","latitude":"61.21023000","longitude":"23.76738000"},"viljakkala":{"id":153344,"name":"Viljakkala","latitude":"61.70601000","longitude":"23.26688000"},"vilppula":{"id":153345,"name":"Vilppula","latitude":"62.02121000","longitude":"24.50483000"},"virrat":{"id":153346,"name":"Virrat","latitude":"62.24027778","longitude":"23.77083333"},"vuores":{"id":153347,"name":"Vuores","latitude":"61.43100000","longitude":"23.81184000"},"yl\u00f6j\u00e4rvi":{"id":153348,"name":"Yl\u00f6j\u00e4rvi","latitude":"61.55000000","longitude":"23.58333333"}}},"satakunta":{"id":1501,"name":"Satakunta","state_code":"17","latitude":"61.59327580","longitude":"22.14830810","type":"region","cities":{"eura":{"id":38749,"name":"Eura","latitude":"61.13333000","longitude":"22.13333000"},"eurajoki":{"id":38750,"name":"Eurajoki","latitude":"61.20000000","longitude":"21.73333000"},"harjavalta":{"id":38762,"name":"Harjavalta","latitude":"61.31667000","longitude":"22.13333000"},"huittinen":{"id":38776,"name":"Huittinen","latitude":"61.18333000","longitude":"22.70000000"},"j\u00e4mij\u00e4rvi":{"id":38808,"name":"J\u00e4mij\u00e4rvi","latitude":"61.81667000","longitude":"22.70000000"},"kankaanp\u00e4\u00e4":{"id":38822,"name":"Kankaanp\u00e4\u00e4","latitude":"61.80000000","longitude":"22.41667000"},"karvia":{"id":38833,"name":"Karvia","latitude":"62.13333000","longitude":"22.56667000"},"kiukainen":{"id":38860,"name":"Kiukainen","latitude":"61.21667000","longitude":"22.08333000"},"kokem\u00e4ki":{"id":38863,"name":"Kokem\u00e4ki","latitude":"61.25647000","longitude":"22.35643000"},"k\u00f6yli\u00f6":{"id":38891,"name":"K\u00f6yli\u00f6","latitude":"61.11910000","longitude":"22.30976000"},"kullaa":{"id":38880,"name":"Kullaa","latitude":"61.46998000","longitude":"22.16145000"},"l\u00e4ngelm\u00e4ki":{"id":38925,"name":"L\u00e4ngelm\u00e4ki","latitude":"61.65000000","longitude":"22.10000000"},"lappi":{"id":38900,"name":"Lappi","latitude":"61.10000000","longitude":"21.83333000"},"lavia":{"id":38905,"name":"Lavia","latitude":"61.60000000","longitude":"22.60000000"},"luvia":{"id":38924,"name":"Luvia","latitude":"61.36375000","longitude":"21.62556000"},"merikarvia":{"id":38933,"name":"Merikarvia","latitude":"61.85839000","longitude":"21.50035000"},"nakkila":{"id":38950,"name":"Nakkila","latitude":"61.36667000","longitude":"22.00000000"},"noormarkku":{"id":38954,"name":"Noormarkku","latitude":"61.59274000","longitude":"21.86846000"},"pomarkku":{"id":38990,"name":"Pomarkku","latitude":"61.69348000","longitude":"22.00862000"},"pori":{"id":38991,"name":"Pori","latitude":"61.48333000","longitude":"21.78333000"},"rauma":{"id":39016,"name":"Rauma","latitude":"61.12724000","longitude":"21.51127000"},"s\u00e4kyl\u00e4":{"id":39064,"name":"S\u00e4kyl\u00e4","latitude":"61.03333000","longitude":"22.33333000"},"siikainen":{"id":39047,"name":"Siikainen","latitude":"61.87703000","longitude":"21.81945000"},"ulvila":{"id":39089,"name":"Ulvila","latitude":"61.42844000","longitude":"21.87103000"},"vampula":{"id":39098,"name":"Vampula","latitude":"61.01667000","longitude":"22.70000000"}}},"southkarelia":{"id":1497,"name":"South Karelia","state_code":"02","latitude":"61.11819490","longitude":"28.10243720","type":"region","cities":{"imatra":{"id":38787,"name":"Imatra","latitude":"61.17185000","longitude":"28.75242000"},"joutseno":{"id":38802,"name":"Joutseno","latitude":"61.11796000","longitude":"28.50763000"},"lappeenranta":{"id":38899,"name":"Lappeenranta","latitude":"61.05871000","longitude":"28.18871000"},"lemi":{"id":38908,"name":"Lemi","latitude":"61.06244000","longitude":"27.80571000"},"luum\u00e4ki":{"id":38923,"name":"Luum\u00e4ki","latitude":"60.92618000","longitude":"27.58135000"},"nuijamaa":{"id":38956,"name":"Nuijamaa","latitude":"60.96011000","longitude":"28.55104000"},"parikkala":{"id":38973,"name":"Parikkala","latitude":"61.55000000","longitude":"29.50000000"},"rautj\u00e4rvi":{"id":39019,"name":"Rautj\u00e4rvi","latitude":"61.43333000","longitude":"29.35000000"},"ruokolahti":{"id":39028,"name":"Ruokolahti","latitude":"61.28333000","longitude":"28.83333000"},"saari":{"id":39034,"name":"Saari","latitude":"61.65000000","longitude":"29.75000000"},"savitaipale":{"id":39040,"name":"Savitaipale","latitude":"61.20000000","longitude":"27.70000000"},"taipalsaari":{"id":39067,"name":"Taipalsaari","latitude":"61.15000000","longitude":"28.05000000"},"yl\u00e4maa":{"id":39127,"name":"Yl\u00e4maa","latitude":"60.80000000","longitude":"28.00000000"}}},"southernostrobothnia":{"id":1498,"name":"Southern Ostrobothnia","state_code":"03","latitude":"62.94330990","longitude":"23.52852670","type":"region","cities":{"\u00c4ht\u00e4ri":{"id":39130,"name":"\u00c4ht\u00e4ri","latitude":"62.55403000","longitude":"24.06186000"},"alah\u00e4rm\u00e4":{"id":38730,"name":"Alah\u00e4rm\u00e4","latitude":"63.23333000","longitude":"22.85000000"},"alaj\u00e4rvi":{"id":38731,"name":"Alaj\u00e4rvi","latitude":"63.00000000","longitude":"23.81667000"},"alavus":{"id":38734,"name":"Alavus","latitude":"62.58333000","longitude":"23.61667000"},"evij\u00e4rvi":{"id":38751,"name":"Evij\u00e4rvi","latitude":"63.36667000","longitude":"23.48333000"},"ilmajoki":{"id":38785,"name":"Ilmajoki","latitude":"62.73333000","longitude":"22.56667000"},"isojoki":{"id":38791,"name":"Isojoki","latitude":"62.11319000","longitude":"21.95884000"},"jalasj\u00e4rvi":{"id":38796,"name":"Jalasj\u00e4rvi","latitude":"62.50000000","longitude":"22.75000000"},"jurva":{"id":38804,"name":"Jurva","latitude":"62.68333000","longitude":"21.98333000"},"karijoki":{"id":38826,"name":"Karijoki","latitude":"62.30851000","longitude":"21.70856000"},"kauhajoki":{"id":38835,"name":"Kauhajoki","latitude":"62.43333000","longitude":"22.18333000"},"kauhava":{"id":38836,"name":"Kauhava","latitude":"63.10299000","longitude":"23.07129000"},"kortesj\u00e4rvi":{"id":38871,"name":"Kortesj\u00e4rvi","latitude":"63.30000000","longitude":"23.16667000"},"kuortane":{"id":38882,"name":"Kuortane","latitude":"62.80000000","longitude":"23.50000000"},"kurikka":{"id":38883,"name":"Kurikka","latitude":"62.61667000","longitude":"22.41667000"},"lappaj\u00e4rvi":{"id":38898,"name":"Lappaj\u00e4rvi","latitude":"63.20000000","longitude":"23.63333000"},"lapua":{"id":38901,"name":"Lapua","latitude":"62.96927000","longitude":"23.00880000"},"lehtim\u00e4ki":{"id":38906,"name":"Lehtim\u00e4ki","latitude":"62.78333000","longitude":"23.91667000"},"nurmo":{"id":38959,"name":"Nurmo","latitude":"62.82870000","longitude":"22.90990000"},"sein\u00e4joki":{"id":39044,"name":"Sein\u00e4joki","latitude":"62.79446000","longitude":"22.82822000"},"soini":{"id":39053,"name":"Soini","latitude":"62.86667000","longitude":"24.21667000"},"teuva":{"id":39076,"name":"Teuva","latitude":"62.48190000","longitude":"21.74156000"},"t\u00f6ys\u00e4":{"id":39087,"name":"T\u00f6ys\u00e4","latitude":"62.62803000","longitude":"23.81828000"},"vimpeli":{"id":39111,"name":"Vimpeli","latitude":"63.16187000","longitude":"23.81922000"},"ylih\u00e4rm\u00e4":{"id":39122,"name":"Ylih\u00e4rm\u00e4","latitude":"63.15000000","longitude":"22.78333000"},"ylistaro":{"id":39124,"name":"Ylistaro","latitude":"62.93958000","longitude":"22.51306000"}}},"southernsavonia":{"id":1495,"name":"Southern Savonia","state_code":"04","latitude":"61.69451480","longitude":"27.80050150","type":"region","cities":{"enonkoski":{"id":38746,"name":"Enonkoski","latitude":"62.08333000","longitude":"28.93333000"},"haukivuori":{"id":38766,"name":"Haukivuori","latitude":"62.01753000","longitude":"27.21906000"},"hein\u00e4vesi":{"id":38769,"name":"Hein\u00e4vesi","latitude":"62.43333000","longitude":"28.60000000"},"hirvensalmi":{"id":38773,"name":"Hirvensalmi","latitude":"61.63333000","longitude":"26.80000000"},"j\u00e4ppil\u00e4":{"id":38811,"name":"J\u00e4ppil\u00e4","latitude":"62.37899000","longitude":"27.43372000"},"joroinen":{"id":38800,"name":"Joroinen","latitude":"62.17823000","longitude":"27.83165000"},"juva":{"id":38806,"name":"Juva","latitude":"61.90000000","longitude":"27.85000000"},"kangasniemi":{"id":38821,"name":"Kangasniemi","latitude":"61.99357000","longitude":"26.64785000"},"kerim\u00e4ki":{"id":38846,"name":"Kerim\u00e4ki","latitude":"61.91069000","longitude":"29.28228000"},"m\u00e4ntyharju":{"id":38947,"name":"M\u00e4ntyharju","latitude":"61.41667000","longitude":"26.88333000"},"mikkeli":{"id":38937,"name":"Mikkeli","latitude":"61.68857000","longitude":"27.27227000"},"pertunmaa":{"id":38981,"name":"Pertunmaa","latitude":"61.50000000","longitude":"26.48333000"},"pieks\u00e4m\u00e4ki":{"id":38983,"name":"Pieks\u00e4m\u00e4ki","latitude":"62.30000000","longitude":"27.13333000"},"punkaharju":{"id":38998,"name":"Punkaharju","latitude":"61.75883000","longitude":"29.38843000"},"puumala":{"id":39000,"name":"Puumala","latitude":"61.52728000","longitude":"28.17495000"},"rantasalmi":{"id":39013,"name":"Rantasalmi","latitude":"62.06667000","longitude":"28.30000000"},"ristiina":{"id":39024,"name":"Ristiina","latitude":"61.50579000","longitude":"27.24643000"},"savonlinna":{"id":39041,"name":"Savonlinna","latitude":"61.86990000","longitude":"28.87999000"},"savonranta":{"id":39042,"name":"Savonranta","latitude":"62.18333000","longitude":"29.20000000"},"sulkava":{"id":39057,"name":"Sulkava","latitude":"61.78691000","longitude":"28.37299000"},"virtasalmi":{"id":39113,"name":"Virtasalmi","latitude":"62.12695000","longitude":"27.46276000"}}},"tavastiaproper":{"id":1493,"name":"Tavastia Proper","state_code":"06","latitude":"60.90701500","longitude":"24.30054980","type":"region","cities":{"forssa":{"id":38752,"name":"Forssa","latitude":"60.81462000","longitude":"23.62146000"},"h\u00e4meenlinna":{"id":38781,"name":"H\u00e4meenlinna","latitude":"60.99596000","longitude":"24.46434000"},"hauho":{"id":38764,"name":"Hauho","latitude":"61.17255000","longitude":"24.56303000"},"hausj\u00e4rvi":{"id":38767,"name":"Hausj\u00e4rvi","latitude":"60.78333000","longitude":"24.93333000"},"humppila":{"id":38777,"name":"Humppila","latitude":"60.93333000","longitude":"23.36667000"},"janakkala":{"id":38797,"name":"Janakkala","latitude":"60.90000000","longitude":"24.60000000"},"jokioinen":{"id":38799,"name":"Jokioinen","latitude":"60.80162000","longitude":"23.48004000"},"kalvola":{"id":38819,"name":"Kalvola","latitude":"61.10081000","longitude":"24.12177000"},"lammi":{"id":38895,"name":"Lammi","latitude":"61.08333000","longitude":"25.01667000"},"loppi":{"id":38919,"name":"Loppi","latitude":"60.71667000","longitude":"24.45000000"},"renko":{"id":39021,"name":"Renko","latitude":"60.89563000","longitude":"24.28785000"},"riihim\u00e4ki":{"id":39023,"name":"Riihim\u00e4ki","latitude":"60.73769000","longitude":"24.77726000"},"tammela":{"id":39070,"name":"Tammela","latitude":"60.81035000","longitude":"23.76823000"},"tervakoski":{"id":39073,"name":"Tervakoski","latitude":"60.81412000","longitude":"24.62594000"},"tuulos":{"id":39082,"name":"Tuulos","latitude":"61.15000000","longitude":"24.80000000"},"yp\u00e4j\u00e4":{"id":39129,"name":"Yp\u00e4j\u00e4","latitude":"60.80000000","longitude":"23.28333000"}}},"uusimaa":{"id":1510,"name":"Uusimaa","state_code":"18","latitude":"60.21872000","longitude":"25.27162100","type":"region","cities":{"askola":{"id":38739,"name":"Askola","latitude":"60.53333000","longitude":"25.60000000"},"eken\u00e4s":{"id":38743,"name":"Eken\u00e4s","latitude":"59.97359000","longitude":"23.43389000"},"espoo":{"id":38748,"name":"Espoo","latitude":"60.20520000","longitude":"24.65220000"},"gumb\u00f6le":{"id":38753,"name":"Gumb\u00f6le","latitude":"60.21948000","longitude":"24.61684000"},"hanko":{"id":38761,"name":"Hanko","latitude":"59.83333000","longitude":"22.95000000"},"helsinki":{"id":38770,"name":"Helsinki","latitude":"60.16952000","longitude":"24.93545000"},"hyvinge":{"id":38779,"name":"Hyvinge","latitude":"60.63333000","longitude":"24.86667000"},"ing\u00e5":{"id":38789,"name":"Ing\u00e5","latitude":"60.04587000","longitude":"24.00459000"},"j\u00e4rvenp\u00e4\u00e4":{"id":38812,"name":"J\u00e4rvenp\u00e4\u00e4","latitude":"60.47369000","longitude":"25.08992000"},"kaarela":{"id":38813,"name":"Kaarela","latitude":"60.25174000","longitude":"24.88111000"},"kallio":{"id":38818,"name":"Kallio","latitude":"60.18427000","longitude":"24.95034000"},"karis":{"id":38828,"name":"Karis","latitude":"60.07178000","longitude":"23.66163000"},"karjalohja":{"id":38829,"name":"Karjalohja","latitude":"60.24015000","longitude":"23.71789000"},"karkkila":{"id":38830,"name":"Karkkila","latitude":"60.53418000","longitude":"24.20977000"},"k\u00e4rk\u00f6l\u00e4":{"id":38889,"name":"K\u00e4rk\u00f6l\u00e4","latitude":"60.61292000","longitude":"23.94196000"},"kauniainen":{"id":38837,"name":"Kauniainen","latitude":"60.21209000","longitude":"24.72756000"},"kellokoski":{"id":38840,"name":"Kellokoski","latitude":"60.53271000","longitude":"25.10917000"},"kerava":{"id":38845,"name":"Kerava","latitude":"60.40338000","longitude":"25.10500000"},"kilo":{"id":38853,"name":"Kilo","latitude":"60.21746000","longitude":"24.78151000"},"kirkkonummi":{"id":38856,"name":"Kirkkonummi","latitude":"60.12381000","longitude":"24.43853000"},"koukkuniemi":{"id":38873,"name":"Koukkuniemi","latitude":"60.15261000","longitude":"24.76467000"},"lapinj\u00e4rvi":{"id":38896,"name":"Lapinj\u00e4rvi","latitude":"60.62443000","longitude":"26.19720000"},"lauttasaari":{"id":38904,"name":"Lauttasaari","latitude":"60.15896000","longitude":"24.86797000"},"liljendal":{"id":38914,"name":"Liljendal","latitude":"60.57346000","longitude":"26.05257000"},"lohja":{"id":38917,"name":"Lohja","latitude":"60.24859000","longitude":"24.06534000"},"lovisa":{"id":38920,"name":"Lovisa","latitude":"60.45659000","longitude":"26.22505000"},"m\u00e4nts\u00e4l\u00e4":{"id":38946,"name":"M\u00e4nts\u00e4l\u00e4","latitude":"60.63333000","longitude":"25.31667000"},"mellunkyl\u00e4":{"id":38931,"name":"Mellunkyl\u00e4","latitude":"60.23355000","longitude":"25.09947000"},"munkkiniemi":{"id":38940,"name":"Munkkiniemi","latitude":"60.19861000","longitude":"24.87772000"},"myrskyl\u00e4":{"id":38945,"name":"Myrskyl\u00e4","latitude":"60.66965000","longitude":"25.84750000"},"nurmij\u00e4rvi":{"id":38958,"name":"Nurmij\u00e4rvi","latitude":"60.46407000","longitude":"24.80730000"},"otaniemi":{"id":38964,"name":"Otaniemi","latitude":"60.18395000","longitude":"24.82786000"},"pern\u00e5":{"id":38979,"name":"Pern\u00e5","latitude":"60.44869000","longitude":"26.03187000"},"pohja":{"id":38988,"name":"Pohja","latitude":"60.09626000","longitude":"23.52757000"},"pornainen":{"id":38992,"name":"Pornainen","latitude":"60.47581000","longitude":"25.37490000"},"porvoo":{"id":38993,"name":"Porvoo","latitude":"60.39233000","longitude":"25.66507000"},"pukkila":{"id":38996,"name":"Pukkila","latitude":"60.65000000","longitude":"25.56667000"},"raaseporin":{"id":39011,"name":"Raaseporin","latitude":"60.00273000","longitude":"23.55499000"},"ruotsinpyht\u00e4\u00e4":{"id":39029,"name":"Ruotsinpyht\u00e4\u00e4","latitude":"60.52680000","longitude":"26.46203000"},"sammatti":{"id":39038,"name":"Sammatti","latitude":"60.31991000","longitude":"23.82085000"},"sibbo":{"id":39045,"name":"Sibbo","latitude":"60.37752000","longitude":"25.26906000"},"siuntio":{"id":39051,"name":"Siuntio","latitude":"60.13862000","longitude":"24.22715000"},"tuusula":{"id":39085,"name":"Tuusula","latitude":"60.40368000","longitude":"25.02638000"},"vantaa":{"id":39099,"name":"Vantaa","latitude":"60.29414000","longitude":"25.04099000"},"vihti":{"id":39109,"name":"Vihti","latitude":"60.41699000","longitude":"24.31965000"},"vuosaari":{"id":39116,"name":"Vuosaari","latitude":"60.20963000","longitude":"25.14195000"}}}}}