{"id":141,"name":"Mayotte","iso3":"MYT","iso2":"YT","numeric_code":"175","phone_code":"262","capital":"Mamoudzou","currency":"EUR","currency_name":"Euro","currency_symbol":"\u20ac","tld":".yt","native":"Mayotte","region":"Africa","region_id":1,"subregion":"Eastern Africa","subregion_id":4,"nationality":"Mahoran","timezones":[{"zoneName":"Indian/Mayotte","gmtOffset":10800,"gmtOffsetName":"UTC+03:00","abbreviation":"EAT","tzName":"East Africa Time"}],"translations":{"ko":"\ub9c8\uc694\ud2b8","pt-BR":"Mayotte","pt":"Mayotte","nl":"Mayotte","hr":"Mayotte","fa":"\u0645\u0627\u06cc\u0648\u062a","de":"Mayotte","es":"Mayotte","fr":"Mayotte","ja":"\u30de\u30e8\u30c3\u30c8","it":"Mayotte","zh-CN":"\u9a6c\u7ea6\u7279","tr":"Mayotte","ru":"\u041c\u0430\u0439\u043e\u0442\u0442\u0430","uk":"\u041c\u0430\u0439\u043e\u0442\u0442\u0430","pl":"Majotta"},"latitude":"-12.83333333","longitude":"45.16666666","emoji":"\ud83c\uddfe\ud83c\uddf9","emojiU":"U+1F1FE U+1F1F9"}