{"id":141,"name":"Mayotte","iso3":"MYT","iso2":"YT","numeric_code":"175","phonecode":"262","capital":"Mamoudzou","currency":"EUR","currency_name":"Euro","currency_symbol":"\u20ac","tld":".yt","native":"Mayotte","region":"Africa","region_id":1,"subregion":"Eastern Africa","subregion_id":4,"nationality":"Mahoran","timezones":[{"zoneName":"Indian/Mayotte","gmtOffset":10800,"gmtOffsetName":"UTC+03:00","abbreviation":"EAT","tzName":"East Africa Time"}],"translations":{"ko":"\ub9c8\uc694\ud2b8","pt-BR":"Mayotte","pt":"Mayotte","nl":"Mayotte","hr":"Mayotte","fa":"\u0645\u0627\u06cc\u0648\u062a","de":"Mayotte","es":"Mayotte","fr":"Mayotte","ja":"\u30de\u30e8\u30c3\u30c8","it":"Mayotte","zh-CN":"\u9a6c\u7ea6\u7279","tr":"Mayotte","ru":"\u041c\u0430\u0439\u043e\u0442\u0442\u0430","uk":"\u041c\u0430\u0439\u043e\u0442\u0442\u0430","pl":"Majotta"},"latitude":"-12.83333333","longitude":"45.16666666","emoji":"\ud83c\uddfe\ud83c\uddf9","emojiU":"U+1F1FE U+1F1F9","states":{"acoua":{"id":5415,"name":"Acoua","state_code":"14","latitude":"-12.72491260","longitude":"45.02659610","type":"commune"},"bandraboua":{"id":5417,"name":"Bandraboua","state_code":"16","latitude":"-12.71756860","longitude":"45.08256190","type":"commune"},"bandr\u00e9l\u00e9":{"id":5406,"name":"Bandr\u00e9l\u00e9","state_code":"05","latitude":"-12.93380490","longitude":"45.14634720","type":"commune"},"boueni":{"id":5408,"name":"Boueni","state_code":"07","latitude":"-12.93035660","longitude":"45.05747370","type":"commune"},"chiconi":{"id":5412,"name":"Chiconi","state_code":"11","latitude":"-12.83220320","longitude":"45.10251220","type":"commune"},"chirongui":{"id":5409,"name":"Chirongui","state_code":"08","latitude":"-12.91752330","longitude":"45.10196780","type":"commune"},"dembeni":{"id":5405,"name":"Dembeni","state_code":"04","latitude":"-12.85300290","longitude":"45.13925120","type":"commune"},"dzaoudzi":{"id":5402,"name":"Dzaoudzi","state_code":"01","latitude":"-12.77606510","longitude":"45.25632460","type":"commune"},"kanikeli":{"id":5407,"name":"Kani Keli","state_code":"06","latitude":"-12.97464500","longitude":"45.07951430","type":"commune"},"koungou":{"id":5418,"name":"Koungou","state_code":"17","latitude":"-12.74168230","longitude":"45.14998710","type":"commune"},"m\u0027tsangamouji":{"id":5414,"name":"M\u0027Tsangamouji","state_code":"13","latitude":"-12.75500880","longitude":"45.04327920","type":"commune"},"mamoudzou":{"id":5404,"name":"Mamoudzou","state_code":"03","latitude":"-12.78750520","longitude":"45.15522010","type":"commune"},"mtsamboro":{"id":5416,"name":"Mtsamboro","state_code":"15","latitude":"-12.67625800","longitude":"45.02152010","type":"commune"},"ouangani":{"id":5411,"name":"Ouangani","state_code":"10","latitude":"-12.83925080","longitude":"45.09716170","type":"commune"},"pamandzi":{"id":5403,"name":"Pamandzi","state_code":"02","latitude":"-12.80096930","longitude":"45.26361320","type":"commune"},"sada":{"id":5410,"name":"Sada","state_code":"09","latitude":"-12.86424390","longitude":"45.07224040","type":"commune"},"tsingoni":{"id":5413,"name":"Tsingoni","state_code":"12","latitude":"-12.78236960","longitude":"45.09220000","type":"commune"}}}