{"id":10,"name":"Antigua and Barbuda","iso3":"ATG","iso2":"AG","numeric_code":"028","phonecode":"1","capital":"St. John\u0027s","currency":"XCD","currency_name":"Eastern Caribbean dollar","currency_symbol":"$","tld":".ag","native":"Antigua and Barbuda","region":"Americas","region_id":2,"subregion":"Caribbean","subregion_id":7,"nationality":"Antiguan or Barbudan","timezones":[{"zoneName":"America/Antigua","gmtOffset":-14400,"gmtOffsetName":"UTC-04:00","abbreviation":"AST","tzName":"Atlantic Standard Time"}],"translations":{"ko":"\uc564\ud2f0\uac00 \ubc14\ubd80\ub2e4","pt-BR":"Ant\u00edgua e Barbuda","pt":"Ant\u00edgua e Barbuda","nl":"Antigua en Barbuda","hr":"Antigva i Barbuda","fa":"\u0622\u0646\u062a\u06cc\u06af\u0648\u0627 \u0648 \u0628\u0627\u0631\u0628\u0648\u062f\u0627","de":"Antigua und Barbuda","es":"Antigua y Barbuda","fr":"Antigua-et-Barbuda","ja":"\u30a2\u30f3\u30c6\u30a3\u30b0\u30a2\u30fb\u30d0\u30fc\u30d6\u30fc\u30c0","it":"Antigua e Barbuda","zh-CN":"\u5b89\u63d0\u74dc\u548c\u5df4\u5e03\u8fbe","tr":"Antigua Ve Barbuda","ru":"\u0410\u043d\u0442\u0438\u0433\u0443\u0430 \u0438 \u0411\u0430\u0440\u0431\u0443\u0434\u0430","uk":"\u0410\u043d\u0442\u0438\u0433\u0443\u0430 \u0456 \u0411\u0430\u0440\u0431\u0443\u0434\u0430","pl":"Antigua i Barbuda"},"latitude":"17.05000000","longitude":"-61.80000000","emoji":"\ud83c\udde6\ud83c\uddec","emojiU":"U+1F1E6 U+1F1EC","states":{"barbuda":{"id":3708,"name":"Barbuda","state_code":"10","latitude":"17.62662420","longitude":"-61.77130280","type":"dependency","cities":{"codrington":{"id":144,"name":"Codrington","latitude":"17.63333000","longitude":"-61.83333000"}}},"redonda":{"id":3703,"name":"Redonda","state_code":"11","latitude":"16.93841600","longitude":"-62.34551480","type":"dependency"},"saintgeorge":{"id":3709,"name":"Saint George","state_code":"03","latitude":"17.12619290","longitude":"-61.81921830","type":"parish","cities":{"piggotts":{"id":148,"name":"Piggotts","latitude":"17.11667000","longitude":"-61.80000000"}}},"saintjohn":{"id":3706,"name":"Saint John","state_code":"04","latitude":"17.11363380","longitude":"-61.92827140","type":"parish","cities":{"pottersvillage":{"id":149,"name":"Potters Village","latitude":"17.11337000","longitude":"-61.81962000"},"saintjohn\u2019s":{"id":150,"name":"Saint John\u2019s","latitude":"17.12096000","longitude":"-61.84329000"}}},"saintmary":{"id":3707,"name":"Saint Mary","state_code":"05","latitude":"17.05443730","longitude":"-61.89690370","type":"parish","cities":{"bolands":{"id":143,"name":"Bolands","latitude":"17.06565000","longitude":"-61.87466000"}}},"saintpaul":{"id":3705,"name":"Saint Paul","state_code":"06","latitude":"17.03193840","longitude":"-61.81266040","type":"parish","cities":{"falmouth":{"id":145,"name":"Falmouth","latitude":"17.02741000","longitude":"-61.78136000"},"liberta":{"id":146,"name":"Liberta","latitude":"17.04141000","longitude":"-61.79052000"}}},"saintpeter":{"id":3704,"name":"Saint Peter","state_code":"07","latitude":"17.10548380","longitude":"-61.79123170","type":"parish","cities":{"allsaints":{"id":142,"name":"All Saints","latitude":"17.06671000","longitude":"-61.79303000"},"parham":{"id":147,"name":"Parham","latitude":"17.09682000","longitude":"-61.77046000"}}},"saintphilip":{"id":3710,"name":"Saint Philip","state_code":"08","latitude":"17.06749130","longitude":"-61.74190260","type":"parish"}}}