{"id":100,"name":"Iceland","iso3":"ISL","iso2":"IS","numeric_code":"352","phone_code":"354","capital":"Reykjavik","currency":"ISK","currency_name":"Icelandic kr\u00f3na","currency_symbol":"kr","tld":".is","native":"\u00cdsland","region":"Europe","region_id":"4","subregion":"Northern Europe","subregion_id":"18","nationality":"Icelandic","timezones":[{"zoneName":"Atlantic/Reykjavik","gmtOffset":0,"gmtOffsetName":"UTC\u00b100","abbreviation":"GMT","tzName":"Greenwich Mean Time"}],"translations":{"kr":"\uc544\uc774\uc2ac\ub780\ub4dc","pt-BR":"Isl\u00e2ndia","pt":"Isl\u00e2ndia","nl":"IJsland","hr":"Island","fa":"\u0627\u06cc\u0633\u0644\u0646\u062f","de":"Island","es":"Islandia","fr":"Islande","ja":"\u30a2\u30a4\u30b9\u30e9\u30f3\u30c9","it":"Islanda","cn":"\u51b0\u5c9b","tr":"\u0130zlanda","ru":"\u0418\u0441\u043b\u0430\u043d\u0434\u0438\u044f","uk":"\u0406\u0441\u043b\u0430\u043d\u0434\u0456\u044f","pl":"Islandia"},"latitude":"65.00000000","longitude":"-18.00000000","emoji":"\ud83c\uddee\ud83c\uddf8","emojiU":"U+1F1EE U+1F1F8","states":{"capitalregion":{"id":3431,"name":"Capital Region","state_code":"1","latitude":"38.56569570","longitude":"-92.18169490","type":null,"cities":{"\u00c1lftanes":{"id":135228,"name":"\u00c1lftanes","latitude":"64.10000000","longitude":"-22.01667000"},"gar\u00f0ab\u00e6r":{"id":135181,"name":"Gar\u00f0ab\u00e6r","latitude":"64.08865000","longitude":"-21.92298000"},"hafnarfj\u00f6r\u00f0ur":{"id":135186,"name":"Hafnarfj\u00f6r\u00f0ur","latitude":"64.06710000","longitude":"-21.93774000"},"kj\u00f3sarhreppur":{"id":135196,"name":"Kj\u00f3sarhreppur","latitude":"64.30644000","longitude":"-21.49919000"},"k\u00f3pavogur":{"id":135197,"name":"K\u00f3pavogur","latitude":"64.11234000","longitude":"-21.91298000"},"mosfellsbaer":{"id":135200,"name":"Mosfellsbaer","latitude":"64.15000000","longitude":"-21.65000000"},"mosfellsb\u00e6r":{"id":135201,"name":"Mosfellsb\u00e6r","latitude":"64.16667000","longitude":"-21.70000000"},"reykjav\u00edk":{"id":135206,"name":"Reykjav\u00edk","latitude":"64.13548000","longitude":"-21.89541000"},"seltjarnarnes":{"id":135211,"name":"Seltjarnarnes","latitude":"64.15309000","longitude":"-21.99499000"}}},"easternregion":{"id":3433,"name":"Eastern Region","state_code":"7","latitude":null,"longitude":null,"type":null,"cities":{"borgarfjar\u00f0arhreppur":{"id":135166,"name":"Borgarfjar\u00f0arhreppur","latitude":"65.43401000","longitude":"-13.82933000"},"brei\u00f0dalshreppur":{"id":135168,"name":"Brei\u00f0dalshreppur","latitude":"64.83333000","longitude":"-14.25000000"},"egilssta\u00f0ir":{"id":135172,"name":"Egilssta\u00f0ir","latitude":"65.26687000","longitude":"-14.39485000"},"eskifj\u00f6r\u00f0ur":{"id":135173,"name":"Eskifj\u00f6r\u00f0ur","latitude":"65.07306000","longitude":"-14.01525000"},"fjar\u00f0abygg\u00f0":{"id":135177,"name":"Fjar\u00f0abygg\u00f0","latitude":"65.08333000","longitude":"-14.00000000"},"flj\u00f3tsdalsh\u00e9ra\u00f0":{"id":135179,"name":"Flj\u00f3tsdalsh\u00e9ra\u00f0","latitude":"65.25020000","longitude":"-15.37211000"},"flj\u00f3tsdalshreppur":{"id":135178,"name":"Flj\u00f3tsdalshreppur","latitude":"64.85275000","longitude":"-15.25680000"},"h\u00f6fn":{"id":135191,"name":"H\u00f6fn","latitude":"64.25388000","longitude":"-15.21212000"},"neskaupsta\u00f0ur":{"id":135203,"name":"Neskaupsta\u00f0ur","latitude":"65.14819000","longitude":"-13.68368000"},"rey\u00f0arfj\u00f6r\u00f0ur":{"id":135207,"name":"Rey\u00f0arfj\u00f6r\u00f0ur","latitude":"65.03164000","longitude":"-14.21832000"}}},"northeasternregion":{"id":3437,"name":"Northeastern Region","state_code":"6","latitude":"43.29942850","longitude":"-74.21793260","type":null,"cities":{"akureyri":{"id":135163,"name":"Akureyri","latitude":"65.68353000","longitude":"-18.08780000"},"dalv\u00edk":{"id":135170,"name":"Dalv\u00edk","latitude":"65.97018000","longitude":"-18.52861000"},"dalv\u00edkurbygg\u00f0":{"id":135171,"name":"Dalv\u00edkurbygg\u00f0","latitude":"65.87318000","longitude":"-18.60844000"},"eyjafjar\u00f0arsveit":{"id":135175,"name":"Eyjafjar\u00f0arsveit","latitude":"65.33333000","longitude":"-18.16667000"},"fjallabygg\u00f0":{"id":135176,"name":"Fjallabygg\u00f0","latitude":"66.05962000","longitude":"-18.78220000"},"gr\u00fdtubakkahreppur":{"id":135185,"name":"Gr\u00fdtubakkahreppur","latitude":"65.98333000","longitude":"-18.11667000"},"h\u00f6rg\u00e1rsveit":{"id":135192,"name":"H\u00f6rg\u00e1rsveit","latitude":"65.64828000","longitude":"-18.49599000"},"h\u00fasav\u00edk":{"id":135194,"name":"H\u00fasav\u00edk","latitude":"66.04148000","longitude":"-17.33834000"},"langanesbygg\u00f0":{"id":135198,"name":"Langanesbygg\u00f0","latitude":"66.05186000","longitude":"-15.18969000"},"laugar":{"id":135199,"name":"Laugar","latitude":"65.72159000","longitude":"-17.37352000"},"siglufj\u00f6r\u00f0ur":{"id":135212,"name":"Siglufj\u00f6r\u00f0ur","latitude":"66.15198000","longitude":"-18.90815000"},"sk\u00fatusta\u00f0ahreppur":{"id":135217,"name":"Sk\u00fatusta\u00f0ahreppur","latitude":"65.17177000","longitude":"-16.77890000"},"svalbar\u00f0sstrandarhreppur":{"id":135221,"name":"Svalbar\u00f0sstrandarhreppur","latitude":"65.74138000","longitude":"-18.03513000"},"tj\u00f6rneshreppur":{"id":135223,"name":"Tj\u00f6rneshreppur","latitude":"66.11667000","longitude":"-17.20000000"},"\u00deingeyjarsveit":{"id":135233,"name":"\u00deingeyjarsveit","latitude":"65.37229000","longitude":"-17.59927000"}}},"northwesternregion":{"id":3435,"name":"Northwestern Region","state_code":"5","latitude":"41.91339320","longitude":"-73.04716880","type":null,"cities":{"akrahreppur":{"id":135161,"name":"Akrahreppur","latitude":"65.35505000","longitude":"-18.79572000"},"h\u00fana\u00feingvestra":{"id":135193,"name":"H\u00fana\u00feing Vestra","latitude":"65.25000000","longitude":"-20.91667000"},"sau\u00f0\u00e1rkr\u00f3kur":{"id":135209,"name":"Sau\u00f0\u00e1rkr\u00f3kur","latitude":"65.74611000","longitude":"-19.63944000"},"skagabygg\u00f0":{"id":135214,"name":"Skagabygg\u00f0","latitude":"65.95000000","longitude":"-20.25000000"},"sveitarf\u00e9lagi\u00f0skagafj\u00f6r\u00f0ur":{"id":135222,"name":"Sveitarf\u00e9lagi\u00f0 Skagafj\u00f6r\u00f0ur","latitude":"65.50018000","longitude":"-19.44566000"}}},"southernpeninsularegion":{"id":3430,"name":"Southern Peninsula Region","state_code":"2","latitude":"63.91548030","longitude":"-22.36496670","type":null,"cities":{"gar\u00f0ur":{"id":135182,"name":"Gar\u00f0ur","latitude":"64.06558000","longitude":"-22.64656000"},"grindav\u00edk":{"id":135183,"name":"Grindav\u00edk","latitude":"63.83849000","longitude":"-22.43931000"},"keflav\u00edk":{"id":135195,"name":"Keflav\u00edk","latitude":"64.00492000","longitude":"-22.56242000"},"reykjanesb\u00e6r":{"id":135205,"name":"Reykjanesb\u00e6r","latitude":"63.99813000","longitude":"-22.56111000"},"sandger\u00f0i":{"id":135208,"name":"Sandger\u00f0i","latitude":"64.03762000","longitude":"-22.70799000"},"vogar":{"id":135227,"name":"Vogar","latitude":"63.98160000","longitude":"-22.38473000"}}},"southernregion":{"id":3434,"name":"Southern Region","state_code":"8","latitude":null,"longitude":null,"type":null,"cities":{"\u00c1sahreppur":{"id":135229,"name":"\u00c1sahreppur","latitude":"63.87589000","longitude":"-20.59484000"},"bl\u00e1sk\u00f3gabygg\u00f0":{"id":135164,"name":"Bl\u00e1sk\u00f3gabygg\u00f0","latitude":"64.41667000","longitude":"-20.33333000"},"fl\u00f3ahreppur":{"id":135180,"name":"Fl\u00f3ahreppur","latitude":"63.89569000","longitude":"-20.80159000"},"gr\u00edmsnes-oggrafningshreppur":{"id":135184,"name":"Gr\u00edmsnes- og Grafningshreppur","latitude":"64.08533000","longitude":"-20.96710000"},"hrunamannahreppur":{"id":135188,"name":"Hrunamannahreppur","latitude":"64.40944000","longitude":"-19.72237000"},"hverager\u00f0i":{"id":135190,"name":"Hverager\u00f0i","latitude":"64.00039000","longitude":"-21.18602000"},"m\u00fdrdalshreppur":{"id":135202,"name":"M\u00fdrdalshreppur","latitude":"63.50000000","longitude":"-19.00000000"},"selfoss":{"id":135210,"name":"Selfoss","latitude":"63.93311000","longitude":"-20.99712000"},"skaft\u00e1rhreppur":{"id":135213,"name":"Skaft\u00e1rhreppur","latitude":"63.95948000","longitude":"-18.14491000"},"skei\u00f0a-oggn\u00fapverjahreppur":{"id":135215,"name":"Skei\u00f0a- og Gn\u00fapverjahreppur","latitude":"64.34738000","longitude":"-19.37757000"},"vestmannaeyjab\u00e6r":{"id":135225,"name":"Vestmannaeyjab\u00e6r","latitude":"63.43877000","longitude":"-20.26900000"},"vestmannaeyjar":{"id":135226,"name":"Vestmannaeyjar","latitude":"63.44273000","longitude":"-20.27339000"},"\u00deorl\u00e1ksh\u00f6fn":{"id":135234,"name":"\u00deorl\u00e1ksh\u00f6fn","latitude":"63.85591000","longitude":"-21.38337000"}}},"westernregion":{"id":3436,"name":"Western Region","state_code":"3","latitude":null,"longitude":null,"type":null,"cities":{"akranes":{"id":135162,"name":"Akranes","latitude":"64.32179000","longitude":"-22.07490000"},"borgarbygg\u00f0":{"id":135165,"name":"Borgarbygg\u00f0","latitude":"64.71446000","longitude":"-21.23788000"},"borgarnes":{"id":135167,"name":"Borgarnes","latitude":"64.53834000","longitude":"-21.92064000"},"dalabygg\u00f0":{"id":135169,"name":"Dalabygg\u00f0","latitude":"65.10121000","longitude":"-21.72871000"},"eyja-ogmiklaholtshreppur":{"id":135174,"name":"Eyja- og Miklaholtshreppur","latitude":"64.85846000","longitude":"-22.54557000"},"helgafellssveit":{"id":135187,"name":"Helgafellssveit","latitude":"64.99069000","longitude":"-22.78948000"},"hvalfjar\u00f0arsveit":{"id":135189,"name":"Hvalfjar\u00f0arsveit","latitude":"64.44265000","longitude":"-21.61086000"},"\u00d3lafsv\u00edk":{"id":135232,"name":"\u00d3lafsv\u00edk","latitude":"64.89429000","longitude":"-23.70918000"},"skorradalshreppur":{"id":135216,"name":"Skorradalshreppur","latitude":"64.51667000","longitude":"-21.50000000"},"sn\u00e6fellsb\u00e6r":{"id":135218,"name":"Sn\u00e6fellsb\u00e6r","latitude":"64.86667000","longitude":"-23.50000000"},"stykkish\u00f3lmur":{"id":135220,"name":"Stykkish\u00f3lmur","latitude":"65.07537000","longitude":"-22.72977000"}}},"westfjords":{"id":3432,"name":"Westfjords","state_code":"4","latitude":"65.91961500","longitude":"-21.88117640","type":null,"cities":{"\u00cdsafjar\u00f0arb\u00e6r":{"id":135230,"name":"\u00cdsafjar\u00f0arb\u00e6r","latitude":"66.07586000","longitude":"-23.12794000"},"\u00cdsafj\u00f6r\u00f0ur":{"id":135231,"name":"\u00cdsafj\u00f6r\u00f0ur","latitude":"66.07475000","longitude":"-23.13498000"},"reykh\u00f3lahreppur":{"id":135204,"name":"Reykh\u00f3lahreppur","latitude":"65.60990000","longitude":"-22.33324000"},"strandabygg\u00f0":{"id":135219,"name":"Strandabygg\u00f0","latitude":"65.77455000","longitude":"-21.95725000"},"t\u00e1lknafjar\u00f0arhreppur":{"id":135224,"name":"T\u00e1lknafjar\u00f0arhreppur","latitude":"65.61667000","longitude":"-23.88333000"}}}}}