{"id":105,"name":"Ireland","iso3":"IRL","iso2":"IE","numeric_code":"372","phone_code":"353","capital":"Dublin","currency":"EUR","currency_name":"Euro","currency_symbol":"\u20ac","tld":".ie","native":"\u00c9ire","region":"Europe","region_id":"4","subregion":"Northern Europe","subregion_id":"18","nationality":"Irish","timezones":[{"zoneName":"Europe/Dublin","gmtOffset":0,"gmtOffsetName":"UTC\u00b100","abbreviation":"GMT","tzName":"Greenwich Mean Time"}],"translations":{"kr":"\uc544\uc77c\ub79c\ub4dc","pt-BR":"Irlanda","pt":"Irlanda","nl":"Ierland","hr":"Irska","fa":"\u0627\u06cc\u0631\u0644\u0646\u062f","de":"Irland","es":"Irlanda","fr":"Irlande","ja":"\u30a2\u30a4\u30eb\u30e9\u30f3\u30c9","it":"Irlanda","cn":"\u7231\u5c14\u5170","tr":"\u0130rlanda"},"latitude":"53.00000000","longitude":"-8.00000000","emoji":"\ud83c\uddee\ud83c\uddea","emojiU":"U+1F1EE U+1F1EA","states":{"carlow":{"id":1095,"name":"Carlow","state_code":"CW","latitude":"52.72322170","longitude":"-6.81082950","type":"county"},"cavan":{"id":1088,"name":"Cavan","state_code":"CN","latitude":"53.97654240","longitude":"-7.29966230","type":"county"},"clare":{"id":1091,"name":"Clare","state_code":"CE","latitude":"43.04664000","longitude":"-87.89958100","type":"county"},"connacht":{"id":1087,"name":"Connacht","state_code":"C","latitude":"53.83762430","longitude":"-8.95844810","type":"province","cities":{"athenry":{"id":57082,"name":"Athenry","latitude":"53.29639000","longitude":"-8.74306000"},"ballaghaderreen":{"id":57092,"name":"Ballaghaderreen","latitude":"53.90000000","longitude":"-8.58333000"},"ballina":{"id":57093,"name":"Ballina","latitude":"54.11667000","longitude":"-9.16667000"},"ballinasloe":{"id":57095,"name":"Ballinasloe","latitude":"53.32750000","longitude":"-8.21944000"},"ballinrobe":{"id":57097,"name":"Ballinrobe","latitude":"53.63333000","longitude":"-9.23333000"},"ballisodare":{"id":57099,"name":"Ballisodare","latitude":"54.21110000","longitude":"-8.50865000"},"ballyhaunis":{"id":57107,"name":"Ballyhaunis","latitude":"53.76667000","longitude":"-8.76667000"},"ballymote":{"id":57111,"name":"Ballymote","latitude":"54.08333000","longitude":"-8.51667000"},"bearna":{"id":57121,"name":"Bearna","latitude":"53.25194000","longitude":"-9.14972000"},"belmullet":{"id":57123,"name":"Belmullet","latitude":"54.22500000","longitude":"-9.99083000"},"boyle":{"id":57132,"name":"Boyle","latitude":"53.96667000","longitude":"-8.30000000"},"carrick-on-shannon":{"id":57147,"name":"Carrick-on-Shannon","latitude":"53.94694000","longitude":"-8.09000000"},"castlebar":{"id":57153,"name":"Castlebar","latitude":"53.85000000","longitude":"-9.30000000"},"castlerea":{"id":57164,"name":"Castlerea","latitude":"53.76667000","longitude":"-8.50000000"},"claregalway":{"id":57176,"name":"Claregalway","latitude":"53.33861000","longitude":"-8.94500000"},"claremorris":{"id":57177,"name":"Claremorris","latitude":"53.71667000","longitude":"-9.00000000"},"clifden":{"id":57178,"name":"Clifden","latitude":"53.48907000","longitude":"-10.01910000"},"collooney":{"id":57187,"name":"Collooney","latitude":"54.18333000","longitude":"-8.50000000"},"countygalway":{"id":57197,"name":"County Galway","latitude":"53.33333000","longitude":"-9.00000000"},"countyleitrim":{"id":57198,"name":"County Leitrim","latitude":"54.11667000","longitude":"-8.00000000"},"crossmolina":{"id":57204,"name":"Crossmolina","latitude":"54.10000000","longitude":"-9.31667000"},"foxford":{"id":57253,"name":"Foxford","latitude":"53.98070000","longitude":"-9.11551000"},"gaillimh":{"id":57255,"name":"Gaillimh","latitude":"53.27194000","longitude":"-9.04889000"},"galwaycity":{"id":57256,"name":"Galway City","latitude":"53.28770000","longitude":"-9.05004000"},"gort":{"id":57259,"name":"Gort","latitude":"53.06639000","longitude":"-8.81667000"},"inishcrone":{"id":57267,"name":"Inishcrone","latitude":"54.21591000","longitude":"-9.09197000"},"kiltamagh":{"id":57291,"name":"Kiltamagh","latitude":"53.85000000","longitude":"-9.00000000"},"kinlough":{"id":57293,"name":"Kinlough","latitude":"54.45000000","longitude":"-8.28333000"},"loughrea":{"id":57310,"name":"Loughrea","latitude":"53.19694000","longitude":"-8.56694000"},"manorhamilton":{"id":57318,"name":"Manorhamilton","latitude":"54.30639000","longitude":"-8.17611000"},"mayocounty":{"id":57321,"name":"Mayo County","latitude":"53.90000000","longitude":"-9.25000000"},"moycullen":{"id":57337,"name":"Moycullen","latitude":"53.33783000","longitude":"-9.18002000"},"oranmore":{"id":57356,"name":"Oranmore","latitude":"53.26833000","longitude":"-8.92000000"},"oughterard":{"id":57357,"name":"Oughterard","latitude":"53.41667000","longitude":"-9.33333000"},"portumna":{"id":57366,"name":"Portumna","latitude":"53.08917000","longitude":"-8.21889000"},"roscommon":{"id":57385,"name":"Roscommon","latitude":"53.75000000","longitude":"-8.25000000"},"sligo":{"id":57400,"name":"Sligo","latitude":"54.25000000","longitude":"-8.66667000"},"strandhill":{"id":57404,"name":"Strandhill","latitude":"54.27194000","longitude":"-8.59333000"},"swinford":{"id":57406,"name":"Swinford","latitude":"53.95000000","longitude":"-8.95000000"},"tobercurry":{"id":57416,"name":"Tobercurry","latitude":"54.05000000","longitude":"-8.73333000"},"tuam":{"id":57421,"name":"Tuam","latitude":"53.51667000","longitude":"-8.85000000"},"westport":{"id":57430,"name":"Westport","latitude":"53.80000000","longitude":"-9.51667000"}}},"cork":{"id":1074,"name":"Cork","state_code":"CO","latitude":"51.89851430","longitude":"-8.47560350","type":"county"},"donegal":{"id":1071,"name":"Donegal","state_code":"DL","latitude":"54.65489930","longitude":"-8.10409670","type":"county"},"dublin":{"id":1072,"name":"Dublin","state_code":"D","latitude":"53.34980530","longitude":"-6.26030970","type":"county"},"galway":{"id":1079,"name":"Galway","state_code":"G","latitude":"53.35645090","longitude":"-8.85341130","type":"county"},"kerry":{"id":1077,"name":"Kerry","state_code":"KY","latitude":"52.15446070","longitude":"-9.56686330","type":"county"},"kildare":{"id":1082,"name":"Kildare","state_code":"KE","latitude":"53.21204340","longitude":"-6.81947080","type":"county"},"kilkenny":{"id":1090,"name":"Kilkenny","state_code":"KK","latitude":"52.57769570","longitude":"-7.21800200","type":"county"},"laois":{"id":1096,"name":"Laois","state_code":"LS","latitude":"52.99429500","longitude":"-7.33230070","type":"county"},"leinster":{"id":1073,"name":"Leinster","state_code":"L","latitude":"53.32715380","longitude":"-7.51408410","type":"province","cities":{"abbeyleix":{"id":57063,"name":"Abbeyleix","latitude":"52.91331000","longitude":"-7.34456000"},"aniarmh\u00ed":{"id":57068,"name":"An Iarmh\u00ed","latitude":"53.50000000","longitude":"-7.50000000"},"anlongfort":{"id":57069,"name":"An Longfort","latitude":"53.66667000","longitude":"-7.75000000"},"anmh\u00ed":{"id":57070,"name":"An Mh\u00ed","latitude":"53.66667000","longitude":"-6.66667000"},"anmuileanngcearr":{"id":57071,"name":"An Muileann gCearr","latitude":"53.53333000","longitude":"-7.35000000"},"anros":{"id":57072,"name":"An Ros","latitude":"53.52424000","longitude":"-6.10497000"},"ardee":{"id":57074,"name":"Ardee","latitude":"53.85972000","longitude":"-6.54056000"},"arklow":{"id":57076,"name":"Arklow","latitude":"52.79306000","longitude":"-6.14139000"},"artane":{"id":57077,"name":"Artane","latitude":"53.38712000","longitude":"-6.21380000"},"ashbourne":{"id":57078,"name":"Ashbourne","latitude":"53.51163000","longitude":"-6.39821000"},"ashford":{"id":57079,"name":"Ashford","latitude":"53.00833000","longitude":"-6.11139000"},"athboy":{"id":57081,"name":"Athboy","latitude":"53.62327000","longitude":"-6.91434000"},"athgarvan":{"id":57083,"name":"Athgarvan","latitude":"53.15229000","longitude":"-6.78173000"},"athlone":{"id":57084,"name":"Athlone","latitude":"53.43333000","longitude":"-7.95000000"},"athy":{"id":57085,"name":"Athy","latitude":"52.99139000","longitude":"-6.98028000"},"aughrim":{"id":57086,"name":"Aughrim","latitude":"52.85333000","longitude":"-6.32750000"},"bagenalstown":{"id":57087,"name":"Bagenalstown","latitude":"52.70031000","longitude":"-6.96181000"},"balally":{"id":57089,"name":"Balally","latitude":"53.27504000","longitude":"-6.23594000"},"balbriggan":{"id":57090,"name":"Balbriggan","latitude":"53.60846000","longitude":"-6.18310000"},"baldoyle":{"id":57091,"name":"Baldoyle","latitude":"53.39972000","longitude":"-6.12583000"},"ballinroad":{"id":57096,"name":"Ballinroad","latitude":"52.51789000","longitude":"-6.40619000"},"ballinteer":{"id":57098,"name":"Ballinteer","latitude":"53.27409000","longitude":"-6.25397000"},"ballivor":{"id":57100,"name":"Ballivor","latitude":"53.53167000","longitude":"-6.96111000"},"ballyboden":{"id":57101,"name":"Ballyboden","latitude":"53.28056000","longitude":"-6.31639000"},"ballyfermot":{"id":57105,"name":"Ballyfermot","latitude":"53.34283000","longitude":"-6.35480000"},"ballygerry":{"id":57106,"name":"Ballygerry","latitude":"52.24917000","longitude":"-6.35739000"},"ballylinan":{"id":57109,"name":"Ballylinan","latitude":"52.94497000","longitude":"-7.04073000"},"ballymahon":{"id":57110,"name":"Ballymahon","latitude":"53.56667000","longitude":"-7.76667000"},"ballymun":{"id":57112,"name":"Ballymun","latitude":"53.39807000","longitude":"-6.26693000"},"ballyragget":{"id":57113,"name":"Ballyragget","latitude":"52.78889000","longitude":"-7.33028000"},"balrothery":{"id":57115,"name":"Balrothery","latitude":"53.58828000","longitude":"-6.18728000"},"baltinglass":{"id":57116,"name":"Baltinglass","latitude":"52.93722000","longitude":"-6.70917000"},"banagher":{"id":57117,"name":"Banagher","latitude":"53.18861000","longitude":"-7.98667000"},"bayside":{"id":57120,"name":"Bayside","latitude":"53.38895000","longitude":"-6.14041000"},"beaumont":{"id":57122,"name":"Beaumont","latitude":"53.38721000","longitude":"-6.22713000"},"birr":{"id":57125,"name":"Birr","latitude":"53.09139000","longitude":"-7.91333000"},"blackrock":{"id":57126,"name":"Blackrock","latitude":"53.30150000","longitude":"-6.17780000"},"blanchardstown":{"id":57127,"name":"Blanchardstown","latitude":"53.38806000","longitude":"-6.37556000"},"blessington":{"id":57129,"name":"Blessington","latitude":"53.17000000","longitude":"-6.53250000"},"bonnybrook":{"id":57130,"name":"Bonnybrook","latitude":"53.39835000","longitude":"-6.20749000"},"booterstown":{"id":57131,"name":"Booterstown","latitude":"53.30447000","longitude":"-6.19985000"},"bray":{"id":57133,"name":"Bray","latitude":"53.20278000","longitude":"-6.09833000"},"bunclody":{"id":57134,"name":"Bunclody","latitude":"52.65530000","longitude":"-6.65359000"},"cabinteely":{"id":57137,"name":"Cabinteely","latitude":"53.26973000","longitude":"-6.16058000"},"cabra":{"id":57138,"name":"Cabra","latitude":"53.36694000","longitude":"-6.29444000"},"callan":{"id":57142,"name":"Callan","latitude":"52.54500000","longitude":"-7.39111000"},"carlingford":{"id":57143,"name":"Carlingford","latitude":"54.04000000","longitude":"-6.18833000"},"carlow":{"id":57144,"name":"Carlow","latitude":"52.84083000","longitude":"-6.92611000"},"carnew":{"id":57146,"name":"Carnew","latitude":"52.70806000","longitude":"-6.49444000"},"castlebellingham":{"id":57154,"name":"Castlebellingham","latitude":"53.90083000","longitude":"-6.39028000"},"castlebridge":{"id":57156,"name":"Castlebridge","latitude":"52.38639000","longitude":"-6.44944000"},"castlecomer":{"id":57157,"name":"Castlecomer","latitude":"52.80611000","longitude":"-7.21056000"},"castledermot":{"id":57159,"name":"Castledermot","latitude":"52.90889000","longitude":"-6.84222000"},"castleknock":{"id":57161,"name":"Castleknock","latitude":"53.37483000","longitude":"-6.36336000"},"castlepollard":{"id":57163,"name":"Castlepollard","latitude":"53.67935000","longitude":"-7.29736000"},"castletown":{"id":57165,"name":"Castletown","latitude":"52.72306000","longitude":"-6.18944000"},"celbridge":{"id":57167,"name":"Celbridge","latitude":"53.34165000","longitude":"-6.54419000"},"chapelizod":{"id":57168,"name":"Chapelizod","latitude":"53.34846000","longitude":"-6.34301000"},"charlesland":{"id":57169,"name":"Charlesland","latitude":"53.12771000","longitude":"-6.06347000"},"cherryorchard":{"id":57170,"name":"Cherry Orchard","latitude":"53.33605000","longitude":"-6.37799000"},"cherryville":{"id":57171,"name":"Cherryville","latitude":"53.15694000","longitude":"-6.96667000"},"clane":{"id":57174,"name":"Clane","latitude":"53.29139000","longitude":"-6.68917000"},"clara":{"id":57175,"name":"Clara","latitude":"53.34250000","longitude":"-7.61389000"},"clogherhead":{"id":57179,"name":"Clogherhead","latitude":"53.79361000","longitude":"-6.23750000"},"clondalkin":{"id":57181,"name":"Clondalkin","latitude":"53.32444000","longitude":"-6.39722000"},"clonskeagh":{"id":57183,"name":"Clonskeagh","latitude":"53.31467000","longitude":"-6.23148000"},"confey":{"id":57188,"name":"Confey","latitude":"53.37923000","longitude":"-6.49052000"},"coolock":{"id":57190,"name":"Coolock","latitude":"53.38870000","longitude":"-6.19998000"},"countycarlow":{"id":57194,"name":"County Carlow","latitude":"52.66667000","longitude":"-6.83333000"},"courtown":{"id":57201,"name":"Courtown","latitude":"52.64424000","longitude":"-6.22899000"},"crumlin":{"id":57205,"name":"Crumlin","latitude":"53.32154000","longitude":"-6.31439000"},"daingean":{"id":57206,"name":"Daingean","latitude":"53.29611000","longitude":"-7.28944000"},"dalkey":{"id":57207,"name":"Dalkey","latitude":"53.27833000","longitude":"-6.10028000"},"darndale":{"id":57208,"name":"Darndale","latitude":"53.39948000","longitude":"-6.18886000"},"derrinturn":{"id":57209,"name":"Derrinturn","latitude":"53.34167000","longitude":"-6.94111000"},"dollymount":{"id":57213,"name":"Dollymount","latitude":"53.36489000","longitude":"-6.18032000"},"donabate":{"id":57214,"name":"Donabate","latitude":"53.48722000","longitude":"-6.15194000"},"donaghmede":{"id":57215,"name":"Donaghmede","latitude":"53.39845000","longitude":"-6.16179000"},"donnybrook":{"id":57217,"name":"Donnybrook","latitude":"53.31375000","longitude":"-6.22274000"},"donnycarney":{"id":57218,"name":"Donnycarney","latitude":"53.37350000","longitude":"-6.20976000"},"drogheda":{"id":57219,"name":"Drogheda","latitude":"53.71889000","longitude":"-6.34778000"},"droicheadnua":{"id":57220,"name":"Droichead Nua","latitude":"53.18194000","longitude":"-6.79667000"},"dromiskin":{"id":57221,"name":"Dromiskin","latitude":"53.92538000","longitude":"-6.40292000"},"drumcondra":{"id":57222,"name":"Drumcondra","latitude":"53.37058000","longitude":"-6.25298000"},"dublin":{"id":57223,"name":"Dublin","latitude":"53.33306000","longitude":"-6.24889000"},"dublincity":{"id":57224,"name":"Dublin City","latitude":"53.35512000","longitude":"-6.24922000"},"duleek":{"id":57225,"name":"Duleek","latitude":"53.65667000","longitude":"-6.41917000"},"d\u00fanlaoghaire":{"id":57236,"name":"D\u00fan Laoghaire","latitude":"53.29395000","longitude":"-6.13586000"},"d\u00fanlaoghaire-rathdown":{"id":57237,"name":"D\u00fan Laoghaire-Rathdown","latitude":"53.29436000","longitude":"-6.13489000"},"dunboyne":{"id":57226,"name":"Dunboyne","latitude":"53.41901000","longitude":"-6.47375000"},"dundalk":{"id":57227,"name":"Dundalk","latitude":"54.00000000","longitude":"-6.41667000"},"dundrum":{"id":57228,"name":"Dundrum","latitude":"53.29067000","longitude":"-6.25714000"},"dunleer":{"id":57231,"name":"Dunleer","latitude":"53.83500000","longitude":"-6.39611000"},"dunshaughlin":{"id":57235,"name":"Dunshaughlin","latitude":"53.51250000","longitude":"-6.54000000"},"eadestown":{"id":57238,"name":"Eadestown","latitude":"53.20278000","longitude":"-6.57806000"},"edenderry":{"id":57239,"name":"Edenderry","latitude":"53.33948000","longitude":"-7.04752000"},"edgeworthstown":{"id":57240,"name":"Edgeworthstown","latitude":"53.70000000","longitude":"-7.61667000"},"enfield":{"id":57241,"name":"Enfield","latitude":"53.41419000","longitude":"-6.83229000"},"enniscorthy":{"id":57243,"name":"Enniscorthy","latitude":"52.50083000","longitude":"-6.55778000"},"enniskerry":{"id":57244,"name":"Enniskerry","latitude":"53.19250000","longitude":"-6.16917000"},"fairview":{"id":57245,"name":"Fairview","latitude":"53.36597000","longitude":"-6.23985000"},"ferbane":{"id":57246,"name":"Ferbane","latitude":"53.26944000","longitude":"-7.82694000"},"ferns":{"id":57248,"name":"Ferns","latitude":"52.58833000","longitude":"-6.49972000"},"fingalcounty":{"id":57250,"name":"Fingal County","latitude":"53.45909000","longitude":"-6.21942000"},"finglas":{"id":57251,"name":"Finglas","latitude":"53.38917000","longitude":"-6.29694000"},"firhouse":{"id":57252,"name":"Firhouse","latitude":"53.28167000","longitude":"-6.33917000"},"foxrock":{"id":57254,"name":"Foxrock","latitude":"53.26667000","longitude":"-6.17417000"},"glasnevin":{"id":57257,"name":"Glasnevin","latitude":"53.37851000","longitude":"-6.28028000"},"gorey":{"id":57258,"name":"Gorey","latitude":"52.67472000","longitude":"-6.29250000"},"graiguenamanagh":{"id":57260,"name":"Graiguenamanagh","latitude":"52.54028000","longitude":"-6.95472000"},"granard":{"id":57261,"name":"Granard","latitude":"53.77928000","longitude":"-7.49429000"},"greenhills":{"id":57262,"name":"Greenhills","latitude":"53.33467000","longitude":"-6.30302000"},"greystones":{"id":57263,"name":"Greystones","latitude":"53.14083000","longitude":"-6.06306000"},"hartstown":{"id":57265,"name":"Hartstown","latitude":"53.39306000","longitude":"-6.42694000"},"howth":{"id":57266,"name":"Howth","latitude":"53.38778000","longitude":"-6.06528000"},"jobstown":{"id":57268,"name":"Jobstown","latitude":"53.27866000","longitude":"-6.40803000"},"johnstown":{"id":57269,"name":"Johnstown","latitude":"53.23833000","longitude":"-6.62222000"},"kells":{"id":57271,"name":"Kells","latitude":"53.72639000","longitude":"-6.87917000"},"kentstown":{"id":57273,"name":"Kentstown","latitude":"53.62754000","longitude":"-6.52674000"},"kilbeggan":{"id":57274,"name":"Kilbeggan","latitude":"53.36944000","longitude":"-7.50333000"},"kilcock":{"id":57275,"name":"Kilcock","latitude":"53.40222000","longitude":"-6.67083000"},"kilcoole":{"id":57276,"name":"Kilcoole","latitude":"53.10278000","longitude":"-6.06500000"},"kilcullen":{"id":57277,"name":"Kilcullen","latitude":"53.13028000","longitude":"-6.74444000"},"kildare":{"id":57278,"name":"Kildare","latitude":"53.16667000","longitude":"-6.75000000"},"kilkenny":{"id":57279,"name":"Kilkenny","latitude":"52.58333000","longitude":"-7.25000000"},"kill":{"id":57280,"name":"Kill","latitude":"53.25139000","longitude":"-6.59167000"},"killester":{"id":57282,"name":"Killester","latitude":"53.37322000","longitude":"-6.20431000"},"kilmacanoge":{"id":57286,"name":"Kilmacanoge","latitude":"53.16722000","longitude":"-6.13361000"},"kilpedder":{"id":57288,"name":"Kilpedder","latitude":"53.10917000","longitude":"-6.10667000"},"kilquade":{"id":57289,"name":"Kilquade","latitude":"53.09743000","longitude":"-6.08411000"},"kinnegad":{"id":57294,"name":"Kinnegad","latitude":"53.45222000","longitude":"-7.09972000"},"kinsealy-drinan":{"id":57296,"name":"Kinsealy-Drinan","latitude":"53.44395000","longitude":"-6.20334000"},"knocklyon":{"id":57297,"name":"Knocklyon","latitude":"53.28030000","longitude":"-6.33130000"},"lanesborough":{"id":57298,"name":"Lanesborough","latitude":"53.66667000","longitude":"-7.98333000"},"laois":{"id":57299,"name":"Laois","latitude":"53.00000000","longitude":"-7.40000000"},"laytown":{"id":57300,"name":"Laytown","latitude":"53.68194000","longitude":"-6.23917000"},"leixlip":{"id":57302,"name":"Leixlip","latitude":"53.36583000","longitude":"-6.49556000"},"littlebray":{"id":57305,"name":"Little Bray","latitude":"53.20444000","longitude":"-6.12083000"},"lochgarman":{"id":57306,"name":"Loch Garman","latitude":"52.50000000","longitude":"-6.66667000"},"longford":{"id":57307,"name":"Longford","latitude":"53.72536000","longitude":"-7.79823000"},"longwood":{"id":57308,"name":"Longwood","latitude":"53.45389000","longitude":"-6.92194000"},"loughlinstown":{"id":57309,"name":"Loughlinstown","latitude":"53.24389000","longitude":"-6.13306000"},"l\u00fa":{"id":57314,"name":"L\u00fa","latitude":"53.83333000","longitude":"-6.50000000"},"lucan":{"id":57311,"name":"Lucan","latitude":"53.35736000","longitude":"-6.44859000"},"lusk":{"id":57313,"name":"Lusk","latitude":"53.52743000","longitude":"-6.16423000"},"malahide":{"id":57316,"name":"Malahide","latitude":"53.45083000","longitude":"-6.15444000"},"marino":{"id":57319,"name":"Marino","latitude":"53.37022000","longitude":"-6.23646000"},"maynooth":{"id":57320,"name":"Maynooth","latitude":"53.38500000","longitude":"-6.59361000"},"milltown":{"id":57324,"name":"Milltown","latitude":"53.31301000","longitude":"-6.24530000"},"moate":{"id":57326,"name":"Moate","latitude":"53.39389000","longitude":"-7.71722000"},"monasterevin":{"id":57328,"name":"Monasterevin","latitude":"53.14056000","longitude":"-7.06639000"},"monkstown":{"id":57329,"name":"Monkstown","latitude":"53.29308000","longitude":"-6.15312000"},"mooncoin":{"id":57330,"name":"Mooncoin","latitude":"52.28944000","longitude":"-7.24833000"},"moone":{"id":57331,"name":"Moone","latitude":"52.97556000","longitude":"-6.81500000"},"mountmerrion":{"id":57333,"name":"Mount Merrion","latitude":"53.30008000","longitude":"-6.21504000"},"mountmellick":{"id":57334,"name":"Mountmellick","latitude":"53.11361000","longitude":"-7.32000000"},"mountrath":{"id":57335,"name":"Mountrath","latitude":"52.99889000","longitude":"-7.47278000"},"naas":{"id":57341,"name":"Naas","latitude":"53.21583000","longitude":"-6.66694000"},"navan":{"id":57342,"name":"Navan","latitude":"53.65278000","longitude":"-6.68139000"},"newross":{"id":57345,"name":"New Ross","latitude":"52.39667000","longitude":"-6.93667000"},"newcastle":{"id":57346,"name":"Newcastle","latitude":"53.30111000","longitude":"-6.50222000"},"newtowntrim":{"id":57351,"name":"Newtown Trim","latitude":"53.55611000","longitude":"-6.77000000"},"newtownmountkennedy":{"id":57352,"name":"Newtownmountkennedy","latitude":"53.09052000","longitude":"-6.11149000"},"oldkilcullen":{"id":57353,"name":"Old Kilcullen","latitude":"53.10639000","longitude":"-6.76528000"},"oldbawn":{"id":57354,"name":"Oldbawn","latitude":"53.27556000","longitude":"-6.36750000"},"oldcastle":{"id":57355,"name":"Oldcastle","latitude":"53.76648000","longitude":"-7.16284000"},"palmerstown":{"id":57358,"name":"Palmerstown","latitude":"53.35019000","longitude":"-6.37778000"},"piltown":{"id":57360,"name":"Piltown","latitude":"52.35333000","longitude":"-7.34028000"},"portarlington":{"id":57361,"name":"Portarlington","latitude":"53.16222000","longitude":"-7.19111000"},"portlaoise":{"id":57362,"name":"Portlaoise","latitude":"53.03441000","longitude":"-7.29979000"},"portmarnock":{"id":57364,"name":"Portmarnock","latitude":"53.42306000","longitude":"-6.13750000"},"portraine":{"id":57365,"name":"Portraine","latitude":"53.49667000","longitude":"-6.11111000"},"prosperous":{"id":57367,"name":"Prosperous","latitude":"53.29028000","longitude":"-6.75389000"},"raheny":{"id":57368,"name":"Raheny","latitude":"53.38681000","longitude":"-6.18067000"},"rathangan":{"id":57371,"name":"Rathangan","latitude":"53.22139000","longitude":"-6.99500000"},"rathcoole":{"id":57372,"name":"Rathcoole","latitude":"53.28278000","longitude":"-6.47278000"},"rathdowney":{"id":57374,"name":"Rathdowney","latitude":"52.85472000","longitude":"-7.58028000"},"rathdrum":{"id":57375,"name":"Rathdrum","latitude":"52.92639000","longitude":"-6.23556000"},"rathgar":{"id":57376,"name":"Rathgar","latitude":"53.31457000","longitude":"-6.27500000"},"rathmines":{"id":57378,"name":"Rathmines","latitude":"53.32028000","longitude":"-6.26333000"},"rathnew":{"id":57379,"name":"Rathnew","latitude":"52.99056000","longitude":"-6.08528000"},"rathwire":{"id":57380,"name":"Rathwire","latitude":"53.50767000","longitude":"-7.13510000"},"ratoath":{"id":57381,"name":"Ratoath","latitude":"53.50806000","longitude":"-6.46250000"},"rialto":{"id":57382,"name":"Rialto","latitude":"53.33625000","longitude":"-6.29718000"},"ringsend":{"id":57383,"name":"Ringsend","latitude":"53.34194000","longitude":"-6.22639000"},"rochfortbridge":{"id":57384,"name":"Rochfortbridge","latitude":"53.41417000","longitude":"-7.29611000"},"rosslare":{"id":57387,"name":"Rosslare","latitude":"52.27583000","longitude":"-6.38444000"},"saggart":{"id":57389,"name":"Saggart","latitude":"53.28028000","longitude":"-6.44444000"},"sallins":{"id":57390,"name":"Sallins","latitude":"53.24889000","longitude":"-6.66611000"},"sallynoggin":{"id":57391,"name":"Sallynoggin","latitude":"53.27917000","longitude":"-6.14058000"},"sandyford":{"id":57392,"name":"Sandyford","latitude":"53.27470000","longitude":"-6.22530000"},"sandymount":{"id":57393,"name":"Sandymount","latitude":"53.32815000","longitude":"-6.22224000"},"shankill":{"id":57394,"name":"Shankill","latitude":"53.22611000","longitude":"-6.12444000"},"skerries":{"id":57397,"name":"Skerries","latitude":"53.58278000","longitude":"-6.10833000"},"slane":{"id":57399,"name":"Slane","latitude":"53.71000000","longitude":"-6.54333000"},"southdublin":{"id":57401,"name":"South Dublin","latitude":"53.28595000","longitude":"-6.37739000"},"stamullin":{"id":57402,"name":"Stamullin","latitude":"53.62889000","longitude":"-6.26833000"},"stradbally":{"id":57403,"name":"Stradbally","latitude":"53.01556000","longitude":"-7.15278000"},"sutton":{"id":57405,"name":"Sutton","latitude":"53.38947000","longitude":"-6.11059000"},"swords":{"id":57407,"name":"Swords","latitude":"53.45972000","longitude":"-6.21806000"},"tallaght":{"id":57408,"name":"Tallaght","latitude":"53.28590000","longitude":"-6.37344000"},"templeogue":{"id":57410,"name":"Templeogue","latitude":"53.29528000","longitude":"-6.30889000"},"terenure":{"id":57411,"name":"Terenure","latitude":"53.30972000","longitude":"-6.28528000"},"termonfeckin":{"id":57412,"name":"Termonfeckin","latitude":"53.76333000","longitude":"-6.26778000"},"thomastown":{"id":57413,"name":"Thomastown","latitude":"52.52667000","longitude":"-7.13722000"},"trim":{"id":57419,"name":"Trim","latitude":"53.55500000","longitude":"-6.79167000"},"tullamore":{"id":57422,"name":"Tullamore","latitude":"53.27389000","longitude":"-7.48889000"},"tullow":{"id":57423,"name":"Tullow","latitude":"52.80028000","longitude":"-6.73694000"},"tullyallen":{"id":57424,"name":"Tullyallen","latitude":"53.73611000","longitude":"-6.42278000"},"u\u00edbhfhail\u00ed":{"id":57425,"name":"U\u00edbh Fhail\u00ed","latitude":"53.25000000","longitude":"-7.50000000"},"valleymount":{"id":57426,"name":"Valleymount","latitude":"53.10389000","longitude":"-6.55361000"},"wicklow":{"id":57432,"name":"Wicklow","latitude":"53.00000000","longitude":"-6.41667000"}}},"limerick":{"id":1094,"name":"Limerick","state_code":"LK","latitude":"52.50905170","longitude":"-8.74749550","type":"county"},"longford":{"id":1076,"name":"Longford","state_code":"LD","latitude":"53.72749820","longitude":"-7.79315270","type":"county"},"louth":{"id":1083,"name":"Louth","state_code":"LH","latitude":"53.92523240","longitude":"-6.48894230","type":"county"},"mayo":{"id":1084,"name":"Mayo","state_code":"MO","latitude":"54.01526040","longitude":"-9.42893690","type":"county"},"meath":{"id":1092,"name":"Meath","state_code":"MH","latitude":"53.60554800","longitude":"-6.65641690","type":"county"},"monaghan":{"id":1075,"name":"Monaghan","state_code":"MN","latitude":"54.24920460","longitude":"-6.96831320","type":"county"},"munster":{"id":1080,"name":"Munster","state_code":"M","latitude":"51.94711970","longitude":"7.58453200","type":"province","cities":{"abbeyfeale":{"id":57062,"name":"Abbeyfeale","latitude":"52.38139000","longitude":"-9.30250000"},"adare":{"id":57064,"name":"Adare","latitude":"52.56194000","longitude":"-8.79556000"},"aghada":{"id":57065,"name":"Aghada","latitude":"51.83917000","longitude":"-8.21222000"},"ancl\u00e1r":{"id":57067,"name":"An Cl\u00e1r","latitude":"52.83333000","longitude":"-9.00000000"},"annacotty":{"id":57073,"name":"Annacotty","latitude":"52.66768000","longitude":"-8.53121000"},"ardnacrusha":{"id":57075,"name":"Ardnacrusha","latitude":"52.70908000","longitude":"-8.61431000"},"askeaton":{"id":57080,"name":"Askeaton","latitude":"52.59972000","longitude":"-8.97556000"},"ballina":{"id":57094,"name":"Ballina","latitude":"52.80778000","longitude":"-8.43556000"},"ballybunnion":{"id":57103,"name":"Ballybunnion","latitude":"52.51108000","longitude":"-9.67097000"},"bandon":{"id":57118,"name":"Bandon","latitude":"51.74694000","longitude":"-8.74250000"},"bantry":{"id":57119,"name":"Bantry","latitude":"51.68333000","longitude":"-9.45000000"},"blarney":{"id":57128,"name":"Blarney","latitude":"51.93333000","longitude":"-8.56667000"},"caherconlish":{"id":57139,"name":"Caherconlish","latitude":"52.59361000","longitude":"-8.47028000"},"cahersiveen":{"id":57140,"name":"Cahersiveen","latitude":"51.94861000","longitude":"-10.22222000"},"cahir":{"id":57141,"name":"Cahir","latitude":"52.37694000","longitude":"-7.92167000"},"carrick-on-suir":{"id":57148,"name":"Carrick-on-Suir","latitude":"52.34917000","longitude":"-7.41306000"},"carrigaline":{"id":57150,"name":"Carrigaline","latitude":"51.81167000","longitude":"-8.39861000"},"carrigtwohill":{"id":57151,"name":"Carrigtwohill","latitude":"51.90833000","longitude":"-8.26333000"},"cashel":{"id":57152,"name":"Cashel","latitude":"52.51583000","longitude":"-7.88556000"},"castleconnell":{"id":57158,"name":"Castleconnell","latitude":"52.71389000","longitude":"-8.49944000"},"castleisland":{"id":57160,"name":"Castleisland","latitude":"52.23333000","longitude":"-9.46667000"},"castlemartyr":{"id":57162,"name":"Castlemartyr","latitude":"51.91028000","longitude":"-8.05389000"},"ciarra\u00ed":{"id":57172,"name":"Ciarra\u00ed","latitude":"52.16667000","longitude":"-9.75000000"},"cillairne":{"id":57173,"name":"Cill Airne","latitude":"52.05980000","longitude":"-9.50858000"},"clonakilty":{"id":57180,"name":"Clonakilty","latitude":"51.62306000","longitude":"-8.87056000"},"cloyne":{"id":57184,"name":"Cloyne","latitude":"51.86278000","longitude":"-8.12444000"},"cluainmeala":{"id":57185,"name":"Cluain Meala","latitude":"52.35500000","longitude":"-7.70389000"},"cobh":{"id":57186,"name":"Cobh","latitude":"51.85046000","longitude":"-8.29480000"},"cork":{"id":57192,"name":"Cork","latitude":"51.89797000","longitude":"-8.47061000"},"corkcity":{"id":57193,"name":"Cork City","latitude":"51.89755000","longitude":"-8.46773000"},"countycork":{"id":57195,"name":"County Cork","latitude":"51.96667000","longitude":"-8.58333000"},"countytipperary":{"id":57200,"name":"County Tipperary","latitude":"52.66667000","longitude":"-7.83333000"},"croom":{"id":57202,"name":"Croom","latitude":"52.51944000","longitude":"-8.71778000"},"crosshaven":{"id":57203,"name":"Crosshaven","latitude":"51.79833000","longitude":"-8.30083000"},"derry":{"id":57210,"name":"Derry","latitude":"51.58666000","longitude":"-9.05026000"},"dingle":{"id":57212,"name":"Dingle","latitude":"52.14083000","longitude":"-10.26889000"},"dungarvan":{"id":57229,"name":"Dungarvan","latitude":"52.08806000","longitude":"-7.62528000"},"dunmanway":{"id":57233,"name":"Dunmanway","latitude":"51.71667000","longitude":"-9.11667000"},"dunmoreeast":{"id":57234,"name":"Dunmore East","latitude":"52.15108000","longitude":"-6.99872000"},"ennis":{"id":57242,"name":"Ennis","latitude":"52.84361000","longitude":"-8.98639000"},"fermoy":{"id":57247,"name":"Fermoy","latitude":"52.13583000","longitude":"-8.27583000"},"fethard":{"id":57249,"name":"Fethard","latitude":"52.46722000","longitude":"-7.69111000"},"kanturk":{"id":57270,"name":"Kanturk","latitude":"52.16667000","longitude":"-8.90000000"},"kenmare":{"id":57272,"name":"Kenmare","latitude":"51.88333000","longitude":"-9.58333000"},"killaloe":{"id":57281,"name":"Killaloe","latitude":"52.80667000","longitude":"-8.44361000"},"killorglin":{"id":57283,"name":"Killorglin","latitude":"52.10000000","longitude":"-9.78333000"},"killumney":{"id":57284,"name":"Killumney","latitude":"51.87243000","longitude":"-8.64781000"},"kilmallock":{"id":57287,"name":"Kilmallock","latitude":"52.40000000","longitude":"-8.57722000"},"kilrush":{"id":57290,"name":"Kilrush","latitude":"52.63972000","longitude":"-9.48333000"},"kinsale":{"id":57295,"name":"Kinsale","latitude":"51.70750000","longitude":"-8.53056000"},"listowel":{"id":57304,"name":"Listowel","latitude":"52.44639000","longitude":"-9.48500000"},"luimneach":{"id":57312,"name":"Luimneach","latitude":"52.66472000","longitude":"-8.62306000"},"macroom":{"id":57315,"name":"Macroom","latitude":"51.90663000","longitude":"-8.96968000"},"mallow":{"id":57317,"name":"Mallow","latitude":"52.13333000","longitude":"-8.63333000"},"midleton":{"id":57322,"name":"Midleton","latitude":"51.91526000","longitude":"-8.18052000"},"millstreet":{"id":57323,"name":"Millstreet","latitude":"52.05935000","longitude":"-9.06031000"},"mitchelstown":{"id":57325,"name":"Mitchelstown","latitude":"52.26583000","longitude":"-8.26806000"},"moroe":{"id":57332,"name":"Moroe","latitude":"52.65111000","longitude":"-8.39611000"},"moyross":{"id":57338,"name":"Moyross","latitude":"52.68198000","longitude":"-8.63955000"},"nenagh":{"id":57343,"name":"Nenagh","latitude":"52.86194000","longitude":"-8.19667000"},"nenaghbridge":{"id":57344,"name":"Nenagh Bridge","latitude":"52.88167000","longitude":"-8.19583000"},"newcastlewest":{"id":57347,"name":"Newcastle West","latitude":"52.44917000","longitude":"-9.06111000"},"newmarketonfergus":{"id":57348,"name":"Newmarket on Fergus","latitude":"52.76000000","longitude":"-8.89556000"},"newport":{"id":57349,"name":"Newport","latitude":"52.71111000","longitude":"-8.40972000"},"passagewest":{"id":57359,"name":"Passage West","latitude":"51.87389000","longitude":"-8.34444000"},"portlaw":{"id":57363,"name":"Portlaw","latitude":"52.28833000","longitude":"-7.32056000"},"r\u00e1thluirc":{"id":57388,"name":"R\u00e1th Luirc","latitude":"52.35000000","longitude":"-8.68333000"},"rathcormac":{"id":57373,"name":"Rathcormac","latitude":"52.07694000","longitude":"-8.28194000"},"rathkeale":{"id":57377,"name":"Rathkeale","latitude":"52.52444000","longitude":"-8.93806000"},"roscrea":{"id":57386,"name":"Roscrea","latitude":"52.95111000","longitude":"-7.80167000"},"shannon":{"id":57395,"name":"Shannon","latitude":"52.70389000","longitude":"-8.86417000"},"sixmilebridge":{"id":57396,"name":"Sixmilebridge","latitude":"52.74139000","longitude":"-8.77417000"},"skibbereen":{"id":57398,"name":"Skibbereen","latitude":"51.55000000","longitude":"-9.26667000"},"templemore":{"id":57409,"name":"Templemore","latitude":"52.79472000","longitude":"-7.83389000"},"thurles":{"id":57414,"name":"Thurles","latitude":"52.68194000","longitude":"-7.80222000"},"tipperary":{"id":57415,"name":"Tipperary","latitude":"52.47333000","longitude":"-8.15583000"},"tower":{"id":57417,"name":"Tower","latitude":"51.92599000","longitude":"-8.60747000"},"tr\u00e1mh\u00f3r":{"id":57420,"name":"Tr\u00e1 Mh\u00f3r","latitude":"52.16235000","longitude":"-7.15244000"},"tralee":{"id":57418,"name":"Tralee","latitude":"52.27042000","longitude":"-9.70264000"},"waterford":{"id":57428,"name":"Waterford","latitude":"52.25833000","longitude":"-7.11194000"},"watergrasshill":{"id":57429,"name":"Watergrasshill","latitude":"52.01139000","longitude":"-8.34417000"},"whitegate":{"id":57431,"name":"Whitegate","latitude":"51.83056000","longitude":"-8.22972000"},"youghal":{"id":57433,"name":"Youghal","latitude":"51.95000000","longitude":"-7.85056000"}}},"offaly":{"id":1078,"name":"Offaly","state_code":"OY","latitude":"53.23568710","longitude":"-7.71222290","type":"county"},"roscommon":{"id":1081,"name":"Roscommon","state_code":"RN","latitude":"53.75926040","longitude":"-8.26816210","type":"county"},"sligo":{"id":1070,"name":"Sligo","state_code":"SO","latitude":"54.15532770","longitude":"-8.60645320","type":"county"},"tipperary":{"id":1069,"name":"Tipperary","state_code":"TA","latitude":"52.47378940","longitude":"-8.16185140","type":"county"},"ulster":{"id":1086,"name":"Ulster","state_code":"U","latitude":"54.76165550","longitude":"-6.96122730","type":"province","cities":{"ancabh\u00e1n":{"id":57066,"name":"An Cabh\u00e1n","latitude":"53.91667000","longitude":"-7.25000000"},"bailieborough":{"id":57088,"name":"Bailieborough","latitude":"53.91667000","longitude":"-6.96667000"},"ballybofey":{"id":57102,"name":"Ballybofey","latitude":"54.80000000","longitude":"-7.78333000"},"ballyconnell":{"id":57104,"name":"Ballyconnell","latitude":"54.11667000","longitude":"-7.58333000"},"ballyjamesduff":{"id":57108,"name":"Ballyjamesduff","latitude":"53.86528000","longitude":"-7.20278000"},"ballyshannon":{"id":57114,"name":"Ballyshannon","latitude":"54.50000000","longitude":"-8.18333000"},"belturbet":{"id":57124,"name":"Belturbet","latitude":"54.10000000","longitude":"-7.45000000"},"buncrana":{"id":57135,"name":"Buncrana","latitude":"55.13333000","longitude":"-7.45000000"},"bundoran":{"id":57136,"name":"Bundoran","latitude":"54.47782000","longitude":"-8.28094000"},"carndonagh":{"id":57145,"name":"Carndonagh","latitude":"55.25000000","longitude":"-7.26667000"},"carrickmacross":{"id":57149,"name":"Carrickmacross","latitude":"53.97278000","longitude":"-6.71889000"},"castleblayney":{"id":57155,"name":"Castleblayney","latitude":"54.11667000","longitude":"-6.73333000"},"cavan":{"id":57166,"name":"Cavan","latitude":"53.99083000","longitude":"-7.36056000"},"clones":{"id":57182,"name":"Clones","latitude":"54.18333000","longitude":"-7.23333000"},"convoy":{"id":57189,"name":"Convoy","latitude":"54.86083000","longitude":"-7.66556000"},"cootehill":{"id":57191,"name":"Cootehill","latitude":"54.07250000","longitude":"-7.08194000"},"countydonegal":{"id":57196,"name":"County Donegal","latitude":"54.91667000","longitude":"-8.00000000"},"countymonaghan":{"id":57199,"name":"County Monaghan","latitude":"54.25000000","longitude":"-7.00000000"},"derrybeg":{"id":57211,"name":"Derrybeg","latitude":"55.08333000","longitude":"-8.28944000"},"donegal":{"id":57216,"name":"Donegal","latitude":"54.65378000","longitude":"-8.11134000"},"dungloe":{"id":57230,"name":"Dungloe","latitude":"54.95111000","longitude":"-8.35917000"},"dunlewy":{"id":57232,"name":"Dunlewy","latitude":"55.01667000","longitude":"-8.10000000"},"gweedore":{"id":57264,"name":"Gweedore","latitude":"55.05028000","longitude":"-8.23194000"},"killybegs":{"id":57285,"name":"Killybegs","latitude":"54.63333000","longitude":"-8.45000000"},"kingscourt":{"id":57292,"name":"Kingscourt","latitude":"53.90806000","longitude":"-6.80556000"},"leifear":{"id":57301,"name":"Leifear","latitude":"54.83194000","longitude":"-7.48361000"},"letterkenny":{"id":57303,"name":"Letterkenny","latitude":"54.95000000","longitude":"-7.73333000"},"monaghan":{"id":57327,"name":"Monaghan","latitude":"54.25000000","longitude":"-6.96667000"},"moville":{"id":57336,"name":"Moville","latitude":"55.19153000","longitude":"-7.03873000"},"muff":{"id":57339,"name":"Muff","latitude":"55.06667000","longitude":"-7.26667000"},"mullagh":{"id":57340,"name":"Mullagh","latitude":"53.81306000","longitude":"-6.95139000"},"newtowncunningham":{"id":57350,"name":"Newtown Cunningham","latitude":"54.99639000","longitude":"-7.51917000"},"ramelton":{"id":57369,"name":"Ramelton","latitude":"55.03673000","longitude":"-7.64923000"},"raphoe":{"id":57370,"name":"Raphoe","latitude":"54.87472000","longitude":"-7.59833000"},"virginia":{"id":57427,"name":"Virginia","latitude":"53.83389000","longitude":"-7.07556000"}}},"waterford":{"id":1089,"name":"Waterford","state_code":"WD","latitude":"52.19435490","longitude":"-7.62275120","type":"county"},"westmeath":{"id":1097,"name":"Westmeath","state_code":"WH","latitude":"53.53453080","longitude":"-7.46532170","type":"county"},"wexford":{"id":1093,"name":"Wexford","state_code":"WX","latitude":"52.47936030","longitude":"-6.58399130","type":"county"},"wicklow":{"id":1085,"name":"Wicklow","state_code":"WW","latitude":"52.98623130","longitude":"-6.36725430","type":"county"}}}