{"id":8,"name":"Anguilla","iso3":"AIA","iso2":"AI","numeric_code":"660","phonecode":"1","capital":"The Valley","currency":"XCD","currency_name":"Eastern Caribbean dollar","currency_symbol":"$","tld":".ai","native":"Anguilla","region":"Americas","region_id":2,"subregion":"Caribbean","subregion_id":7,"nationality":"Anguillan","timezones":[{"zoneName":"America/Anguilla","gmtOffset":-14400,"gmtOffsetName":"UTC-04:00","abbreviation":"AST","tzName":"Atlantic Standard Time"}],"translations":{"ko":"\uc575\uadc8\ub77c","pt-BR":"Anguila","pt":"Anguila","nl":"Anguilla","hr":"Angvila","fa":"\u0622\u0646\u06af\u0648\u06cc\u0644\u0627","de":"Anguilla","es":"Anguilla","fr":"Anguilla","ja":"\u30a2\u30f3\u30ae\u30e9","it":"Anguilla","zh-CN":"\u5b89\u572d\u62c9","tr":"Anguilla","ru":"\u0410\u043d\u0433\u0438\u043b\u044c\u044f","uk":"\u0410\u043d\u0433\u0456\u043b\u044c\u044f","pl":"Anguilla"},"latitude":"18.25000000","longitude":"-63.16666666","emoji":"\ud83c\udde6\ud83c\uddee","emojiU":"U+1F1E6 U+1F1EE","states":{"blowingpoint":{"id":5273,"name":"Blowing Point","state_code":null,"latitude":"18.17655530","longitude":"-63.10212960","type":"district"},"eastend":{"id":5274,"name":"East End","state_code":null,"latitude":"18.23561730","longitude":"-63.01497150","type":"district"},"georgehill":{"id":5275,"name":"George Hill","state_code":null,"latitude":"18.19978110","longitude":"-63.07761140","type":"district"},"islandharbour":{"id":5276,"name":"Island Harbour","state_code":null,"latitude":"18.25521250","longitude":"-63.01405900","type":"district"},"northhill":{"id":5277,"name":"North Hill","state_code":null,"latitude":"18.20508630","longitude":"-63.08584570","type":"district"},"northside":{"id":5278,"name":"North Side","state_code":null,"latitude":"18.23005440","longitude":"-63.05188900","type":"district"},"sandyground":{"id":5279,"name":"Sandy Ground","state_code":null,"latitude":"18.20185510","longitude":"-63.09734710","type":"district"},"sandyhill":{"id":5280,"name":"Sandy Hill","state_code":null,"latitude":"18.21892100","longitude":"-63.01299160","type":"district"},"southhill":{"id":5281,"name":"South Hill","state_code":null,"latitude":"18.18924750","longitude":"-63.09763670","type":"district"},"stoneyground":{"id":5282,"name":"Stoney Ground","state_code":null,"latitude":"18.21791010","longitude":"-63.04969860","type":"district"},"thefarrington":{"id":5283,"name":"The Farrington","state_code":null,"latitude":"18.21347010","longitude":"-63.02721620","type":"district"},"thequarter":{"id":5284,"name":"The Quarter","state_code":null,"latitude":"18.21453340","longitude":"-63.05644890","type":"district"},"thevalley":{"id":5285,"name":"The Valley","state_code":null,"latitude":"18.21521660","longitude":"-63.07006280","type":"district"},"westend":{"id":5286,"name":"West End","state_code":null,"latitude":"18.17153940","longitude":"-63.17191270","type":"district"}}}