{"id":8,"name":"Anguilla","iso3":"AIA","iso2":"AI","numeric_code":"660","phone_code":"1","capital":"The Valley","currency":"XCD","currency_name":"East Caribbean dollar","currency_symbol":"$","tld":".ai","native":"Anguilla","region":"Americas","region_id":"2","subregion":"Caribbean","subregion_id":"7","nationality":"Anguillan","timezones":[{"zoneName":"America/Anguilla","gmtOffset":-14400,"gmtOffsetName":"UTC-04:00","abbreviation":"AST","tzName":"Atlantic Standard Time"}],"translations":{"kr":"\uc575\uadc8\ub77c","pt-BR":"Anguila","pt":"Anguila","nl":"Anguilla","hr":"Angvila","fa":"\u0622\u0646\u06af\u0648\u06cc\u0644\u0627","de":"Anguilla","es":"Anguilla","fr":"Anguilla","ja":"\u30a2\u30f3\u30ae\u30e9","it":"Anguilla","cn":"\u5b89\u572d\u62c9","tr":"Anguilla","ru":"\u0410\u043d\u0433\u0438\u043b\u044c\u044f","uk":"\u0410\u043d\u0433\u0456\u043b\u044c\u044f","pl":"Anguilla"},"latitude":"18.25000000","longitude":"-63.16666666","emoji":"\ud83c\udde6\ud83c\uddee","emojiU":"U+1F1E6 U+1F1EE"}