{"id":235,"name":"Uruguay","iso3":"URY","iso2":"UY","numeric_code":"858","phonecode":"598","capital":"Montevideo","currency":"UYU","currency_name":"Uruguayan peso","currency_symbol":"$","tld":".uy","native":"Uruguay","region":"Americas","region_id":2,"subregion":"South America","subregion_id":8,"nationality":"Uruguayan","timezones":[{"zoneName":"America/Montevideo","gmtOffset":-10800,"gmtOffsetName":"UTC-03:00","abbreviation":"UYT","tzName":"Uruguay Standard Time"}],"translations":{"ko":"\uc6b0\ub8e8\uacfc\uc774","pt-BR":"Uruguai","pt":"Uruguai","nl":"Uruguay","hr":"Urugvaj","fa":"\u0627\u0631\u0648\u06af\u0648\u0626\u0647","de":"Uruguay","es":"Uruguay","fr":"Uruguay","ja":"\u30a6\u30eb\u30b0\u30a2\u30a4","it":"Uruguay","zh-CN":"\u4e4c\u62c9\u572d","tr":"Uruguay","ru":"\u0423\u0440\u0443\u0433\u0432\u0430\u0439","uk":"\u0423\u0440\u0443\u0433\u0432\u0430\u0439","pl":"Urugwaj"},"latitude":"-33.00000000","longitude":"-56.00000000","emoji":"\ud83c\uddfa\ud83c\uddfe","emojiU":"U+1F1FA U+1F1FE","states":{"artigas":{"id":3205,"name":"Artigas","state_code":"AR","latitude":"-30.61751120","longitude":"-56.95945590","type":"department","cities":{"artigas":{"id":129777,"name":"Artigas","latitude":"-30.40000000","longitude":"-56.46667000"},"baltasarbrum":{"id":129779,"name":"Baltasar Brum","latitude":"-30.71905000","longitude":"-57.32596000"},"bellauni\u00f3n":{"id":129782,"name":"Bella Uni\u00f3n","latitude":"-30.25966000","longitude":"-57.59919000"},"laspiedras":{"id":129820,"name":"Las Piedras","latitude":"-30.26204000","longitude":"-57.58174000"},"tom\u00e1sgomensoro":{"id":129881,"name":"Tom\u00e1s Gomensoro","latitude":"-30.42870000","longitude":"-57.43609000"}}},"canelones":{"id":3213,"name":"Canelones","state_code":"CA","latitude":"-34.54087170","longitude":"-55.93076000","type":"department","cities":{"aguascorrientes":{"id":129774,"name":"Aguas Corrientes","latitude":"-34.52194000","longitude":"-56.39361000"},"atl\u00e1ntida":{"id":129778,"name":"Atl\u00e1ntida","latitude":"-34.77190000","longitude":"-55.75840000"},"barradecarrasco":{"id":129780,"name":"Barra de Carrasco","latitude":"-34.87722000","longitude":"-56.02972000"},"barrosblancos":{"id":129781,"name":"Barros Blancos","latitude":"-34.75240000","longitude":"-56.00259000"},"canelones":{"id":129785,"name":"Canelones","latitude":"-34.52278000","longitude":"-56.27778000"},"colonianicolich":{"id":129794,"name":"Colonia Nicolich","latitude":"-34.81516000","longitude":"-56.02435000"},"empalmeolmos":{"id":129802,"name":"Empalme Olmos","latitude":"-34.69753000","longitude":"-55.89268000"},"joaqu\u00ednsu\u00e1rez":{"id":129809,"name":"Joaqu\u00edn Su\u00e1rez","latitude":"-34.73501000","longitude":"-56.03470000"},"juanic\u00f3":{"id":129814,"name":"Juanic\u00f3","latitude":"-34.59454000","longitude":"-56.25334000"},"lafloresta":{"id":129815,"name":"La Floresta","latitude":"-34.75572000","longitude":"-55.68141000"},"lapaz":{"id":129818,"name":"La Paz","latitude":"-34.76031000","longitude":"-56.22590000"},"laspiedras":{"id":129819,"name":"Las Piedras","latitude":"-34.73020000","longitude":"-56.21915000"},"lastoscas":{"id":129821,"name":"Las Toscas","latitude":"-34.73333000","longitude":"-55.71667000"},"loscerrillos":{"id":129824,"name":"Los Cerrillos","latitude":"-34.60500000","longitude":"-56.35639000"},"migues":{"id":129829,"name":"Migues","latitude":"-34.48759000","longitude":"-55.62793000"},"montes":{"id":129832,"name":"Montes","latitude":"-34.49339000","longitude":"-55.56219000"},"pando":{"id":129841,"name":"Pando","latitude":"-34.71716000","longitude":"-55.95840000"},"pasodecarrasco":{"id":129842,"name":"Paso de Carrasco","latitude":"-34.86028000","longitude":"-56.05222000"},"progreso":{"id":129847,"name":"Progreso","latitude":"-34.66737000","longitude":"-56.21758000"},"sanantonio":{"id":129858,"name":"San Antonio","latitude":"-34.45130000","longitude":"-56.08036000"},"sanbautista":{"id":129859,"name":"San Bautista","latitude":"-34.44016000","longitude":"-55.95861000"},"sanjacinto":{"id":129862,"name":"San Jacinto","latitude":"-34.54465000","longitude":"-55.87151000"},"sanram\u00f3n":{"id":129865,"name":"San Ram\u00f3n","latitude":"-34.29155000","longitude":"-55.95571000"},"santaluc\u00eda":{"id":129869,"name":"Santa Luc\u00eda","latitude":"-34.45333000","longitude":"-56.39056000"},"santarosa":{"id":129870,"name":"Santa Rosa","latitude":"-34.49819000","longitude":"-56.03795000"},"sauce":{"id":129874,"name":"Sauce","latitude":"-34.65191000","longitude":"-56.06431000"},"soca":{"id":129875,"name":"Soca","latitude":"-34.68432000","longitude":"-55.70200000"},"tala":{"id":129878,"name":"Tala","latitude":"-34.34349000","longitude":"-55.76375000"},"toledo":{"id":129880,"name":"Toledo","latitude":"-34.73807000","longitude":"-56.09469000"}}},"cerrolargo":{"id":3211,"name":"Cerro Largo","state_code":"CL","latitude":"-32.44110320","longitude":"-54.35217530","type":"department","cities":{"acegu\u00e1":{"id":129773,"name":"Acegu\u00e1","latitude":"-31.87178000","longitude":"-54.16351000"},"isidoronobl\u00eda":{"id":129808,"name":"Isidoro Nobl\u00eda","latitude":"-31.96218000","longitude":"-54.12309000"},"melo":{"id":129827,"name":"Melo","latitude":"-32.37028000","longitude":"-54.16750000"},"r\u00edobranco":{"id":129856,"name":"R\u00edo Branco","latitude":"-32.59802000","longitude":"-53.38583000"},"tupamba\u00e9":{"id":129885,"name":"Tupamba\u00e9","latitude":"-32.83333000","longitude":"-54.76667000"}}},"colonia":{"id":3208,"name":"Colonia","state_code":"CO","latitude":"-34.12946780","longitude":"-57.66051840","type":"department","cities":{"carmelo":{"id":129789,"name":"Carmelo","latitude":"-34.00023000","longitude":"-58.28402000"},"coloniadelsacramento":{"id":129795,"name":"Colonia del Sacramento","latitude":"-34.46262000","longitude":"-57.83976000"},"florencios\u00e1nchez":{"id":129804,"name":"Florencio S\u00e1nchez","latitude":"-33.87785000","longitude":"-57.37166000"},"juanl.lacaze":{"id":129813,"name":"Juan L. Lacaze","latitude":"-34.41888000","longitude":"-57.45285000"},"nuevahelvecia":{"id":129834,"name":"Nueva Helvecia","latitude":"-34.30000000","longitude":"-57.23333000"},"nuevapalmira":{"id":129835,"name":"Nueva Palmira","latitude":"-33.87031000","longitude":"-58.41176000"},"omb\u00faesdelavalle":{"id":129837,"name":"Omb\u00faes de Lavalle","latitude":"-33.93783000","longitude":"-57.80959000"},"rosario":{"id":129855,"name":"Rosario","latitude":"-34.31667000","longitude":"-57.35000000"},"tarariras":{"id":129879,"name":"Tarariras","latitude":"-34.26555000","longitude":"-57.61866000"}}},"durazno":{"id":3209,"name":"Durazno","state_code":"DU","latitude":"-33.02324540","longitude":"-56.02846440","type":"department","cities":{"blanquillo":{"id":129784,"name":"Blanquillo","latitude":"-32.76667000","longitude":"-55.63333000"},"carlosreyles":{"id":129788,"name":"Carlos Reyles","latitude":"-33.05658000","longitude":"-56.47652000"},"durazno":{"id":129800,"name":"Durazno","latitude":"-33.38056000","longitude":"-56.52361000"},"lapaloma":{"id":129817,"name":"La Paloma","latitude":"-32.72689000","longitude":"-55.58270000"},"santabernardina":{"id":129866,"name":"Santa Bernardina","latitude":"-33.35360000","longitude":"-56.52498000"},"sarand\u00eddelyi":{"id":129873,"name":"Sarand\u00ed del Yi","latitude":"-33.35000000","longitude":"-55.63333000"},"villadelcarmen":{"id":129892,"name":"Villa del Carmen","latitude":"-33.23943000","longitude":"-56.00936000"}}},"flores":{"id":3203,"name":"Flores","state_code":"FS","latitude":"-33.57337530","longitude":"-56.89450280","type":"department","cities":{"trinidad":{"id":129884,"name":"Trinidad","latitude":"-33.51650000","longitude":"-56.89957000"}}},"florida":{"id":3217,"name":"Florida","state_code":"FD","latitude":"28.03594950","longitude":"-82.45792890","type":"department","cities":{"25deagosto":{"id":129771,"name":"25 de Agosto","latitude":"-34.41167000","longitude":"-56.40222000"},"25demayo":{"id":129772,"name":"25 de Mayo","latitude":"-34.18917000","longitude":"-56.33944000"},"alejandrogallinal":{"id":129776,"name":"Alejandro Gallinal","latitude":"-33.86252000","longitude":"-55.54264000"},"cardal":{"id":129786,"name":"Cardal","latitude":"-34.29056000","longitude":"-56.38889000"},"casup\u00e1":{"id":129791,"name":"Casup\u00e1","latitude":"-34.09994000","longitude":"-55.64811000"},"florida":{"id":129805,"name":"Florida","latitude":"-34.09556000","longitude":"-56.21417000"},"sarand\u00edgrande":{"id":129872,"name":"Sarand\u00ed Grande","latitude":"-33.73333000","longitude":"-56.33333000"}}},"lavalleja":{"id":3215,"name":"Lavalleja","state_code":"LA","latitude":"-33.92261750","longitude":"-54.97657940","type":"department","cities":{"jos\u00e9batlleyord\u00f3\u00f1ez":{"id":129810,"name":"Jos\u00e9 Batlle y Ord\u00f3\u00f1ez","latitude":"-33.46667000","longitude":"-55.11667000"},"jos\u00e9pedrovarela":{"id":129812,"name":"Jos\u00e9 Pedro Varela","latitude":"-33.45451000","longitude":"-54.53586000"},"mariscala":{"id":129826,"name":"Mariscala","latitude":"-34.04085000","longitude":"-54.77732000"},"minas":{"id":129830,"name":"Minas","latitude":"-34.37589000","longitude":"-55.23771000"},"sol\u00edsdemataojo":{"id":129876,"name":"Sol\u00eds de Mataojo","latitude":"-34.59951000","longitude":"-55.46808000"}}},"maldonado":{"id":3206,"name":"Maldonado","state_code":"MA","latitude":"-34.55979320","longitude":"-54.86285520","type":"department","cities":{"aigu\u00e1":{"id":129775,"name":"Aigu\u00e1","latitude":"-34.20498000","longitude":"-54.75665000"},"maldonado":{"id":129825,"name":"Maldonado","latitude":"-34.90000000","longitude":"-54.95000000"},"pandeaz\u00facar":{"id":129840,"name":"Pan de Az\u00facar","latitude":"-34.77870000","longitude":"-55.23582000"},"piri\u00e1polis":{"id":129846,"name":"Piri\u00e1polis","latitude":"-34.86287000","longitude":"-55.27471000"},"puntadeleste":{"id":129848,"name":"Punta del Este","latitude":"-34.94747000","longitude":"-54.93382000"},"sancarlos":{"id":129860,"name":"San Carlos","latitude":"-34.79123000","longitude":"-54.91824000"}}},"montevideo":{"id":3218,"name":"Montevideo","state_code":"MO","latitude":"-34.81815870","longitude":"-56.21382560","type":"department","cities":{"airespuros":{"id":153689,"name":"Aires Puros","latitude":"-34.85200000","longitude":"-56.18300000"},"arroyoseco":{"id":153690,"name":"Arroyo Seco","latitude":"-34.80400000","longitude":"-56.27700000"},"atahualpa":{"id":153691,"name":"Atahualpa","latitude":"-34.80900000","longitude":"-56.23000000"},"ba\u00f1adosdecarrasco":{"id":153692,"name":"Ba\u00f1ados de Carrasco","latitude":"-34.82100000","longitude":"-56.06700000"},"barradecarrasco":{"id":153693,"name":"Barra de Carrasco","latitude":"-34.88400000","longitude":"-56.04700000"},"barriosur":{"id":153694,"name":"Barrio Sur","latitude":"-34.90800000","longitude":"-56.19400000"},"bellaitalia":{"id":153695,"name":"Bella Italia","latitude":"-34.85600000","longitude":"-56.15500000"},"bellavista":{"id":149276,"name":"Bella Vista","latitude":"-34.87527778","longitude":"-56.18666667"},"belvedere":{"id":149277,"name":"Belvedere","latitude":"-34.85155556","longitude":"-56.21611111"},"buceo":{"id":149278,"name":"Buceo","latitude":"-34.90000000","longitude":"-56.13305556"},"capurro":{"id":153696,"name":"Capurro","latitude":"-34.90500000","longitude":"-56.21700000"},"carrasco":{"id":149280,"name":"Carrasco","latitude":"-34.88333333","longitude":"-56.06666667"},"carrasconorte":{"id":153697,"name":"Carrasco Norte","latitude":"-34.86800000","longitude":"-56.04300000"},"casab\u00f3":{"id":149281,"name":"Casab\u00f3","latitude":"-34.86388889","longitude":"-56.34111111"},"casavalle":{"id":153698,"name":"Casavalle","latitude":"-34.84300000","longitude":"-56.20300000"},"centro":{"id":149282,"name":"Centro","latitude":"-34.90361111","longitude":"-56.18833333"},"cerrito":{"id":153699,"name":"Cerrito","latitude":"-34.81500000","longitude":"-56.22500000"},"cerro":{"id":149307,"name":"Cerro","latitude":"-34.88444444","longitude":"-56.25138889"},"ciudadvieja":{"id":153700,"name":"Ciudad Vieja","latitude":"-34.90800000","longitude":"-56.20400000"},"col\u00f3n":{"id":153701,"name":"Col\u00f3n","latitude":"-34.86500000","longitude":"-56.18000000"},"conciliaci\u00f3n":{"id":149286,"name":"Conciliaci\u00f3n","latitude":"-34.82361111","longitude":"-56.23194444"},"cord\u00f3n":{"id":149287,"name":"Cord\u00f3n","latitude":"-34.90000000","longitude":"-56.17858333"},"flordemaro\u00f1as":{"id":149288,"name":"Flor de Maro\u00f1as","latitude":"-34.85055556","longitude":"-56.12472222"},"goes":{"id":153702,"name":"Goes","latitude":"-34.87500000","longitude":"-56.19200000"},"ituzaing\u00f3":{"id":149289,"name":"Ituzaing\u00f3","latitude":"-34.84750000","longitude":"-56.14361111"},"jacintovera":{"id":153703,"name":"Jacinto Vera","latitude":"-34.88300000","longitude":"-56.16600000"},"jardinesdelhip\u00f3dromo":{"id":153704,"name":"Jardines del Hip\u00f3dromo","latitude":"-34.88100000","longitude":"-56.15300000"},"lablanqueada":{"id":153705,"name":"La Blanqueada","latitude":"-34.89700000","longitude":"-56.18500000"},"lacomercial":{"id":153706,"name":"La Comercial","latitude":"-34.89400000","longitude":"-56.19700000"},"lafigurita":{"id":153707,"name":"La Figurita","latitude":"-34.88600000","longitude":"-56.20300000"},"lateja":{"id":153708,"name":"La Teja","latitude":"-34.86200000","longitude":"-56.23600000"},"launi\u00f3n":{"id":149290,"name":"La Uni\u00f3n","latitude":"-34.87861111","longitude":"-56.13583333"},"larra\u00f1aga":{"id":153709,"name":"Larra\u00f1aga","latitude":"-34.86100000","longitude":"-56.16300000"},"lasacacias":{"id":153710,"name":"Las Acacias","latitude":"-34.85500000","longitude":"-56.17000000"},"lezica":{"id":153711,"name":"Lezica","latitude":"-34.84600000","longitude":"-56.22300000"},"malv\u00edn":{"id":149291,"name":"Malv\u00edn","latitude":"-34.89352778","longitude":"-56.09994444"},"malv\u00ednnorte":{"id":153712,"name":"Malv\u00edn Norte","latitude":"-34.87800000","longitude":"-56.08300000"},"manga":{"id":149292,"name":"Manga","latitude":"-34.80722222","longitude":"-56.13805556"},"marconi":{"id":153713,"name":"Marconi","latitude":"-34.86200000","longitude":"-56.14700000"},"maro\u00f1as":{"id":149293,"name":"Maro\u00f1as","latitude":"-34.86338889","longitude":"-56.12963889"},"melilla":{"id":153714,"name":"Melilla","latitude":"-34.83700000","longitude":"-56.25900000"},"mercadomodelo":{"id":153715,"name":"Mercado Modelo","latitude":"-34.85600000","longitude":"-56.20200000"},"montevideo":{"id":129833,"name":"Montevideo","latitude":"-34.90328000","longitude":"-56.18816000"},"nuevopar\u00eds":{"id":149294,"name":"Nuevo Par\u00eds","latitude":"-34.83333333","longitude":"-56.25000000"},"pajasblancas":{"id":129838,"name":"Pajas Blancas","latitude":"-34.80167000","longitude":"-56.33417000"},"palermo":{"id":153716,"name":"Palermo","latitude":"-34.90300000","longitude":"-56.18200000"},"parquebatlle":{"id":153717,"name":"Parque Batlle","latitude":"-34.90000000","longitude":"-56.18000000"},"parquerod\u00f3":{"id":153718,"name":"Parque Rod\u00f3","latitude":"-34.90800000","longitude":"-56.17100000"},"pasodelaarena":{"id":153719,"name":"Paso de la Arena","latitude":"-34.86100000","longitude":"-56.23900000"},"pasomolino":{"id":149295,"name":"Paso Molino","latitude":"-34.85000000","longitude":"-56.21666667"},"pe\u00f1arol":{"id":149296,"name":"Pe\u00f1arol","latitude":"-34.82519444","longitude":"-56.19916667"},"perezcastellanos":{"id":153720,"name":"Perez Castellanos","latitude":"-34.84300000","longitude":"-56.21300000"},"piedrasblancas":{"id":149297,"name":"Piedras Blancas","latitude":"-34.82361111","longitude":"-56.14027778"},"pocitos":{"id":149298,"name":"Pocitos","latitude":"-34.90833333","longitude":"-56.15000000"},"prado":{"id":153721,"name":"Prado","latitude":"-34.85600000","longitude":"-56.20400000"},"puntacarretas":{"id":149299,"name":"Punta Carretas","latitude":"-34.92188889","longitude":"-56.15944444"},"puntaderieles":{"id":153723,"name":"Punta de Rieles","latitude":"-34.84700000","longitude":"-56.25200000"},"puntaespinillo":{"id":153722,"name":"Punta Espinillo","latitude":"-34.83500000","longitude":"-56.28600000"},"puntagorda":{"id":149300,"name":"Punta Gorda","latitude":"-34.88647222","longitude":"-56.08983333"},"reducto":{"id":149301,"name":"Reducto","latitude":"-34.87831944","longitude":"-56.18957778"},"santiagov\u00e1zquez":{"id":129871,"name":"Santiago V\u00e1zquez","latitude":"-34.79028000","longitude":"-56.35000000"},"sayago":{"id":149302,"name":"Sayago","latitude":"-34.83583333","longitude":"-56.21250000"},"trescruces":{"id":149303,"name":"Tres Cruces","latitude":"-34.89583333","longitude":"-56.16805556"},"tresombues":{"id":153724,"name":"Tres Ombues","latitude":"-34.76600000","longitude":"-56.33000000"},"villaespa\u00f1ola":{"id":149304,"name":"Villa Espa\u00f1ola","latitude":"-34.86388889","longitude":"-56.14472222"},"villagarc\u00eda":{"id":149305,"name":"Villa Garc\u00eda","latitude":"-34.78111000","longitude":"-56.05333000"},"villamu\u00f1oz":{"id":149306,"name":"Villa Mu\u00f1oz","latitude":"-34.88781389","longitude":"-56.17701389"}}},"paysand\u00fa":{"id":3212,"name":"Paysand\u00fa","state_code":"PA","latitude":"-32.06673660","longitude":"-57.33647890","type":"department","cities":{"estaci\u00f3nporvenir":{"id":129803,"name":"Estaci\u00f3n Porvenir","latitude":"-32.37085000","longitude":"-57.85371000"},"guich\u00f3n":{"id":129807,"name":"Guich\u00f3n","latitude":"-32.35846000","longitude":"-57.19778000"},"paysand\u00fa":{"id":129844,"name":"Paysand\u00fa","latitude":"-32.31710000","longitude":"-58.08072000"},"piedrascoloradas":{"id":129845,"name":"Piedras Coloradas","latitude":"-32.37183000","longitude":"-57.60901000"},"quebracho":{"id":129850,"name":"Quebracho","latitude":"-31.93526000","longitude":"-57.90140000"},"sanf\u00e9lix":{"id":129861,"name":"San F\u00e9lix","latitude":"-32.34631000","longitude":"-58.10094000"}}},"r\u00edonegro":{"id":3210,"name":"R\u00edo Negro","state_code":"RN","latitude":"-32.76763560","longitude":"-57.42952070","type":"department","cities":{"fraybentos":{"id":129806,"name":"Fray Bentos","latitude":"-33.11651000","longitude":"-58.31067000"},"nuevoberl\u00edn":{"id":129836,"name":"Nuevo Berl\u00edn","latitude":"-32.97974000","longitude":"-58.05858000"},"sanjavier":{"id":129863,"name":"San Javier","latitude":"-32.66523000","longitude":"-58.13320000"},"young":{"id":129893,"name":"Young","latitude":"-32.69844000","longitude":"-57.62693000"}}},"rivera":{"id":3207,"name":"Rivera","state_code":"RV","latitude":"-31.48174210","longitude":"-55.24357590","type":"department","cities":{"minasdecorrales":{"id":129831,"name":"Minas de Corrales","latitude":"-31.57375000","longitude":"-55.47075000"},"rivera":{"id":129852,"name":"Rivera","latitude":"-30.90534000","longitude":"-55.55076000"},"tranqueras":{"id":129882,"name":"Tranqueras","latitude":"-31.20000000","longitude":"-55.75000000"},"vichadero":{"id":129888,"name":"Vichadero","latitude":"-31.77794000","longitude":"-54.69183000"}}},"rocha":{"id":3216,"name":"Rocha","state_code":"RO","latitude":"-33.96900810","longitude":"-54.02148500","type":"department","cities":{"castillos":{"id":129790,"name":"Castillos","latitude":"-34.19871000","longitude":"-53.85919000"},"cebollat\u00ed":{"id":129792,"name":"Cebollat\u00ed","latitude":"-33.26703000","longitude":"-53.79425000"},"chui":{"id":129793,"name":"Chui","latitude":"-33.69792000","longitude":"-53.45926000"},"dieciochodejulio":{"id":129798,"name":"Dieciocho de Julio","latitude":"-33.68216000","longitude":"-53.55325000"},"lapaloma":{"id":129816,"name":"La Paloma","latitude":"-34.66268000","longitude":"-54.16452000"},"lascano":{"id":129822,"name":"Lascano","latitude":"-33.67235000","longitude":"-54.20650000"},"rocha":{"id":129853,"name":"Rocha","latitude":"-34.48333000","longitude":"-54.33333000"},"vel\u00e1zquez":{"id":129886,"name":"Vel\u00e1zquez","latitude":"-34.03631000","longitude":"-54.28054000"}}},"salto":{"id":3220,"name":"Salto","state_code":"SA","latitude":"-31.38802800","longitude":"-57.96124550","type":"department","cities":{"bel\u00e9n":{"id":129783,"name":"Bel\u00e9n","latitude":"-30.78716000","longitude":"-57.77577000"},"salto":{"id":129857,"name":"Salto","latitude":"-31.38333000","longitude":"-57.96667000"},"villaconstituci\u00f3n":{"id":129889,"name":"Villa Constituci\u00f3n","latitude":"-31.06913000","longitude":"-57.84946000"}}},"sanjos\u00e9":{"id":3204,"name":"San Jos\u00e9","state_code":"SJ","latitude":"37.34929680","longitude":"-121.90560490","type":"department","cities":{"deltadeltigre":{"id":129797,"name":"Delta del Tigre","latitude":"-34.76488000","longitude":"-56.36450000"},"ecildapaullier":{"id":129801,"name":"Ecilda Paullier","latitude":"-34.35778000","longitude":"-57.04883000"},"libertad":{"id":129823,"name":"Libertad","latitude":"-34.63459000","longitude":"-56.61739000"},"puntasdevald\u00e9z":{"id":129849,"name":"Puntas de Vald\u00e9z","latitude":"-34.58550000","longitude":"-56.70097000"},"rafaelperazza":{"id":129851,"name":"Rafael Perazza","latitude":"-34.52335000","longitude":"-56.79710000"},"rodr\u00edguez":{"id":129854,"name":"Rodr\u00edguez","latitude":"-34.38100000","longitude":"-56.53797000"},"sanjos\u00e9demayo":{"id":129864,"name":"San Jos\u00e9 de Mayo","latitude":"-34.33750000","longitude":"-56.71361000"}}},"soriano":{"id":3219,"name":"Soriano","state_code":"SO","latitude":"-33.51027920","longitude":"-57.74981030","type":"department","cities":{"cardona":{"id":129787,"name":"Cardona","latitude":"-33.87049000","longitude":"-57.36954000"},"dolores":{"id":129799,"name":"Dolores","latitude":"-33.53009000","longitude":"-58.21701000"},"jos\u00e9enriquerod\u00f3":{"id":129811,"name":"Jos\u00e9 Enrique Rod\u00f3","latitude":"-33.69618000","longitude":"-57.53153000"},"mercedes":{"id":129828,"name":"Mercedes","latitude":"-33.25240000","longitude":"-58.03047000"},"palmitas":{"id":129839,"name":"Palmitas","latitude":"-33.50719000","longitude":"-57.80079000"},"santacatalina":{"id":129867,"name":"Santa Catalina","latitude":"-33.79100000","longitude":"-57.48824000"},"villasoriano":{"id":129891,"name":"Villa Soriano","latitude":"-33.39811000","longitude":"-58.32177000"}}},"tacuaremb\u00f3":{"id":3221,"name":"Tacuaremb\u00f3","state_code":"TA","latitude":"-31.72068370","longitude":"-55.98598870","type":"department","cities":{"curtina":{"id":129796,"name":"Curtina","latitude":"-32.15000000","longitude":"-56.11667000"},"pasodelostoros":{"id":129843,"name":"Paso de los Toros","latitude":"-32.81667000","longitude":"-56.51667000"},"tacuaremb\u00f3":{"id":129877,"name":"Tacuaremb\u00f3","latitude":"-31.71694000","longitude":"-55.98111000"}}},"treintaytres":{"id":3214,"name":"Treinta y Tres","state_code":"TT","latitude":"-33.06850860","longitude":"-54.28586270","type":"department","cities":{"santaclaradeolimar":{"id":129868,"name":"Santa Clara de Olimar","latitude":"-32.92254000","longitude":"-54.94447000"},"treintaytres":{"id":129883,"name":"Treinta y Tres","latitude":"-33.23333000","longitude":"-54.38333000"},"vergara":{"id":129887,"name":"Vergara","latitude":"-32.94419000","longitude":"-53.93810000"},"villasara":{"id":129890,"name":"Villa Sara","latitude":"-33.25340000","longitude":"-54.41947000"}}}}}