{"id":81,"name":"Georgia","iso3":"GEO","iso2":"GE","numeric_code":"268","phone_code":"995","capital":"Tbilisi","currency":"GEL","currency_name":"Georgian lari","currency_symbol":"\u10da","tld":".ge","native":"\u10e1\u10d0\u10e5\u10d0\u10e0\u10d7\u10d5\u10d4\u10da\u10dd","region":"Asia","region_id":3,"subregion":"Western Asia","subregion_id":11,"nationality":"Georgian","timezones":[{"zoneName":"Asia/Tbilisi","gmtOffset":14400,"gmtOffsetName":"UTC+04:00","abbreviation":"GET","tzName":"Georgia Standard Time"}],"translations":{"ko":"\uc870\uc9c0\uc544","pt-BR":"Ge\u00f3rgia","pt":"Ge\u00f3rgia","nl":"Georgi\u00eb","hr":"Gruzija","fa":"\u06af\u0631\u062c\u0633\u062a\u0627\u0646","de":"Georgien","es":"Georgia","fr":"G\u00e9orgie","ja":"\u30b0\u30eb\u30b8\u30a2","it":"Georgia","zh-CN":"\u683c\u9c81\u5409\u4e9a","tr":"G\u00fcrcistan","ru":"\u0414\u0436\u043e\u0440\u0434\u0436\u0438\u044f","uk":"\u0413\u0440\u0443\u0437\u0456\u044f","pl":"Gruzja"},"latitude":"42.00000000","longitude":"43.50000000","emoji":"\ud83c\uddec\ud83c\uddea","emojiU":"U+1F1EC U+1F1EA","states":{"abkhazia":{"id":901,"name":"Abkhazia","state_code":"AB","latitude":"43.00155440","longitude":"41.02340700","type":null,"cities":{"bich\u2019vinta":{"id":52054,"name":"Bich\u2019vinta","latitude":"43.16197000","longitude":"40.34102000"},"dranda":{"id":52063,"name":"Dranda","latitude":"42.87167000","longitude":"41.15333000"},"gagra":{"id":52065,"name":"Gagra","latitude":"43.27858000","longitude":"40.27124000"},"gali":{"id":52066,"name":"Gali","latitude":"42.62655000","longitude":"41.73808000"},"gantiadi":{"id":52067,"name":"Gantiadi","latitude":"43.38111000","longitude":"40.07944000"},"gudauta":{"id":52073,"name":"Gudauta","latitude":"43.10547000","longitude":"40.62067000"},"kelasuri":{"id":52078,"name":"Kelasuri","latitude":"42.97877000","longitude":"41.07067000"},"och\u2019amch\u2019ire":{"id":52105,"name":"Och\u2019amch\u2019ire","latitude":"42.71232000","longitude":"41.46863000"},"p\u2019rimorsk\u2019oe":{"id":52111,"name":"P\u2019rimorsk\u2019oe","latitude":"43.09236000","longitude":"40.69650000"},"sokhumi":{"id":52122,"name":"Sokhumi","latitude":"43.00697000","longitude":"40.98930000"},"stantsiyanovyyafon":{"id":52123,"name":"Stantsiya Novyy Afon","latitude":"43.08056000","longitude":"40.83833000"},"tqvarch\u0027eli":{"id":52130,"name":"Tqvarch\u0027eli","latitude":"42.84035000","longitude":"41.68007000"}}},"adjara":{"id":900,"name":"Adjara","state_code":"AJ","latitude":"41.60056260","longitude":"42.06883830","type":null,"cities":{"akhaldaba":{"id":52040,"name":"Akhaldaba","latitude":"41.65395000","longitude":"42.15163000"},"batumi":{"id":52053,"name":"Batumi","latitude":"41.64228000","longitude":"41.63392000"},"chakvi":{"id":52058,"name":"Chakvi","latitude":"41.72528000","longitude":"41.73278000"},"dioknisi":{"id":52061,"name":"Dioknisi","latitude":"41.62933000","longitude":"42.39171000"},"khelvachauri":{"id":52081,"name":"Khelvachauri","latitude":"41.58556000","longitude":"41.66889000"},"khulo":{"id":52084,"name":"Khulo","latitude":"41.64353000","longitude":"42.30397000"},"kobuleti":{"id":52085,"name":"Kobuleti","latitude":"41.82143000","longitude":"41.77921000"},"makhinjauri":{"id":52093,"name":"Makhinjauri","latitude":"41.67385000","longitude":"41.69401000"},"ochkhamuri":{"id":52104,"name":"Ochkhamuri","latitude":"41.85975000","longitude":"41.85309000"},"shuakhevi":{"id":52119,"name":"Shuakhevi","latitude":"41.63000000","longitude":"42.19083000"},"tsikhisdziri":{"id":52134,"name":"Tsikhisdziri","latitude":"41.76659000","longitude":"41.75517000"}}},"guria":{"id":907,"name":"Guria","state_code":"GU","latitude":"41.94427360","longitude":"42.04580910","type":null,"cities":{"lanchkhuti":{"id":52091,"name":"Lanchkhuti","latitude":"42.09027000","longitude":"42.03239000"},"naruja":{"id":52102,"name":"Naruja","latitude":"41.90694000","longitude":"41.95417000"},"ozurgeti":{"id":52108,"name":"Ozurgeti","latitude":"41.92442000","longitude":"42.00682000"},"urek\u2019i":{"id":52141,"name":"Urek\u2019i","latitude":"41.99556000","longitude":"41.77861000"}}},"imereti":{"id":905,"name":"Imereti","state_code":"IM","latitude":"42.23010800","longitude":"42.90086640","type":null,"cities":{"baghdatismunitsip\u2019alit\u2019et\u2019i":{"id":52051,"name":"Baghdatis Munitsip\u2019alit\u2019et\u2019i","latitude":"42.00000000","longitude":"42.90000000"},"chiat\u2019ura":{"id":52059,"name":"Chiat\u2019ura","latitude":"42.29806000","longitude":"43.29889000"},"k\u2019alak\u2019ichiat\u2019ura":{"id":52088,"name":"K\u2019alak\u2019i Chiat\u2019ura","latitude":"42.28333000","longitude":"43.25000000"},"k\u2019ulashi":{"id":52089,"name":"K\u2019ulashi","latitude":"42.20405000","longitude":"42.34289000"},"kharagauli":{"id":52079,"name":"Kharagauli","latitude":"42.02137000","longitude":"43.19773000"},"khoni":{"id":52083,"name":"Khoni","latitude":"42.32260000","longitude":"42.42061000"},"kutaisi":{"id":52086,"name":"Kutaisi","latitude":"42.26791000","longitude":"42.69459000"},"sach\u2019khere":{"id":52114,"name":"Sach\u2019khere","latitude":"42.34528000","longitude":"43.41944000"},"samtredia":{"id":52116,"name":"Samtredia","latitude":"42.15370000","longitude":"42.33517000"},"shorapani":{"id":52118,"name":"Shorapani","latitude":"42.08980000","longitude":"43.08662000"},"tqibuli":{"id":52129,"name":"Tqibuli","latitude":"42.35121000","longitude":"42.99874000"},"tsqaltubo":{"id":52137,"name":"Tsqaltubo","latitude":"42.34129000","longitude":"42.59760000"},"vani":{"id":52143,"name":"Vani","latitude":"42.08320000","longitude":"42.52163000"},"zestap\u2019oni":{"id":52144,"name":"Zestap\u2019oni","latitude":"42.11000000","longitude":"43.05250000"}}},"kakheti":{"id":910,"name":"Kakheti","state_code":"KA","latitude":"41.64816020","longitude":"45.69055540","type":null,"cities":{"akhmet\u2019a":{"id":52045,"name":"Akhmet\u2019a","latitude":"42.03111000","longitude":"45.20750000"},"akhmet\u2019ismunitsip\u2019alit\u2019et\u2019i":{"id":52046,"name":"Akhmet\u2019is Munitsip\u2019alit\u2019et\u2019i","latitude":"42.25000000","longitude":"45.33333000"},"gurjaani":{"id":52074,"name":"Gurjaani","latitude":"41.74292000","longitude":"45.80111000"},"lagodekhi":{"id":52090,"name":"Lagodekhi","latitude":"41.82681000","longitude":"46.27667000"},"qvareli":{"id":52112,"name":"Qvareli","latitude":"41.95493000","longitude":"45.81716000"},"sagarejo":{"id":52115,"name":"Sagarejo","latitude":"41.73397000","longitude":"45.33149000"},"sighnaghi":{"id":52120,"name":"Sighnaghi","latitude":"41.62046000","longitude":"45.92198000"},"sighnaghismunitsip\u2019alit\u2019et\u2019i":{"id":52121,"name":"Sighnaghis Munitsip\u2019alit\u2019et\u2019i","latitude":"41.56667000","longitude":"45.85000000"},"telavi":{"id":52127,"name":"Telavi","latitude":"41.91978000","longitude":"45.47315000"},"tsinandali":{"id":52135,"name":"Tsinandali","latitude":"41.89315000","longitude":"45.57129000"},"tsnori":{"id":52136,"name":"Tsnori","latitude":"41.62088000","longitude":"45.96943000"}}},"khelvachaurimunicipality":{"id":897,"name":"Khelvachauri Municipality","state_code":"29","latitude":"41.58019260","longitude":"41.66107420","type":null},"kvemokartli":{"id":904,"name":"Kvemo Kartli","state_code":"KK","latitude":"41.47918330","longitude":"44.65604510","type":null,"cities":{"bolnisi":{"id":52055,"name":"Bolnisi","latitude":"41.44794000","longitude":"44.53838000"},"bolnisismunitsip\u2019alit\u2019et\u2019i":{"id":52056,"name":"Bolnisis Munitsip\u2019alit\u2019et\u2019i","latitude":"41.36667000","longitude":"44.51667000"},"didililo":{"id":52060,"name":"Didi Lilo","latitude":"41.73611000","longitude":"44.96472000"},"dmanisismunitsip\u2019alit\u2019et\u2019i":{"id":52062,"name":"Dmanisis Munitsip\u2019alit\u2019et\u2019i","latitude":"41.35000000","longitude":"44.13333000"},"gardabani":{"id":52068,"name":"Gardabani","latitude":"41.46054000","longitude":"45.09283000"},"gardabnismunitsip\u2019alit\u2019et\u2019i":{"id":52069,"name":"Gardabnis Munitsip\u2019alit\u2019et\u2019i","latitude":"41.61667000","longitude":"45.00000000"},"manglisi":{"id":52094,"name":"Manglisi","latitude":"41.69698000","longitude":"44.38448000"},"marneuli":{"id":52095,"name":"Marneuli","latitude":"41.47588000","longitude":"44.80895000"},"marneulismunitsip\u2019alit\u2019et\u2019i":{"id":52096,"name":"Marneulis Munitsip\u2019alit\u2019et\u2019i","latitude":"41.38333000","longitude":"44.85000000"},"naghvarevi":{"id":52101,"name":"Naghvarevi","latitude":"41.35272000","longitude":"44.76178000"},"rust\u2019avi":{"id":52113,"name":"Rust\u2019avi","latitude":"41.54949000","longitude":"44.99323000"},"t\u2019et\u2019ritsqaro":{"id":52140,"name":"T\u2019et\u2019ri Tsqaro","latitude":"41.54448000","longitude":"44.46153000"},"tetrits\u2019q\u2019alosmunitsip\u2019alit\u2019et\u2019i":{"id":52128,"name":"Tetrits\u2019q\u2019alos Munitsip\u2019alit\u2019et\u2019i","latitude":"41.60000000","longitude":"44.50000000"},"ts\u2019alk\u2019ismunitsip\u2019alit\u2019et\u2019i":{"id":52138,"name":"Ts\u2019alk\u2019is Munitsip\u2019alit\u2019et\u2019i","latitude":"41.63333000","longitude":"43.96667000"},"tsalka":{"id":52133,"name":"Tsalka","latitude":"41.59460000","longitude":"44.08909000"}}},"mtskheta-mtianeti":{"id":902,"name":"Mtskheta-Mtianeti","state_code":"MM","latitude":"42.16821850","longitude":"44.65060580","type":null,"cities":{"akhalgori":{"id":52041,"name":"Akhalgori","latitude":"42.12597000","longitude":"44.48333000"},"dzegvi":{"id":52064,"name":"Dzegvi","latitude":"41.84569000","longitude":"44.60097000"},"gudauri":{"id":52072,"name":"Gudauri","latitude":"42.47797000","longitude":"44.47616000"},"java":{"id":52075,"name":"Java","latitude":"42.39972000","longitude":"43.93667000"},"mtskheta":{"id":52100,"name":"Mtskheta","latitude":"41.84514000","longitude":"44.71875000"},"p\u2019asanauri":{"id":52109,"name":"P\u2019asanauri","latitude":"42.35060000","longitude":"44.68912000"},"step\u2019antsminda":{"id":52124,"name":"Step\u2019antsminda","latitude":"42.65667000","longitude":"44.64333000"},"zhinvali":{"id":52145,"name":"Zhinvali","latitude":"42.13181000","longitude":"44.77264000"}}},"racha-lechkhumiandkvemosvaneti":{"id":909,"name":"Racha-Lechkhumi and Kvemo Svaneti","state_code":"RL","latitude":"42.67188730","longitude":"43.05628360","type":null,"cities":{"ambrolauri":{"id":52047,"name":"Ambrolauri","latitude":"42.52111000","longitude":"43.16222000"},"ambrolaurismunitsip\u2019alit\u2019et\u2019i":{"id":52048,"name":"Ambrolauris Munitsip\u2019alit\u2019et\u2019i","latitude":"42.56667000","longitude":"43.10000000"},"lent\u2019ekhi":{"id":52092,"name":"Lent\u2019ekhi","latitude":"42.78893000","longitude":"42.72226000"},"oni":{"id":52106,"name":"Oni","latitude":"42.57944000","longitude":"43.44250000"}}},"samegrelo-zemosvaneti":{"id":908,"name":"Samegrelo-Zemo Svaneti","state_code":"SZ","latitude":"42.73522470","longitude":"42.16893620","type":null,"cities":{"abasha":{"id":52035,"name":"Abasha","latitude":"42.20000000","longitude":"42.20000000"},"jvari":{"id":52076,"name":"Jvari","latitude":"42.71693000","longitude":"42.05200000"},"khobi":{"id":52082,"name":"Khobi","latitude":"42.31558000","longitude":"41.89871000"},"kvedachkhorots\u2019q\u2019u":{"id":52087,"name":"Kveda Chkhorots\u2019q\u2019u","latitude":"42.48103000","longitude":"42.09661000"},"mart\u2019vili":{"id":52097,"name":"Mart\u2019vili","latitude":"42.41436000","longitude":"42.37924000"},"mest\u2019ia":{"id":52098,"name":"Mest\u2019ia","latitude":"43.04581000","longitude":"42.72780000"},"mest\u2019iismunitsip\u2019alit\u2019et\u2019i":{"id":52099,"name":"Mest\u2019iis Munitsip\u2019alit\u2019et\u2019i","latitude":"43.05000000","longitude":"42.55000000"},"orsant\u2019ia":{"id":52107,"name":"Orsant\u2019ia","latitude":"42.46777000","longitude":"41.67377000"},"p\u2019ot\u2019i":{"id":52110,"name":"P\u2019ot\u2019i","latitude":"42.14616000","longitude":"41.67197000"},"senak\u2019i":{"id":52117,"name":"Senak\u2019i","latitude":"42.27042000","longitude":"42.06750000"},"tsalenjikha":{"id":52132,"name":"Tsalenjikha","latitude":"42.60444000","longitude":"42.06825000"},"zugdidi":{"id":52146,"name":"Zugdidi","latitude":"42.50880000","longitude":"41.87088000"}}},"samtskhe-javakheti":{"id":906,"name":"Samtskhe-Javakheti","state_code":"SJ","latitude":"41.54792960","longitude":"43.27764000","type":null,"cities":{"adigeni":{"id":52036,"name":"Adigeni","latitude":"41.68191000","longitude":"42.69867000"},"adigenimunicipality":{"id":52037,"name":"Adigeni Municipality","latitude":"41.71667000","longitude":"42.73333000"},"akhaldaba":{"id":52039,"name":"Akhaldaba","latitude":"41.92945000","longitude":"43.48762000"},"akhalk\u2019alak\u2019i":{"id":52042,"name":"Akhalk\u2019alak\u2019i","latitude":"41.40514000","longitude":"43.48629000"},"akhaltsikhe":{"id":52043,"name":"Akhaltsikhe","latitude":"41.63901000","longitude":"42.98262000"},"akhaltsikhismunitsip\u2019alit\u2019et\u2019i":{"id":52044,"name":"Akhaltsikhis Munitsip\u2019alit\u2019et\u2019i","latitude":"41.63333000","longitude":"43.00000000"},"asp\u2019indzismunitsip\u2019alit\u2019et\u2019i":{"id":52050,"name":"Asp\u2019indzis Munitsip\u2019alit\u2019et\u2019i","latitude":"41.50000000","longitude":"43.25000000"},"aspindza":{"id":52049,"name":"Aspindza","latitude":"41.57389000","longitude":"43.24826000"},"bakuriani":{"id":52052,"name":"Bakuriani","latitude":"41.74972000","longitude":"43.53250000"},"borjomi":{"id":52057,"name":"Borjomi","latitude":"41.85272000","longitude":"43.41284000"},"ninotsminda":{"id":52103,"name":"Ninotsminda","latitude":"41.26458000","longitude":"43.59161000"},"tsaghveri":{"id":52131,"name":"Tsaghveri","latitude":"41.80365000","longitude":"43.48194000"},"vale":{"id":52142,"name":"Vale","latitude":"41.61558000","longitude":"42.87224000"}}},"senakimunicipality":{"id":898,"name":"Senaki Municipality","state_code":"50","latitude":"42.26963600","longitude":"42.06568960","type":null},"shidakartli":{"id":903,"name":"Shida Kartli","state_code":"SK","latitude":"42.07569440","longitude":"43.95404620","type":null,"cities":{"agara":{"id":52038,"name":"Agara","latitude":"42.03761000","longitude":"43.82382000"},"gori":{"id":52070,"name":"Gori","latitude":"41.98422000","longitude":"44.11578000"},"gorismunitsip\u2019alit\u2019et\u2019i":{"id":52071,"name":"Goris Munitsip\u2019alit\u2019et\u2019i","latitude":"42.06667000","longitude":"44.11667000"},"kaspi":{"id":52077,"name":"Kaspi","latitude":"41.92520000","longitude":"44.42568000"},"khashuri":{"id":52080,"name":"Khashuri","latitude":"41.99414000","longitude":"43.59994000"},"surami":{"id":52125,"name":"Surami","latitude":"42.02431000","longitude":"43.55556000"},"ts\u2019khinvali":{"id":52139,"name":"Ts\u2019khinvali","latitude":"42.22764000","longitude":"43.96861000"}}},"tbilisi":{"id":899,"name":"Tbilisi","state_code":"TB","latitude":"41.71513770","longitude":"44.82709600","type":null,"cities":{"tbilisi":{"id":52126,"name":"Tbilisi","latitude":"41.69411000","longitude":"44.83368000"}}}}}