{"id":62,"name":"Dominican Republic","iso3":"DOM","iso2":"DO","numeric_code":"214","phone_code":"1-809 and 1-829","capital":"Santo Domingo","currency":"DOP","currency_name":"Dominican peso","currency_symbol":"$","tld":".do","native":"Rep\u00fablica Dominicana","region":"Americas","region_id":"2","subregion":"Caribbean","subregion_id":"7","nationality":"Dominican","timezones":[{"zoneName":"America/Santo_Domingo","gmtOffset":-14400,"gmtOffsetName":"UTC-04:00","abbreviation":"AST","tzName":"Atlantic Standard Time"}],"translations":{"kr":"\ub3c4\ubbf8\ub2c8\uce74 \uacf5\ud654\uad6d","pt-BR":"Rep\u00fablica Dominicana","pt":"Rep\u00fablica Dominicana","nl":"Dominicaanse Republiek","hr":"Dominikanska Republika","fa":"\u062c\u0645\u0647\u0648\u0631\u06cc \u062f\u0648\u0645\u06cc\u0646\u06cc\u06a9\u0646","de":"Dominikanische Republik","es":"Rep\u00fablica Dominicana","fr":"R\u00e9publique dominicaine","ja":"\u30c9\u30df\u30cb\u30ab\u5171\u548c\u56fd","it":"Repubblica Dominicana","cn":"\u591a\u660e\u5c3c\u52a0\u5171\u548c\u56fd","tr":"Dominik Cumhuriyeti"},"latitude":"19.00000000","longitude":"-70.66666666","emoji":"\ud83c\udde9\ud83c\uddf4","emojiU":"U+1F1E9 U+1F1F4","states":{"azuaprovince":{"id":4114,"name":"Azua Province","state_code":"02","latitude":"18.45527090","longitude":"-70.73809280","type":null,"cities":{"azua":{"id":31024,"name":"Azua","latitude":"18.45319000","longitude":"-70.73490000"},"elguayabal":{"id":31060,"name":"El Guayabal","latitude":"18.74960000","longitude":"-70.83690000"},"esteban\u00eda":{"id":31070,"name":"Esteban\u00eda","latitude":"18.45770000","longitude":"-70.64350000"},"lascharcas":{"id":31111,"name":"Las Charcas","latitude":"18.45026000","longitude":"-70.61724000"},"padrelascasas":{"id":31142,"name":"Padre Las Casas","latitude":"18.75000000","longitude":"-70.88333000"},"palmardeocoa":{"id":31144,"name":"Palmar de Ocoa","latitude":"18.29656000","longitude":"-70.58635000"},"peralta":{"id":31153,"name":"Peralta","latitude":"18.58164000","longitude":"-70.77029000"},"puebloviejo":{"id":31160,"name":"Pueblo Viejo","latitude":"18.40000000","longitude":"-70.76765000"},"sabanayegua":{"id":31174,"name":"Sabana Yegua","latitude":"18.71667000","longitude":"-71.01667000"},"t\u00e1baraarriba":{"id":31207,"name":"T\u00e1bara Arriba","latitude":"18.56999000","longitude":"-70.87978000"},"villarpando":{"id":31222,"name":"Villarpando","latitude":"18.65860000","longitude":"-71.03916000"},"yayasdeviajama":{"id":31225,"name":"Yayas de Viajama","latitude":"18.60710000","longitude":"-70.92753000"}}},"baorucoprovince":{"id":4105,"name":"Baoruco Province","state_code":"03","latitude":"18.48798980","longitude":"-71.41822490","type":null,"cities":{"elpalmar":{"id":31061,"name":"El Palmar","latitude":"18.41139000","longitude":"-71.24558000"},"galv\u00e1n":{"id":31074,"name":"Galv\u00e1n","latitude":"18.50228000","longitude":"-71.34271000"},"lauvilla":{"id":31109,"name":"La Uvilla","latitude":"18.36186000","longitude":"-71.21046000"},"losr\u00edos":{"id":31122,"name":"Los R\u00edos","latitude":"18.52131000","longitude":"-71.59106000"},"neiba":{"id":31138,"name":"Neiba","latitude":"18.48137000","longitude":"-71.41965000"},"tamayo":{"id":31203,"name":"Tamayo","latitude":"18.50000000","longitude":"-71.16667000"},"villajaragua":{"id":31218,"name":"Villa Jaragua","latitude":"18.49077000","longitude":"-71.48377000"}}},"barahonaprovince":{"id":4090,"name":"Barahona Province","state_code":"04","latitude":"18.21390660","longitude":"-71.10437590","type":null,"cities":{"cabral":{"id":31036,"name":"Cabral","latitude":"18.19991000","longitude":"-71.24660000"},"cach\u00f3n":{"id":31038,"name":"Cach\u00f3n","latitude":"18.24833000","longitude":"-71.18912000"},"canoa":{"id":31041,"name":"Canoa","latitude":"18.35499000","longitude":"-71.15851000"},"elpe\u00f1\u00f3n":{"id":31062,"name":"El Pe\u00f1\u00f3n","latitude":"18.29643000","longitude":"-71.18410000"},"enriquillo":{"id":31066,"name":"Enriquillo","latitude":"17.91667000","longitude":"-71.25000000"},"fundaci\u00f3n":{"id":31073,"name":"Fundaci\u00f3n","latitude":"18.28668000","longitude":"-71.18147000"},"jaquimeyes":{"id":31090,"name":"Jaquimeyes","latitude":"18.31173000","longitude":"-71.16145000"},"laci\u00e9naga":{"id":31104,"name":"La Ci\u00e9naga","latitude":"18.06858000","longitude":"-71.10651000"},"lassalinas":{"id":31115,"name":"Las Salinas","latitude":"18.27485000","longitude":"-71.31596000"},"para\u00edso":{"id":31145,"name":"Para\u00edso","latitude":"18.02652000","longitude":"-71.20889000"},"pescader\u00eda":{"id":31154,"name":"Pescader\u00eda","latitude":"18.26766000","longitude":"-71.16612000"},"polo":{"id":31158,"name":"Polo","latitude":"18.07873000","longitude":"-71.28723000"},"santacruzdebarahona":{"id":31194,"name":"Santa Cruz de Barahona","latitude":"18.20854000","longitude":"-71.10077000"},"vicentenoble":{"id":31210,"name":"Vicente Noble","latitude":"18.38443000","longitude":"-71.18009000"}}},"dajab\u00f3nprovince":{"id":4107,"name":"Dajab\u00f3n Province","state_code":"05","latitude":"19.54992410","longitude":"-71.70865140","type":null,"cities":{"dajab\u00f3n":{"id":31053,"name":"Dajab\u00f3n","latitude":"19.54878000","longitude":"-71.70829000"},"elpino":{"id":31063,"name":"El Pino","latitude":"19.43537000","longitude":"-71.47540000"},"lomadecabrera":{"id":31118,"name":"Loma de Cabrera","latitude":"19.41667000","longitude":"-71.58333000"},"partido":{"id":31146,"name":"Partido","latitude":"19.48403000","longitude":"-71.54730000"},"restauraci\u00f3n":{"id":31165,"name":"Restauraci\u00f3n","latitude":"19.31532000","longitude":"-71.69239000"}}},"distritonacional":{"id":4095,"name":"Distrito Nacional","state_code":"01","latitude":"18.48605750","longitude":"-69.93121170","type":null,"cities":{"bellavista":{"id":31029,"name":"Bella Vista","latitude":"18.45539000","longitude":"-69.94540000"},"ciudadnueva":{"id":31047,"name":"Ciudad Nueva","latitude":"18.46707000","longitude":"-69.89339000"},"cristorey":{"id":31051,"name":"Cristo Rey","latitude":"18.50000000","longitude":"-69.93333000"},"ensancheluper\u00f3n":{"id":31067,"name":"Ensanche Luper\u00f3n","latitude":"18.50000000","longitude":"-69.90000000"},"laagustina":{"id":31101,"name":"La Agustina","latitude":"18.50000000","longitude":"-69.93333000"},"lajulia":{"id":31107,"name":"La Julia","latitude":"18.46667000","longitude":"-69.93333000"},"sancarlos":{"id":31182,"name":"San Carlos","latitude":"18.48333000","longitude":"-69.90000000"},"santodomingo":{"id":31197,"name":"Santo Domingo","latitude":"18.47186000","longitude":"-69.89232000"},"villaconsuelo":{"id":31213,"name":"Villa Consuelo","latitude":"18.48333000","longitude":"-69.90000000"},"villafrancisca":{"id":31215,"name":"Villa Francisca","latitude":"18.48278000","longitude":"-69.88914000"}}},"duarteprovince":{"id":4113,"name":"Duarte Province","state_code":"06","latitude":"19.20908230","longitude":"-70.02700040","type":null,"cities":{"aguasantadelyuna":{"id":31019,"name":"Agua Santa del Yuna","latitude":"19.15072000","longitude":"-69.80069000"},"arenoso":{"id":31022,"name":"Arenoso","latitude":"19.18732000","longitude":"-69.85917000"},"castillo":{"id":31043,"name":"Castillo","latitude":"19.25000000","longitude":"-70.00000000"},"hostos":{"id":31086,"name":"Hostos","latitude":"19.18043000","longitude":"-70.02046000"},"lasgu\u00e1ranas":{"id":31112,"name":"Las Gu\u00e1ranas","latitude":"19.19310000","longitude":"-70.20835000"},"pimentel":{"id":31156,"name":"Pimentel","latitude":"19.21667000","longitude":"-70.16667000"},"sanfranciscodemacor\u00eds":{"id":31185,"name":"San Francisco de Macor\u00eds","latitude":"19.30099000","longitude":"-70.25259000"},"villariva":{"id":31219,"name":"Villa Riva","latitude":"19.15051000","longitude":"-69.88370000"}}},"elseiboprovince":{"id":4086,"name":"El Seibo Province","state_code":"08","latitude":"18.76584960","longitude":"-69.04066800","type":null,"cities":{"miches":{"id":31131,"name":"Miches","latitude":"18.98364000","longitude":"-69.04760000"},"pedros\u00e1nchez":{"id":31151,"name":"Pedro S\u00e1nchez","latitude":"18.86375000","longitude":"-69.10868000"},"santacruzdeelseibo":{"id":31195,"name":"Santa Cruz de El Seibo","latitude":"18.76559000","longitude":"-69.03886000"}}},"espaillatprovince":{"id":4102,"name":"Espaillat Province","state_code":"09","latitude":"19.62776580","longitude":"-70.27867750","type":null,"cities":{"cayetanogermos\u00e9n":{"id":31044,"name":"Cayetano Germos\u00e9n","latitude":"19.34285000","longitude":"-70.47573000"},"gasparhern\u00e1ndez":{"id":31075,"name":"Gaspar Hern\u00e1ndez","latitude":"19.62748000","longitude":"-70.27772000"},"jamaoalnorte":{"id":31089,"name":"Jamao al Norte","latitude":"19.63552000","longitude":"-70.44664000"},"jobaarriba":{"id":31095,"name":"Joba Arriba","latitude":"19.56667000","longitude":"-70.26667000"},"juanl\u00f3pezabajo":{"id":31097,"name":"Juan L\u00f3pez Abajo","latitude":"19.43333000","longitude":"-70.50000000"},"moca":{"id":31132,"name":"Moca","latitude":"19.50000000","longitude":"-70.50000000"},"sanv\u00edctorarriba":{"id":31193,"name":"San V\u00edctor Arriba","latitude":"19.47741000","longitude":"-70.53585000"},"veraguaarriba":{"id":31209,"name":"Veragua Arriba","latitude":"19.58333000","longitude":"-70.33333000"}}},"hatomayorprovince":{"id":4106,"name":"Hato Mayor Province","state_code":"30","latitude":"18.76357990","longitude":"-69.25576370","type":null,"cities":{"elvalle":{"id":31065,"name":"El Valle","latitude":"18.93333000","longitude":"-69.38333000"},"guayabodulce":{"id":31080,"name":"Guayabo Dulce","latitude":"18.65000000","longitude":"-69.28333000"},"hatomayordelrey":{"id":31084,"name":"Hato Mayor del Rey","latitude":"18.76278000","longitude":"-69.25681000"},"sabanadelamar":{"id":31175,"name":"Sabana de la Mar","latitude":"19.03333000","longitude":"-69.41667000"}}},"hermanasmirabalprovince":{"id":4089,"name":"Hermanas Mirabal Province","state_code":"19","latitude":"19.37475590","longitude":"-70.35132350","type":null,"cities":{"salcedo":{"id":31178,"name":"Salcedo","latitude":"19.41667000","longitude":"-70.38333000"},"salsipuedes":{"id":31179,"name":"Salsipuedes","latitude":"19.40552000","longitude":"-70.37985000"},"tenares":{"id":31205,"name":"Tenares","latitude":"19.37439000","longitude":"-70.35087000"},"villatapia":{"id":31220,"name":"Villa Tapia","latitude":"19.30084000","longitude":"-70.42199000"}}},"independencia":{"id":4097,"name":"Independencia","state_code":"10","latitude":"32.63357480","longitude":"-115.42892940","type":null,"cities":{"crist\u00f3bal":{"id":31052,"name":"Crist\u00f3bal","latitude":"18.29405000","longitude":"-71.29298000"},"duverg\u00e9":{"id":31055,"name":"Duverg\u00e9","latitude":"18.31634000","longitude":"-71.59451000"},"guayabal":{"id":31079,"name":"Guayabal","latitude":"18.59810000","longitude":"-71.64184000"},"jiman\u00ed":{"id":31094,"name":"Jiman\u00ed","latitude":"18.49169000","longitude":"-71.85022000"},"ladescubierta":{"id":31105,"name":"La Descubierta","latitude":"18.57053000","longitude":"-71.72967000"},"mella":{"id":31130,"name":"Mella","latitude":"18.35871000","longitude":"-71.41716000"},"postrerr\u00edo":{"id":31159,"name":"Postrer R\u00edo","latitude":"18.54374000","longitude":"-71.63561000"}}},"laaltagraciaprovince":{"id":4109,"name":"La Altagracia Province","state_code":"11","latitude":"18.58502360","longitude":"-68.62010720","type":null,"cities":{"bocadeyuma":{"id":31032,"name":"Boca de Yuma","latitude":"18.37825000","longitude":"-68.60900000"},"hig\u00fcey":{"id":31085,"name":"Hig\u00fcey","latitude":"18.70000000","longitude":"-68.66667000"},"otrabanda":{"id":31140,"name":"Otra Banda","latitude":"18.65017000","longitude":"-68.66281000"},"puntacana":{"id":31162,"name":"Punta Cana","latitude":"18.58182000","longitude":"-68.40431000"},"salvale\u00f3ndehig\u00fcey":{"id":31180,"name":"Salvale\u00f3n de Hig\u00fcey","latitude":"18.61501000","longitude":"-68.70798000"},"sanrafaeldelyuma":{"id":31192,"name":"San Rafael del Yuma","latitude":"18.42993000","longitude":"-68.67390000"}}},"laromanaprovince":{"id":4087,"name":"La Romana Province","state_code":"12","latitude":"18.43102710","longitude":"-68.98373730","type":null,"cities":{"guaymate":{"id":31081,"name":"Guaymate","latitude":"18.58793000","longitude":"-68.97867000"},"laromana":{"id":31108,"name":"La Romana","latitude":"18.42733000","longitude":"-68.97285000"}}},"lavegaprovince":{"id":4116,"name":"La Vega Province","state_code":"13","latitude":"19.22115540","longitude":"-70.52887530","type":null,"cities":{"concepci\u00f3ndelavega":{"id":31048,"name":"Concepci\u00f3n de La Vega","latitude":"19.22207000","longitude":"-70.52956000"},"constanza":{"id":31049,"name":"Constanza","latitude":"18.90919000","longitude":"-70.74499000"},"jarabacoa":{"id":31091,"name":"Jarabacoa","latitude":"19.11683000","longitude":"-70.63595000"},"jimaabajo":{"id":31093,"name":"Jima Abajo","latitude":"19.13292000","longitude":"-70.37607000"},"rinc\u00f3n":{"id":31166,"name":"Rinc\u00f3n","latitude":"19.11938000","longitude":"-70.40632000"},"r\u00edoverdearriba":{"id":31169,"name":"R\u00edo Verde Arriba","latitude":"19.31583000","longitude":"-70.56643000"},"tireoarriba":{"id":31206,"name":"Tireo Arriba","latitude":"18.93537000","longitude":"-70.68850000"}}},"mar\u00edatrinidads\u00e1nchezprovince":{"id":4094,"name":"Mar\u00eda Trinidad S\u00e1nchez Province","state_code":"14","latitude":"19.37345970","longitude":"-69.85144390","type":null,"cities":{"arroyosalado":{"id":31023,"name":"Arroyo Salado","latitude":"19.50000000","longitude":"-69.90000000"},"cabrera":{"id":31037,"name":"Cabrera","latitude":"19.64260000","longitude":"-69.90489000"},"elfactor":{"id":31059,"name":"El Factor","latitude":"19.31834000","longitude":"-69.88827000"},"laentrada":{"id":31106,"name":"La Entrada","latitude":"19.55367000","longitude":"-69.90762000"},"nagua":{"id":31137,"name":"Nagua","latitude":"19.38320000","longitude":"-69.84740000"},"r\u00edosanjuan":{"id":31168,"name":"R\u00edo San Juan","latitude":"19.55022000","longitude":"-70.07703000"}}},"monse\u00f1ornouelprovince":{"id":4099,"name":"Monse\u00f1or Nouel Province","state_code":"28","latitude":"18.92152340","longitude":"-70.38368150","type":null,"cities":{"bonao":{"id":31034,"name":"Bonao","latitude":"18.91667000","longitude":"-70.46667000"},"juanadri\u00e1n":{"id":31096,"name":"Juan Adri\u00e1n","latitude":"18.76365000","longitude":"-70.33732000"},"maim\u00f3n":{"id":31124,"name":"Maim\u00f3n","latitude":"18.88333000","longitude":"-70.30000000"},"piedrablanca":{"id":31155,"name":"Piedra Blanca","latitude":"18.84431000","longitude":"-70.31688000"},"sabanadelpuerto":{"id":31176,"name":"Sabana del Puerto","latitude":"19.06667000","longitude":"-70.41667000"}}},"montecristiprovince":{"id":4115,"name":"Monte Cristi Province","state_code":"15","latitude":"19.73968990","longitude":"-71.44339840","type":null,"cities":{"canachapet\u00f3n":{"id":31040,"name":"Cana Chapet\u00f3n","latitude":"19.60703000","longitude":"-71.25734000"},"casta\u00f1uelas":{"id":31042,"name":"Casta\u00f1uelas","latitude":"19.71387000","longitude":"-71.49876000"},"guayub\u00edn":{"id":31082,"name":"Guayub\u00edn","latitude":"19.61667000","longitude":"-71.33333000"},"hatillopalma":{"id":31083,"name":"Hatillo Palma","latitude":"19.66256000","longitude":"-71.19406000"},"lasmatasdesantacruz":{"id":31114,"name":"Las Matas de Santa Cruz","latitude":"19.67119000","longitude":"-71.50471000"},"montecristi":{"id":31134,"name":"Monte Cristi","latitude":"19.83333000","longitude":"-71.61667000"},"pepillosalcedo":{"id":31152,"name":"Pepillo Salcedo","latitude":"19.66667000","longitude":"-71.66667000"},"sanfernandodemontecristi":{"id":31184,"name":"San Fernando de Monte Cristi","latitude":"19.84826000","longitude":"-71.64597000"},"villaelisa":{"id":31214,"name":"Villa Elisa","latitude":"19.68560000","longitude":"-71.27007000"},"villav\u00e1squez":{"id":31221,"name":"Villa V\u00e1squez","latitude":"19.80791000","longitude":"-71.44000000"}}},"monteplataprovince":{"id":4111,"name":"Monte Plata Province","state_code":"29","latitude":"18.80808780","longitude":"-69.78691460","type":null,"cities":{"bayaguana":{"id":31028,"name":"Bayaguana","latitude":"18.78333000","longitude":"-69.60000000"},"donjuan":{"id":31054,"name":"Don Juan","latitude":"18.82774000","longitude":"-69.94629000"},"esperalvillo":{"id":31068,"name":"Esperalvillo","latitude":"18.81509000","longitude":"-70.03557000"},"gonzalo":{"id":31076,"name":"Gonzalo","latitude":"18.95147000","longitude":"-69.75114000"},"losbotados":{"id":31119,"name":"Los Botados","latitude":"18.73226000","longitude":"-69.99536000"},"majagual":{"id":31126,"name":"Majagual","latitude":"19.04134000","longitude":"-69.83616000"},"monteplata":{"id":31136,"name":"Monte Plata","latitude":"18.80700000","longitude":"-69.78399000"},"sabanagrandedeboy\u00e1":{"id":31171,"name":"Sabana Grande de Boy\u00e1","latitude":"18.94498000","longitude":"-69.79331000"},"yamas\u00e1":{"id":31224,"name":"Yamas\u00e1","latitude":"18.77315000","longitude":"-70.02583000"}}},"pedernalesprovince":{"id":4101,"name":"Pedernales Province","state_code":"16","latitude":"17.85376260","longitude":"-71.33032090","type":null,"cities":{"juancho":{"id":31099,"name":"Juancho","latitude":"17.85782000","longitude":"-71.29311000"},"oviedo":{"id":31141,"name":"Oviedo","latitude":"17.80136000","longitude":"-71.40100000"},"pedernales":{"id":31148,"name":"Pedernales","latitude":"18.08333000","longitude":"-71.60000000"}}},"peraviaprovince":{"id":4096,"name":"Peravia Province","state_code":"17","latitude":"18.27865940","longitude":"-70.33358870","type":null,"cities":{"ban\u00ed":{"id":31027,"name":"Ban\u00ed","latitude":"18.27964000","longitude":"-70.33185000"},"matanzas":{"id":31128,"name":"Matanzas","latitude":"18.24297000","longitude":"-70.41768000"},"nizao":{"id":31139,"name":"Nizao","latitude":"18.24697000","longitude":"-70.21053000"},"paya":{"id":31147,"name":"Paya","latitude":"18.26196000","longitude":"-70.29560000"},"pizarrete":{"id":31157,"name":"Pizarrete","latitude":"18.29935000","longitude":"-70.22648000"},"sabanabuey":{"id":31170,"name":"Sabana Buey","latitude":"18.27351000","longitude":"-70.52352000"}}},"puertoplataprovince":{"id":4092,"name":"Puerto Plata Province","state_code":"18","latitude":"19.75432250","longitude":"-70.83328470","type":null,"cities":{"altamira":{"id":31020,"name":"Altamira","latitude":"19.70000000","longitude":"-70.83333000"},"cabarete":{"id":31035,"name":"Cabarete","latitude":"19.74982000","longitude":"-70.40829000"},"esterohondo":{"id":31071,"name":"Estero Hondo","latitude":"19.82712000","longitude":"-71.17411000"},"guananico":{"id":31077,"name":"Guananico","latitude":"19.72693000","longitude":"-70.92294000"},"imbert":{"id":31087,"name":"Imbert","latitude":"19.75371000","longitude":"-70.82906000"},"loshidalgos":{"id":31120,"name":"Los Hidalgos","latitude":"19.73333000","longitude":"-71.03333000"},"luper\u00f3n":{"id":31123,"name":"Luper\u00f3n","latitude":"19.89131000","longitude":"-70.96204000"},"montellano":{"id":31135,"name":"Monte Llano","latitude":"19.73460000","longitude":"-70.59915000"},"puertoplata":{"id":31161,"name":"Puerto Plata","latitude":"19.75119000","longitude":"-70.70251000"},"r\u00edogrande":{"id":31167,"name":"R\u00edo Grande","latitude":"19.66667000","longitude":"-70.76667000"},"sos\u00faa":{"id":31201,"name":"Sos\u00faa","latitude":"19.75220000","longitude":"-70.51995000"},"villaisabela":{"id":31217,"name":"Villa Isabela","latitude":"19.81564000","longitude":"-71.06056000"}}},"saman\u00e1province":{"id":4103,"name":"Saman\u00e1 Province","state_code":"20","latitude":"19.20583710","longitude":"-69.33629490","type":null,"cities":{"lasterrenas":{"id":31116,"name":"Las Terrenas","latitude":"19.31102000","longitude":"-69.54280000"},"saman\u00e1":{"id":31181,"name":"Saman\u00e1","latitude":"19.20561000","longitude":"-69.33685000"},"s\u00e1nchez":{"id":31202,"name":"S\u00e1nchez","latitude":"19.22810000","longitude":"-69.61370000"}}},"sancrist\u00f3balprovince":{"id":4091,"name":"San Crist\u00f3bal Province","state_code":"21","latitude":"18.41804140","longitude":"-70.10658490","type":null,"cities":{"bajosdehaina":{"id":31026,"name":"Bajos de Haina","latitude":"18.41667000","longitude":"-70.03333000"},"cambitagarabitos":{"id":31039,"name":"Cambita Garabitos","latitude":"18.50000000","longitude":"-70.23333000"},"elcacao":{"id":31056,"name":"El Cacao","latitude":"18.52719000","longitude":"-70.29585000"},"elcarril":{"id":31057,"name":"El Carril","latitude":"18.44905000","longitude":"-70.02785000"},"sabanagrandedepalenque":{"id":31172,"name":"Sabana Grande de Palenque","latitude":"18.26256000","longitude":"-70.14821000"},"sancrist\u00f3bal":{"id":31183,"name":"San Crist\u00f3bal","latitude":"18.41667000","longitude":"-70.13333000"},"sangregoriodenigua":{"id":31186,"name":"San Gregorio de Nigua","latitude":"18.38333000","longitude":"-70.08333000"},"villaaltagracia":{"id":31211,"name":"Villa Altagracia","latitude":"18.63333000","longitude":"-70.25000000"},"yaguate":{"id":31223,"name":"Yaguate","latitude":"18.33333000","longitude":"-70.18333000"}}},"sanjos\u00e9deocoaprovince":{"id":4112,"name":"San Jos\u00e9 de Ocoa Province","state_code":"31","latitude":"18.54385800","longitude":"-70.50418160","type":null,"cities":{"sanjos\u00e9deocoa":{"id":31189,"name":"San Jos\u00e9 de Ocoa","latitude":"18.54661000","longitude":"-70.50631000"}}},"sanjuanprovince":{"id":4098,"name":"San Juan Province","state_code":"22","latitude":"-31.52871270","longitude":"-68.53604030","type":null,"cities":{"bohech\u00edo":{"id":31033,"name":"Bohech\u00edo","latitude":"18.77515000","longitude":"-70.98889000"},"cercadoabajo":{"id":31045,"name":"Cercado Abajo","latitude":"18.72681000","longitude":"-71.51742000"},"elcercado":{"id":31058,"name":"El Cercado","latitude":"18.70000000","longitude":"-71.46667000"},"juandeherrera":{"id":31098,"name":"Juan de Herrera","latitude":"18.87402000","longitude":"-71.23830000"},"lasmatasdefarf\u00e1n":{"id":31113,"name":"Las Matas de Farf\u00e1n","latitude":"18.91667000","longitude":"-71.50000000"},"matayaya":{"id":31129,"name":"Matayaya","latitude":"18.89036000","longitude":"-71.59459000"},"pedrocorto":{"id":31149,"name":"Pedro Corto","latitude":"18.84856000","longitude":"-71.41041000"},"sanjuandelamaguana":{"id":31190,"name":"San Juan de la Maguana","latitude":"18.80588000","longitude":"-71.22991000"},"vallejuelo":{"id":31208,"name":"Vallejuelo","latitude":"18.65354000","longitude":"-71.33431000"}}},"sanpedrodemacor\u00eds":{"id":4110,"name":"San Pedro de Macor\u00eds","state_code":"23","latitude":"18.46266000","longitude":"-69.30512340","type":null,"cities":{"elpuerto":{"id":31064,"name":"El Puerto","latitude":"18.78333000","longitude":"-69.46667000"},"losllanos":{"id":31121,"name":"Los Llanos","latitude":"18.62035000","longitude":"-69.49581000"},"quisqueya":{"id":31163,"name":"Quisqueya","latitude":"18.55542000","longitude":"-69.40814000"},"ram\u00f3nsantana":{"id":31164,"name":"Ram\u00f3n Santana","latitude":"18.54224000","longitude":"-69.17979000"},"sanpedrodemacor\u00eds":{"id":31191,"name":"San Pedro de Macor\u00eds","latitude":"18.45390000","longitude":"-69.30864000"}}},"s\u00e1nchezram\u00edrezprovince":{"id":4088,"name":"S\u00e1nchez Ram\u00edrez Province","state_code":"24","latitude":"19.05270600","longitude":"-70.14922640","type":null,"cities":{"cevicos":{"id":31046,"name":"Cevicos","latitude":"19.00449000","longitude":"-69.97896000"},"cotu\u00ed":{"id":31050,"name":"Cotu\u00ed","latitude":"19.05272000","longitude":"-70.14939000"},"fantino":{"id":31072,"name":"Fantino","latitude":"19.11667000","longitude":"-70.30000000"}}},"santiagoprovince":{"id":4108,"name":"Santiago Province","state_code":"25","latitude":"-33.45000000","longitude":"-70.66670000","type":null,"cities":{"baitoa":{"id":31025,"name":"Baitoa","latitude":"19.32512000","longitude":"-70.70357000"},"bison\u00f3":{"id":31030,"name":"Bison\u00f3","latitude":"19.58333000","longitude":"-70.86667000"},"juncalitoabajo":{"id":31100,"name":"Juncalito Abajo","latitude":"19.21990000","longitude":"-70.81905000"},"lacanela":{"id":31102,"name":"La Canela","latitude":"19.47341000","longitude":"-70.81629000"},"liceyalmedio":{"id":31117,"name":"Licey al Medio","latitude":"19.45000000","longitude":"-70.60000000"},"palmararriba":{"id":31143,"name":"Palmar Arriba","latitude":"19.53957000","longitude":"-70.73826000"},"pedrogarc\u00eda":{"id":31150,"name":"Pedro Garc\u00eda","latitude":"19.59202000","longitude":"-70.65256000"},"sabanaiglesia":{"id":31173,"name":"Sabana Iglesia","latitude":"19.32114000","longitude":"-70.75992000"},"sanjos\u00e9delasmatas":{"id":31188,"name":"San Jos\u00e9 de Las Matas","latitude":"19.33915000","longitude":"-70.93819000"},"santiagodeloscaballeros":{"id":31196,"name":"Santiago de los Caballeros","latitude":"19.45170000","longitude":"-70.69703000"},"santotom\u00e1sdej\u00e1nico":{"id":31200,"name":"Santo Tom\u00e1s de J\u00e1nico","latitude":"19.23528000","longitude":"-70.79515000"},"tamboril":{"id":31204,"name":"Tamboril","latitude":"19.48538000","longitude":"-70.61104000"},"villabison\u00f3":{"id":31212,"name":"Villa Bison\u00f3","latitude":"19.56378000","longitude":"-70.87582000"},"villagonz\u00e1lez":{"id":31216,"name":"Villa Gonz\u00e1lez","latitude":"19.54057000","longitude":"-70.78853000"}}},"santiagorodr\u00edguezprovince":{"id":4100,"name":"Santiago Rodr\u00edguez Province","state_code":"26","latitude":"19.47131810","longitude":"-71.33958010","type":null,"cities":{"monci\u00f3n":{"id":31133,"name":"Monci\u00f3n","latitude":"19.46667000","longitude":"-71.16667000"},"sabaneta":{"id":31177,"name":"Sabaneta","latitude":"19.47793000","longitude":"-71.34125000"},"sanignaciodesabaneta":{"id":31187,"name":"San Ignacio de Sabaneta","latitude":"19.38333000","longitude":"-71.35000000"}}},"santodomingoprovince":{"id":4093,"name":"Santo Domingo Province","state_code":"32","latitude":"18.51042530","longitude":"-69.84040540","type":null,"cities":{"bocachica":{"id":31031,"name":"Boca Chica","latitude":"18.45000000","longitude":"-69.60000000"},"santodomingoeste":{"id":31198,"name":"Santo Domingo Este","latitude":"18.48847000","longitude":"-69.85707000"},"santodomingooeste":{"id":31199,"name":"Santo Domingo Oeste","latitude":"18.50000000","longitude":"-70.00000000"}}},"valverdeprovince":{"id":4104,"name":"Valverde Province","state_code":"27","latitude":"19.58812210","longitude":"-70.98033100","type":null,"cities":{"amina":{"id":31021,"name":"Amina","latitude":"19.54813000","longitude":"-70.99599000"},"esperanza":{"id":31069,"name":"Esperanza","latitude":"19.62379000","longitude":"-70.97141000"},"guatapanal":{"id":31078,"name":"Guatapanal","latitude":"19.50705000","longitude":"-70.91713000"},"jaib\u00f3n":{"id":31088,"name":"Jaib\u00f3n","latitude":"19.61169000","longitude":"-71.14847000"},"jicom\u00e9":{"id":31092,"name":"Jicom\u00e9","latitude":"19.64955000","longitude":"-70.94927000"},"lacaya":{"id":31103,"name":"La Caya","latitude":"19.69981000","longitude":"-71.12084000"},"lagunasalada":{"id":31110,"name":"Laguna Salada","latitude":"19.70000000","longitude":"-71.13333000"},"maizal":{"id":31125,"name":"Maizal","latitude":"19.63655000","longitude":"-71.02734000"},"mao":{"id":31127,"name":"Mao","latitude":"19.55186000","longitude":"-71.07813000"}}}}}