{"id":5,"name":"American Samoa","iso3":"ASM","iso2":"AS","numeric_code":"016","phone_code":"1","capital":"Pago Pago","currency":"USD","currency_name":"US Dollar","currency_symbol":"$","tld":".as","native":"American Samoa","region":"Oceania","region_id":"5","subregion":"Polynesia","subregion_id":"22","nationality":"American Samoan","timezones":[{"zoneName":"Pacific/Pago_Pago","gmtOffset":-39600,"gmtOffsetName":"UTC-11:00","abbreviation":"SST","tzName":"Samoa Standard Time"}],"translations":{"kr":"\uc544\uba54\ub9ac\uce78\uc0ac\ubaa8\uc544","pt-BR":"Samoa Americana","pt":"Samoa Americana","nl":"Amerikaans Samoa","hr":"Ameri\u010dka Samoa","fa":"\u0633\u0627\u0645\u0648\u0622\u06cc \u0622\u0645\u0631\u06cc\u06a9\u0627","de":"Amerikanisch-Samoa","es":"Samoa Americana","fr":"Samoa am\u00e9ricaines","ja":"\u30a2\u30e1\u30ea\u30ab\u9818\u30b5\u30e2\u30a2","it":"Samoa Americane","cn":"\u7f8e\u5c5e\u8428\u6469\u4e9a","tr":"Amerikan Samoasi","ru":"\u0410\u043c\u0435\u0440\u0438\u043a\u0430\u043d\u0441\u043a\u043e\u0435 \u0421\u0430\u043c\u043e\u0430","uk":"\u0410\u043c\u0435\u0440\u0438\u043a\u0430\u043d\u0441\u044c\u043a\u0435 \u0421\u0430\u043c\u043e\u0430","pl":"Samoa Ameryka\u0144skie"},"latitude":"-14.33333333","longitude":"-170.00000000","emoji":"\ud83c\udde6\ud83c\uddf8","emojiU":"U+1F1E6 U+1F1F8"}