{"id":5,"name":"American Samoa","iso3":"ASM","iso2":"AS","numeric_code":"016","phonecode":"1","capital":"Pago Pago","currency":"USD","currency_name":"United States dollar","currency_symbol":"$","tld":".as","native":"American Samoa","region":"Oceania","region_id":5,"subregion":"Polynesia","subregion_id":22,"nationality":"American Samoan","timezones":[{"zoneName":"Pacific/Pago_Pago","gmtOffset":-39600,"gmtOffsetName":"UTC-11:00","abbreviation":"SST","tzName":"Samoa Standard Time"}],"translations":{"ko":"\uc544\uba54\ub9ac\uce78\uc0ac\ubaa8\uc544","pt-BR":"Samoa Americana","pt":"Samoa Americana","nl":"Amerikaans Samoa","hr":"Ameri\u010dka Samoa","fa":"\u0633\u0627\u0645\u0648\u0622\u06cc \u0622\u0645\u0631\u06cc\u06a9\u0627","de":"Amerikanisch-Samoa","es":"Samoa Americana","fr":"Samoa am\u00e9ricaines","ja":"\u30a2\u30e1\u30ea\u30ab\u9818\u30b5\u30e2\u30a2","it":"Samoa Americane","zh-CN":"\u7f8e\u5c5e\u8428\u6469\u4e9a","tr":"Amerikan Samoasi","ru":"\u0410\u043c\u0435\u0440\u0438\u043a\u0430\u043d\u0441\u043a\u043e\u0435 \u0421\u0430\u043c\u043e\u0430","uk":"\u0410\u043c\u0435\u0440\u0438\u043a\u0430\u043d\u0441\u044c\u043a\u0435 \u0421\u0430\u043c\u043e\u0430","pl":"Samoa Ameryka\u0144skie"},"latitude":"-14.33333333","longitude":"-170.00000000","emoji":"\ud83c\udde6\ud83c\uddf8","emojiU":"U+1F1E6 U+1F1F8","states":{"eastern":{"id":5375,"name":"Eastern","state_code":"02","latitude":"-14.27560390","longitude":"-170.80855920","type":"district","cities":{"itu\u02bbau":{"id":154920,"name":"Itu\u02bbau","latitude":"-14.30616430","longitude":"-170.80691440"},"ma\u02bboputasi":{"id":154921,"name":"Ma\u02bboputasi","latitude":"-14.25216850","longitude":"-170.74187670"},"sa\u02bbole":{"id":154924,"name":"Sa\u02bbole","latitude":"-14.29995700","longitude":"-170.61763370"},"sua":{"id":154923,"name":"Sua","latitude":"-14.27710880","longitude":"-170.71442630"},"vaifanua":{"id":154922,"name":"Vaifanua","latitude":"-14.25578040","longitude":"-170.76301810"}}},"manu\u02bba":{"id":5376,"name":"Manu\u02bba","state_code":"03","latitude":"-14.21126410","longitude":"-169.71118920","type":"district","cities":{"faleasao":{"id":154928,"name":"Faleasao","latitude":"-14.20385490","longitude":"-169.54907370"},"fitiuta":{"id":154929,"name":"Fitiuta","latitude":"-14.20386340","longitude":"-169.51690440"},"ofu":{"id":154925,"name":"Ofu","latitude":"-14.17135950","longitude":"-169.71939120"},"olosega":{"id":154926,"name":"Olosega","latitude":"-14.17422270","longitude":"-169.63981240"},"tau":{"id":154927,"name":"Tau","latitude":"-14.24215010","longitude":"-169.55101650"}}},"rose":{"id":5378,"name":"Rose","state_code":"05","latitude":"-14.54491610","longitude":"-168.17632920","type":"atoll"},"swains":{"id":5377,"name":"Swains","state_code":"04","latitude":"-11.05658780","longitude":"-171.08829090","type":"atoll"},"western":{"id":5374,"name":"Western","state_code":"01","latitude":"-14.33307510","longitude":"-170.94315020","type":"district","cities":{"lealataua":{"id":154916,"name":"Lealataua","latitude":"-14.32261520","longitude":"-170.90849930"},"leasina":{"id":154917,"name":"Leasina","latitude":"-14.29581640","longitude":"-170.80459320"},"tualatai":{"id":154918,"name":"Tualatai","latitude":"-14.37923540","longitude":"-170.81033120"},"tualauta":{"id":154919,"name":"Tualauta","latitude":"-14.35876890","longitude":"-170.75583320"}}}}}