{"id":114,"name":"Kiribati","iso3":"KIR","iso2":"KI","numeric_code":"296","phone_code":"686","capital":"Tarawa","currency":"AUD","currency_name":"Australian dollar","currency_symbol":"$","tld":".ki","native":"Kiribati","region":"Oceania","region_id":5,"subregion":"Micronesia","subregion_id":21,"nationality":"I-Kiribati","timezones":[{"zoneName":"Pacific/Enderbury","gmtOffset":46800,"gmtOffsetName":"UTC+13:00","abbreviation":"PHOT","tzName":"Phoenix Island Time"},{"zoneName":"Pacific/Kiritimati","gmtOffset":50400,"gmtOffsetName":"UTC+14:00","abbreviation":"LINT","tzName":"Line Islands Time"},{"zoneName":"Pacific/Tarawa","gmtOffset":43200,"gmtOffsetName":"UTC+12:00","abbreviation":"GILT","tzName":"Gilbert Island Time"}],"translations":{"ko":"\ud0a4\ub9ac\ubc14\uc2dc","pt-BR":"Kiribati","pt":"Quirib\u00e1ti","nl":"Kiribati","hr":"Kiribati","fa":"\u06a9\u06cc\u0631\u06cc\u0628\u0627\u062a\u06cc","de":"Kiribati","es":"Kiribati","fr":"Kiribati","ja":"\u30ad\u30ea\u30d0\u30b9","it":"Kiribati","zh-CN":"\u57fa\u91cc\u5df4\u65af","tr":"Kiribati","ru":"\u041a\u0438\u0440\u0438\u0431\u0430\u0442\u0438","uk":"\u041a\u0456\u0440\u0456\u0431\u0430\u0442\u0456","pl":"Kiribati"},"latitude":"1.41666666","longitude":"173.00000000","emoji":"\ud83c\uddf0\ud83c\uddee","emojiU":"U+1F1F0 U+1F1EE","states":{"gilbertislands":{"id":1831,"name":"Gilbert Islands","state_code":"G","latitude":"0.35242620","longitude":"174.75526340","type":null,"cities":{"abaiang":{"id":65041,"name":"Abaiang","latitude":"1.85293000","longitude":"172.94369000"},"abemama":{"id":65042,"name":"Abemama","latitude":"0.40000000","longitude":"173.86667000"},"ambovillage":{"id":65043,"name":"Ambo Village","latitude":"1.35317000","longitude":"173.04259000"},"aranuka":{"id":65044,"name":"Aranuka","latitude":"0.16428000","longitude":"173.60579000"},"arorae":{"id":65045,"name":"Arorae","latitude":"-2.63493000","longitude":"176.82229000"},"bairikivillage":{"id":65046,"name":"Bairiki Village","latitude":"1.32924000","longitude":"172.97522000"},"banaba":{"id":65047,"name":"Banaba","latitude":"-0.85500000","longitude":"169.53800000"},"banraeabavillage":{"id":65049,"name":"Banraeaba Village","latitude":"1.34540000","longitude":"173.03464000"},"beru":{"id":65050,"name":"Beru","latitude":"-1.32957000","longitude":"175.98072000"},"betiovillage":{"id":65051,"name":"Betio Village","latitude":"1.35797000","longitude":"172.92105000"},"bikenibeuvillage":{"id":65052,"name":"Bikenibeu Village","latitude":"1.36730000","longitude":"173.12415000"},"bonrikivillage":{"id":65053,"name":"Bonriki Village","latitude":"1.38081000","longitude":"173.13887000"},"buotavillage":{"id":65054,"name":"Buota Village","latitude":"1.39078000","longitude":"173.13082000"},"butaritari":{"id":65055,"name":"Butaritari","latitude":"3.17205000","longitude":"172.79675000"},"eitavillage":{"id":65056,"name":"Eita Village","latitude":"1.36154000","longitude":"173.08113000"},"kuria":{"id":65059,"name":"Kuria","latitude":"0.26522000","longitude":"173.38881000"},"maiana":{"id":65061,"name":"Maiana","latitude":"0.91869000","longitude":"172.99759000"},"makin":{"id":65062,"name":"Makin","latitude":"3.38816000","longitude":"172.99656000"},"makinvillage":{"id":65063,"name":"Makin Village","latitude":"3.36440000","longitude":"172.98352000"},"marakei":{"id":65064,"name":"Marakei","latitude":"2.01077000","longitude":"173.27637000"},"nawerewerevillage":{"id":65066,"name":"Nawerewere Village","latitude":"1.36362000","longitude":"173.13935000"},"nikunau":{"id":65067,"name":"Nikunau","latitude":"-1.36567000","longitude":"176.46412000"},"nonouti":{"id":65068,"name":"Nonouti","latitude":"-0.66667000","longitude":"174.35000000"},"onotoa":{"id":65069,"name":"Onotoa","latitude":"-1.88587000","longitude":"175.56393000"},"rawannawivillage":{"id":65070,"name":"Rawannawi Village","latitude":"2.05379000","longitude":"173.26354000"},"tabiteuea":{"id":65071,"name":"Tabiteuea","latitude":"-1.42241000","longitude":"174.89805000"},"tamana":{"id":65074,"name":"Tamana","latitude":"-2.50113000","longitude":"175.98621000"},"tarawa":{"id":65075,"name":"Tarawa","latitude":"1.32780000","longitude":"172.97696000"},"teaoraerekevillage":{"id":65076,"name":"Teaoraereke Village","latitude":"1.33309000","longitude":"173.01162000"},"temaikuvillage":{"id":65077,"name":"Temaiku Village","latitude":"1.36292000","longitude":"173.16226000"}}},"lineislands":{"id":1832,"name":"Line Islands","state_code":"L","latitude":"1.74294390","longitude":"-157.21328260","type":null,"cities":{"bananavillage":{"id":65048,"name":"Banana Village","latitude":"1.98329000","longitude":"-157.36526000"},"kiritimati":{"id":65058,"name":"Kiritimati","latitude":"1.94000000","longitude":"-157.47500000"},"londonvillage":{"id":65060,"name":"London Village","latitude":"1.98487000","longitude":"-157.47502000"},"naparivillage":{"id":65065,"name":"Napari Village","latitude":"3.90806000","longitude":"-159.38832000"},"tabuaeran":{"id":65072,"name":"Tabuaeran","latitude":"3.86667000","longitude":"-159.33333000"},"tabwakeavillage":{"id":65073,"name":"Tabwakea Village","latitude":"2.01643000","longitude":"-157.48773000"},"teraina":{"id":65078,"name":"Teraina","latitude":"4.68764000","longitude":"-160.38803000"}}},"phoenixislands":{"id":1830,"name":"Phoenix Islands","state_code":"P","latitude":"33.32843690","longitude":"-111.98247740","type":null,"cities":{"kanton":{"id":65057,"name":"Kanton","latitude":"-2.81000000","longitude":"-171.67800000"}}}}}