{"id":245,"name":"Yemen","iso3":"YEM","iso2":"YE","numeric_code":"887","phonecode":"967","capital":"Sanaa","currency":"YER","currency_name":"Yemeni rial","currency_symbol":"\ufdfc","tld":".ye","native":"\u0627\u0644\u064a\u064e\u0645\u064e\u0646","region":"Asia","region_id":3,"subregion":"Western Asia","subregion_id":11,"nationality":"Yemeni","timezones":[{"zoneName":"Asia/Aden","gmtOffset":10800,"gmtOffsetName":"UTC+03:00","abbreviation":"AST","tzName":"Arabia Standard Time"}],"translations":{"ko":"\uc608\uba58","pt-BR":"I\u00eamen","pt":"I\u00e9men","nl":"Jemen","hr":"Jemen","fa":"\u06cc\u0645\u0646","de":"Jemen","es":"Yemen","fr":"Y\u00e9men","ja":"\u30a4\u30a8\u30e1\u30f3","it":"Yemen","zh-CN":"\u4e5f\u95e8","tr":"Yemen","ru":"\u0419\u0435\u043c\u0435\u043d","uk":"\u0404\u043c\u0435\u043d","pl":"Jemen"},"latitude":"15.00000000","longitude":"48.00000000","emoji":"\ud83c\uddfe\ud83c\uddea","emojiU":"U+1F1FE U+1F1EA","states":{"\u0027adan":{"id":1242,"name":"\u0027Adan","state_code":"AD","latitude":"12.82574810","longitude":"44.79438040","type":"governorate","cities":{"aden":{"id":130669,"name":"Aden","latitude":"12.77944000","longitude":"45.03667000"},"alburaiqeh":{"id":130683,"name":"Al Buraiqeh","latitude":"12.80377000","longitude":"44.77615000"},"almansura":{"id":130719,"name":"Al Mansura","latitude":"12.85320000","longitude":"44.97240000"},"almualla":{"id":130735,"name":"Al Mualla","latitude":"12.65843000","longitude":"43.42743000"},"ashshaikhouthman":{"id":130789,"name":"Ash Shaikh Outhman","latitude":"12.88640000","longitude":"45.01560000"},"attawahi":{"id":130801,"name":"Attawahi","latitude":"12.77410000","longitude":"44.99410000"},"craiter":{"id":130830,"name":"Craiter","latitude":"12.77310000","longitude":"45.03810000"},"darsad":{"id":130831,"name":"Dar Sad","latitude":"12.90700000","longitude":"44.97840000"}}},"\u0027amran":{"id":1250,"name":"\u0027Amran","state_code":"AM","latitude":"16.25692140","longitude":"43.94367880","type":"governorate","cities":{"\u2018amr\u0101n":{"id":131013,"name":"\u2018Amr\u0101n","latitude":"15.65940000","longitude":"43.94385000"},"alashah":{"id":130679,"name":"Al Ashah","latitude":"16.32400000","longitude":"43.78740000"},"almadan":{"id":130709,"name":"Al Madan","latitude":"16.23280000","longitude":"43.63900000"},"alqaflah":{"id":130745,"name":"Al Qaflah","latitude":"16.33859000","longitude":"43.70361000"},"assawd":{"id":130779,"name":"As Sawd","latitude":"15.81340000","longitude":"43.77700000"},"assudah":{"id":130784,"name":"As Sudah","latitude":"15.96640000","longitude":"43.77560000"},"banisuraim":{"id":130818,"name":"Bani Suraim","latitude":"16.12530000","longitude":"43.96020000"},"dhibin":{"id":130836,"name":"Dhi Bin","latitude":"16.02760000","longitude":"44.15150000"},"haburzulaymah":{"id":130847,"name":"Habur Zulaymah","latitude":"16.03500000","longitude":"43.73380000"},"harfsufyan":{"id":130855,"name":"Harf Sufyan","latitude":"16.41389000","longitude":"43.98571000"},"hooth":{"id":130866,"name":"Hooth","latitude":"16.28397000","longitude":"43.97811000"},"iyalsurayh":{"id":130872,"name":"Iyal Surayh","latitude":"15.71460000","longitude":"43.99740000"},"jabaliyalyazid":{"id":130875,"name":"Jabal Iyal Yazid","latitude":"15.77170000","longitude":"43.90510000"},"khamir":{"id":130886,"name":"Khamir","latitude":"15.97653000","longitude":"43.93371000"},"kharif":{"id":130889,"name":"Kharif","latitude":"15.84700000","longitude":"44.08220000"},"maswar":{"id":130915,"name":"Maswar","latitude":"15.59860000","longitude":"43.69250000"},"raydah":{"id":130953,"name":"Raydah","latitude":"15.74056000","longitude":"44.05634000"},"shah\u0101rah":{"id":130975,"name":"Shah\u0101rah","latitude":"16.18000000","longitude":"43.70942000"},"suwayr":{"id":130983,"name":"Suwayr","latitude":"16.06110000","longitude":"43.62120000"},"thula":{"id":130990,"name":"Thula","latitude":"15.60100000","longitude":"43.82520000"}}},"abyan":{"id":1237,"name":"Abyan","state_code":"AB","latitude":"13.63434130","longitude":"46.05632120","type":"governorate","cities":{"ahwar":{"id":130673,"name":"Ahwar","latitude":"13.68530000","longitude":"46.75560000"},"almahfad":{"id":130714,"name":"Al Mahfad","latitude":"13.97050000","longitude":"46.75600000"},"alwade\u0027a":{"id":130752,"name":"Al Wade\u0027a","latitude":"13.71360000","longitude":"46.01220000"},"jawfalmaqb\u0101bah":{"id":130880,"name":"Jawf al Maqb\u0101bah","latitude":"13.83783000","longitude":"45.83488000"},"jayshan":{"id":130881,"name":"Jayshan","latitude":"14.16620000","longitude":"46.17230000"},"khanfir":{"id":130887,"name":"Khanfir","latitude":"13.42049000","longitude":"45.68707000"},"lawdar":{"id":130900,"name":"Lawdar","latitude":"13.80590000","longitude":"45.80080000"},"mudiyah":{"id":130928,"name":"Mudiyah","latitude":"13.90960000","longitude":"46.21960000"},"rasad":{"id":130952,"name":"Rasad","latitude":"13.72310000","longitude":"45.28140000"},"sarar":{"id":130967,"name":"Sarar","latitude":"13.58300000","longitude":"45.35080000"},"sibah":{"id":130981,"name":"Sibah","latitude":"13.80910000","longitude":"45.40230000"},"zingibar":{"id":131008,"name":"Zingibar","latitude":"13.13420000","longitude":"45.43040000"},"zinjib\u0101r":{"id":131009,"name":"Zinjib\u0101r","latitude":"13.12871000","longitude":"45.38073000"}}},"albayda\u0027":{"id":1240,"name":"Al Bayda\u0027","state_code":"BA","latitude":"14.35886620","longitude":"45.44980650","type":"governorate","cities":{"ala\u0027rsh":{"id":130676,"name":"Al A\u0027rsh","latitude":"14.36560000","longitude":"44.77780000"},"albayda":{"id":130680,"name":"Al Bayda","latitude":"13.98523000","longitude":"45.57272000"},"albaydacity":{"id":130681,"name":"Al Bayda City","latitude":"13.98490000","longitude":"45.55660000"},"albay\u1e11\u0101\u2019":{"id":130682,"name":"Al Bay\u1e11\u0101\u2019","latitude":"13.93666000","longitude":"45.54822000"},"almalagim":{"id":130717,"name":"Al Malagim","latitude":"14.36540000","longitude":"45.38510000"},"alquraishyah":{"id":130750,"name":"Al Quraishyah","latitude":"14.60500000","longitude":"44.88960000"},"arryashyyah":{"id":130769,"name":"Ar Ryashyyah","latitude":"14.24240000","longitude":"44.77540000"},"assawadiyah":{"id":130778,"name":"As Sawadiyah","latitude":"14.45198000","longitude":"45.36973000"},"assawma\u0027ah":{"id":130781,"name":"As Sawma\u0027ah","latitude":"14.16670000","longitude":"45.83110000"},"ashsharafayn":{"id":130791,"name":"Ash Sharafayn","latitude":"14.30697000","longitude":"45.12634000"},"attaffah":{"id":130796,"name":"At Taffah","latitude":"14.19830000","longitude":"45.35810000"},"azzahir":{"id":130804,"name":"Az Zahir","latitude":"13.99180000","longitude":"45.42180000"},"dhina\u0027im":{"id":130837,"name":"Dhi Na\u0027im","latitude":"14.11110000","longitude":"45.46420000"},"maswarah":{"id":130916,"name":"Maswarah","latitude":"14.40270000","longitude":"45.70330000"},"mukayras":{"id":130930,"name":"Mukayras","latitude":"14.03200000","longitude":"45.79640000"},"na\u0027man":{"id":130934,"name":"Na\u0027man","latitude":"14.59390000","longitude":"45.52860000"},"nati\u0027":{"id":130936,"name":"Nati\u0027","latitude":"14.55390000","longitude":"45.58500000"},"rad\u0101\u2018":{"id":130947,"name":"Rad\u0101\u2018","latitude":"14.34000000","longitude":"44.90874000"},"radmanalawad":{"id":130946,"name":"Radman Al Awad","latitude":"14.48360000","longitude":"45.27440000"},"sabah":{"id":130959,"name":"Sabah","latitude":"14.27590000","longitude":"44.67000000"},"waldrabi\u0027":{"id":130998,"name":"Wald Rabi\u0027","latitude":"14.55574000","longitude":"44.90596000"}}},"alhudaydah":{"id":1241,"name":"Al Hudaydah","state_code":"HU","latitude":"15.30530720","longitude":"43.01948970","type":"governorate","cities":{"addahi":{"id":130665,"name":"Ad Dahi","latitude":"15.22320000","longitude":"43.19350000"},"addurayhimi":{"id":130667,"name":"Ad Durayhimi","latitude":"14.60460000","longitude":"43.07180000"},"algarrahi":{"id":130686,"name":"Al Garrahi","latitude":"14.10580000","longitude":"43.40940000"},"alhajjaylah":{"id":130692,"name":"Al Hajjaylah","latitude":"14.99070000","longitude":"43.58230000"},"alhali":{"id":130693,"name":"Al Hali","latitude":"14.82500000","longitude":"43.00140000"},"alhawak":{"id":130695,"name":"Al Hawak","latitude":"14.76010000","longitude":"42.99780000"},"al\u1e28udaydah":{"id":130757,"name":"Al \u1e28udaydah","latitude":"14.79781000","longitude":"42.95452000"},"almansuriyah":{"id":130720,"name":"Al Mansuriyah","latitude":"14.69030000","longitude":"43.36820000"},"almarawi\u0027ah":{"id":130722,"name":"Al Marawi\u0027ah","latitude":"14.83460000","longitude":"43.19650000"},"almighlaf":{"id":130731,"name":"Al Mighlaf","latitude":"15.31110000","longitude":"43.18360000"},"almina":{"id":130733,"name":"Al Mina","latitude":"14.80775000","longitude":"42.93732000"},"almunirah":{"id":130740,"name":"Al Munirah","latitude":"15.35280000","longitude":"42.90620000"},"alqanawis":{"id":130748,"name":"Al Qanawis","latitude":"15.49206000","longitude":"43.13782000"},"alluheyah":{"id":130762,"name":"Alluheyah","latitude":"15.63628000","longitude":"42.87157000"},"assalif":{"id":130777,"name":"As Salif","latitude":"15.22882000","longitude":"42.72542000"},"assukhnah":{"id":130785,"name":"As Sukhnah","latitude":"14.74840000","longitude":"43.33420000"},"attuhayat":{"id":130799,"name":"At Tuhayat","latitude":"14.10994000","longitude":"43.15979000"},"azzayd\u012byah":{"id":130805,"name":"Az Zayd\u012byah","latitude":"15.29586000","longitude":"43.06452000"},"azzuhrah":{"id":130806,"name":"Az Zuhrah","latitude":"15.71730000","longitude":"43.06370000"},"b\u0101jil":{"id":130829,"name":"B\u0101jil","latitude":"15.07561000","longitude":"43.17350000"},"baytalfaq\u012bh":{"id":130823,"name":"Bayt al Faq\u012bh","latitude":"14.48738000","longitude":"43.27815000"},"bura":{"id":130828,"name":"Bura","latitude":"14.89820000","longitude":"43.47530000"},"hays":{"id":130863,"name":"Hays","latitude":"13.93320000","longitude":"43.49840000"},"jabalra\u0027s":{"id":130877,"name":"Jabal Ra\u0027s","latitude":"14.03090000","longitude":"43.62780000"},"kamaran":{"id":130884,"name":"Kamaran","latitude":"15.36050000","longitude":"42.58540000"},"zab\u012bd":{"id":131006,"name":"Zab\u012bd","latitude":"14.27742000","longitude":"43.36841000"}}},"aljawf":{"id":1243,"name":"Al Jawf","state_code":"JA","latitude":"16.79018190","longitude":"45.29938620","type":"governorate","cities":{"al\u2018in\u0101n":{"id":130758,"name":"Al \u2018In\u0101n","latitude":"16.72189000","longitude":"44.31252000"},"alghayl":{"id":130688,"name":"Al Ghayl","latitude":"16.09140000","longitude":"44.68520000"},"alhazm":{"id":130698,"name":"Al Hazm","latitude":"16.03780000","longitude":"44.95850000"},"alhumaydat":{"id":130699,"name":"Al Humaydat","latitude":"16.46670000","longitude":"44.42990000"},"alkhalq":{"id":130706,"name":"Al Khalq","latitude":"16.06810000","longitude":"44.79700000"},"almaslub":{"id":130725,"name":"Al Maslub","latitude":"16.09610000","longitude":"44.56670000"},"almatammah":{"id":130726,"name":"Al Matammah","latitude":"16.19840000","longitude":"44.39020000"},"almaton":{"id":130727,"name":"Al Maton","latitude":"16.28720000","longitude":"44.63890000"},"azzahir":{"id":130803,"name":"Az Zahir","latitude":"16.33080000","longitude":"44.52440000"},"bar\u0163al\u2018an\u0101n":{"id":130821,"name":"Bar\u0163 al \u2018An\u0101n","latitude":"16.91972000","longitude":"44.51882000"},"khabbwaashsha\u0027af":{"id":130885,"name":"Khabb wa ash Sha\u0027af","latitude":"16.59750000","longitude":"45.78530000"},"kharabalmarashi":{"id":130888,"name":"Kharab Al Marashi","latitude":"16.61070000","longitude":"44.22550000"},"rajuzah":{"id":130950,"name":"Rajuzah","latitude":"16.63420000","longitude":"44.50420000"}}},"almahrah":{"id":1251,"name":"Al Mahrah","state_code":"MR","latitude":"16.52384230","longitude":"51.68342750","type":"governorate","cities":{"alghaydah":{"id":130687,"name":"Al Ghaydah","latitude":"16.26180000","longitude":"52.08160000"},"alghayz\u0327ah":{"id":130689,"name":"Al Ghayz\u0327ah","latitude":"16.20787000","longitude":"52.17605000"},"almasilah":{"id":130724,"name":"Al Masilah","latitude":"15.63990000","longitude":"50.64450000"},"hat":{"id":130857,"name":"Hat","latitude":"17.80310000","longitude":"51.67500000"},"hawf":{"id":130859,"name":"Hawf","latitude":"16.69530000","longitude":"52.81820000"},"huswain":{"id":130870,"name":"Huswain","latitude":"15.72300000","longitude":"51.91240000"},"man\u0027ar":{"id":130908,"name":"Man\u0027ar","latitude":"16.55050000","longitude":"50.98790000"},"qishn":{"id":130943,"name":"Qishn","latitude":"15.69990000","longitude":"51.32400000"},"sayhut":{"id":130968,"name":"Sayhut","latitude":"15.53450000","longitude":"51.28690000"},"shahan":{"id":130974,"name":"Shahan","latitude":"17.59230000","longitude":"52.59400000"}}},"almahwit":{"id":1235,"name":"Al Mahwit","state_code":"MW","latitude":"15.39632290","longitude":"43.56069460","type":"governorate","cities":{"alkhabt":{"id":130705,"name":"Al Khabt","latitude":"15.48170000","longitude":"43.36770000"},"almahwait":{"id":130715,"name":"Al Mahwait","latitude":"15.41170000","longitude":"43.56630000"},"alma\u1e29w\u012bt":{"id":130729,"name":"Al Ma\u1e29w\u012bt","latitude":"15.47007000","longitude":"43.54481000"},"arrujum":{"id":130768,"name":"Ar Rujum","latitude":"15.41010000","longitude":"43.66060000"},"a\u0163\u0162aw\u012blah":{"id":130808,"name":"A\u0163 \u0162aw\u012blah","latitude":"15.44165000","longitude":"43.77484000"},"banisa\u0027d":{"id":130817,"name":"Bani Sa\u0027d","latitude":"15.23550000","longitude":"43.51560000"},"hufash":{"id":130868,"name":"Hufash","latitude":"15.37470000","longitude":"43.42650000"},"milhan":{"id":130925,"name":"Milhan","latitude":"15.32240000","longitude":"43.33180000"},"shib\u0101mkawkab\u0101n":{"id":130980,"name":"Shib\u0101m Kawkab\u0101n","latitude":"15.50277000","longitude":"43.84237000"}}},"amanatalasimah":{"id":1232,"name":"Amanat Al Asimah","state_code":"SA","latitude":"15.36944510","longitude":"44.19100660","type":"municipality"},"dhamar":{"id":1246,"name":"Dhamar","state_code":"DH","latitude":"14.71953440","longitude":"44.24790150","type":"governorate","cities":{"\u2018ans":{"id":131014,"name":"\u2018Ans","latitude":"14.43606000","longitude":"44.38889000"},"alhada":{"id":130691,"name":"Al Hada","latitude":"14.80760000","longitude":"44.56790000"},"almanar":{"id":130718,"name":"Al Manar","latitude":"14.65300000","longitude":"44.11640000"},"al-medyvillage\u0642\u0631\u064a\u0629\u0627\u0644\u0645\u062f\u064a":{"id":130761,"name":"Al-Medy Village \u0642\u0631\u064a\u0629 \u0627\u0644\u0645\u062f\u064a","latitude":"14.40152000","longitude":"43.79178000"},"dawrananess":{"id":130833,"name":"Dawran Aness","latitude":"14.82880000","longitude":"44.11430000"},"dham\u0101r":{"id":130834,"name":"Dham\u0101r","latitude":"14.54274000","longitude":"44.40514000"},"jabalashsharq":{"id":130873,"name":"Jabal Ash sharq","latitude":"14.72960000","longitude":"43.90620000"},"jahran":{"id":130878,"name":"Jahran","latitude":"14.73310000","longitude":"44.31430000"},"maghiribans":{"id":130904,"name":"Maghirib Ans","latitude":"14.46530000","longitude":"44.12330000"},"mayfa\u0027atanss":{"id":130919,"name":"Mayfa\u0027at Anss","latitude":"14.51520000","longitude":"44.61060000"},"utmah":{"id":130994,"name":"Utmah","latitude":"14.47380000","longitude":"43.94830000"},"wusabalali":{"id":131000,"name":"Wusab Al Ali","latitude":"14.33440000","longitude":"43.79470000"},"wusabassafil":{"id":131001,"name":"Wusab As Safil","latitude":"14.25480000","longitude":"43.63250000"}}},"hadhramaut":{"id":1238,"name":"Hadhramaut","state_code":"HD","latitude":"16.93041350","longitude":"49.36531490","type":"governorate","cities":{"addis":{"id":130666,"name":"Ad Dis","latitude":"15.09490000","longitude":"50.01590000"},"add\u012bsashsharq\u012byah":{"id":130668,"name":"Ad D\u012bs ash Sharq\u012byah","latitude":"14.90840000","longitude":"49.94847000"},"adhdhlia\u0027ah":{"id":130670,"name":"Adh Dhlia\u0027ah","latitude":"15.01390000","longitude":"47.89720000"},"alabr":{"id":130678,"name":"Al Abr","latitude":"15.91370000","longitude":"47.22880000"},"al\u1e28amd\u012b":{"id":130755,"name":"Al \u1e28amd\u012b","latitude":"15.94727000","longitude":"48.77965000"},"almukalla":{"id":130737,"name":"Al Mukalla","latitude":"14.72920000","longitude":"48.91990000"},"almukallacity":{"id":130738,"name":"Al Mukalla City","latitude":"14.62033000","longitude":"49.24800000"},"alqaf":{"id":130744,"name":"Al Qaf","latitude":"17.42870000","longitude":"48.94050000"},"alqatn":{"id":130749,"name":"Al Qatn","latitude":"15.92320000","longitude":"48.21460000"},"amd":{"id":130763,"name":"Amd","latitude":"15.34860000","longitude":"47.92860000"},"arraydahwaqusayar":{"id":130767,"name":"Ar Raydah Wa Qusayar","latitude":"15.18410000","longitude":"50.31330000"},"assawm":{"id":130780,"name":"As Sawm","latitude":"15.99800000","longitude":"49.66860000"},"ashshihr":{"id":130793,"name":"Ash Shihr","latitude":"14.97230000","longitude":"49.55260000"},"atta\u1e29\u0101luf":{"id":130797,"name":"At Ta\u1e29\u0101luf","latitude":"15.93786000","longitude":"48.78641000"},"brommayfa":{"id":130827,"name":"Brom Mayfa","latitude":"14.34230000","longitude":"48.72810000"},"daw\u0027an":{"id":130832,"name":"Daw\u0027an","latitude":"15.05070000","longitude":"48.30720000"},"ghaylbawazir":{"id":130843,"name":"Ghayl Ba Wazir","latitude":"14.87780000","longitude":"49.02450000"},"ghaylbinyamin":{"id":130844,"name":"Ghayl Bin Yamin","latitude":"15.38960000","longitude":"49.28540000"},"hagrassai\u0027ar":{"id":130849,"name":"Hagr As Sai\u0027ar","latitude":"16.30560000","longitude":"47.95370000"},"hajr":{"id":130851,"name":"Hajr","latitude":"14.47080000","longitude":"48.27740000"},"huraidhah":{"id":130869,"name":"Huraidhah","latitude":"15.55425000","longitude":"48.17505000"},"kilmia":{"id":130893,"name":"Kilmia","latitude":"12.18576000","longitude":"52.23332000"},"mukalla":{"id":130929,"name":"Mukalla","latitude":"14.54248000","longitude":"49.12424000"},"rakhyah":{"id":130951,"name":"Rakhyah","latitude":"15.46180000","longitude":"47.77280000"},"rumah":{"id":130955,"name":"Rumah","latitude":"17.81450000","longitude":"51.07590000"},"sah":{"id":130961,"name":"Sah","latitude":"15.53420000","longitude":"48.89550000"},"sayun":{"id":130969,"name":"Sayun","latitude":"15.98310000","longitude":"48.83150000"},"shibam":{"id":130979,"name":"Shibam","latitude":"15.87030000","longitude":"48.65340000"},"su\u1e29aylshib\u0101m":{"id":130984,"name":"Su\u1e29ayl Shib\u0101m","latitude":"15.91448000","longitude":"48.63864000"},"tarim":{"id":130986,"name":"Tarim","latitude":"16.06600000","longitude":"49.02290000"},"thamud":{"id":130989,"name":"Thamud","latitude":"17.60310000","longitude":"49.73610000"},"wadialayn":{"id":130997,"name":"Wadi Al Ayn","latitude":"15.74033000","longitude":"48.14747000"},"yabuth":{"id":131002,"name":"Yabuth","latitude":"14.71820000","longitude":"47.73580000"},"zamakhwamanwakh":{"id":131007,"name":"Zamakh wa Manwakh","latitude":"17.20320000","longitude":"47.70330000"}}},"hajjah":{"id":1244,"name":"Hajjah","state_code":"HJ","latitude":"16.11806310","longitude":"43.32946600","type":"governorate","cities":{"abs":{"id":130664,"name":"Abs","latitude":"16.02150000","longitude":"43.04850000"},"aflahalyaman":{"id":130671,"name":"Aflah Al Yaman","latitude":"15.97890000","longitude":"43.41110000"},"aflahashshawm":{"id":130672,"name":"Aflah Ash Shawm","latitude":"16.05280000","longitude":"43.41200000"},"aljamimah":{"id":130703,"name":"Al Jamimah","latitude":"16.02840000","longitude":"43.52970000"},"almaghrabah":{"id":130712,"name":"Al Maghrabah","latitude":"15.89370000","longitude":"43.60910000"},"almahabishah":{"id":130713,"name":"Al Mahabishah","latitude":"15.92870000","longitude":"43.44800000"},"almiftah":{"id":130730,"name":"Al Miftah","latitude":"15.96100000","longitude":"43.51470000"},"ashshaghadirah":{"id":130787,"name":"Ash Shaghadirah","latitude":"15.60610000","longitude":"43.49920000"},"ashshahil":{"id":130788,"name":"Ash Shahil","latitude":"15.85530000","longitude":"43.45160000"},"aslem":{"id":130795,"name":"Aslem","latitude":"16.06000000","longitude":"43.29390000"},"bakilalmir":{"id":130811,"name":"Bakil Al Mir","latitude":"16.50690000","longitude":"43.36150000"},"ban\u012bal\u2018aww\u0101m":{"id":130819,"name":"Ban\u012b al \u2018Aww\u0101m","latitude":"15.58119000","longitude":"43.58727000"},"banialawam":{"id":130812,"name":"Bani Al Awam","latitude":"15.58100000","longitude":"43.60790000"},"baniqa\u0027is":{"id":130816,"name":"Bani Qa\u0027is","latitude":"15.63460000","longitude":"43.33720000"},"hajjah":{"id":130850,"name":"Hajjah","latitude":"15.68160000","longitude":"43.44996000"},"haraddistrict":{"id":130854,"name":"Harad District","latitude":"16.40447000","longitude":"43.07739000"},"hayran":{"id":130862,"name":"Hayran","latitude":"16.25080000","longitude":"43.05990000"},"khayranalmuharraq":{"id":130890,"name":"Khayran Al Muharraq","latitude":"16.08964000","longitude":"43.35755000"},"ku\u0027aydinah":{"id":130895,"name":"Ku\u0027aydinah","latitude":"15.81830000","longitude":"43.35990000"},"kuhlanaffar":{"id":130896,"name":"Kuhlan Affar","latitude":"15.75540000","longitude":"43.69700000"},"kuhlanashsharaf":{"id":130897,"name":"Kuhlan Ash Sharaf","latitude":"16.02310000","longitude":"43.48630000"},"kushar":{"id":130898,"name":"Kushar","latitude":"16.17090000","longitude":"43.47200000"},"mabyan":{"id":130903,"name":"Mabyan","latitude":"15.77170000","longitude":"43.55100000"},"midi":{"id":130924,"name":"Midi","latitude":"16.19202000","longitude":"42.88913000"},"mustaba":{"id":130931,"name":"Mustaba","latitude":"16.27360000","longitude":"43.26850000"},"najrah":{"id":130935,"name":"Najrah","latitude":"15.65270000","longitude":"43.54520000"},"qaflshamer":{"id":130939,"name":"Qafl Shamer","latitude":"15.90870000","longitude":"43.36400000"},"qarah":{"id":130941,"name":"Qarah","latitude":"16.40190000","longitude":"43.47400000"},"sharas":{"id":130978,"name":"Sharas","latitude":"15.72860000","longitude":"43.65460000"},"wadhrah":{"id":130996,"name":"Wadhrah","latitude":"15.71420000","longitude":"43.46670000"},"wash\u1e29ah":{"id":130999,"name":"Wash\u1e29ah","latitude":"16.32158000","longitude":"43.37555000"}}},"ibb":{"id":1233,"name":"Ibb","state_code":"IB","latitude":"14.14157170","longitude":"44.24790150","type":"governorate","cities":{"al\u2018udayn":{"id":130759,"name":"Al \u2018Udayn","latitude":"13.96112000","longitude":"43.96608000"},"aldhihar":{"id":130685,"name":"Al Dhihar","latitude":"13.97900000","longitude":"44.15260000"},"almakh\u0101dir":{"id":130716,"name":"Al Makh\u0101dir","latitude":"14.13965000","longitude":"44.20330000"},"almashannah":{"id":130723,"name":"Al Mashannah","latitude":"13.95730000","longitude":"44.17000000"},"alqafr":{"id":130746,"name":"Al Qafr","latitude":"14.31290000","longitude":"44.03000000"},"ann\u0101dirah":{"id":130764,"name":"An N\u0101dirah","latitude":"14.07398000","longitude":"44.49925000"},"arradmah":{"id":130765,"name":"Ar Radmah","latitude":"14.21200000","longitude":"44.56420000"},"assabrah":{"id":130772,"name":"As Sabrah","latitude":"13.84270000","longitude":"44.33860000"},"assaddah":{"id":130773,"name":"As Saddah","latitude":"14.16610000","longitude":"44.37510000"},"assayyani":{"id":130782,"name":"As Sayyani","latitude":"13.82240000","longitude":"44.21180000"},"ashsha\u0027ir":{"id":130786,"name":"Ash Sha\u0027ir","latitude":"14.03180000","longitude":"44.36190000"},"ba\u0027dan":{"id":130810,"name":"Ba\u0027dan","latitude":"13.98870000","longitude":"44.32360000"},"dh\u012bassuf\u0101l":{"id":130839,"name":"Dh\u012b as Suf\u0101l","latitude":"13.82137000","longitude":"44.07775000"},"faraludayn":{"id":130841,"name":"Far Al Udayn","latitude":"13.95780000","longitude":"43.78270000"},"hazmaludayn":{"id":130864,"name":"Hazm Al Udayn","latitude":"14.16984000","longitude":"43.93814000"},"hubaysh":{"id":130867,"name":"Hubaysh","latitude":"14.11600000","longitude":"44.08240000"},"ibb":{"id":130871,"name":"Ibb","latitude":"13.96667000","longitude":"44.18333000"},"jiblah":{"id":130882,"name":"Jiblah","latitude":"13.91480000","longitude":"44.12130000"},"mudhaykhirah":{"id":130927,"name":"Mudhaykhirah","latitude":"13.86608000","longitude":"43.96866000"},"yar\u012bm":{"id":131005,"name":"Yar\u012bm","latitude":"14.25388000","longitude":"44.31176000"}}},"lahij":{"id":1245,"name":"Lahij","state_code":"LA","latitude":"13.14895880","longitude":"44.85054950","type":"governorate","cities":{"alhawtah":{"id":130675,"name":"Al  Hawtah","latitude":"13.06240000","longitude":"44.88160000"},"al\u1e28ab\u012blayn":{"id":130754,"name":"Al \u1e28ab\u012blayn","latitude":"13.52002000","longitude":"44.85076000"},"alhad":{"id":130690,"name":"Al Had","latitude":"13.97830000","longitude":"45.25530000"},"almadaribahwaalarah":{"id":130710,"name":"Al Madaribah Wa Al Arah","latitude":"12.85690000","longitude":"43.99060000"},"almaflahy":{"id":130711,"name":"Al Maflahy","latitude":"13.77670000","longitude":"45.10880000"},"almaqatirah":{"id":130721,"name":"Al Maqatirah","latitude":"13.13720000","longitude":"44.14040000"},"almilah":{"id":130732,"name":"Al Milah","latitude":"13.32020000","longitude":"44.92670000"},"almusaymir":{"id":130741,"name":"Al Musaymir","latitude":"13.42910000","longitude":"44.59140000"},"alqabbaytah":{"id":130743,"name":"Al Qabbaytah","latitude":"13.32750000","longitude":"44.50250000"},"habiljabr":{"id":130846,"name":"Habil Jabr","latitude":"13.59210000","longitude":"45.07370000"},"halimayn":{"id":130852,"name":"Halimayn","latitude":"13.70880000","longitude":"44.94430000"},"la\u1e29ij":{"id":130901,"name":"La\u1e29ij","latitude":"13.05667000","longitude":"44.88194000"},"radfan":{"id":130945,"name":"Radfan","latitude":"13.46670000","longitude":"44.99000000"},"tuban":{"id":130991,"name":"Tuban","latitude":"13.09210000","longitude":"44.87840000"},"turalbahah":{"id":130992,"name":"Tur Al Bahah","latitude":"13.04269000","longitude":"44.41154000"},"yafa\u0027a":{"id":131003,"name":"Yafa\u0027a","latitude":"13.86200000","longitude":"45.20140000"},"yahr":{"id":131004,"name":"Yahr","latitude":"13.72270000","longitude":"45.13050000"}}},"ma\u0027rib":{"id":1234,"name":"Ma\u0027rib","state_code":"MA","latitude":"15.51588800","longitude":"45.44980650","type":"governorate","cities":{"alabdiyah":{"id":130677,"name":"Al Abdiyah","latitude":"14.71700000","longitude":"45.39340000"},"aljubah":{"id":130704,"name":"Al Jubah","latitude":"15.12490000","longitude":"45.28680000"},"bidbadah":{"id":130824,"name":"Bidbadah","latitude":"15.39810000","longitude":"44.74730000"},"\u1e28ar\u012bb":{"id":131012,"name":"\u1e28ar\u012bb","latitude":"14.93045000","longitude":"45.36820000"},"haribalqaramish":{"id":130856,"name":"Harib Al Qaramish","latitude":"15.47350000","longitude":"44.61530000"},"jabalmurad":{"id":130876,"name":"Jabal Murad","latitude":"15.04740000","longitude":"45.18870000"},"ma\u0027rib":{"id":130902,"name":"Ma\u0027rib","latitude":"15.46253000","longitude":"45.32581000"},"mahliyah":{"id":130905,"name":"Mahliyah","latitude":"14.68210000","longitude":"45.18320000"},"majzar":{"id":130907,"name":"Majzar","latitude":"15.82770000","longitude":"44.79410000"},"marib":{"id":130912,"name":"Marib","latitude":"15.62130000","longitude":"46.01110000"},"maribcity":{"id":130913,"name":"Marib City","latitude":"15.41560000","longitude":"45.30340000"},"medghal":{"id":130921,"name":"Medghal","latitude":"15.63840000","longitude":"45.00380000"},"raghwan":{"id":130948,"name":"Raghwan","latitude":"15.79020000","longitude":"45.06940000"},"rahabah":{"id":130949,"name":"Rahabah","latitude":"14.95100000","longitude":"45.08850000"},"sirwah":{"id":130982,"name":"Sirwah","latitude":"15.43690000","longitude":"45.01150000"}}},"raymah":{"id":1248,"name":"Raymah","state_code":"RA","latitude":"14.62776820","longitude":"43.71424840","type":"governorate","cities":{"aljabin":{"id":130701,"name":"Al Jabin","latitude":"14.68990000","longitude":"43.61960000"},"aljafariyah":{"id":130702,"name":"Al Jafariyah","latitude":"14.51960000","longitude":"43.58170000"},"assalafiyah":{"id":130776,"name":"As Salafiyah","latitude":"14.68660000","longitude":"43.82160000"},"biladatta\u0027am":{"id":130826,"name":"Bilad At Ta\u0027am","latitude":"14.83820000","longitude":"43.60780000"},"kusmah":{"id":130899,"name":"Kusmah","latitude":"14.54740000","longitude":"43.68330000"},"mazhar":{"id":130920,"name":"Mazhar","latitude":"14.57090000","longitude":"43.76070000"}}},"saada":{"id":1249,"name":"Saada","state_code":"SD","latitude":"16.84765280","longitude":"43.94367880","type":"governorate","cities":{"aldhaher":{"id":130684,"name":"Al Dhaher","latitude":"16.73140000","longitude":"43.27530000"},"alhashwah":{"id":130694,"name":"Al Hashwah","latitude":"16.88840000","longitude":"44.27380000"},"assafra":{"id":130774,"name":"As Safra","latitude":"17.01420000","longitude":"43.85660000"},"ashshaw\u0101t\u012b":{"id":130792,"name":"Ash Shaw\u0101t\u012b","latitude":"16.78314000","longitude":"43.81265000"},"baqim":{"id":130820,"name":"Baqim","latitude":"17.37810000","longitude":"43.46350000"},"ghamr":{"id":130842,"name":"Ghamr","latitude":"16.98301000","longitude":"43.31608000"},"haydan":{"id":130860,"name":"Haydan","latitude":"16.72870000","longitude":"43.48490000"},"kitafwaalboqe\u0027e":{"id":130894,"name":"Kitaf wa Al Boqe\u0027e","latitude":"17.08080000","longitude":"44.39620000"},"majz":{"id":130906,"name":"Majz","latitude":"17.09230000","longitude":"43.51040000"},"monabbih":{"id":130926,"name":"Monabbih","latitude":"17.16930000","longitude":"43.27910000"},"qatabir":{"id":130942,"name":"Qatabir","latitude":"17.33680000","longitude":"43.33110000"},"r\u0101zi\u1e29":{"id":130956,"name":"R\u0101zi\u1e29","latitude":"16.93704000","longitude":"43.26080000"},"sa\u0027dah":{"id":130957,"name":"Sa\u0027dah","latitude":"16.94021000","longitude":"43.76393000"},"\u015ea\u2018dah":{"id":131010,"name":"\u015ea\u2018dah","latitude":"16.91733000","longitude":"43.76000000"},"sa\u1e29\u0101r":{"id":130972,"name":"Sa\u1e29\u0101r","latitude":"16.88522000","longitude":"43.68306000"},"saqayn":{"id":130966,"name":"Saqayn","latitude":"16.86010000","longitude":"43.47160000"},"shada\u0027a":{"id":130973,"name":"Shada\u0027a","latitude":"16.89130000","longitude":"43.18710000"}}},"sana\u0027a":{"id":1236,"name":"Sana\u0027a","state_code":"SN","latitude":"15.31689130","longitude":"44.47480180","type":"governorate","cities":{"alhaymahaddakhiliyah":{"id":130696,"name":"Al Haymah Ad Dakhiliyah","latitude":"15.27220000","longitude":"43.83930000"},"alhaymahalkharijiyah":{"id":130697,"name":"Al Haymah Al Kharijiyah","latitude":"15.02670000","longitude":"43.85000000"},"alhusn":{"id":130700,"name":"Al Husn","latitude":"15.02060000","longitude":"44.50440000"},"alkh\u0101niq":{"id":130707,"name":"Al Kh\u0101niq","latitude":"15.50253000","longitude":"44.18158000"},"arhab":{"id":130770,"name":"Arhab","latitude":"15.79950000","longitude":"44.24660000"},"attyal":{"id":130802,"name":"Attyal","latitude":"15.32931000","longitude":"44.57739000"},"banidhabyan":{"id":130813,"name":"Bani Dhabyan","latitude":"15.04810000","longitude":"44.87180000"},"banihushaysh":{"id":130814,"name":"Bani Hushaysh","latitude":"15.45050000","longitude":"44.37820000"},"banimatar":{"id":130815,"name":"Bani Matar","latitude":"15.21500000","longitude":"44.04980000"},"biladarrus":{"id":130825,"name":"Bilad Ar Rus","latitude":"15.03510000","longitude":"44.25140000"},"hamd\u0101n":{"id":130853,"name":"Hamd\u0101n","latitude":"15.50662000","longitude":"44.06030000"},"jihanah":{"id":130883,"name":"Jihanah","latitude":"15.19190000","longitude":"44.51950000"},"khwlan":{"id":130892,"name":"Khwlan","latitude":"15.27490000","longitude":"44.76860000"},"manakhah":{"id":130909,"name":"Manakhah","latitude":"15.07170000","longitude":"43.68620000"},"nihm":{"id":130937,"name":"Nihm","latitude":"15.75160000","longitude":"44.57460000"},"sa\u0027fan":{"id":130958,"name":"Sa\u0027fan","latitude":"15.07120000","longitude":"43.58270000"},"sa\u1e29ar":{"id":130971,"name":"Sa\u1e29ar","latitude":"15.31637000","longitude":"44.30880000"},"sanaa":{"id":130964,"name":"Sanaa","latitude":"15.35472000","longitude":"44.20667000"},"sanhan":{"id":130965,"name":"Sanhan","latitude":"15.22520000","longitude":"44.30570000"},"sayy\u0101n":{"id":130970,"name":"Sayy\u0101n","latitude":"15.17177000","longitude":"44.32442000"}}},"shabwah":{"id":1247,"name":"Shabwah","state_code":"SH","latitude":"14.75463030","longitude":"46.51626200","type":"governorate","cities":{"ain":{"id":130674,"name":"Ain","latitude":"14.95030000","longitude":"45.60040000"},"al\u2018\u0100qir":{"id":130760,"name":"Al \u2018\u0100qir","latitude":"14.56816000","longitude":"45.91156000"},"altalh":{"id":130751,"name":"Al Talh","latitude":"15.08260000","longitude":"47.35140000"},"al-khash\u0101upper":{"id":130663,"name":"AL-khash\u0101 upper","latitude":"14.34044000","longitude":"46.71365000"},"arrawdah":{"id":130766,"name":"Ar Rawdah","latitude":"14.49560000","longitude":"47.27460000"},"arma":{"id":130771,"name":"Arma","latitude":"15.41270000","longitude":"47.23450000"},"assaid":{"id":130775,"name":"As Said","latitude":"14.27660000","longitude":"46.86930000"},"ataq":{"id":130800,"name":"Ataq","latitude":"14.53767000","longitude":"46.83187000"},"bayhan":{"id":130822,"name":"Bayhan","latitude":"14.76190000","longitude":"45.74820000"},"dhar":{"id":130835,"name":"Dhar","latitude":"15.50360000","longitude":"47.60580000"},"habban":{"id":130845,"name":"Habban","latitude":"14.28780000","longitude":"47.13610000"},"hatib":{"id":130858,"name":"Hatib","latitude":"14.18020000","longitude":"46.44390000"},"jardan":{"id":130879,"name":"Jardan","latitude":"15.19000000","longitude":"46.73380000"},"khim\u0101r":{"id":130891,"name":"Khim\u0101r","latitude":"14.31980000","longitude":"46.73922000"},"mayfa\u0027a":{"id":130918,"name":"Mayfa\u0027a","latitude":"14.39780000","longitude":"47.74040000"},"merkhahalulya":{"id":130922,"name":"Merkhah Al Ulya","latitude":"14.48470000","longitude":"45.92990000"},"merkhahassufla":{"id":130923,"name":"Merkhah As Sufla","latitude":"14.69990000","longitude":"46.15630000"},"nisab":{"id":130938,"name":"Nisab","latitude":"14.52570000","longitude":"46.44770000"},"rudum":{"id":130954,"name":"Rudum","latitude":"14.03759000","longitude":"47.83824000"},"usaylan":{"id":130993,"name":"Usaylan","latitude":"15.17030000","longitude":"46.02740000"}}},"socotra":{"id":1239,"name":"Socotra","state_code":"SU","latitude":"12.46342050","longitude":"53.82373850","type":"governorate","cities":{"hadibu":{"id":130848,"name":"Hadibu","latitude":"12.64881000","longitude":"54.01895000"},"hidaybu":{"id":130865,"name":"Hidaybu","latitude":"12.50250000","longitude":"54.00820000"},"qalans\u012byah":{"id":130940,"name":"Qalans\u012byah","latitude":"12.68958000","longitude":"53.48709000"},"qulensyawaabdalkuri":{"id":130944,"name":"Qulensya Wa Abd Al Kuri","latitude":"12.55479000","longitude":"53.58671000"}}},"ta\u0027izz":{"id":1231,"name":"Ta\u0027izz","state_code":"TA","latitude":"13.57758860","longitude":"44.01779890","type":"governorate","cities":{"alma\u0027afer":{"id":130708,"name":"Al Ma\u0027afer","latitude":"13.37420000","longitude":"43.92620000"},"almawasit":{"id":130728,"name":"Al Mawasit","latitude":"13.30420000","longitude":"44.10050000"},"almisrakh":{"id":130734,"name":"Al Misrakh","latitude":"13.47020000","longitude":"44.03770000"},"almudhaffar":{"id":130736,"name":"Al Mudhaffar","latitude":"13.58310000","longitude":"43.99270000"},"almukh\u0101\u2019":{"id":130739,"name":"Al Mukh\u0101\u2019","latitude":"13.51998000","longitude":"43.42798000"},"alqahirah":{"id":130747,"name":"Al Qahirah","latitude":"13.58490000","longitude":"44.01010000"},"alwazi\u0027iyah":{"id":130753,"name":"Al Wazi\u0027iyah","latitude":"13.18460000","longitude":"43.72980000"},"assilw":{"id":130783,"name":"As Silw","latitude":"13.34590000","longitude":"44.20720000"},"ashshamayatayn":{"id":130790,"name":"Ash Shamayatayn","latitude":"13.18220000","longitude":"43.98000000"},"atta\u2018izz\u012byah":{"id":130798,"name":"At Ta\u2018izz\u012byah","latitude":"13.69479000","longitude":"44.00941000"},"dhubab":{"id":130838,"name":"Dhubab","latitude":"12.96590000","longitude":"43.47240000"},"dimnatkhadir":{"id":130840,"name":"Dimnat Khadir","latitude":"13.43860000","longitude":"44.25420000"},"hayfan":{"id":130861,"name":"Hayfan","latitude":"13.29060000","longitude":"44.26070000"},"jabalhabashy":{"id":130874,"name":"Jabal Habashy","latitude":"13.46650000","longitude":"43.88100000"},"maqbanah":{"id":130911,"name":"Maqbanah","latitude":"13.62120000","longitude":"43.66740000"},"mashra\u0027awahadnan":{"id":130914,"name":"Mashra\u0027a Wa Hadnan","latitude":"13.54170000","longitude":"43.99830000"},"m\u0101w\u012byah":{"id":130932,"name":"M\u0101w\u012byah","latitude":"13.58461000","longitude":"44.31912000"},"mawza":{"id":130917,"name":"Mawza","latitude":"13.37820000","longitude":"43.61450000"},"sabiralmawadim":{"id":130960,"name":"Sabir Al Mawadim","latitude":"13.53180000","longitude":"44.04620000"},"salh":{"id":130962,"name":"Salh","latitude":"13.58390000","longitude":"44.04020000"},"sama":{"id":130963,"name":"Sama","latitude":"13.38090000","longitude":"44.11660000"},"shara\u0027barrawnah":{"id":130976,"name":"Shara\u0027b Ar Rawnah","latitude":"13.73360000","longitude":"43.76720000"},"shara\u0027bassalam":{"id":130977,"name":"Shara\u0027b As Salam","latitude":"13.78320000","longitude":"43.88610000"},"ta\u2018izz":{"id":130988,"name":"Ta\u2018izz","latitude":"13.57952000","longitude":"44.02091000"},"villageofalamrah":{"id":130995,"name":"Village of Alamrah","latitude":"13.74318000","longitude":"43.72992000"}}}}}