{"id":138,"name":"Martinique","iso3":"MTQ","iso2":"MQ","numeric_code":"474","phonecode":"596","capital":"Fort-de-France","currency":"EUR","currency_name":"Euro","currency_symbol":"\u20ac","tld":".mq","native":"Martinique","region":"Americas","region_id":2,"subregion":"Caribbean","subregion_id":7,"nationality":"Martiniquais, Martinican","timezones":[{"zoneName":"America/Martinique","gmtOffset":-14400,"gmtOffsetName":"UTC-04:00","abbreviation":"AST","tzName":"Atlantic Standard Time"}],"translations":{"ko":"\ub9c8\ub974\ud2f0\ub2c8\ud06c","pt-BR":"Martinica","pt":"Martinica","nl":"Martinique","hr":"Martinique","fa":"\u0645\u0648\u0646\u062a\u0633\u0631\u0627\u062a","de":"Martinique","es":"Martinica","fr":"Martinique","ja":"\u30de\u30eb\u30c6\u30a3\u30cb\u30fc\u30af","it":"Martinica","zh-CN":"\u9a6c\u63d0\u5c3c\u514b\u5c9b","tr":"Martinik","ru":"\u041c\u0430\u0440\u0442\u0438\u043d\u0438\u043a\u0430","uk":"\u041c\u0430\u0440\u0442\u0456\u043d\u0456\u043a\u0430","pl":"Martynika"},"latitude":"14.66666700","longitude":"-61.00000000","emoji":"\ud83c\uddf2\ud83c\uddf6","emojiU":"U+1F1F2 U+1F1F6","states":{"fort-de-france":{"id":5398,"name":"Fort-de-France","state_code":"01","latitude":"14.64349950","longitude":"-61.11431890","type":"district","cities":{"fort-de-france":{"id":154980,"name":"Fort-de-France","latitude":"14.64924180","longitude":"-61.10984450"},"lelamentin":{"id":154981,"name":"Le Lamentin","latitude":"14.62308620","longitude":"-61.03347490"},"saint-joseph":{"id":154982,"name":"Saint-Joseph","latitude":"14.68353400","longitude":"-61.08186620"},"sch\u0153lcher":{"id":154983,"name":"Sch\u0153lcher","latitude":"14.65179970","longitude":"-61.14128670"}}},"latrinit\u00e9":{"id":5399,"name":"La Trinit\u00e9","state_code":"02","latitude":"14.75519490","longitude":"-61.20281970","type":"district","cities":{"basse-pointe":{"id":154985,"name":"Basse-Pointe","latitude":"14.84097080","longitude":"-61.16485230"},"grand\u0027rivi\u00e8re":{"id":154986,"name":"Grand\u0027Rivi\u00e8re","latitude":"14.84696630","longitude":"-61.20427640"},"gros-morne":{"id":154987,"name":"Gros-Morne","latitude":"14.70841840","longitude":"-61.11271220"},"l\u0027ajoupa-bouillon":{"id":154984,"name":"L\u0027Ajoupa-Bouillon","latitude":"14.81597180","longitude":"-61.17170630"},"latrinit\u00e9":{"id":154993,"name":"La Trinit\u00e9","latitude":"14.73804150","longitude":"-61.02929560"},"lelorrain":{"id":154988,"name":"Le Lorrain","latitude":"14.79952560","longitude":"-61.11513740"},"lemarigot":{"id":154990,"name":"Le Marigot","latitude":"14.77958180","longitude":"-61.09424580"},"lerobert":{"id":154991,"name":"Le Robert","latitude":"14.67443270","longitude":"-61.01692720"},"macouba":{"id":154989,"name":"Macouba","latitude":"14.84743860","longitude":"-61.16709460"},"sainte-marie":{"id":154992,"name":"Sainte-Marie","latitude":"14.77300930","longitude":"-61.04959970"}}},"lemarin":{"id":5400,"name":"Le Marin","state_code":"03","latitude":"14.52205810","longitude":"-61.12011970","type":"district","cities":{"ducos":{"id":154996,"name":"Ducos","latitude":"14.57854420","longitude":"-61.00973860"},"lediamant":{"id":154995,"name":"Le Diamant","latitude":"14.47680040","longitude":"-61.05973840"},"lefran\u00e7ois":{"id":154997,"name":"Le Fran\u00e7ois","latitude":"14.60928850","longitude":"-60.97999110"},"lemarin":{"id":154998,"name":"Le Marin","latitude":"14.48221690","longitude":"-60.90011410"},"levauclin":{"id":155005,"name":"Le Vauclin","latitude":"14.54208600","longitude":"-60.90060060"},"lesanses-d\u0027arlet":{"id":154994,"name":"Les Anses-d\u0027Arlet","latitude":"14.49954780","longitude":"-61.11481620"},"lestrois-\u00celets":{"id":155004,"name":"Les Trois-\u00celets","latitude":"14.53287460","longitude":"-61.07877690"},"rivi\u00e8re-pilote":{"id":154999,"name":"Rivi\u00e8re-Pilote","latitude":"14.50266970","longitude":"-60.93819210"},"rivi\u00e8re-sal\u00e9e":{"id":155000,"name":"Rivi\u00e8re-Sal\u00e9e","latitude":"14.52621400","longitude":"-61.00353090"},"saint-esprit":{"id":155001,"name":"Saint-Esprit","latitude":"14.56175950","longitude":"-60.96451110"},"sainte-anne":{"id":155002,"name":"Sainte-Anne","latitude":"14.43142200","longitude":"-60.89278760"},"sainte-luce":{"id":155003,"name":"Sainte-Luce","latitude":"14.49040930","longitude":"-60.98793650"}}},"saint-pierre":{"id":5401,"name":"Saint-Pierre","state_code":"04","latitude":"14.74505200","longitude":"-61.23631840","type":"district","cities":{"bellefontaine":{"id":155006,"name":"Bellefontaine","latitude":"14.67474760","longitude":"-61.16653080"},"case-pilote":{"id":155008,"name":"Case-Pilote","latitude":"14.65933990","longitude":"-61.15026120"},"fonds-saint-denis":{"id":155009,"name":"Fonds-Saint-Denis","latitude":"14.72275460","longitude":"-61.16189190"},"lecarbet":{"id":155007,"name":"Le Carbet","latitude":"14.70521580","longitude":"-61.19444680"},"lemorne-rouge":{"id":155010,"name":"Le Morne-Rouge","latitude":"14.76953640","longitude":"-61.16292840"},"lemorne-vert":{"id":155011,"name":"Le Morne-Vert","latitude":"14.70464330","longitude":"-61.15679770"},"lepr\u00eacheur":{"id":155012,"name":"Le Pr\u00eacheur","latitude":"14.82202610","longitude":"-61.23746860"},"saint-pierre":{"id":155013,"name":"Saint-Pierre","latitude":"14.77167190","longitude":"-61.21475010"}}}}}