{"id":138,"name":"Martinique","iso3":"MTQ","iso2":"MQ","numeric_code":"474","phone_code":"596","capital":"Fort-de-France","currency":"EUR","currency_name":"Euro","currency_symbol":"\u20ac","tld":".mq","native":"Martinique","region":"Americas","region_id":"2","subregion":"Caribbean","subregion_id":"7","nationality":"Martiniquais, Martinican","timezones":[{"zoneName":"America/Martinique","gmtOffset":-14400,"gmtOffsetName":"UTC-04:00","abbreviation":"AST","tzName":"Atlantic Standard Time"}],"translations":{"kr":"\ub9c8\ub974\ud2f0\ub2c8\ud06c","pt-BR":"Martinica","pt":"Martinica","nl":"Martinique","hr":"Martinique","fa":"\u0645\u0648\u0646\u062a\u0633\u0631\u0627\u062a","de":"Martinique","es":"Martinica","fr":"Martinique","ja":"\u30de\u30eb\u30c6\u30a3\u30cb\u30fc\u30af","it":"Martinica","cn":"\u9a6c\u63d0\u5c3c\u514b\u5c9b","tr":"Martinik","ru":"\u041c\u0430\u0440\u0442\u0438\u043d\u0438\u043a\u0430","uk":"\u041c\u0430\u0440\u0442\u0456\u043d\u0456\u043a\u0430","pl":"Martynika"},"latitude":"14.66666700","longitude":"-61.00000000","emoji":"\ud83c\uddf2\ud83c\uddf6","emojiU":"U+1F1F2 U+1F1F6"}