{"id":2,"name":"Aland Islands","iso3":"ALA","iso2":"AX","numeric_code":"248","phone_code":"358","capital":"Mariehamn","currency":"EUR","currency_name":"Euro","currency_symbol":"\u20ac","tld":".ax","native":"\u00c5land","region":"Europe","region_id":"4","subregion":"Northern Europe","subregion_id":"18","nationality":"Aland Island","timezones":[{"zoneName":"Europe/Mariehamn","gmtOffset":7200,"gmtOffsetName":"UTC+02:00","abbreviation":"EET","tzName":"Eastern European Time"}],"translations":{"kr":"\uc62c\ub780\ub4dc \uc81c\ub3c4","pt-BR":"Ilhas de Aland","pt":"Ilhas de Aland","nl":"\u00c5landeilanden","hr":"\u00c5landski otoci","fa":"\u062c\u0632\u0627\u06cc\u0631 \u0627\u0644\u0646\u062f","de":"\u00c5land","es":"Alandia","fr":"\u00c5land","ja":"\u30aa\u30fc\u30e9\u30f3\u30c9\u8af8\u5cf6","it":"Isole Aland","cn":"\u5965\u5170\u7fa4\u5c9b","tr":"\u00c5land Adalari","ru":"\u0410\u043b\u0430\u043d\u0434\u0441\u043a\u0438\u0435 \u043e\u0441\u0442\u0440\u043e\u0432\u0430","uk":"\u0410\u043b\u0430\u043d\u0434\u0441\u044c\u043a\u0456 \u043e\u0441\u0442\u0440\u043e\u0432\u0438","pl":"Wyspy Alandzkie"},"latitude":"60.11666700","longitude":"19.90000000","emoji":"\ud83c\udde6\ud83c\uddfd","emojiU":"U+1F1E6 U+1F1FD"}