{"id":2,"name":"Aland Islands","iso3":"ALA","iso2":"AX","numeric_code":"248","phonecode":"358","capital":"Mariehamn","currency":"EUR","currency_name":"Euro","currency_symbol":"\u20ac","tld":".ax","native":"\u00c5land","region":"Europe","region_id":4,"subregion":"Northern Europe","subregion_id":18,"nationality":"Aland Island","timezones":[{"zoneName":"Europe/Mariehamn","gmtOffset":7200,"gmtOffsetName":"UTC+02:00","abbreviation":"EET","tzName":"Eastern European Time"}],"translations":{"ko":"\uc62c\ub780\ub4dc \uc81c\ub3c4","pt-BR":"Ilhas de Aland","pt":"Ilhas de Aland","nl":"\u00c5landeilanden","hr":"\u00c5landski otoci","fa":"\u062c\u0632\u0627\u06cc\u0631 \u0627\u0644\u0646\u062f","de":"\u00c5land","es":"Alandia","fr":"\u00c5land","ja":"\u30aa\u30fc\u30e9\u30f3\u30c9\u8af8\u5cf6","it":"Isole Aland","zh-CN":"\u5965\u5170\u7fa4\u5c9b","tr":"\u00c5land Adalari","ru":"\u0410\u043b\u0430\u043d\u0434\u0441\u043a\u0438\u0435 \u043e\u0441\u0442\u0440\u043e\u0432\u0430","uk":"\u0410\u043b\u0430\u043d\u0434\u0441\u044c\u043a\u0456 \u043e\u0441\u0442\u0440\u043e\u0432\u0438","pl":"Wyspy Alandzkie"},"latitude":"60.11666700","longitude":"19.90000000","emoji":"\ud83c\udde6\ud83c\uddfd","emojiU":"U+1F1E6 U+1F1FD","states":{"br\u00e4nd\u00f6":{"id":5298,"name":"Br\u00e4nd\u00f6","state_code":null,"latitude":"60.41259080","longitude":"21.02299420","type":"municipality"},"ecker\u00f6":{"id":5294,"name":"Ecker\u00f6","state_code":null,"latitude":"60.22318140","longitude":"19.53893790","type":"municipality"},"finstr\u00f6m":{"id":5289,"name":"Finstr\u00f6m","state_code":null,"latitude":"60.22993210","longitude":"19.96746360","type":"municipality"},"f\u00f6gl\u00f6":{"id":5295,"name":"F\u00f6gl\u00f6","state_code":null,"latitude":"60.01462770","longitude":"20.39334070","type":"municipality"},"geta":{"id":5296,"name":"Geta","state_code":null,"latitude":"60.37497270","longitude":"19.82659620","type":"municipality"},"hammarland":{"id":5292,"name":"Hammarland","state_code":null,"latitude":"60.21641830","longitude":"19.71964030","type":"municipality"},"jomala":{"id":5288,"name":"Jomala","state_code":null,"latitude":"60.15223910","longitude":"19.87479810","type":"municipality"},"k\u00f6kar":{"id":5301,"name":"K\u00f6kar","state_code":null,"latitude":"59.92081700","longitude":"20.88853020","type":"municipality"},"kumlinge":{"id":5300,"name":"Kumlinge","state_code":null,"latitude":"60.25992720","longitude":"20.75875000","type":"municipality"},"lemland":{"id":5290,"name":"Lemland","state_code":null,"latitude":"60.06887050","longitude":"20.06581400","type":"municipality"},"lumparland":{"id":5299,"name":"Lumparland","state_code":null,"latitude":"60.11523570","longitude":"20.24142800","type":"municipality"},"mariehamn":{"id":5287,"name":"Mariehamn","state_code":null,"latitude":"60.09455780","longitude":"19.79505300","type":"municipality"},"saltvik":{"id":5291,"name":"Saltvik","state_code":null,"latitude":"60.27554460","longitude":"20.04131920","type":"municipality"},"sottunga":{"id":5302,"name":"Sottunga","state_code":null,"latitude":"60.13079770","longitude":"20.64598210","type":"municipality"},"sund":{"id":5293,"name":"Sund","state_code":null,"latitude":"60.23084760","longitude":"19.82397050","type":"municipality"},"v\u00e5rd\u00f6":{"id":5297,"name":"V\u00e5rd\u00f6","state_code":null,"latitude":"60.24233960","longitude":"20.35281050","type":"municipality"}}}