{"id":88,"name":"Guadeloupe","iso3":"GLP","iso2":"GP","numeric_code":"312","phone_code":"590","capital":"Basse-Terre","currency":"EUR","currency_name":"Euro","currency_symbol":"\u20ac","tld":".gp","native":"Guadeloupe","region":"Americas","region_id":"2","subregion":"Caribbean","subregion_id":"7","nationality":"Guadeloupe","timezones":[{"zoneName":"America/Guadeloupe","gmtOffset":-14400,"gmtOffsetName":"UTC-04:00","abbreviation":"AST","tzName":"Atlantic Standard Time"}],"translations":{"kr":"\uacfc\ub4e4\ub8e8\ud504","pt-BR":"Guadalupe","pt":"Guadalupe","nl":"Guadeloupe","hr":"Gvadalupa","fa":"\u062c\u0632\u06cc\u0631\u0647 \u06af\u0648\u0627\u062f\u0644\u0648\u067e","de":"Guadeloupe","es":"Guadalupe","fr":"Guadeloupe","ja":"\u30b0\u30a2\u30c9\u30eb\u30fc\u30d7","it":"Guadeloupa","cn":"\u74dc\u5fb7\u7f57\u666e\u5c9b","tr":"Guadeloupe"},"latitude":"16.25000000","longitude":"-61.58333300","emoji":"\ud83c\uddec\ud83c\uddf5","emojiU":"U+1F1EC U+1F1F5"}