{"id":88,"name":"Guadeloupe","iso3":"GLP","iso2":"GP","numeric_code":"312","phonecode":"590","capital":"Basse-Terre","currency":"EUR","currency_name":"Euro","currency_symbol":"\u20ac","tld":".gp","native":"Guadeloupe","region":"Americas","region_id":2,"subregion":"Caribbean","subregion_id":7,"nationality":"Guadeloupe","timezones":[{"zoneName":"America/Guadeloupe","gmtOffset":-14400,"gmtOffsetName":"UTC-04:00","abbreviation":"AST","tzName":"Atlantic Standard Time"}],"translations":{"ko":"\uacfc\ub4e4\ub8e8\ud504","pt-BR":"Guadalupe","pt":"Guadalupe","nl":"Guadeloupe","hr":"Gvadalupa","fa":"\u062c\u0632\u06cc\u0631\u0647 \u06af\u0648\u0627\u062f\u0644\u0648\u067e","de":"Guadeloupe","es":"Guadalupe","fr":"Guadeloupe","ja":"\u30b0\u30a2\u30c9\u30eb\u30fc\u30d7","it":"Guadeloupa","zh-CN":"\u74dc\u5fb7\u7f57\u666e\u5c9b","tr":"Guadeloupe","ru":"\u0413\u0432\u0430\u0434\u0435\u043b\u0443\u043f\u0430","uk":"\u0413\u0432\u0430\u0434\u0435\u043b\u0443\u043f\u0430","pl":"Gwadelupa"},"latitude":"16.25000000","longitude":"-61.58333300","emoji":"\ud83c\uddec\ud83c\uddf5","emojiU":"U+1F1EC U+1F1F5","states":{"basse-terre":{"id":5384,"name":"Basse-Terre","state_code":"01","latitude":"16.10110190","longitude":"-62.00545460","type":"district","cities":{"baie-mahault":{"id":154948,"name":"Baie-Mahault","latitude":"16.24976070","longitude":"-61.67750720"},"baillif":{"id":154949,"name":"Baillif","latitude":"16.04973310","longitude":"-61.75705910"},"basse-terre":{"id":154950,"name":"Basse-Terre","latitude":"15.99916310","longitude":"-61.74998100"},"bouillante":{"id":154951,"name":"Bouillante","latitude":"16.13869370","longitude":"-61.79898970"},"capesterre-belle-eau":{"id":154952,"name":"Capesterre-Belle-Eau","latitude":"16.04854020","longitude":"-61.70210450"},"deshaies":{"id":154953,"name":"Deshaies","latitude":"16.31936050","longitude":"-61.82425780"},"gourbeyre":{"id":154954,"name":"Gourbeyre","latitude":"16.00565950","longitude":"-61.73023870"},"goyave":{"id":154955,"name":"Goyave","latitude":"16.12310770","longitude":"-61.69740210"},"lamentin":{"id":154956,"name":"Lamentin","latitude":"16.24431320","longitude":"-61.75191940"},"petit-bourg":{"id":154957,"name":"Petit-Bourg","latitude":"16.16948810","longitude":"-61.74043310"},"pointe-noire":{"id":154958,"name":"Pointe-Noire","latitude":"16.22702770","longitude":"-61.80631220"},"saint-claude":{"id":154959,"name":"Saint-Claude","latitude":"16.04057440","longitude":"-61.73648730"},"sainte-rose":{"id":154960,"name":"Sainte-Rose","latitude":"16.29372520","longitude":"-61.76595760"},"terre-de-bas":{"id":154961,"name":"Terre-de-Bas","latitude":"15.85541960","longitude":"-61.65329200"},"terre-de-haut":{"id":154962,"name":"Terre-de-Haut","latitude":"15.85803760","longitude":"-61.60960980"},"trois-rivi\u00e8res":{"id":154963,"name":"Trois-Rivi\u00e8res","latitude":"15.99313620","longitude":"-61.69052960"},"vieux-fort":{"id":154964,"name":"Vieux-Fort","latitude":"15.96070380","longitude":"-61.71351770"},"vieux-habitants":{"id":154965,"name":"Vieux-Habitants","latitude":"16.08466180","longitude":"-61.79939230"}}},"pointe-\u00e0-pitre":{"id":5385,"name":"Pointe-\u00e0-Pitre","state_code":"02","latitude":"16.19024380","longitude":"-61.62917130","type":"district","cities":{"anse-bertrand":{"id":154967,"name":"Anse-Bertrand","latitude":"16.46681810","longitude":"-61.55217680"},"capesterre-de-marie-galante":{"id":154968,"name":"Capesterre-de-Marie-Galante","latitude":"15.91763990","longitude":"-61.27077860"},"grand-bourg":{"id":154971,"name":"Grand-Bourg","latitude":"15.90853800","longitude":"-61.33406180"},"lad\u00e9sirade":{"id":154969,"name":"La D\u00e9sirade","latitude":"16.25845450","longitude":"-61.14902790"},"legosier":{"id":154970,"name":"Le Gosier","latitude":"16.22726250","longitude":"-61.55734490"},"lemoule":{"id":154973,"name":"Le Moule","latitude":"16.33536870","longitude":"-61.44242930"},"lesabymes":{"id":154966,"name":"Les Abymes","latitude":"16.26773830","longitude":"-61.57907270"},"morne-\u00e0-l\u0027eau":{"id":154972,"name":"Morne-\u00e0-l\u0027Eau","latitude":"16.32110610","longitude":"-61.66356890"},"petit-canal":{"id":154974,"name":"Petit-Canal","latitude":"16.39213100","longitude":"-61.53713120"},"pointe-\u00e0-pitre":{"id":154975,"name":"Pointe-\u00e0-Pitre","latitude":"16.23313040","longitude":"-61.56234850"},"port-louis":{"id":154976,"name":"Port-Louis","latitude":"16.42012820","longitude":"-61.57039890"},"saint-fran\u00e7ois":{"id":154977,"name":"Saint-Fran\u00e7ois","latitude":"16.27834950","longitude":"-61.33624980"},"saint-louis":{"id":154978,"name":"Saint-Louis","latitude":"15.96535890","longitude":"-61.35562500"},"sainte-anne":{"id":154979,"name":"Sainte-Anne","latitude":"16.25646130","longitude":"-61.47202880"}}}}}