{"id":189,"name":"Saint-Barthelemy","iso3":"BLM","iso2":"BL","numeric_code":"652","phone_code":"590","capital":"Gustavia","currency":"EUR","currency_name":"Euro","currency_symbol":"\u20ac","tld":".bl","native":"Saint-Barth\u00e9lemy","region":"Americas","region_id":2,"subregion":"Caribbean","subregion_id":7,"nationality":"Barthelemois","timezones":[{"zoneName":"America/St_Barthelemy","gmtOffset":-14400,"gmtOffsetName":"UTC-04:00","abbreviation":"AST","tzName":"Atlantic Standard Time"}],"translations":{"ko":"\uc0dd\ubc14\ub974\ud154\ub808\ubbf8","pt-BR":"S\u00e3o Bartolomeu","pt":"S\u00e3o Bartolomeu","nl":"Saint Barth\u00e9lemy","hr":"Saint Barth\u00e9lemy","fa":"\u0633\u0646-\u0628\u0627\u0631\u062a\u0644\u0645\u06cc","de":"Saint-Barth\u00e9lemy","es":"San Bartolom\u00e9","fr":"Saint-Barth\u00e9lemy","ja":"\u30b5\u30f3\u30fb\u30d0\u30eb\u30c6\u30eb\u30df\u30fc","it":"Antille Francesi","zh-CN":"\u5723\u5df4\u6cf0\u52d2\u7c73","tr":"Saint Barth\u00e9lemy","ru":"\u0421\u0435\u043d-\u0411\u0430\u0440\u0442\u0435\u043b\u0435\u043c\u0438","uk":"\u0421\u0435\u043d-\u0411\u0430\u0440\u0442\u0435\u043b\u0435\u043c\u0456","pl":"Saint-Barthelemy"},"latitude":"18.50000000","longitude":"-63.41666666","emoji":"\ud83c\udde7\ud83c\uddf1","emojiU":"U+1F1E7 U+1F1F1"}