{"id":13,"name":"Aruba","iso3":"ABW","iso2":"AW","numeric_code":"533","phone_code":"297","capital":"Oranjestad","currency":"AWG","currency_name":"Aruban florin","currency_symbol":"\u0192","tld":".aw","native":"Aruba","region":"Americas","region_id":2,"subregion":"Caribbean","subregion_id":7,"nationality":"Aruban","timezones":[{"zoneName":"America/Aruba","gmtOffset":-14400,"gmtOffsetName":"UTC-04:00","abbreviation":"AST","tzName":"Atlantic Standard Time"}],"translations":{"ko":"\uc544\ub8e8\ubc14","pt-BR":"Aruba","pt":"Aruba","nl":"Aruba","hr":"Aruba","fa":"\u0622\u0631\u0648\u0628\u0627","de":"Aruba","es":"Aruba","fr":"Aruba","ja":"\u30a2\u30eb\u30d0","it":"Aruba","zh-CN":"\u963f\u9c81\u5df4","tr":"Aruba","ru":"\u0410\u0440\u0443\u0431\u0430","uk":"\u0410\u0440\u0443\u0431\u0430","pl":"Aruba"},"latitude":"12.50000000","longitude":"-69.96666666","emoji":"\ud83c\udde6\ud83c\uddfc","emojiU":"U+1F1E6 U+1F1FC","states":{"noord":{"id":5243,"name":"Noord","state_code":null,"latitude":"12.58243290","longitude":"-70.06761180","type":"Regions"},"oranjestadeast":{"id":5245,"name":"Oranjestad East","state_code":null,"latitude":"12.51331810","longitude":"-70.05048180","type":"Regions"},"oranjestadwest":{"id":5244,"name":"Oranjestad West","state_code":null,"latitude":"12.53522930","longitude":"-70.06284040","type":"Regions"},"paradera":{"id":5246,"name":"Paradera","state_code":null,"latitude":"12.53628710","longitude":"-70.01485110","type":"Regions"},"sannicolaasnoord":{"id":5247,"name":"San Nicolaas Noord","state_code":null,"latitude":"12.46427170","longitude":"-69.94349390","type":"Regions"},"sannicolaaszuid":{"id":5248,"name":"San Nicolaas Zuid","state_code":null,"latitude":"12.42785580","longitude":"-69.93810790","type":"Regions"},"santacruz":{"id":5249,"name":"Santa Cruz","state_code":null,"latitude":"12.51128360","longitude":"-69.98769660","type":"Regions"},"savaneta":{"id":5250,"name":"Savaneta","state_code":null,"latitude":"12.46184190","longitude":"-69.98558580","type":"Regions"}}}