{"id":13,"name":"Aruba","iso3":"ABW","iso2":"AW","numeric_code":"533","phone_code":"297","capital":"Oranjestad","currency":"AWG","currency_name":"Aruban florin","currency_symbol":"\u0192","tld":".aw","native":"Aruba","region":"Americas","region_id":"2","subregion":"Caribbean","subregion_id":"7","nationality":"Aruban","timezones":[{"zoneName":"America/Aruba","gmtOffset":-14400,"gmtOffsetName":"UTC-04:00","abbreviation":"AST","tzName":"Atlantic Standard Time"}],"translations":{"kr":"\uc544\ub8e8\ubc14","pt-BR":"Aruba","pt":"Aruba","nl":"Aruba","hr":"Aruba","fa":"\u0622\u0631\u0648\u0628\u0627","de":"Aruba","es":"Aruba","fr":"Aruba","ja":"\u30a2\u30eb\u30d0","it":"Aruba","cn":"\u963f\u9c81\u5df4","tr":"Aruba"},"latitude":"12.50000000","longitude":"-69.96666666","emoji":"\ud83c\udde6\ud83c\uddfc","emojiU":"U+1F1E6 U+1F1FC"}