{"id":145,"name":"Monaco","iso3":"MCO","iso2":"MC","numeric_code":"492","phonecode":"377","capital":"Monaco","currency":"EUR","currency_name":"Euro","currency_symbol":"\u20ac","tld":".mc","native":"Monaco","region":"Europe","region_id":4,"subregion":"Western Europe","subregion_id":17,"nationality":"Monegasque, Monacan","timezones":[{"zoneName":"Europe/Monaco","gmtOffset":3600,"gmtOffsetName":"UTC+01:00","abbreviation":"CET","tzName":"Central European Time"}],"translations":{"ko":"\ubaa8\ub098\ucf54","pt-BR":"M\u00f4naco","pt":"M\u00f3naco","nl":"Monaco","hr":"Monako","fa":"\u0645\u0648\u0646\u0627\u06a9\u0648","de":"Monaco","es":"M\u00f3naco","fr":"Monaco","ja":"\u30e2\u30ca\u30b3","it":"Principato di Monaco","zh-CN":"\u6469\u7eb3\u54e5","tr":"Monako","ru":"\u041c\u043e\u043d\u0430\u043a\u043e","uk":"\u041c\u043e\u043d\u0430\u043a\u043e","pl":"Monako"},"latitude":"43.73333333","longitude":"7.40000000","emoji":"\ud83c\uddf2\ud83c\udde8","emojiU":"U+1F1F2 U+1F1E8","states":{"lacolle":{"id":4917,"name":"La Colle","state_code":"CL","latitude":"43.73274650","longitude":"7.41372760","type":"quarter"},"lacondamine":{"id":4918,"name":"La Condamine","state_code":"CO","latitude":"43.73506650","longitude":"7.41990600","type":"quarter"},"moneghetti":{"id":4919,"name":"Moneghetti","state_code":"MG","latitude":"43.73649270","longitude":"7.41533830","type":"quarter"}}}