{"id":238,"name":"Vatican City State (Holy See)","iso3":"VAT","iso2":"VA","numeric_code":"336","phone_code":"379","capital":"Vatican City","currency":"EUR","currency_name":"Euro","currency_symbol":"\u20ac","tld":".va","native":"Vaticano","region":"Europe","region_id":"4","subregion":"Southern Europe","subregion_id":"16","nationality":"Vatican","timezones":[{"zoneName":"Europe/Vatican","gmtOffset":3600,"gmtOffsetName":"UTC+01:00","abbreviation":"CET","tzName":"Central European Time"}],"translations":{"kr":"\ubc14\ud2f0\uce78 \uc2dc\uad6d","pt-BR":"Vaticano","pt":"Vaticano","nl":"Heilige Stoel","hr":"Sveta Stolica","fa":"\u0633\u0631\u06cc\u0631 \u0645\u0642\u062f\u0633","de":"Heiliger Stuhl","es":"Santa Sede","fr":"voir Saint","ja":"\u8056\u5ea7","it":"Santa Sede","cn":"\u68b5\u8482\u5188","tr":"Vatikan"},"latitude":"41.90000000","longitude":"12.45000000","emoji":"\ud83c\uddfb\ud83c\udde6","emojiU":"U+1F1FB U+1F1E6"}