{"id":165,"name":"Norway","iso3":"NOR","iso2":"NO","numeric_code":"578","phone_code":"47","capital":"Oslo","currency":"NOK","currency_name":"Norwegian krone","currency_symbol":"kr","tld":".no","native":"Norge","region":"Europe","region_id":"4","subregion":"Northern Europe","subregion_id":"18","nationality":"Norwegian","timezones":[{"zoneName":"Europe/Oslo","gmtOffset":3600,"gmtOffsetName":"UTC+01:00","abbreviation":"CET","tzName":"Central European Time"}],"translations":{"kr":"\ub178\ub974\uc6e8\uc774","pt-BR":"Noruega","pt":"Noruega","nl":"Noorwegen","hr":"Norve\u0161ka","fa":"\u0646\u0631\u0648\u0698","de":"Norwegen","es":"Noruega","fr":"Norv\u00e8ge","ja":"\u30ce\u30eb\u30a6\u30a7\u30fc","it":"Norvegia","cn":"\u632a\u5a01","tr":"Norve\u00e7"},"latitude":"62.00000000","longitude":"10.00000000","emoji":"\ud83c\uddf3\ud83c\uddf4","emojiU":"U+1F1F3 U+1F1F4","states":{"agder":{"id":1014,"name":"Agder","state_code":"42","latitude":"58.74069340","longitude":"6.75315210","type":"county","cities":{"\u00c5seral":{"id":79688,"name":"\u00c5seral","latitude":"58.61730000","longitude":"7.41118000"},"audnedal":{"id":79049,"name":"Audnedal","latitude":"58.28378000","longitude":"7.35487000"},"farsund":{"id":79134,"name":"Farsund","latitude":"58.09538000","longitude":"6.80403000"},"flekkefjord":{"id":79149,"name":"Flekkefjord","latitude":"58.29791000","longitude":"6.66345000"},"h\u00e6gebostad":{"id":79246,"name":"H\u00e6gebostad","latitude":"58.37572000","longitude":"7.21973000"},"justvik":{"id":79260,"name":"Justvik","latitude":"58.19691000","longitude":"8.03107000"},"kristiansand":{"id":79287,"name":"Kristiansand","latitude":"58.14642000","longitude":"7.99687000"},"kvinesdal":{"id":79292,"name":"Kvinesdal","latitude":"58.23894000","longitude":"6.71445000"},"liknes":{"id":79322,"name":"Liknes","latitude":"58.31216000","longitude":"6.96180000"},"lindesnes":{"id":79325,"name":"Lindesnes","latitude":"58.08435000","longitude":"7.30162000"},"lyngdal":{"id":79337,"name":"Lyngdal","latitude":"58.13829000","longitude":"7.06836000"},"mandal":{"id":79350,"name":"Mandal","latitude":"58.02633000","longitude":"7.45014000"},"marnardal":{"id":79353,"name":"Marnardal","latitude":"58.19802000","longitude":"7.52802000"},"nodeland":{"id":79400,"name":"Nodeland","latitude":"58.15517000","longitude":"7.83576000"},"sirdal":{"id":79499,"name":"Sirdal","latitude":"58.66510000","longitude":"6.71585000"},"sk\u00e5levik":{"id":79523,"name":"Sk\u00e5levik","latitude":"58.07955000","longitude":"8.01602000"},"songdalen":{"id":79533,"name":"Songdalen","latitude":"58.15273000","longitude":"7.83677000"},"s\u00f8gne":{"id":79576,"name":"S\u00f8gne","latitude":"58.09663000","longitude":"7.81491000"},"strai":{"id":79554,"name":"Strai","latitude":"58.18930000","longitude":"7.92826000"},"tonstad":{"id":79602,"name":"Tonstad","latitude":"58.66263000","longitude":"6.71694000"},"tveit":{"id":79613,"name":"Tveit","latitude":"58.23366000","longitude":"8.12199000"},"vanse":{"id":79631,"name":"Vanse","latitude":"58.09812000","longitude":"6.69184000"},"vennesla":{"id":79639,"name":"Vennesla","latitude":"58.34271000","longitude":"7.97596000"},"vestbygd":{"id":79643,"name":"Vestbygd","latitude":"58.09991000","longitude":"6.58696000"},"vigeland":{"id":79649,"name":"Vigeland","latitude":"58.08437000","longitude":"7.30497000"}}},"innlandet":{"id":1009,"name":"Innlandet","state_code":"34","latitude":"61.19357870","longitude":"5.50832660","type":"county","cities":{"alvdal":{"id":79040,"name":"Alvdal","latitude":"62.10854000","longitude":"10.63483000"},"\u00c5mot":{"id":79679,"name":"\u00c5mot","latitude":"61.13199000","longitude":"11.37328000"},"\u00c5snes":{"id":79690,"name":"\u00c5snes","latitude":"60.61363000","longitude":"12.01200000"},"bagn":{"id":79059,"name":"Bagn","latitude":"60.82249000","longitude":"9.55207000"},"brumunddal":{"id":79089,"name":"Brumunddal","latitude":"60.88095000","longitude":"10.93948000"},"dokka":{"id":79101,"name":"Dokka","latitude":"60.83500000","longitude":"10.07362000"},"domb\u00e5s":{"id":79102,"name":"Domb\u00e5s","latitude":"62.07554000","longitude":"9.12785000"},"dovre":{"id":79103,"name":"Dovre","latitude":"61.98582000","longitude":"9.24947000"},"eidskog":{"id":79114,"name":"Eidskog","latitude":"59.98556000","longitude":"12.12502000"},"elverum":{"id":79122,"name":"Elverum","latitude":"60.88159000","longitude":"11.56314000"},"engerdal":{"id":79124,"name":"Engerdal","latitude":"61.75774000","longitude":"11.95966000"},"etnedal":{"id":79127,"name":"Etnedal","latitude":"60.88872000","longitude":"9.64031000"},"fagernes":{"id":79131,"name":"Fagernes","latitude":"60.98584000","longitude":"9.23236000"},"folldal":{"id":79154,"name":"Folldal","latitude":"62.13329000","longitude":"9.99710000"},"fossbergom":{"id":79157,"name":"Fossbergom","latitude":"61.83772000","longitude":"8.56842000"},"gausdal":{"id":79173,"name":"Gausdal","latitude":"61.22685000","longitude":"10.22145000"},"gj\u00f8vik":{"id":79180,"name":"Gj\u00f8vik","latitude":"60.79472000","longitude":"10.69287000"},"gran":{"id":79185,"name":"Gran","latitude":"60.39293000","longitude":"10.56045000"},"grua":{"id":79191,"name":"Grua","latitude":"60.25701000","longitude":"10.66222000"},"grue":{"id":79192,"name":"Grue","latitude":"60.45133000","longitude":"12.05489000"},"hamar":{"id":79201,"name":"Hamar","latitude":"60.79450000","longitude":"11.06798000"},"hov":{"id":79237,"name":"Hov","latitude":"60.69870000","longitude":"10.35193000"},"hundorp":{"id":79238,"name":"Hundorp","latitude":"61.55523000","longitude":"9.94069000"},"innbygda":{"id":79254,"name":"Innbygda","latitude":"61.31484000","longitude":"12.26374000"},"jevnaker":{"id":79257,"name":"Jevnaker","latitude":"60.24060000","longitude":"10.38587000"},"kirken\u00e6r":{"id":79271,"name":"Kirken\u00e6r","latitude":"60.45790000","longitude":"12.05855000"},"kongsvinger":{"id":79282,"name":"Kongsvinger","latitude":"60.19117000","longitude":"11.99916000"},"koppang":{"id":79284,"name":"Koppang","latitude":"61.57219000","longitude":"11.04659000"},"lena":{"id":79315,"name":"Lena","latitude":"60.67391000","longitude":"10.81317000"},"lesja":{"id":79318,"name":"Lesja","latitude":"62.11785000","longitude":"8.86262000"},"lillehammer":{"id":79323,"name":"Lillehammer","latitude":"61.11464000","longitude":"10.46743000"},"lom":{"id":79327,"name":"Lom","latitude":"61.83639000","longitude":"8.56811000"},"l\u00f8ten":{"id":79347,"name":"L\u00f8ten","latitude":"60.81771000","longitude":"11.34373000"},"lunner":{"id":79333,"name":"Lunner","latitude":"60.29462000","longitude":"10.60860000"},"moelv":{"id":79369,"name":"Moelv","latitude":"60.93333000","longitude":"10.70000000"},"nord-aurdal":{"id":79402,"name":"Nord-Aurdal","latitude":"60.98531000","longitude":"9.23661000"},"nord-fron":{"id":79403,"name":"Nord-Fron","latitude":"61.59556000","longitude":"9.74830000"},"nord-odal":{"id":79404,"name":"Nord-Odal","latitude":"60.39195000","longitude":"11.54151000"},"nordreland":{"id":79408,"name":"Nordre Land","latitude":"60.83471000","longitude":"10.07543000"},"os":{"id":79422,"name":"Os","latitude":"62.49536000","longitude":"11.22807000"},"otta":{"id":79427,"name":"Otta","latitude":"61.77120000","longitude":"9.53529000"},"\u00d8stretoten":{"id":79699,"name":"\u00d8stre Toten","latitude":"60.67659000","longitude":"10.81997000"},"\u00d8yer":{"id":79701,"name":"\u00d8yer","latitude":"61.26495000","longitude":"10.41297000"},"\u00d8ystreslidre":{"id":79704,"name":"\u00d8ystre Slidre","latitude":"61.13377000","longitude":"9.07872000"},"raufoss":{"id":79439,"name":"Raufoss","latitude":"60.72604000","longitude":"10.61330000"},"reinsvoll":{"id":79443,"name":"Reinsvoll","latitude":"60.67977000","longitude":"10.62175000"},"rena":{"id":79444,"name":"Rena","latitude":"61.13222000","longitude":"11.37156000"},"rendalen":{"id":79445,"name":"Rendalen","latitude":"61.89004000","longitude":"11.07694000"},"ringebu":{"id":79450,"name":"Ringebu","latitude":"61.52980000","longitude":"10.14180000"},"ringsaker":{"id":79452,"name":"Ringsaker","latitude":"60.88216000","longitude":"10.95030000"},"sand":{"id":79477,"name":"Sand","latitude":"60.39220000","longitude":"11.54030000"},"sel":{"id":79490,"name":"Sel","latitude":"61.77278000","longitude":"9.53415000"},"skarnes":{"id":79504,"name":"Skarnes","latitude":"60.25391000","longitude":"11.68485000"},"skj\u00e5k":{"id":79512,"name":"Skj\u00e5k","latitude":"61.88349000","longitude":"8.26490000"},"skotterud":{"id":79519,"name":"Skotterud","latitude":"59.98281000","longitude":"12.12825000"},"skreia":{"id":79520,"name":"Skreia","latitude":"60.65257000","longitude":"10.93564000"},"s\u00f8ndreland":{"id":79578,"name":"S\u00f8ndre Land","latitude":"60.69944000","longitude":"10.35086000"},"s\u00f8r-aurdal":{"id":79579,"name":"S\u00f8r-Aurdal","latitude":"60.82242000","longitude":"9.54836000"},"s\u00f8r-fron":{"id":79580,"name":"S\u00f8r-Fron","latitude":"61.55652000","longitude":"9.93949000"},"s\u00f8r-odal":{"id":79581,"name":"S\u00f8r-Odal","latitude":"60.25455000","longitude":"11.68246000"},"spetalen":{"id":79535,"name":"Spetalen","latitude":"60.18333000","longitude":"11.90000000"},"stange":{"id":79537,"name":"Stange","latitude":"60.71576000","longitude":"11.19069000"},"stor-elvdal":{"id":79547,"name":"Stor-Elvdal","latitude":"61.57198000","longitude":"11.04759000"},"tolga":{"id":79599,"name":"Tolga","latitude":"62.40984000","longitude":"10.99770000"},"tretten":{"id":79606,"name":"Tretten","latitude":"61.31423000","longitude":"10.30066000"},"trysil":{"id":79610,"name":"Trysil","latitude":"61.31549000","longitude":"12.26422000"},"tynset":{"id":79615,"name":"Tynset","latitude":"62.27387000","longitude":"10.77626000"},"v\u00e5g\u00e5":{"id":79665,"name":"V\u00e5g\u00e5","latitude":"61.87565000","longitude":"9.09572000"},"v\u00e5g\u00e5mo":{"id":79666,"name":"V\u00e5g\u00e5mo","latitude":"61.87505000","longitude":"9.09671000"},"v\u00e5ler":{"id":79667,"name":"V\u00e5ler","latitude":"60.67845000","longitude":"11.83314000"},"vang":{"id":79630,"name":"Vang","latitude":"61.12564000","longitude":"8.57167000"},"vestreslidre":{"id":79645,"name":"Vestre Slidre","latitude":"61.08842000","longitude":"8.98196000"},"vestretoten":{"id":79646,"name":"Vestre Toten","latitude":"60.72593000","longitude":"10.60764000"},"vinstra":{"id":79659,"name":"Vinstra","latitude":"61.59496000","longitude":"9.75134000"}}},"janmayen":{"id":1026,"name":"Jan Mayen","state_code":"22","latitude":"71.03181800","longitude":"-8.29203460","type":"arctic region"},"m\u00f8reogromsdal":{"id":1020,"name":"M\u00f8re og Romsdal","state_code":"15","latitude":"62.84068330","longitude":"7.00714300","type":"county","cities":{"\u00c5lesund":{"id":79678,"name":"\u00c5lesund","latitude":"62.47225000","longitude":"6.15492000"},"\u00c5ndalsnes":{"id":79680,"name":"\u00c5ndalsnes","latitude":"62.56749000","longitude":"7.68709000"},"aukra":{"id":79050,"name":"Aukra","latitude":"62.80500000","longitude":"6.88722000"},"aure":{"id":79052,"name":"Aure","latitude":"63.26750000","longitude":"8.52778000"},"aver\u00f8y":{"id":79058,"name":"Aver\u00f8y","latitude":"63.05344000","longitude":"7.63265000"},"batnfjords\u00f8ra":{"id":79066,"name":"Batnfjords\u00f8ra","latitude":"62.89463000","longitude":"7.67251000"},"brattv\u00e5g":{"id":79086,"name":"Brattv\u00e5g","latitude":"62.59991000","longitude":"6.44426000"},"eide":{"id":79111,"name":"Eide","latitude":"62.91570000","longitude":"7.44496000"},"eidsv\u00e5g":{"id":79116,"name":"Eidsv\u00e5g","latitude":"62.77656000","longitude":"8.06550000"},"elnesv\u00e5gen":{"id":79121,"name":"Elnesv\u00e5gen","latitude":"62.85426000","longitude":"7.13769000"},"fr\u00e6na":{"id":79164,"name":"Fr\u00e6na","latitude":"62.85375000","longitude":"7.15380000"},"giske":{"id":79176,"name":"Giske","latitude":"62.50070000","longitude":"6.13472000"},"gjemnes":{"id":79177,"name":"Gjemnes","latitude":"62.89379000","longitude":"7.67714000"},"halsa":{"id":79200,"name":"Halsa","latitude":"63.11855000","longitude":"8.31536000"},"haram":{"id":79205,"name":"Haram","latitude":"62.59898000","longitude":"6.44483000"},"hareid":{"id":79207,"name":"Hareid","latitude":"62.36742000","longitude":"6.02114000"},"her\u00f8y":{"id":79221,"name":"Her\u00f8y","latitude":"62.33333000","longitude":"5.63598000"},"hjelset":{"id":79225,"name":"Hjelset","latitude":"62.78050000","longitude":"7.49277000"},"hopen":{"id":79234,"name":"Hopen","latitude":"63.46539000","longitude":"8.01437000"},"kristiansund":{"id":79288,"name":"Kristiansund","latitude":"63.11152000","longitude":"7.73198000"},"larsnes":{"id":79303,"name":"Larsnes","latitude":"62.20282000","longitude":"5.57729000"},"midsund":{"id":79364,"name":"Midsund","latitude":"62.67614000","longitude":"6.67776000"},"molde":{"id":79372,"name":"Molde","latitude":"62.73807000","longitude":"7.15882000"},"nesset":{"id":79397,"name":"Nesset","latitude":"62.77619000","longitude":"8.06623000"},"norddal":{"id":79405,"name":"Norddal","latitude":"62.29910000","longitude":"7.26145000"},"nordstranda":{"id":79410,"name":"Nordstranda","latitude":"62.51384000","longitude":"6.13166000"},"\u00d8rskog":{"id":79697,"name":"\u00d8rskog","latitude":"62.48450000","longitude":"6.82025000"},"\u00d8rsta":{"id":79698,"name":"\u00d8rsta","latitude":"62.19937000","longitude":"6.13084000"},"rauma":{"id":79440,"name":"Rauma","latitude":"62.56810000","longitude":"7.68612000"},"rensvik":{"id":79448,"name":"Rensvik","latitude":"63.09843000","longitude":"7.82026000"},"sande":{"id":79481,"name":"Sande","latitude":"62.20455000","longitude":"5.57971000"},"sand\u00f8y":{"id":79486,"name":"Sand\u00f8y","latitude":"62.78167000","longitude":"6.46875000"},"sj\u00f8holt":{"id":79501,"name":"Sj\u00f8holt","latitude":"62.48263000","longitude":"6.81376000"},"skodje":{"id":79514,"name":"Skodje","latitude":"62.50306000","longitude":"6.69817000"},"sm\u00f8la":{"id":79525,"name":"Sm\u00f8la","latitude":"63.46526000","longitude":"8.01814000"},"steinshamn":{"id":79542,"name":"Steinshamn","latitude":"62.78389000","longitude":"6.47065000"},"stordal":{"id":79549,"name":"Stordal","latitude":"62.38214000","longitude":"6.98708000"},"stranda":{"id":79556,"name":"Stranda","latitude":"62.31132000","longitude":"6.93115000"},"sula":{"id":79562,"name":"Sula","latitude":"62.44447000","longitude":"6.21229000"},"sunndal":{"id":79565,"name":"Sunndal","latitude":"62.67464000","longitude":"8.56188000"},"sunndals\u00f8ra":{"id":79566,"name":"Sunndals\u00f8ra","latitude":"62.67519000","longitude":"8.56327000"},"surnadal":{"id":79567,"name":"Surnadal","latitude":"62.97533000","longitude":"8.72490000"},"sykkylven":{"id":79573,"name":"Sykkylven","latitude":"62.38962000","longitude":"6.57825000"},"tingvoll":{"id":79593,"name":"Tingvoll","latitude":"62.91194000","longitude":"8.20673000"},"tomra":{"id":79600,"name":"Tomra","latitude":"62.58118000","longitude":"6.93106000"},"ulstein":{"id":79623,"name":"Ulstein","latitude":"62.34423000","longitude":"5.85241000"},"ulsteinvik":{"id":79624,"name":"Ulsteinvik","latitude":"62.34317000","longitude":"5.84869000"},"ulsteinvikweatherpwsstation":{"id":79625,"name":"Ulsteinvik weather pws station","latitude":"62.34338000","longitude":"5.84385000"},"vanylven":{"id":79632,"name":"Vanylven","latitude":"62.10003000","longitude":"5.55827000"},"vatne":{"id":79635,"name":"Vatne","latitude":"62.55826000","longitude":"6.61708000"},"vestnes":{"id":79644,"name":"Vestnes","latitude":"62.62130000","longitude":"7.08966000"},"volda":{"id":79660,"name":"Volda","latitude":"62.14678000","longitude":"6.06800000"}}},"nordland":{"id":1025,"name":"Nordland","state_code":"18","latitude":"67.69305800","longitude":"12.70739360","type":"county","cities":{"alstahaug":{"id":79038,"name":"Alstahaug","latitude":"65.97556000","longitude":"12.56836000"},"andenes":{"id":79041,"name":"Andenes","latitude":"69.31428000","longitude":"16.11939000"},"and\u00f8y":{"id":79042,"name":"And\u00f8y","latitude":"69.08033000","longitude":"15.77637000"},"ballangen":{"id":79061,"name":"Ballangen","latitude":"68.34365000","longitude":"16.83317000"},"beiarn":{"id":79067,"name":"Beiarn","latitude":"67.00725000","longitude":"14.57304000"},"bindal":{"id":79074,"name":"Bindal","latitude":"65.08780000","longitude":"12.37747000"},"bjerkvik":{"id":79076,"name":"Bjerkvik","latitude":"68.54917000","longitude":"17.55709000"},"bod\u00f8":{"id":79081,"name":"Bod\u00f8","latitude":"67.28325000","longitude":"14.38319000"},"bogen":{"id":79082,"name":"Bogen","latitude":"68.52647000","longitude":"16.99280000"},"b\u00f8":{"id":79096,"name":"B\u00f8","latitude":"68.68823000","longitude":"14.47899000"},"br\u00f8nn\u00f8y":{"id":79091,"name":"Br\u00f8nn\u00f8y","latitude":"65.46786000","longitude":"12.20626000"},"br\u00f8nn\u00f8ysund":{"id":79092,"name":"Br\u00f8nn\u00f8ysund","latitude":"65.47487000","longitude":"12.21285000"},"d\u00f8nna":{"id":79108,"name":"D\u00f8nna","latitude":"66.10606000","longitude":"12.48189000"},"evenes":{"id":79128,"name":"Evenes","latitude":"68.52334000","longitude":"17.00888000"},"evjen":{"id":79130,"name":"Evjen","latitude":"68.26667000","longitude":"13.73333000"},"fauske":{"id":79135,"name":"Fauske","latitude":"67.25963000","longitude":"15.39410000"},"flakstad":{"id":79146,"name":"Flakstad","latitude":"68.09292000","longitude":"13.23310000"},"gildesk\u00e5l":{"id":79175,"name":"Gildesk\u00e5l","latitude":"67.03394000","longitude":"14.02582000"},"gladstad":{"id":79181,"name":"Gladstad","latitude":"65.67683000","longitude":"11.96218000"},"glomfjord":{"id":79182,"name":"Glomfjord","latitude":"66.81663000","longitude":"13.94404000"},"grane":{"id":79186,"name":"Grane","latitude":"65.53865000","longitude":"13.38499000"},"gravdal":{"id":79189,"name":"Gravdal","latitude":"68.11832000","longitude":"13.55339000"},"hadsel":{"id":79197,"name":"Hadsel","latitude":"68.56328000","longitude":"14.90835000"},"hamar\u00f8y":{"id":79202,"name":"Hamar\u00f8y","latitude":"68.08381000","longitude":"15.61671000"},"hattfjelldal":{"id":79210,"name":"Hattfjelldal","latitude":"65.59765000","longitude":"13.98948000"},"hauknes":{"id":79213,"name":"Hauknes","latitude":"66.28333000","longitude":"14.06667000"},"hemnes":{"id":79215,"name":"Hemnes","latitude":"66.07712000","longitude":"13.81350000"},"hemnesberget":{"id":79216,"name":"Hemnesberget","latitude":"66.22489000","longitude":"13.61643000"},"her\u00f8y":{"id":79220,"name":"Her\u00f8y","latitude":"65.98427000","longitude":"12.28916000"},"inndyr":{"id":79255,"name":"Inndyr","latitude":"67.03353000","longitude":"14.02663000"},"kabelv\u00e5g":{"id":79263,"name":"Kabelv\u00e5g","latitude":"68.21066000","longitude":"14.47554000"},"kj\u00f8psvik":{"id":79273,"name":"Kj\u00f8psvik","latitude":"68.09696000","longitude":"16.37416000"},"korgen":{"id":79285,"name":"Korgen","latitude":"66.07662000","longitude":"13.82160000"},"leirfjord":{"id":79309,"name":"Leirfjord","latitude":"66.06348000","longitude":"12.93667000"},"leknes":{"id":79313,"name":"Leknes","latitude":"68.14746000","longitude":"13.61151000"},"leland":{"id":79314,"name":"Leland","latitude":"66.06406000","longitude":"12.94325000"},"l\u00f8ding":{"id":79343,"name":"L\u00f8ding","latitude":"67.30055000","longitude":"14.73852000"},"l\u00f8dingen":{"id":79344,"name":"L\u00f8dingen","latitude":"68.40998000","longitude":"15.99012000"},"l\u00f8psmarka":{"id":79345,"name":"L\u00f8psmarka","latitude":"67.31343000","longitude":"14.44934000"},"lur\u00f8y":{"id":79334,"name":"Lur\u00f8y","latitude":"66.41887000","longitude":"12.84248000"},"melbu":{"id":79358,"name":"Melbu","latitude":"68.50246000","longitude":"14.79962000"},"mel\u00f8y":{"id":79362,"name":"Mel\u00f8y","latitude":"66.87204000","longitude":"13.70763000"},"moirana":{"id":79366,"name":"Mo i Rana","latitude":"66.31278000","longitude":"14.14278000"},"mosj\u00f8en":{"id":79373,"name":"Mosj\u00f8en","latitude":"65.83599000","longitude":"13.19076000"},"moskenes":{"id":79374,"name":"Moskenes","latitude":"67.93467000","longitude":"13.09109000"},"myre":{"id":79377,"name":"Myre","latitude":"68.91400000","longitude":"15.07843000"},"narvik":{"id":79386,"name":"Narvik","latitude":"68.43896000","longitude":"17.42775000"},"nesna":{"id":79393,"name":"Nesna","latitude":"66.19796000","longitude":"13.02229000"},"\u00d8ksnes":{"id":79692,"name":"\u00d8ksnes","latitude":"68.91463000","longitude":"15.08703000"},"\u00d8rnes":{"id":79696,"name":"\u00d8rnes","latitude":"66.86878000","longitude":"13.70579000"},"rana":{"id":79436,"name":"Rana","latitude":"66.31122000","longitude":"14.13996000"},"reine":{"id":79442,"name":"Reine","latitude":"67.93249000","longitude":"13.08955000"},"rognan":{"id":79455,"name":"Rognan","latitude":"67.10021000","longitude":"15.39086000"},"r\u00f8d\u00f8y":{"id":79466,"name":"R\u00f8d\u00f8y","latitude":"66.71195000","longitude":"13.28530000"},"r\u00f8st":{"id":79470,"name":"R\u00f8st","latitude":"67.51727000","longitude":"12.11564000"},"saltdal":{"id":79475,"name":"Saltdal","latitude":"67.10144000","longitude":"15.39458000"},"sandnessj\u00f8en":{"id":79484,"name":"Sandnessj\u00f8en","latitude":"66.02166000","longitude":"12.63158000"},"sortland":{"id":79534,"name":"Sortland","latitude":"68.69618000","longitude":"15.41174000"},"s\u00f8mna":{"id":79577,"name":"S\u00f8mna","latitude":"65.31379000","longitude":"12.16729000"},"s\u00f8rfold":{"id":79583,"name":"S\u00f8rfold","latitude":"67.34803000","longitude":"15.59445000"},"s\u00f8rland":{"id":79584,"name":"S\u00f8rland","latitude":"67.66564000","longitude":"12.69784000"},"steigen":{"id":79540,"name":"Steigen","latitude":"67.77625000","longitude":"15.01621000"},"stokmarknes":{"id":79546,"name":"Stokmarknes","latitude":"68.56462000","longitude":"14.91075000"},"straume":{"id":79557,"name":"Straume","latitude":"68.68880000","longitude":"14.47205000"},"straumen":{"id":79560,"name":"Straumen","latitude":"67.34769000","longitude":"15.60493000"},"svolv\u00e6r":{"id":79571,"name":"Svolv\u00e6r","latitude":"68.23417000","longitude":"14.56834000"},"terr\u00e5k":{"id":79591,"name":"Terr\u00e5k","latitude":"65.08700000","longitude":"12.37148000"},"tjeldsund":{"id":79595,"name":"Tjeldsund","latitude":"68.55557000","longitude":"16.36172000"},"tr\u00e6na":{"id":79611,"name":"Tr\u00e6na","latitude":"66.50159000","longitude":"12.09645000"},"trofors":{"id":79607,"name":"Trofors","latitude":"65.53335000","longitude":"13.40631000"},"tysfjord":{"id":79616,"name":"Tysfjord","latitude":"68.09772000","longitude":"16.37591000"},"v\u00e5gan":{"id":79663,"name":"V\u00e5gan","latitude":"68.23220000","longitude":"14.56226000"},"v\u00e6r\u00f8y":{"id":79669,"name":"V\u00e6r\u00f8y","latitude":"67.66374000","longitude":"12.69337000"},"vefsn":{"id":79637,"name":"Vefsn","latitude":"65.84109000","longitude":"13.20024000"},"vega":{"id":79638,"name":"Vega","latitude":"65.67539000","longitude":"11.96456000"},"vestv\u00e5g\u00f8y":{"id":79647,"name":"Vestv\u00e5g\u00f8y","latitude":"68.14830000","longitude":"13.61119000"},"vevelstad":{"id":79648,"name":"Vevelstad","latitude":"65.70002000","longitude":"12.43921000"},"vik":{"id":79651,"name":"Vik","latitude":"65.31254000","longitude":"12.16734000"}}},"oslo":{"id":1007,"name":"Oslo","state_code":"03","latitude":"59.91386880","longitude":"10.75224540","type":"county","cities":{"oslo":{"id":79425,"name":"Oslo","latitude":"59.91273000","longitude":"10.74609000"},"sj\u00f8lyststranda":{"id":79502,"name":"Sj\u00f8lyststranda","latitude":"59.92105000","longitude":"10.68017000"}}},"rogaland":{"id":1021,"name":"Rogaland","state_code":"11","latitude":"59.14895440","longitude":"6.01434320","type":"county","cities":{"\u00c5krehamn":{"id":79676,"name":"\u00c5krehamn","latitude":"59.26053000","longitude":"5.18689000"},"bjerkreim":{"id":79075,"name":"Bjerkreim","latitude":"58.63050000","longitude":"6.08130000"},"bokn":{"id":79083,"name":"Bokn","latitude":"59.23062000","longitude":"5.43524000"},"bryne":{"id":79090,"name":"Bryne","latitude":"58.73536000","longitude":"5.64766000"},"egersund":{"id":79109,"name":"Egersund","latitude":"58.45133000","longitude":"5.99970000"},"eigersund":{"id":79117,"name":"Eigersund","latitude":"58.45236000","longitude":"6.00314000"},"eike":{"id":79118,"name":"Eike","latitude":"59.39833000","longitude":"5.36389000"},"finn\u00f8y":{"id":79141,"name":"Finn\u00f8y","latitude":"59.17117000","longitude":"5.87398000"},"forsand":{"id":79155,"name":"Forsand","latitude":"58.89929000","longitude":"6.09642000"},"gjesdal":{"id":79179,"name":"Gjesdal","latitude":"58.76478000","longitude":"5.85500000"},"h\u00e5":{"id":79245,"name":"H\u00e5","latitude":"58.61610000","longitude":"5.64497000"},"haugeidalane":{"id":79211,"name":"Hauge i Dalane","latitude":"58.34361000","longitude":"6.28121000"},"haugesund":{"id":79212,"name":"Haugesund","latitude":"59.41015000","longitude":"5.27551000"},"hjelmeland":{"id":79224,"name":"Hjelmeland","latitude":"59.23668000","longitude":"6.17912000"},"hommers\u00e5k":{"id":79232,"name":"Hommers\u00e5k","latitude":"58.92556000","longitude":"5.85104000"},"j\u00f8rpeland":{"id":79262,"name":"J\u00f8rpeland","latitude":"59.02251000","longitude":"6.04078000"},"judaberg":{"id":79259,"name":"Judaberg","latitude":"59.17204000","longitude":"5.87617000"},"karm\u00f8y":{"id":79267,"name":"Karm\u00f8y","latitude":"59.28079000","longitude":"5.30529000"},"klepp":{"id":79274,"name":"Klepp","latitude":"58.77655000","longitude":"5.63009000"},"kopervik":{"id":79283,"name":"Kopervik","latitude":"59.28354000","longitude":"5.30669000"},"kvits\u00f8y":{"id":79295,"name":"Kvits\u00f8y","latitude":"59.06471000","longitude":"5.40537000"},"lund":{"id":79330,"name":"Lund","latitude":"58.45715000","longitude":"6.54871000"},"lyefjell":{"id":79336,"name":"Lyefjell","latitude":"58.73539000","longitude":"5.73615000"},"moi":{"id":79371,"name":"Moi","latitude":"58.45674000","longitude":"6.55184000"},"n\u00e6rb\u00f8":{"id":79415,"name":"N\u00e6rb\u00f8","latitude":"58.66546000","longitude":"5.63788000"},"\u00d8len":{"id":79693,"name":"\u00d8len","latitude":"59.60437000","longitude":"5.80799000"},"randaberg":{"id":79437,"name":"Randaberg","latitude":"58.99870000","longitude":"5.62055000"},"rennes\u00f8y":{"id":79447,"name":"Rennes\u00f8y","latitude":"59.09899000","longitude":"5.69966000"},"sandnes":{"id":79483,"name":"Sandnes","latitude":"58.84760000","longitude":"5.72855000"},"sauda":{"id":79488,"name":"Sauda","latitude":"59.65067000","longitude":"6.35312000"},"s\u00e6veland":{"id":79575,"name":"S\u00e6veland","latitude":"59.26667000","longitude":"5.20000000"},"skudeneshavn":{"id":79521,"name":"Skudeneshavn","latitude":"59.14856000","longitude":"5.25687000"},"sokndal":{"id":79530,"name":"Sokndal","latitude":"58.34256000","longitude":"6.29425000"},"sola":{"id":79531,"name":"Sola","latitude":"58.88806000","longitude":"5.64728000"},"stavanger":{"id":79538,"name":"Stavanger","latitude":"58.96941000","longitude":"5.72856000"},"strand":{"id":79555,"name":"Strand","latitude":"59.02353000","longitude":"6.04343000"},"suldal":{"id":79563,"name":"Suldal","latitude":"59.48571000","longitude":"6.25222000"},"tananger":{"id":79589,"name":"Tananger","latitude":"58.93618000","longitude":"5.57410000"},"tau":{"id":79590,"name":"Tau","latitude":"59.06481000","longitude":"5.92250000"},"time":{"id":79592,"name":"Time","latitude":"58.73636000","longitude":"5.65297000"},"tysv\u00e6r":{"id":79618,"name":"Tysv\u00e6r","latitude":"59.42159000","longitude":"5.44781000"},"utsira":{"id":79627,"name":"Utsira","latitude":"59.30565000","longitude":"4.88621000"},"varhaug":{"id":79634,"name":"Varhaug","latitude":"58.61810000","longitude":"5.65702000"},"vedav\u00e5gen":{"id":79636,"name":"Vedav\u00e5gen","latitude":"59.29483000","longitude":"5.21874000"},"vigrestad":{"id":79650,"name":"Vigrestad","latitude":"58.57103000","longitude":"5.68182000"},"vikes\u00e5":{"id":79654,"name":"Vikes\u00e5","latitude":"58.63759000","longitude":"6.09133000"},"vikev\u00e5g":{"id":79655,"name":"Vikev\u00e5g","latitude":"59.09754000","longitude":"5.69790000"},"vindafjord":{"id":79657,"name":"Vindafjord","latitude":"59.60543000","longitude":"5.80784000"},"vormedal":{"id":79661,"name":"Vormedal","latitude":"59.35607000","longitude":"5.31962000"}}},"svalbard":{"id":1013,"name":"Svalbard","state_code":"21","latitude":"77.87497250","longitude":"20.97518210","type":"arctic region"},"tromsogfinnmark":{"id":1015,"name":"Troms og Finnmark","state_code":"54","latitude":"69.77890670","longitude":"18.99401840","type":"county","cities":{"alta":{"id":79039,"name":"Alta","latitude":"69.97675000","longitude":"23.29634000"},"\u00c1vanuorri":{"id":79672,"name":"\u00c1vanuorri","latitude":"70.99634000","longitude":"24.66217000"},"balsfjord":{"id":79062,"name":"Balsfjord","latitude":"69.24024000","longitude":"19.22653000"},"bardu":{"id":79064,"name":"Bardu","latitude":"68.86058000","longitude":"18.35052000"},"b\u00e5tsfjord":{"id":79093,"name":"B\u00e5tsfjord","latitude":"70.63428000","longitude":"29.71750000"},"berg":{"id":79068,"name":"Berg","latitude":"69.44444000","longitude":"17.29950000"},"berlev\u00e5g":{"id":79072,"name":"Berlev\u00e5g","latitude":"70.85778000","longitude":"29.08636000"},"bj\u00f8rnevatn":{"id":79079,"name":"Bj\u00f8rnevatn","latitude":"69.66745000","longitude":"29.98722000"},"borkenes":{"id":79084,"name":"Borkenes","latitude":"68.77261000","longitude":"16.17115000"},"dyr\u00f8y":{"id":79107,"name":"Dyr\u00f8y","latitude":"69.09154000","longitude":"17.69094000"},"evenskjer":{"id":79129,"name":"Evenskjer","latitude":"68.58283000","longitude":"16.57203000"},"finnsnes":{"id":79140,"name":"Finnsnes","latitude":"69.22959000","longitude":"17.98114000"},"gamvik":{"id":79170,"name":"Gamvik","latitude":"71.04107000","longitude":"27.85144000"},"gratangen":{"id":79188,"name":"Gratangen","latitude":"68.69273000","longitude":"17.53186000"},"gryllefjord":{"id":79193,"name":"Gryllefjord","latitude":"69.36304000","longitude":"17.05284000"},"hammerfest":{"id":79203,"name":"Hammerfest","latitude":"70.66257000","longitude":"23.68295000"},"hansnes":{"id":79204,"name":"Hansnes","latitude":"69.96701000","longitude":"19.62752000"},"harstad":{"id":79208,"name":"Harstad","latitude":"68.79896000","longitude":"16.52930000"},"hasvik":{"id":79209,"name":"Hasvik","latitude":"70.59164000","longitude":"22.30272000"},"honningsv\u00e5g":{"id":79233,"name":"Honningsv\u00e5g","latitude":"70.98209000","longitude":"25.97037000"},"ibestad":{"id":79250,"name":"Ibestad","latitude":"68.77866000","longitude":"17.17661000"},"k\u00e5fjord":{"id":79300,"name":"K\u00e5fjord","latitude":"69.60400000","longitude":"20.53456000"},"k\u00e1r\u00e1\u0161johka":{"id":79299,"name":"K\u00e1r\u00e1\u0161johka","latitude":"69.47187000","longitude":"25.51122000"},"karasjok":{"id":79264,"name":"Karasjok","latitude":"69.47224000","longitude":"25.51885000"},"karls\u00f8y":{"id":79266,"name":"Karls\u00f8y","latitude":"69.96185000","longitude":"19.61811000"},"kautokeino":{"id":79268,"name":"Kautokeino","latitude":"69.01151000","longitude":"23.04151000"},"kirkenes":{"id":79270,"name":"Kirkenes","latitude":"69.72706000","longitude":"30.04578000"},"kj\u00f8llefjord":{"id":79272,"name":"Kj\u00f8llefjord","latitude":"70.94574000","longitude":"27.34650000"},"kvalsund":{"id":79290,"name":"Kvalsund","latitude":"70.49910000","longitude":"23.97393000"},"kv\u00e6fjord":{"id":79296,"name":"Kv\u00e6fjord","latitude":"68.77201000","longitude":"16.17294000"},"kv\u00e6nangen":{"id":79297,"name":"Kv\u00e6nangen","latitude":"69.93890000","longitude":"22.04935000"},"lakselv":{"id":79301,"name":"Lakselv","latitude":"70.05133000","longitude":"24.97182000"},"lavangen":{"id":79306,"name":"Lavangen","latitude":"68.74722000","longitude":"17.80558000"},"lebesby":{"id":79307,"name":"Lebesby","latitude":"70.94535000","longitude":"27.35134000"},"lenvik":{"id":79316,"name":"Lenvik","latitude":"69.23111000","longitude":"17.98739000"},"loppa":{"id":79329,"name":"Loppa","latitude":"70.23952000","longitude":"22.35136000"},"lyngen":{"id":79338,"name":"Lyngen","latitude":"69.57621000","longitude":"20.21702000"},"lyngseidet":{"id":79339,"name":"Lyngseidet","latitude":"69.57629000","longitude":"20.21887000"},"m\u00e5lselv":{"id":79379,"name":"M\u00e5lselv","latitude":"69.12389000","longitude":"18.61498000"},"m\u00e5s\u00f8y":{"id":79381,"name":"M\u00e5s\u00f8y","latitude":"70.99654000","longitude":"24.66146000"},"mehamn":{"id":79356,"name":"Mehamn","latitude":"71.04137000","longitude":"27.85133000"},"moen":{"id":79370,"name":"Moen","latitude":"69.13043000","longitude":"18.61226000"},"nesseby":{"id":79396,"name":"Nesseby","latitude":"69.88541000","longitude":"28.43368000"},"nordkapp":{"id":79407,"name":"Nordkapp","latitude":"70.97808000","longitude":"25.97473000"},"nordreisa":{"id":79409,"name":"Nordreisa","latitude":"69.76825000","longitude":"21.02569000"},"olderdalen":{"id":79418,"name":"Olderdalen","latitude":"69.60407000","longitude":"20.53272000"},"\u00d8ksfjord":{"id":79691,"name":"\u00d8ksfjord","latitude":"70.23936000","longitude":"22.35070000"},"porsanger":{"id":79429,"name":"Porsanger","latitude":"70.05214000","longitude":"24.95592000"},"rypefjord":{"id":79462,"name":"Rypefjord","latitude":"70.64126000","longitude":"23.67213000"},"salangen":{"id":79474,"name":"Salangen","latitude":"68.87669000","longitude":"17.83375000"},"setermoen":{"id":79496,"name":"Setermoen","latitude":"68.86099000","longitude":"18.34857000"},"sj\u00f8vegan":{"id":79503,"name":"Sj\u00f8vegan","latitude":"68.87363000","longitude":"17.84706000"},"sk\u00e5nland":{"id":79524,"name":"Sk\u00e5nland","latitude":"68.58378000","longitude":"16.57305000"},"skjerv\u00f8y":{"id":79511,"name":"Skjerv\u00f8y","latitude":"70.03379000","longitude":"20.97365000"},"s\u00f8r-varanger":{"id":79582,"name":"S\u00f8r-Varanger","latitude":"69.72859000","longitude":"30.04264000"},"s\u00f8rreisa":{"id":79585,"name":"S\u00f8rreisa","latitude":"69.14697000","longitude":"18.15629000"},"storfjord":{"id":79551,"name":"Storfjord","latitude":"69.26860000","longitude":"19.96089000"},"storslett":{"id":79552,"name":"Storslett","latitude":"69.76783000","longitude":"21.02466000"},"storsteinnes":{"id":79553,"name":"Storsteinnes","latitude":"69.24081000","longitude":"19.23437000"},"tana":{"id":79588,"name":"Tana","latitude":"70.19976000","longitude":"28.18494000"},"torsken":{"id":79603,"name":"Torsken","latitude":"69.36184000","longitude":"17.05384000"},"tran\u00f8y":{"id":79605,"name":"Tran\u00f8y","latitude":"69.17022000","longitude":"17.73480000"},"troms\u00f8":{"id":79608,"name":"Troms\u00f8","latitude":"69.64961000","longitude":"18.95702000"},"vads\u00f8":{"id":79628,"name":"Vads\u00f8","latitude":"70.07412000","longitude":"29.74922000"},"vard\u00f8":{"id":79633,"name":"Vard\u00f8","latitude":"70.37040000","longitude":"31.10866000"}}},"tr\u00f8ndelag":{"id":1006,"name":"Tr\u00f8ndelag","state_code":"50","latitude":"63.54201250","longitude":"10.93692670","type":"county","cities":{"\u00c5i\u00c5fjord":{"id":79673,"name":"\u00c5 i \u00c5fjord","latitude":"63.96068000","longitude":"10.22468000"},"\u00c5fjord":{"id":79674,"name":"\u00c5fjord","latitude":"63.96196000","longitude":"10.22587000"},"agdenes":{"id":79037,"name":"Agdenes","latitude":"63.50575000","longitude":"9.82623000"},"berk\u00e5k":{"id":79071,"name":"Berk\u00e5k","latitude":"62.82496000","longitude":"10.01177000"},"bjugn":{"id":79077,"name":"Bjugn","latitude":"63.76522000","longitude":"9.80940000"},"botng\u00e5rd":{"id":79085,"name":"Botng\u00e5rd","latitude":"63.76484000","longitude":"9.80863000"},"brekstad":{"id":79087,"name":"Brekstad","latitude":"63.68697000","longitude":"9.66541000"},"fillan":{"id":79139,"name":"Fillan","latitude":"63.60638000","longitude":"8.96961000"},"flatanger":{"id":79147,"name":"Flatanger","latitude":"64.41282000","longitude":"11.03285000"},"fosnes":{"id":79156,"name":"Fosnes","latitude":"64.65910000","longitude":"11.26535000"},"frosta":{"id":79163,"name":"Frosta","latitude":"63.58910000","longitude":"10.74230000"},"fr\u00f8ya":{"id":79165,"name":"Fr\u00f8ya","latitude":"63.73005000","longitude":"8.82426000"},"grong":{"id":79190,"name":"Grong","latitude":"64.46397000","longitude":"12.31114000"},"hemne":{"id":79214,"name":"Hemne","latitude":"63.29095000","longitude":"9.08893000"},"hitra":{"id":79222,"name":"Hitra","latitude":"63.54528000","longitude":"8.78029000"},"holt\u00e5len":{"id":79230,"name":"Holt\u00e5len","latitude":"62.84318000","longitude":"11.29284000"},"hommelvik":{"id":79231,"name":"Hommelvik","latitude":"63.41083000","longitude":"10.79424000"},"h\u00f8ylandet":{"id":79249,"name":"H\u00f8ylandet","latitude":"64.62759000","longitude":"12.30041000"},"inder\u00f8y":{"id":79251,"name":"Inder\u00f8y","latitude":"63.87826000","longitude":"11.28424000"},"indrefosen":{"id":79253,"name":"Indre Fosen","latitude":"63.58897000","longitude":"9.95847000"},"kl\u00e6bu":{"id":79275,"name":"Kl\u00e6bu","latitude":"63.30060000","longitude":"10.48188000"},"kolvereid":{"id":79280,"name":"Kolvereid","latitude":"64.86549000","longitude":"11.60465000"},"kyrks\u00e6ter\u00f8ra":{"id":79298,"name":"Kyrks\u00e6ter\u00f8ra","latitude":"63.29057000","longitude":"9.08909000"},"lauvsnes":{"id":79305,"name":"Lauvsnes","latitude":"64.50061000","longitude":"10.89396000"},"leka":{"id":79312,"name":"Leka","latitude":"65.09244000","longitude":"11.70513000"},"levanger":{"id":79319,"name":"Levanger","latitude":"63.74585000","longitude":"11.29991000"},"lierne":{"id":79321,"name":"Lierne","latitude":"64.46413000","longitude":"13.59249000"},"lundamo":{"id":79331,"name":"Lundamo","latitude":"63.15216000","longitude":"10.28555000"},"malm":{"id":79348,"name":"Malm","latitude":"64.07534000","longitude":"11.22398000"},"malvik":{"id":79349,"name":"Malvik","latitude":"63.41057000","longitude":"10.79382000"},"meldal":{"id":79359,"name":"Meldal","latitude":"63.04598000","longitude":"9.71088000"},"melhus":{"id":79360,"name":"Melhus","latitude":"63.28755000","longitude":"10.27686000"},"mer\u00e5ker":{"id":79363,"name":"Mer\u00e5ker","latitude":"63.41423000","longitude":"11.74558000"},"midtregauldal":{"id":79365,"name":"Midtre Gauldal","latitude":"63.03902000","longitude":"10.28701000"},"namdalseid":{"id":79382,"name":"Namdalseid","latitude":"64.10843000","longitude":"10.91862000"},"namsos":{"id":79383,"name":"Namsos","latitude":"64.47842000","longitude":"11.54182000"},"namsskogan":{"id":79384,"name":"Namsskogan","latitude":"64.92597000","longitude":"13.15932000"},"n\u00e6r\u00f8y":{"id":79416,"name":"N\u00e6r\u00f8y","latitude":"64.86298000","longitude":"11.60505000"},"oppdal":{"id":79419,"name":"Oppdal","latitude":"62.59495000","longitude":"9.68761000"},"orkdal":{"id":79421,"name":"Orkdal","latitude":"63.29989000","longitude":"9.84365000"},"osen":{"id":79424,"name":"Osen","latitude":"64.29875000","longitude":"10.51284000"},"overhalla":{"id":79428,"name":"Overhalla","latitude":"64.49380000","longitude":"11.94753000"},"\u00d8rland":{"id":79695,"name":"\u00d8rland","latitude":"63.68574000","longitude":"9.66633000"},"raarvihke-r\u00f8yrvik":{"id":79433,"name":"Raarvihke - R\u00f8yrvik","latitude":"64.88380000","longitude":"13.56310000"},"ranemsletta":{"id":79438,"name":"Ranemsletta","latitude":"64.49447000","longitude":"11.94912000"},"rennebu":{"id":79446,"name":"Rennebu","latitude":"62.82864000","longitude":"10.00487000"},"rindal":{"id":79449,"name":"Rindal","latitude":"63.05511000","longitude":"9.21274000"},"roan":{"id":79454,"name":"Roan","latitude":"64.17281000","longitude":"10.22511000"},"r\u00f8ros":{"id":79468,"name":"R\u00f8ros","latitude":"62.57562000","longitude":"11.38730000"},"r\u00f8rvik":{"id":79469,"name":"R\u00f8rvik","latitude":"64.86185000","longitude":"11.23969000"},"r\u00f8yrvik":{"id":79472,"name":"R\u00f8yrvik","latitude":"64.88394000","longitude":"13.56256000"},"selbu":{"id":79491,"name":"Selbu","latitude":"63.21770000","longitude":"11.03938000"},"sistranda":{"id":79500,"name":"Sistranda","latitude":"63.72523000","longitude":"8.83318000"},"skaun":{"id":79505,"name":"Skaun","latitude":"63.32386000","longitude":"10.06745000"},"skogn":{"id":79516,"name":"Skogn","latitude":"63.70374000","longitude":"11.19262000"},"sn\u00e5ase":{"id":79527,"name":"Sn\u00e5ase","latitude":"64.24570000","longitude":"12.37779000"},"sn\u00e5ase-sn\u00e5sa":{"id":79528,"name":"Sn\u00e5ase - Sn\u00e5sa","latitude":"64.24606000","longitude":"12.38294000"},"snillfjord":{"id":79526,"name":"Snillfjord","latitude":"63.39973000","longitude":"9.50194000"},"steinkjer":{"id":79541,"name":"Steinkjer","latitude":"64.19303000","longitude":"11.38505000"},"stj\u00f8rdal":{"id":79543,"name":"Stj\u00f8rdal","latitude":"63.56699000","longitude":"11.02730000"},"stj\u00f8rdalshalsen":{"id":79544,"name":"Stj\u00f8rdalshalsen","latitude":"63.46810000","longitude":"10.92618000"},"straumen":{"id":79559,"name":"Straumen","latitude":"63.87163000","longitude":"11.29617000"},"trondheim":{"id":79609,"name":"Trondheim","latitude":"63.42811000","longitude":"10.39687000"},"tydal":{"id":79614,"name":"Tydal","latitude":"63.04477000","longitude":"11.65038000"},"verdal":{"id":79640,"name":"Verdal","latitude":"63.90023000","longitude":"11.72724000"},"verran":{"id":79641,"name":"Verran","latitude":"64.07100000","longitude":"11.21795000"},"vikna":{"id":79656,"name":"Vikna","latitude":"64.86362000","longitude":"11.24198000"}}},"vestfoldogtelemark":{"id":1024,"name":"Vestfold og Telemark","state_code":"38","latitude":"59.41174820","longitude":"7.76471750","type":"county","cities":{"\u00c5r\u00f8ysund":{"id":79686,"name":"\u00c5r\u00f8ysund","latitude":"59.18321000","longitude":"10.45743000"},"\u00c5sg\u00e5rdstrand":{"id":79689,"name":"\u00c5sg\u00e5rdstrand","latitude":"59.34938000","longitude":"10.46948000"},"bamble":{"id":79063,"name":"Bamble","latitude":"59.00146000","longitude":"9.74573000"},"bark\u00e5ker":{"id":79065,"name":"Bark\u00e5ker","latitude":"59.31859000","longitude":"10.38963000"},"berger":{"id":79070,"name":"Berger","latitude":"59.54994000","longitude":"10.38641000"},"b\u00f8":{"id":79095,"name":"B\u00f8","latitude":"59.41281000","longitude":"9.06618000"},"dalen":{"id":79100,"name":"Dalen","latitude":"59.44499000","longitude":"8.00492000"},"drangedal":{"id":79105,"name":"Drangedal","latitude":"59.09655000","longitude":"9.05960000"},"f\u00e6rder":{"id":79168,"name":"F\u00e6rder","latitude":"59.22791000","longitude":"10.41530000"},"fyresdal":{"id":79167,"name":"Fyresdal","latitude":"59.18651000","longitude":"8.08953000"},"gullhaug":{"id":79195,"name":"Gullhaug","latitude":"59.50130000","longitude":"10.25224000"},"gvarv":{"id":79196,"name":"Gvarv","latitude":"59.38767000","longitude":"9.17240000"},"herre":{"id":79219,"name":"Herre","latitude":"59.10351000","longitude":"9.56195000"},"hjartdal":{"id":79223,"name":"Hjartdal","latitude":"59.61276000","longitude":"8.94942000"},"holmestrand":{"id":79229,"name":"Holmestrand","latitude":"59.48976000","longitude":"10.31515000"},"horten":{"id":79236,"name":"Horten","latitude":"59.41547000","longitude":"10.48527000"},"krager\u00f8":{"id":79286,"name":"Krager\u00f8","latitude":"58.86792000","longitude":"9.41099000"},"kviteseid":{"id":79294,"name":"Kviteseid","latitude":"59.40194000","longitude":"8.49459000"},"larvik":{"id":79304,"name":"Larvik","latitude":"59.05234000","longitude":"10.02701000"},"lunde":{"id":79332,"name":"Lunde","latitude":"59.29832000","longitude":"9.10268000"},"melsomvik":{"id":79361,"name":"Melsomvik","latitude":"59.22394000","longitude":"10.33616000"},"nissedal":{"id":79398,"name":"Nissedal","latitude":"59.01958000","longitude":"8.52127000"},"nome":{"id":79401,"name":"Nome","latitude":"59.28136000","longitude":"9.25678000"},"notodden":{"id":79414,"name":"Notodden","latitude":"59.55992000","longitude":"9.26046000"},"porsgrunn":{"id":79430,"name":"Porsgrunn","latitude":"59.14190000","longitude":"9.65680000"},"prestestranda":{"id":79431,"name":"Prestestranda","latitude":"59.09773000","longitude":"9.05866000"},"re":{"id":79441,"name":"Re","latitude":"59.35056000","longitude":"10.24763000"},"rjukan":{"id":79453,"name":"Rjukan","latitude":"59.87891000","longitude":"8.59411000"},"sande":{"id":79480,"name":"Sande","latitude":"59.59362000","longitude":"10.20757000"},"sandefjord":{"id":79482,"name":"Sandefjord","latitude":"59.12881000","longitude":"10.21971000"},"sauherad":{"id":79489,"name":"Sauherad","latitude":"59.39642000","longitude":"9.24910000"},"seljord":{"id":79493,"name":"Seljord","latitude":"59.48274000","longitude":"8.62672000"},"selvik":{"id":79494,"name":"Selvik","latitude":"59.56645000","longitude":"10.26004000"},"sem":{"id":79495,"name":"Sem","latitude":"59.28230000","longitude":"10.33004000"},"siljan":{"id":79498,"name":"Siljan","latitude":"59.28251000","longitude":"9.73368000"},"skien":{"id":79508,"name":"Skien","latitude":"59.20748000","longitude":"9.61052000"},"skoppum":{"id":79518,"name":"Skoppum","latitude":"59.38613000","longitude":"10.41077000"},"stavern":{"id":79539,"name":"Stavern","latitude":"59.00000000","longitude":"10.03333000"},"stokke":{"id":79545,"name":"Stokke","latitude":"59.22255000","longitude":"10.30055000"},"svelvik":{"id":79570,"name":"Svelvik","latitude":"59.60677000","longitude":"10.40225000"},"tinn":{"id":79594,"name":"Tinn","latitude":"59.83486000","longitude":"9.13528000"},"tj\u00f8me":{"id":79596,"name":"Tj\u00f8me","latitude":"59.11090000","longitude":"10.39330000"},"tokke":{"id":79598,"name":"Tokke","latitude":"59.44569000","longitude":"8.01388000"},"t\u00f8nsberg":{"id":79619,"name":"T\u00f8nsberg","latitude":"59.26754000","longitude":"10.40762000"},"ulefoss":{"id":79620,"name":"Ulefoss","latitude":"59.28245000","longitude":"9.26548000"},"vinje":{"id":79658,"name":"Vinje","latitude":"59.56924000","longitude":"7.98896000"}}},"vestland":{"id":1018,"name":"Vestland","state_code":"46","latitude":"60.90694420","longitude":"3.96270810","type":"county","cities":{"\u00c5gotnes":{"id":79675,"name":"\u00c5gotnes","latitude":"60.40306000","longitude":"5.01927000"},"\u00c5rdal":{"id":79682,"name":"\u00c5rdal","latitude":"61.23639000","longitude":"7.70204000"},"\u00c5rdalstangen":{"id":79683,"name":"\u00c5rdalstangen","latitude":"61.23581000","longitude":"7.70370000"},"ask\u00f8y":{"id":79048,"name":"Ask\u00f8y","latitude":"60.40916000","longitude":"5.22599000"},"askvoll":{"id":79047,"name":"Askvoll","latitude":"61.34850000","longitude":"5.05318000"},"aurland":{"id":79053,"name":"Aurland","latitude":"60.90556000","longitude":"7.18734000"},"austevoll":{"id":79056,"name":"Austevoll","latitude":"60.09578000","longitude":"5.22722000"},"austrheim":{"id":79057,"name":"Austrheim","latitude":"60.77742000","longitude":"4.93227000"},"balestrand":{"id":79060,"name":"Balestrand","latitude":"61.20809000","longitude":"6.53551000"},"bergen":{"id":79069,"name":"Bergen","latitude":"60.39200000","longitude":"5.32800000"},"b\u00f8mlo":{"id":79097,"name":"B\u00f8mlo","latitude":"59.79384000","longitude":"5.17624000"},"bremanger":{"id":79088,"name":"Bremanger","latitude":"61.76862000","longitude":"5.28907000"},"dale":{"id":79098,"name":"Dale","latitude":"60.58639000","longitude":"5.81888000"},"eid":{"id":79110,"name":"Eid","latitude":"61.90684000","longitude":"5.99321000"},"eidfjord":{"id":79112,"name":"Eidfjord","latitude":"60.46741000","longitude":"7.06971000"},"eikelandsosen":{"id":79119,"name":"Eikelandsosen","latitude":"60.24175000","longitude":"5.74433000"},"eivindvik":{"id":79120,"name":"Eivindvik","latitude":"60.98133000","longitude":"5.07497000"},"espeland":{"id":79125,"name":"Espeland","latitude":"60.38249000","longitude":"5.46570000"},"etne":{"id":79126,"name":"Etne","latitude":"59.66472000","longitude":"5.93438000"},"farnes":{"id":79133,"name":"Farnes","latitude":"61.30850000","longitude":"7.79694000"},"fedje":{"id":79136,"name":"Fedje","latitude":"60.77873000","longitude":"4.71965000"},"fitjar":{"id":79142,"name":"Fitjar","latitude":"59.91742000","longitude":"5.31637000"},"fjaler":{"id":79143,"name":"Fjaler","latitude":"61.36383000","longitude":"5.39808000"},"fjell":{"id":79144,"name":"Fjell","latitude":"60.36267000","longitude":"5.12194000"},"flora":{"id":79151,"name":"Flora","latitude":"61.59994000","longitude":"5.03144000"},"flor\u00f8":{"id":79152,"name":"Flor\u00f8","latitude":"61.59957000","longitude":"5.03280000"},"f\u00f8rde":{"id":79169,"name":"F\u00f8rde","latitude":"61.45045000","longitude":"5.85397000"},"frekhaug":{"id":79160,"name":"Frekhaug","latitude":"60.51321000","longitude":"5.24252000"},"fusa":{"id":79166,"name":"Fusa","latitude":"60.24072000","longitude":"5.74458000"},"gaular":{"id":79171,"name":"Gaular","latitude":"61.32564000","longitude":"5.79523000"},"gaupne":{"id":79172,"name":"Gaupne","latitude":"61.40472000","longitude":"7.29458000"},"gloppen":{"id":79183,"name":"Gloppen","latitude":"61.77728000","longitude":"6.21561000"},"granvin":{"id":79187,"name":"Granvin","latitude":"60.52629000","longitude":"6.72178000"},"gulen":{"id":79194,"name":"Gulen","latitude":"60.98192000","longitude":"5.07408000"},"hagavik":{"id":79198,"name":"Hagavik","latitude":"60.18076000","longitude":"5.40146000"},"hardbakke":{"id":79206,"name":"Hardbakke","latitude":"61.07562000","longitude":"4.84111000"},"hermansverk":{"id":79218,"name":"Hermansverk","latitude":"61.18461000","longitude":"6.85016000"},"hornindal":{"id":79235,"name":"Hornindal","latitude":"61.96925000","longitude":"6.52249000"},"h\u00f8yanger":{"id":79248,"name":"H\u00f8yanger","latitude":"61.21880000","longitude":"6.07308000"},"hylkje":{"id":79243,"name":"Hylkje","latitude":"60.51028000","longitude":"5.35444000"},"hyllestad":{"id":79244,"name":"Hyllestad","latitude":"61.17036000","longitude":"5.29614000"},"indrearna":{"id":79252,"name":"Indre Arna","latitude":"60.41768000","longitude":"5.47087000"},"jondal":{"id":79258,"name":"Jondal","latitude":"60.27620000","longitude":"6.25257000"},"j\u00f8lster":{"id":79261,"name":"J\u00f8lster","latitude":"61.56923000","longitude":"6.48351000"},"kinsarvik":{"id":79269,"name":"Kinsarvik","latitude":"60.37567000","longitude":"6.71948000"},"knappskog":{"id":79277,"name":"Knappskog","latitude":"60.37906000","longitude":"5.05602000"},"knarvik":{"id":79279,"name":"Knarvik","latitude":"60.54530000","longitude":"5.28208000"},"kvam":{"id":79291,"name":"Kvam","latitude":"60.36977000","longitude":"6.14344000"},"kvinnherad":{"id":79293,"name":"Kvinnherad","latitude":"59.98421000","longitude":"6.01227000"},"l\u00e6rdal":{"id":79341,"name":"L\u00e6rdal","latitude":"61.09842000","longitude":"7.48101000"},"l\u00e6rdals\u00f8yri":{"id":79342,"name":"L\u00e6rdals\u00f8yri","latitude":"61.10001000","longitude":"7.47374000"},"leikanger":{"id":79308,"name":"Leikanger","latitude":"61.18556000","longitude":"6.82199000"},"leirvik":{"id":79311,"name":"Leirvik","latitude":"59.77977000","longitude":"5.50051000"},"lind\u00e5s":{"id":79326,"name":"Lind\u00e5s","latitude":"60.54910000","longitude":"5.28559000"},"lonev\u00e5g":{"id":79328,"name":"Lonev\u00e5g","latitude":"60.52556000","longitude":"5.49563000"},"luster":{"id":79335,"name":"Luster","latitude":"61.40310000","longitude":"7.29793000"},"m\u00e5l\u00f8y":{"id":79380,"name":"M\u00e5l\u00f8y","latitude":"61.93535000","longitude":"5.11362000"},"manger":{"id":79351,"name":"Manger","latitude":"60.64145000","longitude":"5.04136000"},"masfjorden":{"id":79354,"name":"Masfjorden","latitude":"60.79947000","longitude":"5.30035000"},"meland":{"id":79357,"name":"Meland","latitude":"60.51777000","longitude":"5.24063000"},"modalen":{"id":79367,"name":"Modalen","latitude":"60.81735000","longitude":"5.80790000"},"mosterhamn":{"id":79376,"name":"Mosterhamn","latitude":"59.69919000","longitude":"5.38585000"},"naustdal":{"id":79387,"name":"Naustdal","latitude":"61.51034000","longitude":"5.71719000"},"nordfjordeid":{"id":79406,"name":"Nordfjordeid","latitude":"61.91220000","longitude":"5.98557000"},"norheimsund":{"id":79413,"name":"Norheimsund","latitude":"60.37089000","longitude":"6.14562000"},"odda":{"id":79417,"name":"Odda","latitude":"60.06697000","longitude":"6.54541000"},"os":{"id":79423,"name":"Os","latitude":"60.18547000","longitude":"5.46962000"},"oster\u00f8y":{"id":79426,"name":"Oster\u00f8y","latitude":"60.52389000","longitude":"5.50551000"},"\u00d8ygarden":{"id":79702,"name":"\u00d8ygarden","latitude":"60.59041000","longitude":"4.83890000"},"\u00d8ystese":{"id":79703,"name":"\u00d8ystese","latitude":"60.38825000","longitude":"6.19251000"},"rad\u00f8y":{"id":79434,"name":"Rad\u00f8y","latitude":"60.64187000","longitude":"5.04110000"},"rosendal":{"id":79457,"name":"Rosendal","latitude":"59.98589000","longitude":"6.01157000"},"rubbestadneset":{"id":79459,"name":"Rubbestadneset","latitude":"59.81559000","longitude":"5.26822000"},"sagv\u00e5g":{"id":79473,"name":"Sagv\u00e5g","latitude":"59.78139000","longitude":"5.38996000"},"samnanger":{"id":79476,"name":"Samnanger","latitude":"60.37745000","longitude":"5.76219000"},"sandane":{"id":79478,"name":"Sandane","latitude":"61.77277000","longitude":"6.21496000"},"sande":{"id":79479,"name":"Sande","latitude":"61.32511000","longitude":"5.79773000"},"sandsli":{"id":79485,"name":"Sandsli","latitude":"60.30323000","longitude":"5.28554000"},"selje":{"id":79492,"name":"Selje","latitude":"62.04263000","longitude":"5.34449000"},"skogsv\u00e5gen":{"id":79517,"name":"Skogsv\u00e5gen","latitude":"60.25512000","longitude":"5.10161000"},"sogndal":{"id":79529,"name":"Sogndal","latitude":"61.23144000","longitude":"7.10301000"},"solund":{"id":79532,"name":"Solund","latitude":"61.07394000","longitude":"4.83876000"},"stord":{"id":79548,"name":"Stord","latitude":"59.78092000","longitude":"5.49980000"},"storeb\u00f8":{"id":79550,"name":"Storeb\u00f8","latitude":"60.09485000","longitude":"5.22705000"},"straume":{"id":79558,"name":"Straume","latitude":"60.36131000","longitude":"5.12199000"},"stryn":{"id":79561,"name":"Stryn","latitude":"61.90406000","longitude":"6.72400000"},"sund":{"id":79564,"name":"Sund","latitude":"60.27019000","longitude":"5.07225000"},"sveio":{"id":79568,"name":"Sveio","latitude":"59.54303000","longitude":"5.35410000"},"svelgen":{"id":79569,"name":"Svelgen","latitude":"61.76976000","longitude":"5.29544000"},"syfteland":{"id":79572,"name":"Syfteland","latitude":"60.23803000","longitude":"5.45285000"},"tysnes":{"id":79617,"name":"Tysnes","latitude":"60.04076000","longitude":"5.53129000"},"ullensvang":{"id":79622,"name":"Ullensvang","latitude":"60.37501000","longitude":"6.72073000"},"ulvik":{"id":79626,"name":"Ulvik","latitude":"60.56719000","longitude":"6.91871000"},"v\u00e5gs\u00f8y":{"id":79664,"name":"V\u00e5gs\u00f8y","latitude":"61.93544000","longitude":"5.11402000"},"vaksdal":{"id":79629,"name":"Vaksdal","latitude":"60.59030000","longitude":"5.82272000"},"vik":{"id":79652,"name":"Vik","latitude":"61.08863000","longitude":"6.58512000"},"voss":{"id":79662,"name":"Voss","latitude":"60.62780000","longitude":"6.41831000"},"ytrearna":{"id":79670,"name":"Ytre Arna","latitude":"60.46175000","longitude":"5.43265000"},"ytrebygda":{"id":79671,"name":"Ytrebygda","latitude":"60.30504000","longitude":"5.28236000"}}},"viken":{"id":1011,"name":"Viken","state_code":"30","latitude":"59.96530050","longitude":"7.45051440","type":"county","cities":{"\u00c5l":{"id":79677,"name":"\u00c5l","latitude":"60.63028000","longitude":"8.56115000"},"\u00c5neby":{"id":79681,"name":"\u00c5neby","latitude":"60.08926000","longitude":"10.86998000"},"aremark":{"id":79043,"name":"Aremark","latitude":"59.22198000","longitude":"11.69582000"},"\u00c5rnes":{"id":79684,"name":"\u00c5rnes","latitude":"60.12237000","longitude":"11.47005000"},"\u00c5ros":{"id":79685,"name":"\u00c5ros","latitude":"59.70610000","longitude":"10.51092000"},"\u00c5s":{"id":79687,"name":"\u00c5s","latitude":"59.66366000","longitude":"10.79101000"},"ask":{"id":79044,"name":"Ask","latitude":"60.07131000","longitude":"11.03620000"},"asker":{"id":79045,"name":"Asker","latitude":"59.83734000","longitude":"10.43595000"},"askim":{"id":79046,"name":"Askim","latitude":"59.58464000","longitude":"11.16084000"},"auli":{"id":79051,"name":"Auli","latitude":"60.03450000","longitude":"11.36046000"},"aurskog-h\u00f8land":{"id":79054,"name":"Aurskog-H\u00f8land","latitude":"59.88321000","longitude":"11.56491000"},"aursmoen":{"id":79055,"name":"Aursmoen","latitude":"59.92763000","longitude":"11.44275000"},"b\u00e6rum":{"id":79094,"name":"B\u00e6rum","latitude":"59.88996000","longitude":"10.52649000"},"billingstad":{"id":79073,"name":"Billingstad","latitude":"59.87548000","longitude":"10.48230000"},"bj\u00f8rkelangen":{"id":79078,"name":"Bj\u00f8rkelangen","latitude":"59.88357000","longitude":"11.56396000"},"blakstad":{"id":79080,"name":"Blakstad","latitude":"59.81910000","longitude":"10.46450000"},"drammen":{"id":79104,"name":"Drammen","latitude":"59.74389000","longitude":"10.20449000"},"dr\u00f8bak":{"id":79106,"name":"Dr\u00f8bak","latitude":"59.66333000","longitude":"10.62975000"},"eidsberg":{"id":79113,"name":"Eidsberg","latitude":"59.55148000","longitude":"11.33587000"},"eidsvoll":{"id":79115,"name":"Eidsvoll","latitude":"60.32893000","longitude":"11.26119000"},"enebakk":{"id":79123,"name":"Enebakk","latitude":"59.76452000","longitude":"11.14492000"},"fagerstrand":{"id":79132,"name":"Fagerstrand","latitude":"59.73746000","longitude":"10.59404000"},"fet":{"id":79137,"name":"Fet","latitude":"59.92216000","longitude":"11.16778000"},"fetsund":{"id":79138,"name":"Fetsund","latitude":"59.92463000","longitude":"11.15711000"},"fjellfoten":{"id":79145,"name":"Fjellfoten","latitude":"60.08967000","longitude":"11.47222000"},"fl\u00e5":{"id":79153,"name":"Fl\u00e5","latitude":"60.42910000","longitude":"9.46611000"},"flateby":{"id":79148,"name":"Flateby","latitude":"59.82951000","longitude":"11.15345000"},"flesberg":{"id":79150,"name":"Flesberg","latitude":"59.83283000","longitude":"9.58308000"},"fossby":{"id":79158,"name":"Fossby","latitude":"59.22218000","longitude":"11.69928000"},"fredrikstad":{"id":79159,"name":"Fredrikstad","latitude":"59.21759000","longitude":"10.93787000"},"frogn":{"id":79161,"name":"Frogn","latitude":"59.66665000","longitude":"10.63566000"},"frogner":{"id":79162,"name":"Frogner","latitude":"60.02463000","longitude":"11.10284000"},"geilo":{"id":79174,"name":"Geilo","latitude":"60.53369000","longitude":"8.20539000"},"gjerdrum":{"id":79178,"name":"Gjerdrum","latitude":"60.07159000","longitude":"11.03597000"},"gol":{"id":79184,"name":"Gol","latitude":"60.69953000","longitude":"8.95024000"},"halden":{"id":79199,"name":"Halden","latitude":"59.12258000","longitude":"11.38709000"},"hemsedal":{"id":79217,"name":"Hemsedal","latitude":"60.86114000","longitude":"8.56537000"},"hob\u00f8l":{"id":79226,"name":"Hob\u00f8l","latitude":"59.62252000","longitude":"10.94979000"},"hol":{"id":79227,"name":"Hol","latitude":"60.61528000","longitude":"8.30194000"},"hole":{"id":79228,"name":"Hole","latitude":"60.08017000","longitude":"10.27840000"},"h\u00f8nefoss":{"id":79247,"name":"H\u00f8nefoss","latitude":"60.16804000","longitude":"10.25647000"},"hurdal":{"id":79239,"name":"Hurdal","latitude":"60.43518000","longitude":"11.06707000"},"hurum":{"id":79240,"name":"Hurum","latitude":"59.61401000","longitude":"10.45763000"},"hvaler":{"id":79241,"name":"Hvaler","latitude":"59.02809000","longitude":"11.03110000"},"hvittingfoss":{"id":79242,"name":"Hvittingfoss","latitude":"59.48572000","longitude":"10.01173000"},"jessheim":{"id":79256,"name":"Jessheim","latitude":"60.14151000","longitude":"11.17515000"},"karlshus":{"id":79265,"name":"Karlshus","latitude":"59.35195000","longitude":"10.87226000"},"kl\u00f8fta":{"id":79276,"name":"Kl\u00f8fta","latitude":"60.07407000","longitude":"11.13805000"},"knappstad":{"id":79278,"name":"Knappstad","latitude":"59.62424000","longitude":"11.03274000"},"kongsberg":{"id":79281,"name":"Kongsberg","latitude":"59.66516000","longitude":"9.64653000"},"kr\u00f8dsherad":{"id":79289,"name":"Kr\u00f8dsherad","latitude":"60.17944000","longitude":"9.62124000"},"larkollen":{"id":79302,"name":"Larkollen","latitude":"59.33196000","longitude":"10.66687000"},"leirsund":{"id":79310,"name":"Leirsund","latitude":"59.99682000","longitude":"11.08746000"},"lervik":{"id":79317,"name":"Lervik","latitude":"59.27119000","longitude":"10.74610000"},"lier":{"id":79320,"name":"Lier","latitude":"59.78663000","longitude":"10.24590000"},"lillestr\u00f8m":{"id":79324,"name":"Lillestr\u00f8m","latitude":"59.95597000","longitude":"11.04918000"},"l\u00f8renskog":{"id":79346,"name":"L\u00f8renskog","latitude":"59.93209000","longitude":"10.96079000"},"lysaker":{"id":79340,"name":"Lysaker","latitude":"59.90994000","longitude":"10.63545000"},"marker":{"id":79352,"name":"Marker","latitude":"59.47952000","longitude":"11.65917000"},"maura":{"id":79355,"name":"Maura","latitude":"60.25830000","longitude":"11.03192000"},"modum":{"id":79368,"name":"Modum","latitude":"59.97346000","longitude":"10.00468000"},"moss":{"id":79375,"name":"Moss","latitude":"59.43436000","longitude":"10.65968000"},"mysen":{"id":79378,"name":"Mysen","latitude":"59.55354000","longitude":"11.32578000"},"nannestad":{"id":79385,"name":"Nannestad","latitude":"60.21707000","longitude":"11.01200000"},"nedreeiker":{"id":79388,"name":"Nedre Eiker","latitude":"59.75023000","longitude":"10.00736000"},"nes":{"id":79389,"name":"Nes","latitude":"60.12252000","longitude":"11.46570000"},"nesbyen":{"id":79391,"name":"Nesbyen","latitude":"60.56809000","longitude":"9.10274000"},"neskollen":{"id":79392,"name":"Neskollen","latitude":"60.12159000","longitude":"11.33926000"},"nesodden":{"id":79394,"name":"Nesodden","latitude":"59.84220000","longitude":"10.64940000"},"nesoddtangen":{"id":79395,"name":"Nesoddtangen","latitude":"59.86244000","longitude":"10.66308000"},"nittedal":{"id":79399,"name":"Nittedal","latitude":"60.04278000","longitude":"10.88167000"},"noreoguvdal":{"id":79411,"name":"Nore og Uvdal","latitude":"60.26706000","longitude":"8.94635000"},"noresund":{"id":79412,"name":"Noresund","latitude":"60.17985000","longitude":"9.62411000"},"oppeg\u00e5rd":{"id":79420,"name":"Oppeg\u00e5rd","latitude":"59.81149000","longitude":"10.79712000"},"\u00d8rje":{"id":79694,"name":"\u00d8rje","latitude":"59.48023000","longitude":"11.66016000"},"\u00d8vreeiker":{"id":79700,"name":"\u00d8vre Eiker","latitude":"59.77111000","longitude":"9.90840000"},"prestfoss":{"id":79432,"name":"Prestfoss","latitude":"60.04343000","longitude":"9.63520000"},"r\u00e5de":{"id":79463,"name":"R\u00e5de","latitude":"59.35162000","longitude":"10.87135000"},"r\u00e5holt":{"id":79464,"name":"R\u00e5holt","latitude":"60.27513000","longitude":"11.17901000"},"rakkestad":{"id":79435,"name":"Rakkestad","latitude":"59.42822000","longitude":"11.34350000"},"r\u00e6lingen":{"id":79465,"name":"R\u00e6lingen","latitude":"59.92626000","longitude":"11.06527000"},"ringerike":{"id":79451,"name":"Ringerike","latitude":"60.16018000","longitude":"10.25660000"},"rollag":{"id":79456,"name":"Rollag","latitude":"59.98413000","longitude":"9.29489000"},"rotnes":{"id":79458,"name":"Rotnes","latitude":"60.05707000","longitude":"10.86135000"},"r\u00f8mskog":{"id":79467,"name":"R\u00f8mskog","latitude":"59.74968000","longitude":"11.81122000"},"r\u00f8yken":{"id":79471,"name":"R\u00f8yken","latitude":"59.74019000","longitude":"10.41321000"},"rygge":{"id":79460,"name":"Rygge","latitude":"59.40629000","longitude":"10.69298000"},"ryggebyen":{"id":79461,"name":"Ryggebyen","latitude":"59.37500000","longitude":"10.75000000"},"sarpsborg":{"id":79487,"name":"Sarpsborg","latitude":"59.28148000","longitude":"11.11167000"},"s\u00e6tre":{"id":79574,"name":"S\u00e6tre","latitude":"59.68129000","longitude":"10.52749000"},"sigdal":{"id":79497,"name":"Sigdal","latitude":"60.04592000","longitude":"9.63673000"},"skedsmo":{"id":79506,"name":"Skedsmo","latitude":"59.95448000","longitude":"11.03952000"},"ski":{"id":79507,"name":"Ski","latitude":"59.72049000","longitude":"10.83882000"},"skiptvet":{"id":79509,"name":"Skiptvet","latitude":"59.47751000","longitude":"11.16171000"},"skj\u00e6rhalden":{"id":79513,"name":"Skj\u00e6rhalden","latitude":"59.02526000","longitude":"11.03685000"},"skjeberg":{"id":79510,"name":"Skjeberg","latitude":"59.21148000","longitude":"11.19025000"},"skoger":{"id":79515,"name":"Skoger","latitude":"59.71327000","longitude":"10.25356000"},"skui":{"id":79522,"name":"Skui","latitude":"59.92746000","longitude":"10.44750000"},"s\u00f8rum":{"id":79586,"name":"S\u00f8rum","latitude":"59.98709000","longitude":"11.24019000"},"s\u00f8rumsand":{"id":79587,"name":"S\u00f8rumsand","latitude":"59.98621000","longitude":"11.24154000"},"spydeberg":{"id":79536,"name":"Spydeberg","latitude":"59.62028000","longitude":"11.08069000"},"tofte":{"id":79597,"name":"Tofte","latitude":"59.54275000","longitude":"10.56138000"},"tomter":{"id":79601,"name":"Tomter","latitude":"59.65910000","longitude":"10.99487000"},"tranby":{"id":79604,"name":"Tranby","latitude":"59.80850000","longitude":"10.26114000"},"tr\u00f8gstad":{"id":79612,"name":"Tr\u00f8gstad","latitude":"59.64016000","longitude":"11.31890000"},"ullensaker":{"id":79621,"name":"Ullensaker","latitude":"60.14401000","longitude":"11.17441000"},"v\u00e5ler":{"id":79668,"name":"V\u00e5ler","latitude":"59.48870000","longitude":"10.86551000"},"vestby":{"id":79642,"name":"Vestby","latitude":"59.60228000","longitude":"10.74807000"},"vikersund":{"id":79653,"name":"Vikersund","latitude":"59.96838000","longitude":"9.99107000"}}}}}