{"id":23,"name":"Belize","iso3":"BLZ","iso2":"BZ","numeric_code":"084","phonecode":"501","capital":"Belmopan","currency":"BZD","currency_name":"Belize dollar","currency_symbol":"$","tld":".bz","native":"Belize","region":"Americas","region_id":2,"subregion":"Central America","subregion_id":9,"nationality":"Belizean","timezones":[{"zoneName":"America/Belize","gmtOffset":-21600,"gmtOffsetName":"UTC-06:00","abbreviation":"CST","tzName":"Central Standard Time (North America)"}],"translations":{"ko":"\ubca8\ub9ac\uc988","pt-BR":"Belize","pt":"Belize","nl":"Belize","hr":"Belize","fa":"\u0628\u0644\u06cc\u0632","de":"Belize","es":"Belice","fr":"Belize","ja":"\u30d9\u30ea\u30fc\u30ba","it":"Belize","zh-CN":"\u4f2f\u5229\u5179","tr":"Belize","ru":"\u0411\u0435\u043b\u0438\u0437","uk":"\u0411\u0435\u043b\u0456\u0437","pl":"Belize"},"latitude":"17.25000000","longitude":"-88.75000000","emoji":"\ud83c\udde7\ud83c\uddff","emojiU":"U+1F1E7 U+1F1FF","states":{"belize":{"id":264,"name":"Belize","state_code":"BZ","latitude":"17.56776790","longitude":"-88.40160410","type":"district","cities":{"belizecity":{"id":16133,"name":"Belize City","latitude":"17.49952000","longitude":"-88.19756000"},"sanpedro":{"id":16143,"name":"San Pedro","latitude":"17.91598000","longitude":"-87.96590000"}}},"cayo":{"id":269,"name":"Cayo","state_code":"CY","latitude":"17.09844450","longitude":"-88.94138650","type":"district","cities":{"belmopan":{"id":16134,"name":"Belmopan","latitude":"17.25000000","longitude":"-88.76667000"},"benqueviejoelcarmen":{"id":16135,"name":"Benque Viejo el Carmen","latitude":"17.07500000","longitude":"-89.13917000"},"sanignacio":{"id":16142,"name":"San Ignacio","latitude":"17.15880000","longitude":"-89.06960000"},"valleyofpeace":{"id":16145,"name":"Valley of Peace","latitude":"17.33472000","longitude":"-88.83472000"}}},"corozal":{"id":266,"name":"Corozal","state_code":"CZL","latitude":"18.13492380","longitude":"-88.24611830","type":"district","cities":{"corozal":{"id":16136,"name":"Corozal","latitude":"18.39375000","longitude":"-88.38849000"}}},"orangewalk":{"id":268,"name":"Orange Walk","state_code":"OW","latitude":"17.76035300","longitude":"-88.86469800","type":"district","cities":{"hopelch\u00e9n":{"id":16138,"name":"Hopelch\u00e9n","latitude":"17.80000000","longitude":"-89.10000000"},"orangewalk":{"id":16139,"name":"Orange Walk","latitude":"18.08124000","longitude":"-88.56328000"},"shipyard":{"id":16144,"name":"Shipyard","latitude":"17.89382000","longitude":"-88.65452000"}}},"stanncreek":{"id":265,"name":"Stann Creek","state_code":"SC","latitude":"16.81166310","longitude":"-88.40160410","type":"district","cities":{"dangriga":{"id":16137,"name":"Dangriga","latitude":"16.96970000","longitude":"-88.23313000"},"placencia":{"id":16140,"name":"Placencia","latitude":"16.51419000","longitude":"-88.36647000"}}},"toledo":{"id":267,"name":"Toledo","state_code":"TOL","latitude":"16.24919230","longitude":"-88.86469800","type":"district","cities":{"puntagorda":{"id":16141,"name":"Punta Gorda","latitude":"16.09835000","longitude":"-88.80970000"}}}}}