{"id":193,"name":"Sao Tome and Principe","iso3":"STP","iso2":"ST","numeric_code":"678","phone_code":"239","capital":"Sao Tome","currency":"STD","currency_name":"Dobra","currency_symbol":"Db","tld":".st","native":"S\u00e3o Tom\u00e9 e Pr\u00edncipe","region":"Africa","region_id":"1","subregion":"Middle Africa","subregion_id":"2","nationality":"Sao Tomean","timezones":[{"zoneName":"Africa/Sao_Tome","gmtOffset":0,"gmtOffsetName":"UTC\u00b100","abbreviation":"GMT","tzName":"Greenwich Mean Time"}],"translations":{"kr":"\uc0c1\ud22c\uba54 \ud504\ub9b0\uc2dc\ud398","pt-BR":"S\u00e3o Tom\u00e9 e Pr\u00edncipe","pt":"S\u00e3o Tom\u00e9 e Pr\u00edncipe","nl":"Sao Tom\u00e9 en Principe","hr":"Sveti Toma i Princip","fa":"\u06a9\u0648\u0627\u062a\u0631\u0648 \u062f\u0648 \u0641\u0631\u0648\u06cc\u0631\u0648","de":"S\u00e3o Tom\u00e9 und Pr\u00edncipe","es":"Santo Tom\u00e9 y Pr\u00edncipe","fr":"Sao Tom\u00e9-et-Principe","ja":"\u30b5\u30f3\u30c8\u30e1\u30fb\u30d7\u30ea\u30f3\u30b7\u30da","it":"S\u00e3o Tom\u00e9 e Pr\u00edncipe","cn":"\u5723\u591a\u7f8e\u548c\u666e\u6797\u897f\u6bd4","tr":"Sao Tome Ve Prinsipe","ru":"\u0421\u0430\u043d-\u0422\u043e\u043c\u0435 \u0438 \u041f\u0440\u0438\u043d\u0441\u0438\u043f\u0438","uk":"\u0421\u0430\u043d-\u0422\u043e\u043c\u0435 \u0456 \u041f\u0440\u0438\u043d\u0441\u0456\u043f\u0456","pl":"Wyspy \u015awi\u0119tego Tomasza i Ksi\u0105\u017c\u0119ca"},"latitude":"1.00000000","longitude":"7.00000000","emoji":"\ud83c\uddf8\ud83c\uddf9","emojiU":"U+1F1F8 U+1F1F9","states":{"pr\u00edncipeprovince":{"id":270,"name":"Pr\u00edncipe Province","state_code":"P","latitude":"1.61393810","longitude":"7.40569280","type":null,"cities":{"santoant\u00f3nio":{"id":104837,"name":"Santo Ant\u00f3nio","latitude":"1.63943000","longitude":"7.41951000"}}},"s\u00e3otom\u00e9province":{"id":271,"name":"S\u00e3o Tom\u00e9 Province","state_code":"S","latitude":"0.33019240","longitude":"6.73334300","type":null,"cities":{"cantagalodistrict":{"id":104835,"name":"Cantagalo District","latitude":"0.21667000","longitude":"6.70000000"},"cau\u00e9district":{"id":104836,"name":"Cau\u00e9 District","latitude":"0.13415000","longitude":"6.63825000"},"s\u00e3otom\u00e9":{"id":104838,"name":"S\u00e3o Tom\u00e9","latitude":"0.33654000","longitude":"6.72732000"},"trindade":{"id":104839,"name":"Trindade","latitude":"0.29667000","longitude":"6.68139000"}}}}}