{"id":217,"name":"Tajikistan","iso3":"TJK","iso2":"TJ","numeric_code":"762","phonecode":"992","capital":"Dushanbe","currency":"TJS","currency_name":"Tajikistani somoni","currency_symbol":"SM","tld":".tj","native":"\u0422\u043e\u04b7\u0438\u043a\u0438\u0441\u0442\u043e\u043d","region":"Asia","region_id":3,"subregion":"Central Asia","subregion_id":10,"nationality":"Tajikistani","timezones":[{"zoneName":"Asia/Dushanbe","gmtOffset":18000,"gmtOffsetName":"UTC+05:00","abbreviation":"TJT","tzName":"Tajikistan Time"}],"translations":{"ko":"\ud0c0\uc9c0\ud0a4\uc2a4\ud0c4","pt-BR":"Tajiquist\u00e3o","pt":"Tajiquist\u00e3o","nl":"Tadzjikistan","hr":"Ta\u0111ikistan","fa":"\u062a\u0627\u062c\u06cc\u06a9\u0633\u062a\u0627\u0646","de":"Tadschikistan","es":"Tayikist\u00e1n","fr":"Tadjikistan","ja":"\u30bf\u30b8\u30ad\u30b9\u30bf\u30f3","it":"Tagikistan","zh-CN":"\u5854\u5409\u514b\u65af\u5766","tr":"Tacikistan","ru":"\u0422\u0430\u0434\u0436\u0438\u043a\u0438\u0441\u0442\u0430\u043d","uk":"\u0422\u0430\u0434\u0436\u0438\u043a\u0438\u0441\u0442\u0430\u043d","pl":"Tad\u017cykistan"},"latitude":"39.00000000","longitude":"71.00000000","emoji":"\ud83c\uddf9\ud83c\uddef","emojiU":"U+1F1F9 U+1F1EF","states":{"gorno-badakhshan":{"id":3399,"name":"Gorno-Badakhshan","state_code":"GB","latitude":"38.41273200","longitude":"73.08774900","type":"autonomous region","cities":{"ishqoshim":{"id":106776,"name":"Ishqoshim","latitude":"36.72484000","longitude":"71.61331000"},"khorugh":{"id":106781,"name":"Khorugh","latitude":"37.48974000","longitude":"71.55304000"},"murghob":{"id":106790,"name":"Murghob","latitude":"38.17023000","longitude":"73.96674000"},"nohiyaishughnon":{"id":106796,"name":"Nohiyai Shughnon","latitude":"37.70004000","longitude":"72.16748000"}}},"khatlon":{"id":3398,"name":"Khatlon","state_code":"KT","latitude":"37.91135620","longitude":"69.09702300","type":"region","cities":{"abdurahmonijom\u00ed":{"id":106760,"name":"Abdurahmoni Jom\u00ed","latitude":"37.94636000","longitude":"68.80878000"},"boshchorbogh":{"id":106763,"name":"Boshchorbogh","latitude":"37.52027000","longitude":"68.12825000"},"b\u016dstonqal\u2019a":{"id":106765,"name":"B\u016dstonqal\u2019a","latitude":"37.84783000","longitude":"68.83125000"},"chubek":{"id":106767,"name":"Chubek","latitude":"37.61453000","longitude":"69.70525000"},"danghara":{"id":106768,"name":"Danghara","latitude":"38.09578000","longitude":"69.33998000"},"d\u016dst\u00ed":{"id":106770,"name":"D\u016dst\u00ed","latitude":"37.34812000","longitude":"68.66398000"},"farkhor":{"id":106771,"name":"Farkhor","latitude":"37.49219000","longitude":"69.40356000"},"gharav\u016dt\u00ed":{"id":106773,"name":"Gharav\u016dt\u00ed","latitude":"37.56703000","longitude":"68.44668000"},"jilik\u016dl":{"id":106778,"name":"Jilik\u016dl","latitude":"37.49167000","longitude":"68.53106000"},"kirov":{"id":106784,"name":"Kirov","latitude":"37.81908000","longitude":"68.85905000"},"kolkhozobod":{"id":106785,"name":"Kolkhozobod","latitude":"37.58823000","longitude":"68.65886000"},"k\u016dlob":{"id":106788,"name":"K\u016dlob","latitude":"37.91459000","longitude":"69.78454000"},"moskovskiy":{"id":106789,"name":"Moskovskiy","latitude":"37.60931000","longitude":"68.58094000"},"m\u016d\u2019minobod":{"id":106791,"name":"M\u016d\u2019minobod","latitude":"38.10714000","longitude":"70.03213000"},"nohiyaikolkhozobod":{"id":106793,"name":"Nohiyai Kolkhozobod","latitude":"37.57277000","longitude":"68.81528000"},"nohiyaipanj":{"id":106795,"name":"Nohiyai Panj","latitude":"37.31611000","longitude":"69.16679000"},"nohiyaivakhsh":{"id":106797,"name":"Nohiyai Vakhsh","latitude":"37.75602000","longitude":"68.94138000"},"norak":{"id":106798,"name":"Norak","latitude":"38.38917000","longitude":"69.32272000"},"orzu":{"id":106803,"name":"Orzu","latitude":"37.55820000","longitude":"68.81952000"},"panj":{"id":106806,"name":"Panj","latitude":"37.23634000","longitude":"69.09911000"},"q\u016drghonteppa":{"id":106810,"name":"Q\u016drghonteppa","latitude":"37.83399000","longitude":"68.78186000"},"shahritus":{"id":106814,"name":"Shahritus","latitude":"37.26206000","longitude":"68.13849000"},"sovet":{"id":106817,"name":"Sovet","latitude":"38.04670000","longitude":"69.58822000"},"tartiki":{"id":106820,"name":"Tartiki","latitude":"37.58221000","longitude":"68.13347000"},"vakhsh":{"id":106824,"name":"Vakhsh","latitude":"37.71485000","longitude":"68.83456000"},"vose\u2019":{"id":106828,"name":"Vose\u2019","latitude":"37.80396000","longitude":"69.64417000"},"yovon":{"id":106829,"name":"Yovon","latitude":"38.31408000","longitude":"69.03784000"}}},"nohiyahoitobeijumhur\u00ed":{"id":3397,"name":"Nohiyahoi Tobei Jumhur\u00ed ","state_code":"RA","latitude":"39.08579020","longitude":"70.24083250","type":"districts under republic administration","cities":{"darband":{"id":106769,"name":"Darband","latitude":"38.86776000","longitude":"69.96642000"},"hisor":{"id":106774,"name":"Hisor","latitude":"38.52504000","longitude":"68.55124000"},"karakenja":{"id":106779,"name":"Karakenja","latitude":"39.23585000","longitude":"71.52412000"},"khodzha-maston":{"id":106780,"name":"Khodzha-Maston","latitude":"38.74457000","longitude":"68.62702000"},"novobod":{"id":106800,"name":"Novobod","latitude":"39.01084000","longitude":"70.15082000"},"obigarm":{"id":106801,"name":"Obigarm","latitude":"38.71731000","longitude":"69.70885000"},"rasht":{"id":106811,"name":"Rasht","latitude":"39.02871000","longitude":"70.37446000"},"roghun":{"id":106812,"name":"Roghun","latitude":"38.69331000","longitude":"69.73692000"},"shahrinav":{"id":106813,"name":"Shahrinav","latitude":"38.57085000","longitude":"68.33498000"},"tagob":{"id":106819,"name":"Tagob","latitude":"38.83827000","longitude":"68.89847000"},"tursunzoda":{"id":106821,"name":"Tursunzoda","latitude":"38.51271000","longitude":"68.23163000"},"vahdat":{"id":106822,"name":"Vahdat","latitude":"38.55632000","longitude":"69.01354000"},"vahdatdistrict":{"id":106823,"name":"Vahdat District","latitude":"38.83333000","longitude":"69.33333000"},"varzob":{"id":106825,"name":"Varzob","latitude":"38.77369000","longitude":"68.81776000"},"varzobdistrict":{"id":106826,"name":"Varzob District","latitude":"38.75000000","longitude":"68.75000000"}}},"sughd":{"id":3400,"name":"Sughd ","state_code":"SU","latitude":"39.51553260","longitude":"69.09702300","type":"region","cities":{"adrasmon":{"id":106761,"name":"Adrasmon","latitude":"40.64928000","longitude":"69.98472000"},"ayn\u00ed":{"id":106762,"name":"Ayn\u00ed","latitude":"39.39406000","longitude":"68.53766000"},"b\u016dston":{"id":106764,"name":"B\u016dston","latitude":"40.52286000","longitude":"69.33307000"},"chkalov":{"id":106766,"name":"Chkalov","latitude":"40.23417000","longitude":"69.69481000"},"ghafurov":{"id":106772,"name":"Ghafurov","latitude":"40.21571000","longitude":"69.72867000"},"isfara":{"id":106775,"name":"Isfara","latitude":"40.12649000","longitude":"70.62526000"},"istaravshan":{"id":106777,"name":"Istaravshan","latitude":"39.91420000","longitude":"69.00328000"},"kh\u016djand":{"id":106782,"name":"Kh\u016djand","latitude":"40.28256000","longitude":"69.62216000"},"kim":{"id":106783,"name":"Kim","latitude":"40.20798000","longitude":"70.46882000"},"konibodom":{"id":106786,"name":"Konibodom","latitude":"40.29414000","longitude":"70.43122000"},"konsoy":{"id":106787,"name":"Konsoy","latitude":"40.49155000","longitude":"69.70245000"},"neftobod":{"id":106792,"name":"Neftobod","latitude":"40.21524000","longitude":"70.57193000"},"nohiyaikonibodom":{"id":106794,"name":"Nohiyai Konibodom","latitude":"40.26877000","longitude":"70.33057000"},"nov":{"id":106799,"name":"Nov","latitude":"40.15220000","longitude":"69.37076000"},"oltintopkan":{"id":106802,"name":"Oltintopkan","latitude":"40.65425000","longitude":"69.59811000"},"pakhtakoron":{"id":106804,"name":"Pakhtakoron","latitude":"40.15709000","longitude":"68.74659000"},"palos":{"id":106805,"name":"Palos","latitude":"40.31628000","longitude":"69.73743000"},"panjakent":{"id":106807,"name":"Panjakent","latitude":"39.49524000","longitude":"67.60931000"},"proletar":{"id":106808,"name":"Proletar","latitude":"40.16713000","longitude":"69.50163000"},"quruqsoy":{"id":106809,"name":"Quruqsoy","latitude":"40.57648000","longitude":"69.37962000"},"shaydon":{"id":106815,"name":"Shaydon","latitude":"40.66992000","longitude":"70.35020000"},"sh\u016drob":{"id":106816,"name":"Sh\u016drob","latitude":"40.04605000","longitude":"70.54117000"},"taboshar":{"id":106818,"name":"Taboshar","latitude":"40.57017000","longitude":"69.64175000"},"vorukh":{"id":106827,"name":"Vorukh","latitude":"39.85125000","longitude":"70.58012000"}}}}}