{"id":69,"name":"Estonia","iso3":"EST","iso2":"EE","numeric_code":"233","phonecode":"372","capital":"Tallinn","currency":"EUR","currency_name":"Euro","currency_symbol":"\u20ac","tld":".ee","native":"Eesti","region":"Europe","region_id":4,"subregion":"Northern Europe","subregion_id":18,"nationality":"Estonian","timezones":[{"zoneName":"Europe/Tallinn","gmtOffset":7200,"gmtOffsetName":"UTC+02:00","abbreviation":"EET","tzName":"Eastern European Time"}],"translations":{"ko":"\uc5d0\uc2a4\ud1a0\ub2c8\uc544","pt-BR":"Est\u00f4nia","pt":"Est\u00f3nia","nl":"Estland","hr":"Estonija","fa":"\u0627\u0633\u062a\u0648\u0646\u06cc","de":"Estland","es":"Estonia","fr":"Estonie","ja":"\u30a8\u30b9\u30c8\u30cb\u30a2","it":"Estonia","zh-CN":"\u7231\u6c99\u5c3c\u4e9a","tr":"Estonya","ru":"\u042d\u0441\u0442\u043e\u043d\u0438\u044f","uk":"\u0415\u0441\u0442\u043e\u043d\u0456\u044f","pl":"Estonia"},"latitude":"59.00000000","longitude":"26.00000000","emoji":"\ud83c\uddea\ud83c\uddea","emojiU":"U+1F1EA U+1F1EA","states":{"harju":{"id":3567,"name":"Harju","state_code":"37","latitude":"59.33342390","longitude":"25.24669740","type":"county","cities":{"anijavald":{"id":31595,"name":"Anija vald","latitude":"59.27644000","longitude":"25.48168000"},"aruk\u00fcla":{"id":31598,"name":"Aruk\u00fcla","latitude":"59.36686000","longitude":"25.07618000"},"haabneeme":{"id":31602,"name":"Haabneeme","latitude":"59.51358000","longitude":"24.82225000"},"harku":{"id":31607,"name":"Harku","latitude":"59.38641000","longitude":"24.57176000"},"harkuvald":{"id":31608,"name":"Harku vald","latitude":"59.39157000","longitude":"24.46206000"},"j\u00f5el\u00e4htmevald":{"id":31613,"name":"J\u00f5el\u00e4htme vald","latitude":"59.43996000","longitude":"25.13535000"},"j\u00fcri":{"id":31618,"name":"J\u00fcri","latitude":"59.35417000","longitude":"24.89417000"},"kehra":{"id":31626,"name":"Kehra","latitude":"59.33611000","longitude":"25.32111000"},"keila":{"id":31629,"name":"Keila","latitude":"59.30361000","longitude":"24.41306000"},"kiili":{"id":31631,"name":"Kiili","latitude":"59.30775000","longitude":"24.83776000"},"kiilivald":{"id":31632,"name":"Kiili vald","latitude":"59.29672000","longitude":"24.85292000"},"kose":{"id":31640,"name":"Kose","latitude":"59.46001000","longitude":"24.87824000"},"kuusalu":{"id":31644,"name":"Kuusalu","latitude":"59.44389000","longitude":"25.44139000"},"laagri":{"id":31647,"name":"Laagri","latitude":"59.35083000","longitude":"24.61418000"},"loksa":{"id":31651,"name":"Loksa","latitude":"59.57639000","longitude":"25.72139000"},"loksalinn":{"id":31652,"name":"Loksa linn","latitude":"59.57844000","longitude":"25.71667000"},"loo":{"id":31653,"name":"Loo","latitude":"59.43123000","longitude":"24.94949000"},"maardu":{"id":31658,"name":"Maardu","latitude":"59.46529000","longitude":"24.98215000"},"maardulinn":{"id":31659,"name":"Maardu linn","latitude":"59.46385000","longitude":"24.97350000"},"paldiski":{"id":31676,"name":"Paldiski","latitude":"59.35667000","longitude":"24.05306000"},"pringi":{"id":31678,"name":"Pringi","latitude":"59.53459000","longitude":"24.79726000"},"raasiku":{"id":31688,"name":"Raasiku","latitude":"59.36639000","longitude":"25.18306000"},"raevald":{"id":31689,"name":"Rae vald","latitude":"59.33202000","longitude":"24.93932000"},"riisipere":{"id":31695,"name":"Riisipere","latitude":"59.11417000","longitude":"24.31056000"},"rummu":{"id":31698,"name":"Rummu","latitude":"59.53528000","longitude":"24.79972000"},"saku":{"id":31704,"name":"Saku","latitude":"59.30354000","longitude":"24.66382000"},"sakuvald":{"id":31705,"name":"Saku vald","latitude":"59.28069000","longitude":"24.71649000"},"saue":{"id":31706,"name":"Saue","latitude":"59.32258000","longitude":"24.54967000"},"sauevald":{"id":31707,"name":"Saue vald","latitude":"59.29255000","longitude":"24.52503000"},"tabasalu":{"id":31714,"name":"Tabasalu","latitude":"59.42607000","longitude":"24.55330000"},"tallinn":{"id":31716,"name":"Tallinn","latitude":"59.43696000","longitude":"24.75353000"},"turba":{"id":31727,"name":"Turba","latitude":"59.08306000","longitude":"24.22500000"},"vaida":{"id":31734,"name":"Vaida","latitude":"59.28546000","longitude":"24.97897000"},"viimsi":{"id":31737,"name":"Viimsi","latitude":"59.50502000","longitude":"24.84807000"},"viimsivald":{"id":31738,"name":"Viimsi vald","latitude":"59.50204000","longitude":"24.84833000"}}},"hiiu":{"id":3555,"name":"Hiiu","state_code":"39","latitude":"58.92395530","longitude":"22.59194680","type":"county","cities":{"k\u00e4rdla":{"id":31645,"name":"K\u00e4rdla","latitude":"58.99778000","longitude":"22.74917000"}}},"ida-viru":{"id":3569,"name":"Ida-Viru","state_code":"44","latitude":"59.25926630","longitude":"27.41365350","type":"county","cities":{"iisaku":{"id":31610,"name":"Iisaku","latitude":"59.10139000","longitude":"27.30806000"},"j\u00f5hvi":{"id":31616,"name":"J\u00f5hvi","latitude":"59.35917000","longitude":"27.42111000"},"j\u00f5hvivald":{"id":31617,"name":"J\u00f5hvi vald","latitude":"59.35653000","longitude":"27.39304000"},"kivi\u00f5li":{"id":31634,"name":"Kivi\u00f5li","latitude":"59.35306000","longitude":"26.97111000"},"kohtla-j\u00e4rve":{"id":31638,"name":"Kohtla-J\u00e4rve","latitude":"59.39861000","longitude":"27.27306000"},"kohtla-n\u00f5mme":{"id":31639,"name":"Kohtla-N\u00f5mme","latitude":"59.35167000","longitude":"27.17500000"},"l\u00fcganusevald":{"id":31657,"name":"L\u00fcganuse vald","latitude":"59.39262000","longitude":"27.07641000"},"narva":{"id":31665,"name":"Narva","latitude":"59.37722000","longitude":"28.19028000"},"narva-j\u00f5esuu":{"id":31666,"name":"Narva-J\u00f5esuu","latitude":"59.45889000","longitude":"28.04083000"},"narva-j\u00f5esuulinn":{"id":31667,"name":"Narva-J\u00f5esuu linn","latitude":"59.44127000","longitude":"28.02142000"},"p\u00fcssi":{"id":31687,"name":"P\u00fcssi","latitude":"59.36000000","longitude":"27.04972000"},"sillam\u00e4e":{"id":31709,"name":"Sillam\u00e4e","latitude":"59.39697000","longitude":"27.76331000"},"toila":{"id":31724,"name":"Toila","latitude":"59.42127000","longitude":"27.50807000"},"voka":{"id":31745,"name":"Voka","latitude":"59.40776000","longitude":"27.58263000"}}},"j\u00e4rva":{"id":3566,"name":"J\u00e4rva","state_code":"51","latitude":"58.88667130","longitude":"25.50006240","type":"county","cities":{"j\u00e4rva-jaani":{"id":31611,"name":"J\u00e4rva-Jaani","latitude":"59.03861000","longitude":"25.88639000"},"koeru":{"id":31635,"name":"Koeru","latitude":"58.96306000","longitude":"26.03083000"},"paide":{"id":31672,"name":"Paide","latitude":"58.88556000","longitude":"25.55722000"},"paidelinn":{"id":31673,"name":"Paide linn","latitude":"58.88504000","longitude":"25.56021000"},"s\u00e4revere":{"id":31712,"name":"S\u00e4revere","latitude":"58.79000000","longitude":"25.42806000"},"t\u00fcri":{"id":31729,"name":"T\u00fcri","latitude":"58.80861000","longitude":"25.43250000"},"t\u00fcrivald":{"id":31730,"name":"T\u00fcri vald","latitude":"58.74143000","longitude":"25.46443000"}}},"j\u00f5geva":{"id":3565,"name":"J\u00f5geva","state_code":"49","latitude":"58.75061430","longitude":"26.36048780","type":"county","cities":{"j\u00f5geva":{"id":31614,"name":"J\u00f5geva","latitude":"58.74667000","longitude":"26.39389000"},"j\u00f5gevavald":{"id":31615,"name":"J\u00f5geva vald","latitude":"58.78732000","longitude":"26.38122000"},"mustvee":{"id":31661,"name":"Mustvee","latitude":"58.84861000","longitude":"26.93972000"},"p\u00f5ltsamaa":{"id":31683,"name":"P\u00f5ltsamaa","latitude":"58.65250000","longitude":"25.97056000"},"p\u00f5ltsamaavald":{"id":31684,"name":"P\u00f5ltsamaa vald","latitude":"58.64067000","longitude":"26.00957000"}}},"l\u00e4\u00e4ne":{"id":3568,"name":"L\u00e4\u00e4ne","state_code":"57","latitude":"58.97227420","longitude":"23.87408340","type":"county","cities":{"haapsalu":{"id":31603,"name":"Haapsalu","latitude":"58.94306000","longitude":"23.54139000"},"haapsalulinn":{"id":31604,"name":"Haapsalu linn","latitude":"58.93580000","longitude":"23.53005000"},"hullo":{"id":31609,"name":"Hullo","latitude":"58.99004000","longitude":"23.24441000"},"l\u00e4\u00e4ne-nigulavald":{"id":31656,"name":"L\u00e4\u00e4ne-Nigula vald","latitude":"58.96045000","longitude":"23.74489000"},"taebla":{"id":31715,"name":"Taebla","latitude":"58.95389000","longitude":"23.75222000"},"uuem\u00f5isa":{"id":31731,"name":"Uuem\u00f5isa","latitude":"58.93944000","longitude":"23.58944000"},"vormsivald":{"id":31746,"name":"Vormsi vald","latitude":"58.99986000","longitude":"23.23408000"}}},"l\u00e4\u00e4ne-viru":{"id":3564,"name":"L\u00e4\u00e4ne-Viru","state_code":"59","latitude":"59.30188160","longitude":"26.32803120","type":"county","cities":{"aseri":{"id":31599,"name":"Aseri","latitude":"59.45056000","longitude":"26.86750000"},"haljala":{"id":31605,"name":"Haljala","latitude":"59.43361000","longitude":"26.26139000"},"haljalavald":{"id":31606,"name":"Haljala vald","latitude":"59.45427000","longitude":"26.22015000"},"kadrina":{"id":31619,"name":"Kadrina","latitude":"59.33472000","longitude":"26.14500000"},"kadrinavald":{"id":31620,"name":"Kadrina vald","latitude":"59.37463000","longitude":"26.04150000"},"kunda":{"id":31641,"name":"Kunda","latitude":"59.49861000","longitude":"26.52611000"},"pajusti":{"id":31675,"name":"Pajusti","latitude":"59.27444000","longitude":"26.42333000"},"rakke":{"id":31690,"name":"Rakke","latitude":"58.98167000","longitude":"26.25444000"},"rakvere":{"id":31691,"name":"Rakvere","latitude":"59.34639000","longitude":"26.35583000"},"rakverevald":{"id":31692,"name":"Rakvere vald","latitude":"59.32457000","longitude":"26.29757000"},"s\u00f5meru":{"id":31713,"name":"S\u00f5meru","latitude":"59.36111000","longitude":"26.43750000"},"tamsalu":{"id":31717,"name":"Tamsalu","latitude":"59.15861000","longitude":"26.11528000"},"tapa":{"id":31718,"name":"Tapa","latitude":"59.26056000","longitude":"25.95861000"},"tapavald":{"id":31719,"name":"Tapa vald","latitude":"59.23821000","longitude":"25.84572000"},"vaiatu":{"id":31733,"name":"Vaiatu","latitude":"59.35556000","longitude":"25.99528000"},"v\u00e4ike-maarja":{"id":31747,"name":"V\u00e4ike-Maarja","latitude":"59.12639000","longitude":"26.25000000"},"v\u00e4ike-maarjavald":{"id":31748,"name":"V\u00e4ike-Maarja vald","latitude":"59.06556000","longitude":"26.31417000"},"vinni":{"id":31742,"name":"Vinni","latitude":"59.29583000","longitude":"26.43222000"},"vinnivald":{"id":31743,"name":"Vinni vald","latitude":"59.23744000","longitude":"26.62261000"},"viru-nigulavald":{"id":31744,"name":"Viru-Nigula vald","latitude":"59.46387000","longitude":"26.58585000"}}},"p\u00e4rnu":{"id":3562,"name":"P\u00e4rnu","state_code":"67","latitude":"58.52619520","longitude":"24.40201590","type":"county","cities":{"audru":{"id":31600,"name":"Audru","latitude":"58.40861000","longitude":"24.37389000"},"kihnuvald":{"id":31630,"name":"Kihnu vald","latitude":"58.13000000","longitude":"23.99002000"},"kilingi-n\u00f5mme":{"id":31633,"name":"Kilingi-N\u00f5mme","latitude":"58.15028000","longitude":"24.96417000"},"lihula":{"id":31648,"name":"Lihula","latitude":"58.68139000","longitude":"23.84528000"},"linak\u00fcla":{"id":31650,"name":"Linak\u00fcla","latitude":"58.13722000","longitude":"23.97444000"},"paikuse":{"id":31674,"name":"Paikuse","latitude":"58.37917000","longitude":"24.63444000"},"p\u00e4rnu":{"id":31680,"name":"P\u00e4rnu","latitude":"58.38588000","longitude":"24.49711000"},"p\u00e4rnulinn":{"id":31681,"name":"P\u00e4rnu linn","latitude":"58.37901000","longitude":"24.52784000"},"p\u00e4rnu-jaagupi":{"id":31682,"name":"P\u00e4rnu-Jaagupi","latitude":"58.61052000","longitude":"24.50689000"},"saardevald":{"id":31703,"name":"Saarde vald","latitude":"58.13802000","longitude":"24.95564000"},"sauga":{"id":31708,"name":"Sauga","latitude":"58.42720000","longitude":"24.49496000"},"sindi":{"id":31710,"name":"Sindi","latitude":"58.40056000","longitude":"24.66750000"},"tootsi":{"id":31725,"name":"Tootsi","latitude":"58.57806000","longitude":"24.79250000"},"torivald":{"id":31726,"name":"Tori vald","latitude":"58.48663000","longitude":"24.88961000"},"uulu":{"id":31732,"name":"Uulu","latitude":"58.28361000","longitude":"24.58722000"},"v\u00e4ndra":{"id":31749,"name":"V\u00e4ndra","latitude":"58.64806000","longitude":"25.03611000"}}},"p\u00f5lva":{"id":3563,"name":"P\u00f5lva","state_code":"65","latitude":"58.11606220","longitude":"27.20663940","type":"county","cities":{"kanepi":{"id":31623,"name":"Kanepi","latitude":"57.98306000","longitude":"26.75639000"},"kanepivald":{"id":31624,"name":"Kanepi vald","latitude":"57.98058000","longitude":"26.76151000"},"p\u00f5lva":{"id":31685,"name":"P\u00f5lva","latitude":"58.06028000","longitude":"27.06944000"},"p\u00f5lvavald":{"id":31686,"name":"P\u00f5lva vald","latitude":"58.08368000","longitude":"26.98242000"},"r\u00e4pina":{"id":31699,"name":"R\u00e4pina","latitude":"58.09806000","longitude":"27.46361000"},"r\u00e4pinavald":{"id":31700,"name":"R\u00e4pina vald","latitude":"58.10777000","longitude":"27.38580000"}}},"rapla":{"id":3559,"name":"Rapla","state_code":"70","latitude":"58.84926250","longitude":"24.73465690","type":"county","cities":{"j\u00e4rvakandi":{"id":31612,"name":"J\u00e4rvakandi","latitude":"58.77889000","longitude":"24.82583000"},"kehtna":{"id":31627,"name":"Kehtna","latitude":"58.93028000","longitude":"24.87806000"},"kehtnavald":{"id":31628,"name":"Kehtna vald","latitude":"58.84274000","longitude":"24.89002000"},"kohila":{"id":31636,"name":"Kohila","latitude":"59.16806000","longitude":"24.75750000"},"kohilavald":{"id":31637,"name":"Kohila vald","latitude":"59.15283000","longitude":"24.73337000"},"m\u00e4rjamaa":{"id":31662,"name":"M\u00e4rjamaa","latitude":"58.90389000","longitude":"24.43056000"},"m\u00e4rjamaavald":{"id":31663,"name":"M\u00e4rjamaa vald","latitude":"58.90262000","longitude":"24.39423000"},"rapla":{"id":31693,"name":"Rapla","latitude":"59.00722000","longitude":"24.79278000"},"raplavald":{"id":31694,"name":"Rapla vald","latitude":"59.03309000","longitude":"24.71793000"}}},"saare":{"id":3561,"name":"Saare","state_code":"74","latitude":"58.48497210","longitude":"22.61364080","type":"county","cities":{"kuressaare":{"id":31643,"name":"Kuressaare","latitude":"58.24806000","longitude":"22.50389000"},"liiva":{"id":31649,"name":"Liiva","latitude":"58.60194000","longitude":"23.24694000"},"muhuvald":{"id":31660,"name":"Muhu vald","latitude":"58.58486000","longitude":"23.25609000"},"orissaare":{"id":31670,"name":"Orissaare","latitude":"58.55917000","longitude":"23.08262000"},"ruhnu":{"id":31696,"name":"Ruhnu","latitude":"57.80028000","longitude":"23.24833000"},"ruhnuvald":{"id":31697,"name":"Ruhnu vald","latitude":"57.80309000","longitude":"23.24250000"},"tehumardi":{"id":31723,"name":"Tehumardi","latitude":"58.18027000","longitude":"22.24646000"}}},"tartu":{"id":3557,"name":"Tartu","state_code":"78","latitude":"58.40571280","longitude":"26.80157600","type":"county","cities":{"alatskivi":{"id":31594,"name":"Alatskivi","latitude":"58.59806000","longitude":"27.13361000"},"elva":{"id":31601,"name":"Elva","latitude":"58.22250000","longitude":"26.42111000"},"kallaste":{"id":31621,"name":"Kallaste","latitude":"58.66312000","longitude":"27.16164000"},"kambjavald":{"id":31622,"name":"Kambja vald","latitude":"58.20255000","longitude":"26.68996000"},"k\u00f5rvek\u00fcla":{"id":31646,"name":"K\u00f5rvek\u00fcla","latitude":"58.42417000","longitude":"26.78222000"},"kurepalu":{"id":31642,"name":"Kurepalu","latitude":"58.31861000","longitude":"26.84083000"},"luunja":{"id":31654,"name":"Luunja","latitude":"58.35583000","longitude":"26.88083000"},"luunjavald":{"id":31655,"name":"Luunja vald","latitude":"58.39178000","longitude":"26.95574000"},"n\u00f5o":{"id":31668,"name":"N\u00f5o","latitude":"58.27556000","longitude":"26.53750000"},"n\u00f5ovald":{"id":31669,"name":"N\u00f5o vald","latitude":"58.24199000","longitude":"26.52499000"},"peipsi\u00e4\u00e4revald":{"id":31677,"name":"Peipsi\u00e4\u00e4re vald","latitude":"58.51559000","longitude":"27.18444000"},"puhja":{"id":31679,"name":"Puhja","latitude":"58.34194000","longitude":"26.31472000"},"tartu":{"id":31720,"name":"Tartu","latitude":"58.38062000","longitude":"26.72509000"},"tartulinn":{"id":31721,"name":"Tartu linn","latitude":"58.37498000","longitude":"26.73256000"},"tartuvald":{"id":31722,"name":"Tartu vald","latitude":"58.47800000","longitude":"26.74956000"},"\u00dclenurme":{"id":31754,"name":"\u00dclenurme","latitude":"58.31620000","longitude":"26.72517000"}}},"valga":{"id":3558,"name":"Valga","state_code":"82","latitude":"57.91034410","longitude":"26.16018190","type":"county","cities":{"otep\u00e4\u00e4vald":{"id":31671,"name":"Otep\u00e4\u00e4 vald","latitude":"58.02177000","longitude":"26.45306000"},"t\u00f5rva":{"id":31728,"name":"T\u00f5rva","latitude":"58.00278000","longitude":"25.93500000"},"valga":{"id":31735,"name":"Valga","latitude":"57.77781000","longitude":"26.04730000"}}},"viljandi":{"id":3556,"name":"Viljandi","state_code":"84","latitude":"58.28217460","longitude":"25.57522330","type":"county","cities":{"abja-paluoja":{"id":31593,"name":"Abja-Paluoja","latitude":"58.12528000","longitude":"25.34972000"},"karksi-nuia":{"id":31625,"name":"Karksi-Nuia","latitude":"58.10333000","longitude":"25.56278000"},"m\u00f5isak\u00fcla":{"id":31664,"name":"M\u00f5isak\u00fcla","latitude":"58.09222000","longitude":"25.18639000"},"suure-jaani":{"id":31711,"name":"Suure-Jaani","latitude":"58.53611000","longitude":"25.47056000"},"viiratsi":{"id":31739,"name":"Viiratsi","latitude":"58.36000000","longitude":"25.63722000"},"viljandi":{"id":31740,"name":"Viljandi","latitude":"58.36389000","longitude":"25.59000000"},"viljandivald":{"id":31741,"name":"Viljandi vald","latitude":"58.36392000","longitude":"25.49103000"},"v\u00f5hma":{"id":31751,"name":"V\u00f5hma","latitude":"58.62833000","longitude":"25.54833000"}}},"v\u00f5ru":{"id":3560,"name":"V\u00f5ru","state_code":"86","latitude":"57.73773720","longitude":"27.13989380","type":"county","cities":{"antsla":{"id":31596,"name":"Antsla","latitude":"57.82556000","longitude":"26.54056000"},"antslavald":{"id":31597,"name":"Antsla vald","latitude":"57.77738000","longitude":"26.59520000"},"r\u00f5uge":{"id":31701,"name":"R\u00f5uge","latitude":"57.72778000","longitude":"26.90972000"},"r\u00f5ugevald":{"id":31702,"name":"R\u00f5uge vald","latitude":"57.72780000","longitude":"26.88033000"},"vana-antsla":{"id":31736,"name":"Vana-Antsla","latitude":"57.86611000","longitude":"26.53222000"},"v\u00e4rska":{"id":31750,"name":"V\u00e4rska","latitude":"57.95806000","longitude":"27.63806000"},"v\u00f5ru":{"id":31752,"name":"V\u00f5ru","latitude":"57.83389000","longitude":"27.01944000"},"v\u00f5ruvald":{"id":31753,"name":"V\u00f5ru vald","latitude":"57.86618000","longitude":"26.97418000"}}}}}