{"id":186,"name":"Saint Lucia","iso3":"LCA","iso2":"LC","numeric_code":"662","phone_code":"1","capital":"Castries","currency":"XCD","currency_name":"Eastern Caribbean dollar","currency_symbol":"$","tld":".lc","native":"Saint Lucia","region":"Americas","region_id":2,"subregion":"Caribbean","subregion_id":7,"nationality":"Saint Lucian","timezones":[{"zoneName":"America/St_Lucia","gmtOffset":-14400,"gmtOffsetName":"UTC-04:00","abbreviation":"AST","tzName":"Atlantic Standard Time"}],"translations":{"ko":"\uc138\uc778\ud2b8\ub8e8\uc2dc\uc544","pt-BR":"Santa L\u00facia","pt":"Santa L\u00facia","nl":"Saint Lucia","hr":"Sveta Lucija","fa":"\u0633\u0646\u062a \u0644\u0648\u0633\u06cc\u0627","de":"Saint Lucia","es":"Santa Luc\u00eda","fr":"Saint-Lucie","ja":"\u30bb\u30f3\u30c8\u30eb\u30b7\u30a2","it":"Santa Lucia","zh-CN":"\u5723\u5362\u897f\u4e9a","tr":"Saint Lucia","ru":"\u0421\u0435\u043d\u0442-\u041b\u044e\u0441\u0438\u044f","uk":"\u0421\u0435\u043d\u0442-\u041b\u044e\u0441\u0456\u044f","pl":"Saint Lucia"},"latitude":"13.88333333","longitude":"-60.96666666","emoji":"\ud83c\uddf1\ud83c\udde8","emojiU":"U+1F1F1 U+1F1E8","states":{"anselarayequarter":{"id":3757,"name":"Anse la Raye Quarter","state_code":"01","latitude":"13.94594240","longitude":"-61.03694680","type":null,"cities":{"anselaraye":{"id":65965,"name":"Anse La Raye","latitude":"13.94619000","longitude":"-61.03879000"},"autabor":{"id":65969,"name":"Au Tabor","latitude":"13.94540000","longitude":"-61.04112000"},"autaborhill":{"id":65970,"name":"Au Tabor Hill","latitude":"13.94457000","longitude":"-61.03559000"},"boisd\u0027inde":{"id":66019,"name":"Bois D\u0027Inde","latitude":"13.94148000","longitude":"-61.00966000"},"caico/millet":{"id":66037,"name":"Caico/Millet","latitude":"13.91948000","longitude":"-60.99264000"},"canaries":{"id":66040,"name":"Canaries","latitude":"13.90224000","longitude":"-61.06459000"},"champenestate":{"id":66064,"name":"Champen Estate","latitude":"13.93575000","longitude":"-61.02991000"},"derrierelagoon":{"id":66112,"name":"Derriere Lagoon","latitude":"13.94168000","longitude":"-61.01891000"},"durandeau":{"id":66128,"name":"Durandeau","latitude":"13.92277000","longitude":"-60.99512000"},"enbarpwin":{"id":66132,"name":"Enbar Pwin","latitude":"13.91175000","longitude":"-60.99266000"},"jacmel":{"id":66198,"name":"Jacmel","latitude":"13.94796000","longitude":"-61.01297000"},"jeanbaptiste":{"id":66200,"name":"Jean Baptiste","latitude":"13.94704000","longitude":"-61.01578000"},"latrielle":{"id":66231,"name":"La Trielle","latitude":"13.94014000","longitude":"-60.99729000"},"massacre":{"id":66260,"name":"Massacre","latitude":"13.94872000","longitude":"-61.03544000"},"millet":{"id":66266,"name":"Millet","latitude":"13.90985000","longitude":"-60.98884000"},"morneciseaux":{"id":66294,"name":"Morne Ciseaux","latitude":"13.93597000","longitude":"-61.00330000"},"morned\u0027or":{"id":66296,"name":"Morne D\u0027Or","latitude":"13.94931000","longitude":"-61.00601000"},"roseauvalley":{"id":66365,"name":"Roseau Valley","latitude":"13.95317000","longitude":"-61.02676000"},"stlawrence":{"id":66381,"name":"St Lawrence","latitude":"13.93852000","longitude":"-61.02503000"},"stlawrenceestate":{"id":66382,"name":"St Lawrence Estate","latitude":"13.94236000","longitude":"-61.04248000"},"tetechemin":{"id":66392,"name":"Tete Chemin","latitude":"13.89092000","longitude":"-60.99785000"},"vanard":{"id":66416,"name":"Vanard","latitude":"13.93558000","longitude":"-60.99363000"},"venus":{"id":66417,"name":"Venus","latitude":"13.91558000","longitude":"-61.01676000"},"village":{"id":66427,"name":"Village","latitude":"13.93939000","longitude":"-61.04150000"},"village/petitebourgh":{"id":66429,"name":"Village/Petite Bourgh","latitude":"13.93801000","longitude":"-61.04184000"}}},"canaries":{"id":3761,"name":"Canaries","state_code":"12","latitude":"28.29156370","longitude":"-16.62913040","type":null,"cities":{"ansecochon":{"id":65962,"name":"Anse Cochon","latitude":"13.92261000","longitude":"-61.05250000"},"ansegalet":{"id":65963,"name":"Anse Galet","latitude":"13.93221000","longitude":"-61.04290000"},"anselaverdue":{"id":65966,"name":"Anse La Verdue","latitude":"13.90964000","longitude":"-61.04755000"},"belvedere":{"id":66006,"name":"Belvedere","latitude":"13.89122000","longitude":"-61.05550000"},"chalon":{"id":66063,"name":"Chalon","latitude":"13.92018000","longitude":"-61.04412000"},"riversideroad":{"id":66359,"name":"Riverside Road","latitude":"13.89408000","longitude":"-61.04989000"},"theodrine":{"id":66397,"name":"Theodrine","latitude":"13.92878000","longitude":"-61.04972000"},"village":{"id":66428,"name":"Village","latitude":"13.90526000","longitude":"-61.06108000"}}},"castriesquarter":{"id":3758,"name":"Castries Quarter","state_code":"02","latitude":"14.01010940","longitude":"-60.98746870","type":null,"cities":{"activehill":{"id":65956,"name":"Active Hill","latitude":"14.01940000","longitude":"-60.97767000"},"agardlands/mornedudon":{"id":65957,"name":"Agard Lands/Morne Dudon","latitude":"14.00768000","longitude":"-60.96462000"},"almondale":{"id":65958,"name":"Almondale","latitude":"14.01848000","longitude":"-60.96162000"},"aurendelhill":{"id":65972,"name":"Aurendel Hill","latitude":"14.00069000","longitude":"-60.98670000"},"babonneauproper":{"id":65973,"name":"Babonneau Proper","latitude":"14.00535000","longitude":"-60.94640000"},"bagatelle":{"id":65974,"name":"Bagatelle","latitude":"13.99797000","longitude":"-60.98156000"},"balata":{"id":65975,"name":"Balata","latitude":"14.01471000","longitude":"-60.95167000"},"banannesbay":{"id":65979,"name":"Banannes Bay","latitude":"14.01087000","longitude":"-61.00135000"},"barnardhill":{"id":65983,"name":"Barnard Hill","latitude":"14.01423000","longitude":"-60.98924000"},"barredenis":{"id":65985,"name":"Barre Denis","latitude":"13.96809000","longitude":"-60.99073000"},"barreduchaussee":{"id":65986,"name":"Barre Duchaussee","latitude":"13.96190000","longitude":"-60.99678000"},"barrest.joseph":{"id":65987,"name":"Barre St.Joseph","latitude":"13.97247000","longitude":"-61.01829000"},"belair":{"id":65996,"name":"Belair","latitude":"13.95283000","longitude":"-60.99747000"},"bellarosa":{"id":65998,"name":"Bella Rosa","latitude":"14.00777000","longitude":"-60.99628000"},"bexon":{"id":66008,"name":"Bexon","latitude":"13.96077000","longitude":"-60.97497000"},"bisee":{"id":66009,"name":"Bisee","latitude":"14.02429000","longitude":"-60.97445000"},"bishop\u0027sgap":{"id":66010,"name":"Bishop\u0027S Gap","latitude":"14.00019000","longitude":"-60.98498000"},"bissee":{"id":66011,"name":"Bissee","latitude":"14.02255000","longitude":"-60.97489000"},"blackmallet":{"id":66013,"name":"Black Mallet","latitude":"14.00457000","longitude":"-60.98811000"},"bocage":{"id":66015,"name":"Bocage","latitude":"14.00199000","longitude":"-60.96954000"},"boiscatchet":{"id":66018,"name":"Bois Catchet","latitude":"14.00399000","longitude":"-60.99437000"},"boispatat":{"id":66025,"name":"Bois Patat","latitude":"14.00892000","longitude":"-60.98214000"},"cabiche/babonneau":{"id":66033,"name":"Cabiche/Babonneau","latitude":"14.00583000","longitude":"-60.95432000"},"cacoa/babonneau":{"id":66035,"name":"Cacoa/Babonneau","latitude":"13.98875000","longitude":"-60.95113000"},"calvary":{"id":66038,"name":"Calvary","latitude":"14.01391000","longitude":"-60.98664000"},"capitalhill":{"id":66052,"name":"Capital Hill","latitude":"13.99307000","longitude":"-60.99097000"},"carellie":{"id":66053,"name":"Carellie","latitude":"14.01889000","longitude":"-60.96851000"},"castries":{"id":66056,"name":"Castries","latitude":"13.99570000","longitude":"-61.00614000"},"cedars":{"id":66060,"name":"Cedars","latitude":"14.00601000","longitude":"-60.98232000"},"chasegardens":{"id":66065,"name":"Chase Gardens","latitude":"14.01481000","longitude":"-60.97395000"},"chassin/babonneau":{"id":66066,"name":"Chassin/Babonneau","latitude":"13.99100000","longitude":"-60.92187000"},"choppinridge/sarot":{"id":66070,"name":"Choppin Ridge/Sarot","latitude":"13.95597000","longitude":"-60.98624000"},"ciceron":{"id":66072,"name":"Ciceron","latitude":"13.99296000","longitude":"-61.00878000"},"city":{"id":66073,"name":"City","latitude":"14.00946000","longitude":"-60.99027000"},"citygate/laclery":{"id":66074,"name":"City Gate/La Clery","latitude":"14.02124000","longitude":"-60.98149000"},"conway/waterfront":{"id":66078,"name":"Conway/Waterfront","latitude":"14.01389000","longitude":"-60.99055000"},"coolietown":{"id":66080,"name":"Coolie Town","latitude":"13.95684000","longitude":"-61.01437000"},"coubaril":{"id":66085,"name":"Coubaril","latitude":"14.00223000","longitude":"-61.00919000"},"crownlands/marc":{"id":66087,"name":"Crownlands/Marc","latitude":"13.95174000","longitude":"-60.97150000"},"culdesac":{"id":66088,"name":"Cul De Sac","latitude":"13.98084000","longitude":"-61.00645000"},"darlingroad":{"id":66091,"name":"Darling Road","latitude":"14.01355000","longitude":"-60.98779000"},"deglos":{"id":66095,"name":"Deglos","latitude":"13.97727000","longitude":"-60.97329000"},"derierrefort/oldvictoriaroad":{"id":66106,"name":"Derierre Fort/Old Victoria Road","latitude":"13.99474000","longitude":"-60.98513000"},"dubrassay":{"id":66124,"name":"Dubrassay","latitude":"13.98382000","longitude":"-60.97154000"},"enpoisdoux/babonneau":{"id":66131,"name":"En Pois Doux/Babonneau","latitude":"13.98853000","longitude":"-60.94099000"},"entrepot":{"id":66133,"name":"Entrepot","latitude":"13.99978000","longitude":"-60.97953000"},"fauxachaud":{"id":66139,"name":"Faux A Chaud","latitude":"14.00878000","longitude":"-60.99558000"},"ferrand":{"id":66140,"name":"Ferrand","latitude":"13.98684000","longitude":"-60.98494000"},"floissac/marc":{"id":66141,"name":"Floissac/Marc","latitude":"13.96283000","longitude":"-60.95880000"},"fondassau/babonneau":{"id":66142,"name":"Fond Assau/Babonneau","latitude":"13.99491000","longitude":"-60.93626000"},"fondcanie":{"id":66146,"name":"Fond Canie","latitude":"13.99195000","longitude":"-60.95954000"},"forestiere":{"id":66154,"name":"Forestiere","latitude":"13.97775000","longitude":"-60.95766000"},"georgecharlesboulevard":{"id":66160,"name":"George Charles Boulevard","latitude":"14.00499000","longitude":"-60.98673000"},"girard":{"id":66162,"name":"Girard","latitude":"14.00004000","longitude":"-60.95960000"},"goergeville":{"id":66164,"name":"Goergeville","latitude":"14.01311000","longitude":"-60.98446000"},"goodlands":{"id":66166,"name":"Goodlands","latitude":"13.99121000","longitude":"-60.99840000"},"grassstreet":{"id":66182,"name":"Grass Street","latitude":"14.00706000","longitude":"-60.98763000"},"greengold":{"id":66183,"name":"Green Gold","latitude":"13.99603000","longitude":"-60.95284000"},"guesneau":{"id":66187,"name":"Guesneau","latitude":"13.99084000","longitude":"-60.96486000"},"hill20/babonneau":{"id":66190,"name":"Hill 20/Babonneau","latitude":"13.99941000","longitude":"-60.94988000"},"hillcrestgardens":{"id":66191,"name":"Hillcrest Gardens","latitude":"14.01115000","longitude":"-60.97083000"},"hospitalroad":{"id":66194,"name":"Hospital Road","latitude":"14.00914000","longitude":"-60.99906000"},"independencecity":{"id":66195,"name":"Independence City","latitude":"14.00199000","longitude":"-60.97879000"},"johncomptonhighway":{"id":66201,"name":"John Compton Highway","latitude":"14.01909000","longitude":"-60.99110000"},"l\u0027anseroad":{"id":66204,"name":"L\u0027Anse Road","latitude":"14.01875000","longitude":"-60.98799000"},"lacarierre":{"id":66207,"name":"La Carierre","latitude":"14.01806000","longitude":"-60.98723000"},"laclery":{"id":66209,"name":"La Clery","latitude":"14.01846000","longitude":"-60.98422000"},"lacroixmaingot":{"id":66212,"name":"La Croix Maingot","latitude":"13.96569000","longitude":"-61.00582000"},"lapansee":{"id":66218,"name":"La Pansee","latitude":"14.01368000","longitude":"-60.98187000"},"latoc":{"id":66229,"name":"La Toc","latitude":"14.00824000","longitude":"-61.00404000"},"labayee":{"id":66232,"name":"Labayee","latitude":"13.94044000","longitude":"-60.97316000"},"lastichill":{"id":66235,"name":"Lastic Hill","latitude":"14.00755000","longitude":"-60.98321000"},"leslieland":{"id":66238,"name":"Leslie Land","latitude":"14.00752000","longitude":"-60.98674000"},"marc":{"id":66250,"name":"Marc","latitude":"13.95688000","longitude":"-60.95724000"},"marchand":{"id":66251,"name":"Marchand","latitude":"14.00415000","longitude":"-60.98532000"},"marigot":{"id":66252,"name":"Marigot","latitude":"13.96212000","longitude":"-61.02205000"},"maynardhill":{"id":66262,"name":"Maynard Hill","latitude":"14.00314000","longitude":"-60.98966000"},"miami/bexon":{"id":66263,"name":"Miami/Bexon","latitude":"13.92295000","longitude":"-60.96945000"},"monkeytownciceron":{"id":66288,"name":"Monkey Town Ciceron","latitude":"13.98885000","longitude":"-61.00615000"},"morneassau/babonneau":{"id":66291,"name":"Morne Assau/Babonneau","latitude":"13.99079000","longitude":"-60.93241000"},"mornedudon":{"id":66297,"name":"Morne Dudon","latitude":"14.01194000","longitude":"-60.96378000"},"morneroad":{"id":66304,"name":"Morne Road","latitude":"14.00544000","longitude":"-60.99693000"},"mornerouge/marc":{"id":66305,"name":"Morne Rouge/Marc","latitude":"13.95838000","longitude":"-60.96972000"},"mountpleasant":{"id":66311,"name":"Mount Pleasant","latitude":"14.01494000","longitude":"-60.98576000"},"newvillage":{"id":66316,"name":"New Village","latitude":"14.01104000","longitude":"-60.98456000"},"odsan":{"id":66318,"name":"Odsan","latitude":"13.97479000","longitude":"-60.98319000"},"parker\u0027shill":{"id":66325,"name":"Parker\u0027S Hill","latitude":"14.00378000","longitude":"-60.99049000"},"patterson\u0027sgap":{"id":66327,"name":"Patterson\u0027S Gap","latitude":"14.00655000","longitude":"-60.98473000"},"pavee":{"id":66328,"name":"Pavee","latitude":"14.00282000","longitude":"-60.99191000"},"peart\u0027sgap":{"id":66329,"name":"Peart\u0027S Gap","latitude":"14.01035000","longitude":"-60.98598000"},"perou":{"id":66330,"name":"Perou","latitude":"13.95960000","longitude":"-61.00726000"},"pointeseraphine":{"id":66338,"name":"Pointe Seraphine","latitude":"14.01575000","longitude":"-60.99305000"},"quartechemins":{"id":66342,"name":"Quarte Chemins","latitude":"13.99136000","longitude":"-60.97630000"},"ravinechabot":{"id":66346,"name":"Ravine Chabot","latitude":"14.00051000","longitude":"-60.97617000"},"ravinepoisson":{"id":66348,"name":"Ravine Poisson","latitude":"13.93156000","longitude":"-60.96849000"},"ravinetouterelle":{"id":66349,"name":"Ravine Touterelle","latitude":"14.00325000","longitude":"-60.98806000"},"resinard/babonneau":{"id":66353,"name":"Resinard/Babonneau","latitude":"14.00289000","longitude":"-60.94200000"},"rockhall":{"id":66361,"name":"Rock Hall","latitude":"14.00009000","longitude":"-60.98928000"},"rosehill":{"id":66364,"name":"Rose Hill","latitude":"14.00816000","longitude":"-60.98560000"},"sansoucis":{"id":66369,"name":"San Soucis","latitude":"14.01695000","longitude":"-60.98985000"},"sanddefeu":{"id":66370,"name":"Sand De Feu","latitude":"13.92781000","longitude":"-60.98026000"},"sarot":{"id":66372,"name":"Sarot","latitude":"13.94212000","longitude":"-60.98489000"},"summersdale":{"id":66387,"name":"Summersdale","latitude":"14.02582000","longitude":"-60.97644000"},"sunbilt":{"id":66388,"name":"Sunbilt","latitude":"14.00561000","longitude":"-60.97922000"},"sunnyacres":{"id":66389,"name":"Sunny Acres","latitude":"14.02810000","longitude":"-60.97361000"},"talvern":{"id":66390,"name":"Talvern","latitude":"13.99578000","longitude":"-60.94410000"},"tapion":{"id":66391,"name":"Tapion","latitude":"14.01383000","longitude":"-61.00489000"},"themorne":{"id":66396,"name":"The Morne","latitude":"13.99778000","longitude":"-60.99620000"},"ticolon":{"id":66399,"name":"Ti Colon","latitude":"13.97071000","longitude":"-61.00229000"},"tirocher":{"id":66402,"name":"Ti Rocher","latitude":"13.99490000","longitude":"-60.97110000"},"troispiton":{"id":66407,"name":"Trois Piton","latitude":"13.98890000","longitude":"-60.97259000"},"troucochan/marc":{"id":66408,"name":"Trou Cochan/Marc","latitude":"13.94220000","longitude":"-60.96199000"},"trouflorent/marc":{"id":66409,"name":"Trou Florent/Marc","latitude":"13.94525000","longitude":"-60.95382000"},"trourouge":{"id":66410,"name":"Trou Rouge","latitude":"14.00602000","longitude":"-60.98950000"},"videbouteille":{"id":66419,"name":"Vide Bouteille","latitude":"14.02439000","longitude":"-60.98066000"},"vigie":{"id":66423,"name":"Vigie","latitude":"14.02053000","longitude":"-60.99611000"},"waterworks":{"id":66432,"name":"Waterworks","latitude":"14.00498000","longitude":"-60.97635000"},"wilton\u0027syard/graveyard":{"id":66434,"name":"Wilton\u0027S Yard/Grave Yard","latitude":"14.00968000","longitude":"-60.98639000"},"yorkehill":{"id":66435,"name":"Yorke Hill","latitude":"14.01694000","longitude":"-60.97919000"}}},"choiseulquarter":{"id":3760,"name":"Choiseul Quarter","state_code":"03","latitude":"13.77501540","longitude":"-61.04859100","type":null,"cities":{"bellevue":{"id":66000,"name":"Belle Vue","latitude":"13.80510000","longitude":"-61.03615000"},"boisdinde":{"id":66023,"name":"Bois Dinde","latitude":"13.80463000","longitude":"-61.04952000"},"caffiere":{"id":66036,"name":"Caffiere","latitude":"13.78409000","longitude":"-61.03554000"},"cedars/chutigre":{"id":66061,"name":"Cedars/Chu Tigre","latitude":"13.76995000","longitude":"-61.04716000"},"choiseul":{"id":66069,"name":"Choiseul","latitude":"13.77273000","longitude":"-61.04931000"},"christianhill":{"id":66071,"name":"Christian Hill","latitude":"13.77354000","longitude":"-61.04694000"},"dacretin":{"id":66090,"name":"Dacretin","latitude":"13.79617000","longitude":"-61.03574000"},"debreuil":{"id":66094,"name":"Debreuil","latitude":"13.79033000","longitude":"-61.02585000"},"delcer":{"id":66097,"name":"Delcer","latitude":"13.80121000","longitude":"-61.05892000"},"derrieremorne":{"id":66113,"name":"Derriere Morne","latitude":"13.80916000","longitude":"-61.05101000"},"dugard":{"id":66125,"name":"Dugard","latitude":"13.80386000","longitude":"-61.02831000"},"dupre":{"id":66127,"name":"Dupre","latitude":"13.79435000","longitude":"-61.02947000"},"esperance":{"id":66136,"name":"Esperance","latitude":"13.80775000","longitude":"-61.05331000"},"franciou":{"id":66155,"name":"Franciou","latitude":"13.80400000","longitude":"-61.05448000"},"industry":{"id":66197,"name":"Industry","latitude":"13.79127000","longitude":"-61.05992000"},"lafargue":{"id":66213,"name":"La Fargue","latitude":"13.77197000","longitude":"-61.04124000"},"lapointe":{"id":66223,"name":"La Pointe","latitude":"13.79443000","longitude":"-61.06497000"},"lamaze":{"id":66234,"name":"Lamaze","latitude":"13.80649000","longitude":"-61.01906000"},"leriche":{"id":66236,"name":"Le Riche","latitude":"13.78365000","longitude":"-61.04815000"},"maillymotete":{"id":66246,"name":"Mailly Motete","latitude":"13.81788000","longitude":"-61.02772000"},"martin":{"id":66259,"name":"Martin","latitude":"13.78941000","longitude":"-61.04542000"},"mongouge":{"id":66286,"name":"Mongouge","latitude":"13.80301000","longitude":"-61.04524000"},"monzie":{"id":66289,"name":"Monzie","latitude":"13.80669000","longitude":"-61.02297000"},"mornejacques":{"id":66299,"name":"Morne Jacques","latitude":"13.81162000","longitude":"-61.03165000"},"mornesion":{"id":66306,"name":"Morne Sion","latitude":"13.79246000","longitude":"-61.05467000"},"motete":{"id":66309,"name":"Motete","latitude":"13.81325000","longitude":"-61.02320000"},"newfield/fiette":{"id":66314,"name":"New Field/Fiette","latitude":"13.78815000","longitude":"-61.05216000"},"ponyon":{"id":66340,"name":"Ponyon","latitude":"13.79639000","longitude":"-61.04360000"},"raveneau":{"id":66345,"name":"Raveneau","latitude":"13.81018000","longitude":"-61.04642000"},"reunion":{"id":66354,"name":"Reunion","latitude":"13.77861000","longitude":"-61.04531000"},"riverdoree":{"id":66358,"name":"River Doree","latitude":"13.76769000","longitude":"-61.03646000"},"roblot":{"id":66360,"name":"Roblot","latitude":"13.80323000","longitude":"-61.02297000"},"sauzay":{"id":66374,"name":"Sauzay","latitude":"13.77743000","longitude":"-61.03368000"},"savannesgeorge/constitution":{"id":66376,"name":"Savannesgeorge/Constitution","latitude":"13.77855000","longitude":"-61.05139000"},"victoria":{"id":66418,"name":"Victoria","latitude":"13.81116000","longitude":"-61.03963000"},"village":{"id":66424,"name":"Village","latitude":"13.77464000","longitude":"-61.05020000"}}},"dauphinquarter":{"id":3767,"name":"Dauphin Quarter","state_code":"04","latitude":"14.01033960","longitude":"-60.91909880","type":null},"denneryquarter":{"id":3756,"name":"Dennery Quarter","state_code":"05","latitude":"13.92673930","longitude":"-60.91909880","type":null,"cities":{"ansecanot":{"id":65960,"name":"Anse Canot","latitude":"13.90871000","longitude":"-60.90440000"},"athens":{"id":65967,"name":"Athens","latitude":"13.90574000","longitude":"-60.89184000"},"auleon":{"id":65968,"name":"Au Leon","latitude":"13.95245000","longitude":"-60.90456000"},"barabara":{"id":65982,"name":"Bara Bara","latitude":"13.95911000","longitude":"-60.93414000"},"bazile":{"id":65988,"name":"Bazile","latitude":"13.91082000","longitude":"-60.92430000"},"belmont":{"id":66005,"name":"Belmont","latitude":"13.95044000","longitude":"-60.93276000"},"boisjoli":{"id":66024,"name":"Bois Joli","latitude":"13.92020000","longitude":"-60.91409000"},"bordelais":{"id":66029,"name":"Bordelais","latitude":"13.89552000","longitude":"-60.90092000"},"bosquetd\u0027or":{"id":66030,"name":"Bosquet D\u0027Or","latitude":"13.92886000","longitude":"-60.91127000"},"delaide":{"id":66096,"name":"Delaide","latitude":"13.92993000","longitude":"-60.90584000"},"dennery":{"id":66099,"name":"Dennery","latitude":"13.91409000","longitude":"-60.89132000"},"dennerybypass":{"id":66100,"name":"Dennery By Pass","latitude":"13.91164000","longitude":"-60.89454000"},"dennerybypass/greenmountain":{"id":66101,"name":"Dennery By Pass/Green Mountain","latitude":"13.91094000","longitude":"-60.89810000"},"dennerybypass/rockylane":{"id":66102,"name":"Dennery By Pass/Rocky Lane","latitude":"13.91443000","longitude":"-60.90017000"},"dennerybypass/whiterockgardens":{"id":66103,"name":"Dennery By Pass/White Rock Gardens","latitude":"13.91424000","longitude":"-60.89333000"},"denneryvillage":{"id":66104,"name":"Dennery Village","latitude":"13.91099000","longitude":"-60.89122000"},"derniereriviere":{"id":66108,"name":"Derniere Riviere","latitude":"13.95679000","longitude":"-60.92578000"},"derniereriviere/fondmaricient":{"id":66109,"name":"Derniere Riviere/Fond Maricient","latitude":"13.95130000","longitude":"-60.92218000"},"derniereriviere/mardigras/mornecacacochon":{"id":66110,"name":"Derniere Riviere/Mardi Gras/Morne Caca Cochon","latitude":"13.96288000","longitude":"-60.92029000"},"derniereriviere/mornepanache":{"id":66111,"name":"Derniere Riviere/Morne Panache","latitude":"13.95252000","longitude":"-60.92919000"},"despinoze":{"id":66117,"name":"Despinoze","latitude":"13.94971000","longitude":"-60.91182000"},"dubonnaire":{"id":66123,"name":"Dubonnaire","latitude":"13.92808000","longitude":"-60.92336000"},"gadette":{"id":66156,"name":"Gadette","latitude":"13.95937000","longitude":"-60.91029000"},"granderavine":{"id":66170,"name":"Grande Ravine","latitude":"13.94263000","longitude":"-60.93404000"},"granderiviere":{"id":66171,"name":"Grande Riviere","latitude":"13.93306000","longitude":"-60.93239000"},"granderiviere/desbranch":{"id":66173,"name":"Grande Riviere/Des Branch","latitude":"13.93383000","longitude":"-60.93499000"},"granderiviere/enleurmorne/discompere":{"id":66174,"name":"Grande Riviere/En Leur Morne/Discompere","latitude":"13.93223000","longitude":"-60.93461000"},"granderiviere/funier":{"id":66175,"name":"Grande Riviere/Funier","latitude":"13.93240000","longitude":"-60.93305000"},"granderiviere/mornecacacochon":{"id":66177,"name":"Grande Riviere/Morne Caca Cochon","latitude":"13.92960000","longitude":"-60.93794000"},"lacaye":{"id":66208,"name":"La Caye","latitude":"13.93290000","longitude":"-60.90434000"},"lapelle":{"id":66220,"name":"La Pelle","latitude":"13.94096000","longitude":"-60.90569000"},"lapointe":{"id":66224,"name":"La Pointe","latitude":"13.91525000","longitude":"-60.88830000"},"laressource":{"id":66226,"name":"La Ressource","latitude":"13.94293000","longitude":"-60.91585000"},"lumiere":{"id":66242,"name":"Lumiere","latitude":"13.93928000","longitude":"-60.88889000"},"mornepanache":{"id":66303,"name":"Morne Panache","latitude":"13.92167000","longitude":"-60.93654000"},"richefond":{"id":66355,"name":"Riche Fond","latitude":"13.93644000","longitude":"-60.92026000"},"richefond/labellevie":{"id":66356,"name":"Riche Fond/La Belle Vie","latitude":"13.93782000","longitude":"-60.92908000"},"richefond/newvillage":{"id":66357,"name":"Riche Fond/New Village","latitude":"13.93648000","longitude":"-60.92394000"},"st.josephestate":{"id":66384,"name":"St. Joseph Estate","latitude":"13.90066000","longitude":"-60.91444000"},"thamazo":{"id":66395,"name":"Thamazo","latitude":"13.93245000","longitude":"-60.94786000"}}},"grosisletquarter":{"id":3766,"name":"Gros Islet Quarter","state_code":"06","latitude":"14.08435780","longitude":"-60.94527940","type":null,"cities":{"beausejour":{"id":65993,"name":"Beausejour","latitude":"14.07647000","longitude":"-60.93780000"},"beausejour/fostin\u0027sdevelopment":{"id":65994,"name":"Beausejour/Fostin\u0027S Development","latitude":"14.07445000","longitude":"-60.92929000"},"beausejour/ndc":{"id":65995,"name":"Beausejour/Ndc","latitude":"14.07733000","longitude":"-60.92683000"},"bellarosa":{"id":65997,"name":"Bella Rosa","latitude":"14.07711000","longitude":"-60.94568000"},"bellevue":{"id":66001,"name":"Belle Vue","latitude":"14.08470000","longitude":"-60.94342000"},"bellevueestate":{"id":66003,"name":"Belle Vue Estate","latitude":"14.08840000","longitude":"-60.94613000"},"boguis":{"id":66016,"name":"Boguis","latitude":"14.01548000","longitude":"-60.92089000"},"boguis/desablond":{"id":66017,"name":"Boguis/Desa Blond","latitude":"14.01057000","longitude":"-60.92565000"},"boisd\u0027orange":{"id":66021,"name":"Bois D\u0027Orange","latitude":"14.05803000","longitude":"-60.95992000"},"boisd\u0027ornange/trouya":{"id":66022,"name":"Bois D\u0027Ornange/Trouya","latitude":"14.06198000","longitude":"-60.96914000"},"bonneterre":{"id":66027,"name":"Bonneterre","latitude":"14.06994000","longitude":"-60.94146000"},"bonneterregardens":{"id":66028,"name":"Bonneterre Gardens","latitude":"14.06737000","longitude":"-60.93393000"},"capestate":{"id":66043,"name":"Cap Estate","latitude":"14.09410000","longitude":"-60.93592000"},"capestate/becunepoint":{"id":66044,"name":"Cap Estate/Becune Point","latitude":"14.09270000","longitude":"-60.95161000"},"capestate/caribbeanpark":{"id":66045,"name":"Cap Estate/Caribbean Park","latitude":"14.10019000","longitude":"-60.92446000"},"capestate/golfpark":{"id":66046,"name":"Cap Estate/Golf Park","latitude":"14.09998000","longitude":"-60.93705000"},"capestate/lowersalinepoint":{"id":66047,"name":"Cap Estate/Lower Saline Point","latitude":"14.10515000","longitude":"-60.94310000"},"capestate/monducap":{"id":66048,"name":"Cap Estate/Mon Du Cap","latitude":"14.10554000","longitude":"-60.93758000"},"capestate/ranchsite":{"id":66049,"name":"Cap Estate/Ranch Site","latitude":"14.10437000","longitude":"-60.93360000"},"capestate/saddlecback":{"id":66050,"name":"Cap Estate/Saddlec Back","latitude":"14.10023000","longitude":"-60.94246000"},"capestate/uppersalinepoint":{"id":66051,"name":"Cap Estate/Upper Saline Point","latitude":"14.10740000","longitude":"-60.94487000"},"casenbas":{"id":66055,"name":"Cas En Bas","latitude":"14.08328000","longitude":"-60.93209000"},"cayemanje\u0027":{"id":66058,"name":"Caye Manje\u0027","latitude":"14.06629000","longitude":"-60.93560000"},"corinth":{"id":66082,"name":"Corinth","latitude":"14.04710000","longitude":"-60.96046000"},"corinthestate":{"id":66083,"name":"Corinth Estate","latitude":"14.04336000","longitude":"-60.95388000"},"corinth/labellair":{"id":66084,"name":"Corinth/La Bel Lair","latitude":"14.04469000","longitude":"-60.94484000"},"dauphin":{"id":66092,"name":"Dauphin","latitude":"14.05647000","longitude":"-60.90188000"},"desbarras":{"id":66114,"name":"Des Barras","latitude":"13.99949000","longitude":"-60.90166000"},"desbarras/cacolie":{"id":66115,"name":"Des Barras/Cacolie","latitude":"14.01687000","longitude":"-60.90097000"},"desrameaux":{"id":66118,"name":"Desrameaux","latitude":"14.03681000","longitude":"-60.92697000"},"garrand":{"id":66157,"name":"Garrand","latitude":"14.00424000","longitude":"-60.93270000"},"grandriviere":{"id":66169,"name":"Grand Riviere","latitude":"14.03546000","longitude":"-60.95152000"},"granderiviere/assoucanal":{"id":66172,"name":"Grande Riviere/Assou Canal","latitude":"14.03975000","longitude":"-60.95121000"},"granderiviere/inglewoods":{"id":66176,"name":"Grande Riviere/Ingle Woods","latitude":"14.03091000","longitude":"-60.95592000"},"granderiviere/morneserpent":{"id":66178,"name":"Grande Riviere/Morne Serpent","latitude":"14.03509000","longitude":"-60.96060000"},"granderiviere/norbert":{"id":66179,"name":"Grande Riviere/Norbert","latitude":"14.04317000","longitude":"-60.94933000"},"granderiviere/piat":{"id":66180,"name":"Grande Riviere/Piat","latitude":"14.03926000","longitude":"-60.94361000"},"granderiviere/whiterock":{"id":66181,"name":"Grande Riviere/White Rock","latitude":"14.03618000","longitude":"-60.95556000"},"grosislet":{"id":66184,"name":"Gros Islet","latitude":"14.06667000","longitude":"-60.95000000"},"grosislettown":{"id":66185,"name":"Gros Islet Town","latitude":"14.08080000","longitude":"-60.95312000"},"grosislet/edgewater":{"id":66186,"name":"Gros Islet/Edge Water","latitude":"14.07912000","longitude":"-60.94973000"},"l\u0027hermitage":{"id":66206,"name":"L\u0027Hermitage","latitude":"14.06521000","longitude":"-60.93967000"},"lacroixchabourgh":{"id":66211,"name":"La Croix Chabourgh","latitude":"14.01147000","longitude":"-60.94025000"},"laguerre":{"id":66214,"name":"La Guerre","latitude":"14.02191000","longitude":"-60.92491000"},"laguerre/chickenbackstreet":{"id":66215,"name":"La Guerre/Chicken Back Street","latitude":"14.02387000","longitude":"-60.93108000"},"marisule":{"id":66253,"name":"Marisule","latitude":"14.04621000","longitude":"-60.97063000"},"marisule/bonair":{"id":66254,"name":"Marisule/Bon Air","latitude":"14.05062000","longitude":"-60.97124000"},"marisule/eastwinds":{"id":66255,"name":"Marisule/East Winds","latitude":"14.05407000","longitude":"-60.96849000"},"marisule/labrellotte":{"id":66256,"name":"Marisule/La Brellotte","latitude":"14.05710000","longitude":"-60.97183000"},"marisule/topoftheworld":{"id":66257,"name":"Marisule/Top Of The World","latitude":"14.04385000","longitude":"-60.96885000"},"marquisestate":{"id":66258,"name":"Marquis Estate","latitude":"14.02960000","longitude":"-60.90732000"},"massade":{"id":66261,"name":"Massade","latitude":"14.08292000","longitude":"-60.94946000"},"monchy":{"id":66269,"name":"Monchy","latitude":"14.05502000","longitude":"-60.92623000"},"monchy/careffe":{"id":66270,"name":"Monchy/Careffe","latitude":"14.05930000","longitude":"-60.95069000"},"monchy/cletusvillage":{"id":66271,"name":"Monchy/Cletus Village","latitude":"14.05137000","longitude":"-60.92380000"},"monchy/laborne":{"id":66272,"name":"Monchy/La Borne","latitude":"14.04628000","longitude":"-60.91961000"},"monchy/laborne/sanssouci":{"id":66273,"name":"Monchy/La Borne/Sans Souci","latitude":"14.04504000","longitude":"-60.89961000"},"monchy/laretraite":{"id":66274,"name":"Monchy/La Retraite","latitude":"14.06421000","longitude":"-60.94564000"},"monchy/lafeuillee":{"id":66275,"name":"Monchy/Lafeuillee","latitude":"14.05950000","longitude":"-60.94086000"},"monchy/lawifwen":{"id":66276,"name":"Monchy/Lawi Fwen","latitude":"14.05802000","longitude":"-60.92906000"},"monchy/malgretoute":{"id":66277,"name":"Monchy/Malgretoute","latitude":"14.04108000","longitude":"-60.91912000"},"monchy/moulinavent":{"id":66278,"name":"Monchy/Moulin A Vent","latitude":"14.06283000","longitude":"-60.95025000"},"monchy/ravinemacock":{"id":66279,"name":"Monchy/Ravine Macock","latitude":"14.04789000","longitude":"-60.92511000"},"monchy/rivieremitan":{"id":66280,"name":"Monchy/Riviere Mitan","latitude":"14.04987000","longitude":"-60.94029000"},"monchy/tidauphin":{"id":66281,"name":"Monchy/Ti Dauphin","latitude":"14.04081000","longitude":"-60.93225000"},"monchy/vieuxsucreic":{"id":66282,"name":"Monchy/Vieux Sucreic","latitude":"14.04996000","longitude":"-60.94992000"},"monchy/vieuxsucreic/boisd\u0027inde":{"id":66283,"name":"Monchy/Vieux Sucreic/Bois D\u0027Inde","latitude":"14.05613000","longitude":"-60.95151000"},"monchy/vieuxsucreic/careffe":{"id":66284,"name":"Monchy/Vieux Sucreic/Careffe","latitude":"14.05652000","longitude":"-60.94948000"},"mongiraud":{"id":66285,"name":"Mongiraud","latitude":"14.06287000","longitude":"-60.95722000"},"monier":{"id":66287,"name":"Monier","latitude":"14.02951000","longitude":"-60.94098000"},"morneciton":{"id":66295,"name":"Morne Citon","latitude":"14.03004000","longitude":"-60.92813000"},"paixbouche":{"id":66320,"name":"Paix Bouche","latitude":"14.01755000","longitude":"-60.93852000"},"pigeonisland":{"id":66333,"name":"Pigeon Island","latitude":"14.08965000","longitude":"-60.95724000"},"plateau":{"id":66336,"name":"Plateau","latitude":"14.02612000","longitude":"-60.93474000"},"reduit":{"id":66350,"name":"Reduit","latitude":"14.06829000","longitude":"-60.96145000"},"reduitorchard":{"id":66351,"name":"Reduit Orchard","latitude":"14.06594000","longitude":"-60.95340000"},"reduitpark":{"id":66352,"name":"Reduit Park","latitude":"14.06622000","longitude":"-60.95560000"},"rodneybay":{"id":66362,"name":"Rodney Bay","latitude":"14.07292000","longitude":"-60.95443000"},"rodneyheights":{"id":66363,"name":"Rodney Heights","latitude":"14.06731000","longitude":"-60.94906000"},"union":{"id":66412,"name":"Union","latitude":"14.02907000","longitude":"-60.96480000"},"unionterrace":{"id":66413,"name":"Union Terrace","latitude":"14.02654000","longitude":"-60.95710000"},"union/timorne":{"id":66415,"name":"Union/Ti Morne","latitude":"14.02283000","longitude":"-60.95272000"}}},"laboriequarter":{"id":3759,"name":"Laborie Quarter","state_code":"07","latitude":"13.75227830","longitude":"-60.99328890","type":null,"cities":{"annus":{"id":65959,"name":"Annus","latitude":"13.77449000","longitude":"-61.00511000"},"balca":{"id":65976,"name":"Balca","latitude":"13.77117000","longitude":"-61.02389000"},"balca/enleurba":{"id":65977,"name":"Balca/En Leur Ba","latitude":"13.77638000","longitude":"-61.01931000"},"balembouche":{"id":65978,"name":"Balembouche","latitude":"13.75992000","longitude":"-61.02840000"},"banse":{"id":65980,"name":"Banse","latitude":"13.79211000","longitude":"-60.99282000"},"banselagrace":{"id":65981,"name":"Banse La Grace","latitude":"13.78150000","longitude":"-60.99840000"},"bongalo":{"id":66026,"name":"Bongalo","latitude":"13.76666000","longitude":"-61.02991000"},"daban":{"id":66089,"name":"Daban","latitude":"13.80490000","longitude":"-61.00435000"},"fondberange":{"id":66143,"name":"Fond Berange","latitude":"13.78238000","longitude":"-61.00346000"},"gayabois":{"id":66158,"name":"Gayabois","latitude":"13.78643000","longitude":"-61.01835000"},"gentil":{"id":66159,"name":"Gentil","latitude":"13.76816000","longitude":"-60.98877000"},"getrine":{"id":66161,"name":"Getrine","latitude":"13.78192000","longitude":"-61.00741000"},"giraud":{"id":66163,"name":"Giraud","latitude":"13.79254000","longitude":"-61.00843000"},"h\u0027erelle":{"id":66188,"name":"H\u0027Erelle","latitude":"13.75599000","longitude":"-60.98698000"},"kennedyhighway/laboriebypass":{"id":66203,"name":"Kennedy Highway/Laborie Bypass","latitude":"13.75380000","longitude":"-60.99594000"},"lahaut":{"id":66216,"name":"La Haut","latitude":"13.79207000","longitude":"-61.00014000"},"laperle":{"id":66221,"name":"La Perle","latitude":"13.76483000","longitude":"-61.02088000"},"laborie":{"id":66233,"name":"Laborie","latitude":"13.75000000","longitude":"-60.98333000"},"londonderry":{"id":66241,"name":"Londonderry","latitude":"13.77623000","longitude":"-61.01362000"},"macdomel":{"id":66243,"name":"Macdomel","latitude":"13.77497000","longitude":"-60.98508000"},"mornegomier":{"id":66298,"name":"Morne Gomier","latitude":"13.76552000","longitude":"-60.99524000"},"morneleblanc":{"id":66302,"name":"Morne Le Blanc","latitude":"13.75868000","longitude":"-60.99913000"},"olibo":{"id":66319,"name":"Olibo","latitude":"13.77628000","longitude":"-60.99931000"},"parcestate":{"id":66324,"name":"Parc Estate","latitude":"13.79639000","longitude":"-61.01613000"},"piaye":{"id":66331,"name":"Piaye","latitude":"13.75628000","longitude":"-61.02279000"},"saltibus":{"id":66368,"name":"Saltibus","latitude":"13.81211000","longitude":"-61.00982000"},"saphire":{"id":66371,"name":"Saphire","latitude":"13.75670000","longitude":"-61.01209000"},"tetemorne":{"id":66393,"name":"Tete Morne","latitude":"13.76160000","longitude":"-61.03397000"},"village":{"id":66426,"name":"Village","latitude":"13.74927000","longitude":"-60.99375000"},"warwick/daban":{"id":66431,"name":"Warwick/Daban","latitude":"13.81084000","longitude":"-61.00047000"}}},"micoudquarter":{"id":3762,"name":"Micoud Quarter","state_code":"08","latitude":"13.82118710","longitude":"-60.90019340","type":null,"cities":{"anseger":{"id":65964,"name":"Anse Ger","latitude":"13.79567000","longitude":"-60.91567000"},"beauchamp":{"id":65991,"name":"Beauchamp","latitude":"13.81778000","longitude":"-60.91528000"},"blanchard":{"id":66014,"name":"Blanchard","latitude":"13.80616000","longitude":"-60.94630000"},"canelles":{"id":66041,"name":"Canelles","latitude":"13.78515000","longitude":"-60.91789000"},"cazuca":{"id":66059,"name":"Cazuca","latitude":"13.80002000","longitude":"-60.90481000"},"chique/blanchard":{"id":66068,"name":"Chique/Blanchard","latitude":"13.80120000","longitude":"-60.94970000"},"coolietown":{"id":66079,"name":"Coolie Town","latitude":"13.85429000","longitude":"-60.91380000"},"delomel":{"id":66098,"name":"Delomel","latitude":"13.80338000","longitude":"-60.92927000"},"desblanchard":{"id":66116,"name":"Des Blanchard","latitude":"13.81155000","longitude":"-60.93423000"},"desruisseaux":{"id":66119,"name":"Desruisseaux","latitude":"13.79640000","longitude":"-60.93540000"},"dugard":{"id":66126,"name":"Dugard","latitude":"13.81090000","longitude":"-60.91415000"},"escap":{"id":66134,"name":"Escap","latitude":"13.83031000","longitude":"-60.89673000"},"fondd\u0027lor/dugard":{"id":66148,"name":"Fond D\u0027Lor/Dugard","latitude":"13.81069000","longitude":"-60.92119000"},"fondestate":{"id":66150,"name":"Fond Estate","latitude":"13.84243000","longitude":"-60.91862000"},"fond/desruisseaux":{"id":66153,"name":"Fond/Desruisseaux","latitude":"13.79421000","longitude":"-60.94128000"},"gomier":{"id":66165,"name":"Gomier","latitude":"13.81485000","longitude":"-60.95252000"},"gouette":{"id":66167,"name":"Gouette","latitude":"13.80650000","longitude":"-60.93964000"},"honeymoonbeach":{"id":66192,"name":"Honeymoon Beach","latitude":"13.77746000","longitude":"-60.90493000"},"l\u0027eaumineau":{"id":66205,"name":"L\u0027Eau Mineau","latitude":"13.80672000","longitude":"-60.92103000"},"lacourville":{"id":66210,"name":"La Courville","latitude":"13.81056000","longitude":"-60.92766000"},"lapointe":{"id":66222,"name":"La Pointe","latitude":"13.84593000","longitude":"-60.89332000"},"latille":{"id":66228,"name":"La Tille","latitude":"13.82744000","longitude":"-60.91716000"},"lezy":{"id":66239,"name":"Lezy","latitude":"13.80372000","longitude":"-60.93906000"},"lombard":{"id":66240,"name":"Lombard","latitude":"13.85772000","longitude":"-60.91510000"},"mahaut":{"id":66245,"name":"Mahaut","latitude":"13.84391000","longitude":"-60.95397000"},"malgretoute":{"id":66247,"name":"Malgretoute","latitude":"13.84199000","longitude":"-60.90411000"},"mamiku":{"id":66249,"name":"Mamiku","latitude":"13.86744000","longitude":"-60.90184000"},"micoud":{"id":66264,"name":"Micoud","latitude":"13.81667000","longitude":"-60.90000000"},"monrepos":{"id":66268,"name":"Mon Repos","latitude":"13.85865000","longitude":"-60.89591000"},"moreau":{"id":66290,"name":"Moreau","latitude":"13.82676000","longitude":"-60.94238000"},"mornevient":{"id":66308,"name":"Morne Vient","latitude":"13.80646000","longitude":"-60.95241000"},"myettegardens":{"id":66312,"name":"Myette Gardens","latitude":"13.81862000","longitude":"-60.90440000"},"newvillage":{"id":66315,"name":"New Village","latitude":"13.82446000","longitude":"-60.89864000"},"paixbouche":{"id":66321,"name":"Paix Bouche","latitude":"13.81556000","longitude":"-60.94073000"},"palmisteestate":{"id":66323,"name":"Palmiste Estate","latitude":"13.85377000","longitude":"-60.96007000"},"patience":{"id":66326,"name":"Patience","latitude":"13.85000000","longitude":"-60.90874000"},"planard":{"id":66334,"name":"Planard","latitude":"13.80521000","longitude":"-60.91540000"},"praslin":{"id":66341,"name":"Praslin","latitude":"13.87545000","longitude":"-60.89717000"},"rameau":{"id":66344,"name":"Rameau","latitude":"13.83055000","longitude":"-60.92375000"},"saintmarieroad":{"id":66367,"name":"Saint Marie Road","latitude":"13.85444000","longitude":"-60.91803000"},"saut":{"id":66373,"name":"Saut","latitude":"13.81272000","longitude":"-60.94375000"},"savannes":{"id":66375,"name":"Savannes","latitude":"13.77098000","longitude":"-60.92017000"},"sthelenestate":{"id":66379,"name":"St Helen Estate","latitude":"13.78735000","longitude":"-60.90726000"},"tiriviere":{"id":66401,"name":"Ti Riviere","latitude":"13.83006000","longitude":"-60.93774000"},"tirocher":{"id":66403,"name":"Ti Rocher","latitude":"13.81734000","longitude":"-60.92858000"},"troumassee":{"id":66411,"name":"Troumassee","latitude":"13.80892000","longitude":"-60.90341000"},"village":{"id":66425,"name":"Village","latitude":"13.81904000","longitude":"-60.89692000"},"volet":{"id":66430,"name":"Volet","latitude":"13.82626000","longitude":"-60.90789000"}}},"praslinquarter":{"id":3765,"name":"Praslin Quarter","state_code":"09","latitude":"13.87523920","longitude":"-60.89946630","type":null},"soufri\u00e8requarter":{"id":3764,"name":"Soufri\u00e8re Quarter","state_code":"10","latitude":"13.85709860","longitude":"-61.05732480","type":null,"cities":{"ansechastanet":{"id":65961,"name":"Anse Chastanet","latitude":"13.86426000","longitude":"-61.07016000"},"baronsdrive/coindel\u0027anse":{"id":65984,"name":"Barons Drive/Coin De L\u0027Anse","latitude":"13.85138000","longitude":"-61.05939000"},"beasejour/myersbridge":{"id":65990,"name":"Beasejour/Myers Bridge","latitude":"13.82147000","longitude":"-61.03396000"},"belleplaine":{"id":65999,"name":"Belle Plaine","latitude":"13.82700000","longitude":"-61.03127000"},"bellefond":{"id":66004,"name":"Bellefond","latitude":"13.82753000","longitude":"-61.04269000"},"belvedere":{"id":66007,"name":"Belvedere","latitude":"13.83440000","longitude":"-61.01771000"},"boisd\u0027inde":{"id":66020,"name":"Bois D\u0027Inde","latitude":"13.83650000","longitude":"-61.03491000"},"bouton":{"id":66031,"name":"Bouton","latitude":"13.87936000","longitude":"-61.06449000"},"calvary/calvaire":{"id":66039,"name":"Calvary/Calvaire","latitude":"13.85035000","longitude":"-61.05620000"},"cenac":{"id":66062,"name":"Cenac","latitude":"13.87207000","longitude":"-61.04243000"},"chateaubelair":{"id":66067,"name":"Chateau Belair","latitude":"13.81830000","longitude":"-61.05350000"},"colombette":{"id":66076,"name":"Colombette","latitude":"13.86861000","longitude":"-61.04990000"},"compar":{"id":66077,"name":"Compar","latitude":"13.83586000","longitude":"-61.05934000"},"cresslands":{"id":66086,"name":"Cresslands","latitude":"13.85999000","longitude":"-61.04032000"},"deville":{"id":66120,"name":"Deville","latitude":"13.81372000","longitude":"-61.05049000"},"diamond/diamondestate":{"id":66121,"name":"Diamond/Diamond Estate","latitude":"13.85168000","longitude":"-61.04352000"},"esperance":{"id":66137,"name":"Esperance","latitude":"13.84562000","longitude":"-61.03713000"},"etangs":{"id":66138,"name":"Etangs","latitude":"13.81902000","longitude":"-61.04056000"},"fondbernier":{"id":66144,"name":"Fond Bernier","latitude":"13.85845000","longitude":"-61.05949000"},"fondcacoa":{"id":66145,"name":"Fond Cacoa","latitude":"13.85442000","longitude":"-61.05077000"},"fonddoux":{"id":66149,"name":"Fond Doux","latitude":"13.82096000","longitude":"-61.04952000"},"fondgenslibre":{"id":66151,"name":"Fond Gens Libre","latitude":"13.80791000","longitude":"-61.06259000"},"jalousie":{"id":66199,"name":"Jalousie","latitude":"13.82811000","longitude":"-61.05891000"},"lahaut":{"id":66217,"name":"La Haut","latitude":"13.86276000","longitude":"-61.05584000"},"lapearle":{"id":66219,"name":"La Pearle","latitude":"13.85740000","longitude":"-61.04760000"},"lennyhill":{"id":66237,"name":"Lenny Hill","latitude":"13.85059000","longitude":"-61.05906000"},"malgretoute":{"id":66248,"name":"Malgretoute","latitude":"13.84233000","longitude":"-61.05998000"},"migny":{"id":66265,"name":"Migny","latitude":"13.84166000","longitude":"-61.01808000"},"mocha":{"id":66267,"name":"Mocha","latitude":"13.83117000","longitude":"-61.02503000"},"mornebonin":{"id":66292,"name":"Morne Bonin","latitude":"13.83174000","longitude":"-61.03285000"},"mornelacroix":{"id":66300,"name":"Morne La Croix","latitude":"13.81762000","longitude":"-61.06146000"},"mornelastic/desruisseaux":{"id":66301,"name":"Morne Lastic/Desruisseaux","latitude":"13.86628000","longitude":"-61.05894000"},"newdevelopment":{"id":66313,"name":"New Development","latitude":"13.86176000","longitude":"-61.04791000"},"palmiste":{"id":66322,"name":"Palmiste","latitude":"13.85843000","longitude":"-61.05575000"},"platpays":{"id":66335,"name":"Plat Pays","latitude":"13.84085000","longitude":"-61.05571000"},"rabot":{"id":66343,"name":"Rabot","latitude":"13.83380000","longitude":"-61.04540000"},"ravineclaire":{"id":66347,"name":"Ravine Claire","latitude":"13.85262000","longitude":"-61.02892000"},"rubyestate":{"id":66366,"name":"Ruby Estate","latitude":"13.85812000","longitude":"-61.04983000"},"soufri\u00e8re":{"id":66378,"name":"Soufri\u00e8re","latitude":"13.85616000","longitude":"-61.05660000"},"soufriereestate":{"id":66377,"name":"Soufriere Estate","latitude":"13.85174000","longitude":"-61.05420000"},"stphillip":{"id":66383,"name":"St Phillip","latitude":"13.84432000","longitude":"-61.02766000"},"stonefield":{"id":66385,"name":"Stonefield","latitude":"13.84513000","longitude":"-61.05990000"},"sulphursprings":{"id":66386,"name":"Sulphur Springs","latitude":"13.84002000","longitude":"-61.04512000"},"tiboug":{"id":66398,"name":"Ti Boug","latitude":"13.83744000","longitude":"-61.02460000"},"tidelcer":{"id":66400,"name":"Ti Delcer","latitude":"13.83386000","longitude":"-61.06410000"},"toraille":{"id":66404,"name":"Toraille","latitude":"13.85704000","longitude":"-61.03296000"},"town":{"id":66405,"name":"Town","latitude":"13.85491000","longitude":"-61.05764000"},"unionvale":{"id":66414,"name":"Union Vale","latitude":"13.81103000","longitude":"-61.05686000"},"zenon":{"id":66436,"name":"Zenon","latitude":"13.85953000","longitude":"-61.03394000"}}},"vieuxfortquarter":{"id":3763,"name":"Vieux Fort Quarter","state_code":"11","latitude":"13.72060800","longitude":"-60.94964330","type":null,"cities":{"augier":{"id":65971,"name":"Augier","latitude":"13.76669000","longitude":"-60.98063000"},"beanefield":{"id":65989,"name":"Beane Field","latitude":"13.73976000","longitude":"-60.94741000"},"beausejour":{"id":65992,"name":"Beausejour","latitude":"13.75229000","longitude":"-60.95519000"},"bellevue":{"id":66002,"name":"Belle Vue","latitude":"13.79218000","longitude":"-60.95379000"},"blackbay":{"id":66012,"name":"Black Bay","latitude":"13.74330000","longitude":"-60.98272000"},"bruceville/shantytown":{"id":66032,"name":"Bruceville/Shanty Town","latitude":"13.72558000","longitude":"-60.94907000"},"cacoa":{"id":66034,"name":"Cacoa","latitude":"13.77889000","longitude":"-60.93862000"},"cantonement":{"id":66042,"name":"Cantonement","latitude":"13.75665000","longitude":"-60.97662000"},"carierre":{"id":66054,"name":"Carierre","latitude":"13.78514000","longitude":"-60.96721000"},"catin":{"id":66057,"name":"Catin","latitude":"13.77694000","longitude":"-60.97973000"},"cocoadan":{"id":66075,"name":"Cocoa Dan","latitude":"13.73087000","longitude":"-60.97195000"},"coolietown":{"id":66081,"name":"Coolie Town","latitude":"13.76911000","longitude":"-60.96680000"},"demailly":{"id":66093,"name":"De Mailly","latitude":"13.79649000","longitude":"-60.94938000"},"derierrebois":{"id":66105,"name":"Derierre Bois","latitude":"13.76807000","longitude":"-60.97725000"},"derierremorne":{"id":66107,"name":"Derierre Morne","latitude":"13.74126000","longitude":"-60.96057000"},"docamel/laresource":{"id":66122,"name":"Docamel/La Resource","latitude":"13.74202000","longitude":"-60.95604000"},"eaupiquant/sturbain":{"id":66129,"name":"Eau Piquant/St Urbain","latitude":"13.76025000","longitude":"-60.94012000"},"enbamboo":{"id":66130,"name":"En Bamboo","latitude":"13.78155000","longitude":"-60.94763000"},"esperance":{"id":66135,"name":"Esperance","latitude":"13.78854000","longitude":"-60.96108000"},"fondcapeche":{"id":66147,"name":"Fond Capeche","latitude":"13.77449000","longitude":"-60.94835000"},"fondsabot":{"id":66152,"name":"Fond Sabot","latitude":"13.77659000","longitude":"-60.95546000"},"grace":{"id":66168,"name":"Grace","latitude":"13.77678000","longitude":"-60.96637000"},"hewanorraorchard":{"id":66189,"name":"Hewanorra Orchard","latitude":"13.74486000","longitude":"-60.97284000"},"hopeestate":{"id":66193,"name":"Hope Estate","latitude":"13.76477000","longitude":"-60.95831000"},"industrialestate":{"id":66196,"name":"Industrial Estate","latitude":"13.74096000","longitude":"-60.97393000"},"joyeux":{"id":66202,"name":"Joyeux","latitude":"13.78313000","longitude":"-60.96068000"},"laresource":{"id":66225,"name":"La Resource","latitude":"13.74799000","longitude":"-60.96237000"},"laretraite":{"id":66227,"name":"La Retraite","latitude":"13.75944000","longitude":"-60.96632000"},"latourney/cedarheights":{"id":66230,"name":"La Tourney/Cedar Heights","latitude":"13.74114000","longitude":"-60.96517000"},"maganier":{"id":66244,"name":"Maganier","latitude":"13.79450000","longitude":"-60.98513000"},"mornecayenne":{"id":66293,"name":"Morne Cayenne","latitude":"13.78349000","longitude":"-60.95506000"},"mornevert":{"id":66307,"name":"Morne Vert","latitude":"13.77899000","longitude":"-60.97617000"},"mouleachique":{"id":66310,"name":"Moule A Chique","latitude":"13.71458000","longitude":"-60.94835000"},"obrier":{"id":66317,"name":"Obrier","latitude":"13.76831000","longitude":"-60.97313000"},"pierrot":{"id":66332,"name":"Pierrot","latitude":"13.76857000","longitude":"-60.94381000"},"plut":{"id":66337,"name":"Plut","latitude":"13.77417000","longitude":"-60.96076000"},"pomme":{"id":66339,"name":"Pomme","latitude":"13.75792000","longitude":"-60.98147000"},"stjude\u0027shighway":{"id":66380,"name":"St Jude\u0027S Highway","latitude":"13.75867000","longitude":"-60.97360000"},"tetemorne/morneandrew":{"id":66394,"name":"Tete Morne/Morne Andrew","latitude":"13.77114000","longitude":"-60.95194000"},"town":{"id":66406,"name":"Town","latitude":"13.72835000","longitude":"-60.95408000"},"vieuxfort":{"id":66420,"name":"Vieux Fort","latitude":"13.71667000","longitude":"-60.95000000"},"vieuxfort/laboriehighway":{"id":66421,"name":"Vieux Fort/Laborie Highway","latitude":"13.73197000","longitude":"-60.95477000"},"vige\u0027":{"id":66422,"name":"Vige\u0027","latitude":"13.78692000","longitude":"-60.93550000"},"westallgroup/themangue":{"id":66433,"name":"Westall Group/The Mangue","latitude":"13.72707000","longitude":"-60.95312000"}}}}}