{"id":26,"name":"Bhutan","iso3":"BTN","iso2":"BT","numeric_code":"064","phone_code":"975","capital":"Thimphu","currency":"BTN","currency_name":"Bhutanese ngultrum","currency_symbol":"Nu.","tld":".bt","native":"\u02bcbrug-yul","region":"Asia","region_id":3,"subregion":"Southern Asia","subregion_id":14,"nationality":"Bhutanese","timezones":[{"zoneName":"Asia/Thimphu","gmtOffset":21600,"gmtOffsetName":"UTC+06:00","abbreviation":"BTT","tzName":"Bhutan Time"}],"translations":{"ko":"\ubd80\ud0c4","pt-BR":"But\u00e3o","pt":"But\u00e3o","nl":"Bhutan","hr":"Butan","fa":"\u0628\u0648\u062a\u0627\u0646","de":"Bhutan","es":"But\u00e1n","fr":"Bhoutan","ja":"\u30d6\u30fc\u30bf\u30f3","it":"Bhutan","zh-CN":"\u4e0d\u4e39","tr":"Butan","ru":"\u0411\u0443\u0442\u0430\u043d","uk":"\u0411\u0443\u0442\u0430\u043d","pl":"Bhutan"},"latitude":"27.50000000","longitude":"90.50000000","emoji":"\ud83c\udde7\ud83c\uddf9","emojiU":"U+1F1E7 U+1F1F9","states":{"bumthang":{"id":240,"name":"Bumthang ","state_code":"33","latitude":"27.64183900","longitude":"90.67730460","type":"District","cities":{"jakar":{"id":15709,"name":"Jakar","latitude":"27.54918000","longitude":"90.75250000"},"tangvalley":{"id":153824,"name":"Tang Valley","latitude":"27.50252420","longitude":"90.74495440"}}},"chukha":{"id":239,"name":"Chukha ","state_code":"12","latitude":"27.07843040","longitude":"89.47421770","type":"District","cities":{"chapchha":{"id":153825,"name":"Chapchha","latitude":"27.20000000","longitude":"89.55000000"},"daphu":{"id":15706,"name":"Daphu","latitude":"26.96670000","longitude":"89.38330000"},"khitokha":{"id":153827,"name":"Khitokha","latitude":"26.90000000","longitude":"89.61670000"},"lobnig":{"id":153826,"name":"Lobnig","latitude":"27.15000000","longitude":"89.55000000"},"pachu":{"id":15726,"name":"Pachu","latitude":"26.90000000","longitude":"89.35000000"},"phuntsholing":{"id":15716,"name":"Phuntsholing","latitude":"26.85164000","longitude":"89.38837000"}}},"dagana":{"id":238,"name":"Dagana ","state_code":"22","latitude":"27.03228610","longitude":"89.88793040","type":"District","cities":{"daga":{"id":15705,"name":"Daga","latitude":"27.07529000","longitude":"89.87688000"},"sibsu":{"id":15728,"name":"Sibsu","latitude":"27.00000000","longitude":"88.90000000"},"thumgaon":{"id":153828,"name":"Thumgaon","latitude":"26.98330000","longitude":"89.96670000"}}},"gasa":{"id":229,"name":"Gasa ","state_code":"GA","latitude":"28.01858860","longitude":"89.92532330","type":"District","cities":{"gasa":{"id":15707,"name":"Gasa","latitude":"27.90372000","longitude":"89.72689000"}}},"haa":{"id":232,"name":"Haa ","state_code":"13","latitude":"27.26516690","longitude":"89.17059980","type":"District","cities":{"ha":{"id":15708,"name":"Ha","latitude":"27.38747000","longitude":"89.28074000"},"naktsang":{"id":153829,"name":"Naktsang","latitude":"27.38330000","longitude":"89.26670000"},"sangkari":{"id":153830,"name":"Sangkari","latitude":"27.30000000","longitude":"89.31670000"}}},"lhuntse":{"id":234,"name":"Lhuntse ","state_code":"44","latitude":"27.82649890","longitude":"91.13530200","type":"District","cities":{"lhuentse":{"id":15710,"name":"Lhuentse","latitude":"27.66787000","longitude":"91.18393000"}}},"mongar":{"id":242,"name":"Mongar ","state_code":"42","latitude":"27.26170590","longitude":"91.28910360","type":"District","cities":{"kengkhar":{"id":153832,"name":"Kengkhar","latitude":"27.10000000","longitude":"91.25000000"},"mongar":{"id":15711,"name":"Mongar","latitude":"27.27471000","longitude":"91.23963000"},"thebong":{"id":153831,"name":"Thebong","latitude":"27.26670000","longitude":"91.26670000"}}},"paro":{"id":237,"name":"Paro ","state_code":"11","latitude":"27.42859490","longitude":"89.41665160","type":"District","cities":{"paro":{"id":15714,"name":"Paro","latitude":"27.43050000","longitude":"89.41334000"},"suchha":{"id":153834,"name":"Suchha","latitude":"27.23330000","longitude":"89.45000000"},"tshalunang":{"id":153833,"name":"Tshalunang","latitude":"27.43330000","longitude":"89.65000000"}}},"pemagatshel":{"id":244,"name":"Pemagatshel ","state_code":"43","latitude":"27.00238200","longitude":"91.34692470","type":"District","cities":{"nganglam":{"id":153835,"name":"Nganglam","latitude":"26.84181100","longitude":"91.24248490"},"pemagatshel":{"id":15715,"name":"Pemagatshel","latitude":"27.03795000","longitude":"91.40305000"}}},"punakha":{"id":235,"name":"Punakha ","state_code":"23","latitude":"27.69037160","longitude":"89.88793040","type":"District","cities":{"pajo":{"id":15712,"name":"Pajo","latitude":"27.53333000","longitude":"89.88333000"},"pun\u0101kha":{"id":15717,"name":"Pun\u0101kha","latitude":"27.59137000","longitude":"89.87743000"}}},"samdrupjongkhar":{"id":243,"name":"Samdrup Jongkhar ","state_code":"45","latitude":"26.80356820","longitude":"91.50392070","type":"District","cities":{"samdrupjongkhar":{"id":15718,"name":"Samdrup Jongkhar","latitude":"26.80069000","longitude":"91.50519000"}}},"samtse":{"id":246,"name":"Samtse ","state_code":"14","latitude":"27.02918320","longitude":"89.05615320","type":"District","cities":{"denchukha":{"id":153838,"name":"Denchukha","latitude":"27.01670000","longitude":"89.25000000"},"dorokha":{"id":153837,"name":"Dorokha","latitude":"27.01670000","longitude":"89.21670000"},"samtse":{"id":15719,"name":"Samtse","latitude":"26.89903000","longitude":"89.09951000"},"tendu":{"id":153836,"name":"Tendu","latitude":"27.13330000","longitude":"88.88330000"}}},"sarpang":{"id":247,"name":"Sarpang ","state_code":"31","latitude":"26.93730410","longitude":"90.48799160","type":"District","cities":{"bhurgaon":{"id":153841,"name":"Bhurgaon","latitude":"26.90000000","longitude":"90.43330000"},"galechugaon":{"id":153840,"name":"Galechugaon","latitude":"27.00000000","longitude":"90.53330000"},"geylegphug":{"id":153839,"name":"Geylegphug","latitude":"26.87060000","longitude":"90.48560000"},"sarpang":{"id":15720,"name":"Sarpang","latitude":"26.86395000","longitude":"90.26745000"}}},"thimphu":{"id":241,"name":"Thimphu ","state_code":"15","latitude":"27.47122160","longitude":"89.63390410","type":"District","cities":{"thimphu":{"id":15722,"name":"Thimphu","latitude":"27.46609000","longitude":"89.64191000"}}},"trashiyangtse\t":{"id":5242,"name":"Trashi Yangtse\t","state_code":"TY","latitude":"27.71758500","longitude":"91.19811020","type":"District","cities":{"shali":{"id":153842,"name":"Shali","latitude":"27.48330000","longitude":"91.56670000"},"trashiyangtse":{"id":153843,"name":"Trashi Yangtse","latitude":"27.58330000","longitude":"91.46670000"},"yalang":{"id":153844,"name":"Yalang ","latitude":"27.43330000","longitude":"91.63330000"}}},"trashigang":{"id":236,"name":"Trashigang ","state_code":"41","latitude":"27.25667950","longitude":"91.75388170","type":"District","cities":{"balfai":{"id":153850,"name":"Balfai","latitude":"27.21670320","longitude":"91.47940030"},"ghunkarah":{"id":153846,"name":"Ghunkarah","latitude":"27.40000000","longitude":"91.56670000"},"ngalangkang":{"id":153845,"name":"Ngalangkang","latitude":"27.45282330","longitude":"91.56477710"},"rungzyung":{"id":153847,"name":"Rungzyung","latitude":"27.35000000","longitude":"91.66670000"},"sassi":{"id":153851,"name":"Sassi","latitude":"27.13330000","longitude":"91.43330000"},"thrimshing":{"id":153849,"name":"Thrimshing","latitude":"27.13330000","longitude":"91.61670000"},"trashigang":{"id":15724,"name":"Trashigang","latitude":"27.33310000","longitude":"91.55424000"},"wamrong":{"id":153848,"name":"Wamrong","latitude":"27.13784530","longitude":"91.56044470"}}},"trongsa":{"id":245,"name":"Trongsa ","state_code":"32","latitude":"27.50022690","longitude":"90.50806340","type":"District","cities":{"trongsa":{"id":153852,"name":"Trongsa","latitude":"27.49940000","longitude":"90.50470000"}}},"tsirang":{"id":230,"name":"Tsirang ","state_code":"21","latitude":"27.03220700","longitude":"90.18696440","type":"District","cities":{"beteni":{"id":153854,"name":"Beteni","latitude":"27.03330000","longitude":"90.23330000"},"dagapela":{"id":153853,"name":"Dagapela","latitude":"26.93330000","longitude":"89.95000000"},"damphu":{"id":15725,"name":"Damphu","latitude":"27.01670000","longitude":"90.10000000"},"tsirang":{"id":15727,"name":"Tsirang","latitude":"27.02190000","longitude":"90.12291000"}}},"wangduephodrang":{"id":231,"name":"Wangdue Phodrang ","state_code":"24","latitude":"27.45260460","longitude":"90.06749280","type":"District","cities":{"manikyangsa":{"id":153856,"name":"Manikyangsa","latitude":"27.53330000","longitude":"90.10000000"},"ritang":{"id":153855,"name":"Ritang","latitude":"27.55000000","longitude":"90.16670000"},"wangduephodrang":{"id":15723,"name":"Wangdue Phodrang","latitude":"27.48330000","longitude":"89.90000000"}}},"zhemgang":{"id":233,"name":"Zhemgang ","state_code":"34","latitude":"27.07697500","longitude":"90.82940020","type":"District","cities":{"panbang":{"id":15713,"name":"Panbang","latitude":"26.86667000","longitude":"90.98333000"},"zhemgang":{"id":15721,"name":"Zhemgang","latitude":"27.21689000","longitude":"90.65793000"}}}}}