{"id":91,"name":"Guernsey and Alderney","iso3":"GGY","iso2":"GG","numeric_code":"831","phone_code":"44","capital":"St Peter Port","currency":"GBP","currency_name":"British pound","currency_symbol":"\u00a3","tld":".gg","native":"Guernsey","region":"Europe","region_id":4,"subregion":"Northern Europe","subregion_id":18,"nationality":"Channel Island","timezones":[{"zoneName":"Europe/Guernsey","gmtOffset":0,"gmtOffsetName":"UTC\u00b100","abbreviation":"GMT","tzName":"Greenwich Mean Time"}],"translations":{"ko":"\uac74\uc9c0, \uc62c\ub354\ub2c8","pt-BR":"Guernsey","pt":"Guernsey","nl":"Guernsey","hr":"Guernsey","fa":"\u06af\u0631\u0646\u0632\u06cc","de":"Guernsey","es":"Guernsey","fr":"Guernesey","ja":"\u30ac\u30fc\u30f3\u30b8\u30fc","it":"Guernsey","zh-CN":"\u6839\u897f\u5c9b","tr":"Alderney","ru":"\u0413\u0435\u0440\u043d\u0441\u0438 \u0438 \u041e\u043b\u0434\u0435\u0440\u043d\u0438","uk":"\u0413\u0435\u0440\u043d\u0441\u0456 \u0442\u0430 \u041e\u043b\u0434\u0435\u0440\u043d\u0456","pl":"Guernsey i Alderney"},"latitude":"49.46666666","longitude":"-2.58333333","emoji":"\ud83c\uddec\ud83c\uddec","emojiU":"U+1F1EC U+1F1EC"}