{"id":168,"name":"Palau","iso3":"PLW","iso2":"PW","numeric_code":"585","phone_code":"680","capital":"Melekeok","currency":"USD","currency_name":"United States dollar","currency_symbol":"$","tld":".pw","native":"Palau","region":"Oceania","region_id":"5","subregion":"Micronesia","subregion_id":"21","nationality":"Palauan","timezones":[{"zoneName":"Pacific/Palau","gmtOffset":32400,"gmtOffsetName":"UTC+09:00","abbreviation":"PWT","tzName":"Palau Time"}],"translations":{"kr":"\ud314\ub77c\uc6b0","pt-BR":"Palau","pt":"Palau","nl":"Palau","hr":"Palau","fa":"\u067e\u0627\u0644\u0627\u0626\u0648","de":"Palau","es":"Palau","fr":"Palaos","ja":"\u30d1\u30e9\u30aa","it":"Palau","cn":"\u5e15\u52b3","tr":"Palau","ru":"\u041f\u0430\u043b\u0430\u0443","uk":"\u041f\u0430\u043b\u0430\u0443","pl":"Palau"},"latitude":"7.50000000","longitude":"134.50000000","emoji":"\ud83c\uddf5\ud83c\uddfc","emojiU":"U+1F1F5 U+1F1FC","states":{"aimeliik":{"id":4540,"name":"Aimeliik","state_code":"002","latitude":"7.44558590","longitude":"134.50308780","type":null,"cities":{"ngchemiangel":{"id":89709,"name":"Ngchemiangel","latitude":"7.44613000","longitude":"134.47678000"}}},"airai":{"id":4528,"name":"Airai","state_code":"004","latitude":"7.39661180","longitude":"134.56902250","type":null,"cities":{"ngetkib":{"id":89712,"name":"Ngetkib","latitude":"7.36451000","longitude":"134.51484000"}}},"angaur":{"id":4538,"name":"Angaur","state_code":"010","latitude":"6.90922300","longitude":"134.13879340","type":null,"cities":{"angaurstate":{"id":89700,"name":"Angaur State","latitude":"6.90601000","longitude":"134.12997000"}}},"hatohobei":{"id":4529,"name":"Hatohobei","state_code":"050","latitude":"3.00706580","longitude":"131.12377810","type":null,"cities":{"tobivillage":{"id":89714,"name":"Tobi Village","latitude":"3.00488000","longitude":"131.12168000"}}},"kayangel":{"id":4539,"name":"Kayangel","state_code":"100","latitude":"8.07000000","longitude":"134.70277800","type":null,"cities":{"kayangel":{"id":89702,"name":"Kayangel","latitude":"8.08228000","longitude":"134.71725000"}}},"koror":{"id":4532,"name":"Koror","state_code":"150","latitude":"7.33756460","longitude":"134.48894690","type":null,"cities":{"koror":{"id":89704,"name":"Koror","latitude":"7.33978000","longitude":"134.47326000"},"korortown":{"id":89705,"name":"Koror Town","latitude":"7.34257000","longitude":"134.47888000"}}},"melekeok":{"id":4530,"name":"Melekeok","state_code":"212","latitude":"7.51502860","longitude":"134.59725180","type":null,"cities":{"melekeokvillage":{"id":89706,"name":"Melekeok Village","latitude":"7.49567000","longitude":"134.63671000"}}},"ngaraard":{"id":4537,"name":"Ngaraard","state_code":"214","latitude":"7.60794000","longitude":"134.63486450","type":null,"cities":{"ulimang":{"id":89715,"name":"Ulimang","latitude":"7.62416000","longitude":"134.64208000"}}},"ngarchelong":{"id":4533,"name":"Ngarchelong","state_code":"218","latitude":"7.71054690","longitude":"134.63016460","type":null,"cities":{"mengellang":{"id":89707,"name":"Mengellang","latitude":"7.69570000","longitude":"134.63054000"}}},"ngardmau":{"id":4527,"name":"Ngardmau","state_code":"222","latitude":"7.58504860","longitude":"134.55960890","type":null,"cities":{"ngardmau":{"id":89708,"name":"Ngardmau","latitude":"7.60986000","longitude":"134.57440000"}}},"ngatpang":{"id":4531,"name":"Ngatpang","state_code":"224","latitude":"7.47109940","longitude":"134.52664660","type":null},"ngchesar":{"id":4536,"name":"Ngchesar","state_code":"226","latitude":"7.45232800","longitude":"134.57843420","type":null,"cities":{"ngchesarhamlet":{"id":89710,"name":"Ngchesar Hamlet","latitude":"7.46932000","longitude":"134.60991000"}}},"ngeremlengui":{"id":4541,"name":"Ngeremlengui","state_code":"227","latitude":"7.51983970","longitude":"134.55960890","type":null,"cities":{"imeonghamlet":{"id":89701,"name":"Imeong Hamlet","latitude":"7.53134000","longitude":"134.52713000"}}},"ngiwal":{"id":4534,"name":"Ngiwal","state_code":"228","latitude":"7.56147640","longitude":"134.61606190","type":null,"cities":{"ngerkeai":{"id":89711,"name":"Ngerkeai","latitude":"7.55456000","longitude":"134.63612000"}}},"peleliu":{"id":4526,"name":"Peleliu","state_code":"350","latitude":"7.00229060","longitude":"134.24316280","type":null,"cities":{"kloulklubed":{"id":89703,"name":"Kloulklubed","latitude":"7.04192000","longitude":"134.25561000"}}},"sonsorol":{"id":4535,"name":"Sonsorol","state_code":"370","latitude":"5.32681190","longitude":"132.22391170","type":null,"cities":{"sonsorolvillage":{"id":89713,"name":"Sonsorol Village","latitude":"5.32608000","longitude":"132.21943000"}}}}}