{"id":59,"name":"Denmark","iso3":"DNK","iso2":"DK","numeric_code":"208","phone_code":"45","capital":"Copenhagen","currency":"DKK","currency_name":"Danish krone","currency_symbol":"Kr.","tld":".dk","native":"Danmark","region":"Europe","region_id":"4","subregion":"Northern Europe","subregion_id":"18","nationality":"Danish","timezones":[{"zoneName":"Europe/Copenhagen","gmtOffset":3600,"gmtOffsetName":"UTC+01:00","abbreviation":"CET","tzName":"Central European Time"}],"translations":{"kr":"\ub374\ub9c8\ud06c","pt-BR":"Dinamarca","pt":"Dinamarca","nl":"Denemarken","hr":"Danska","fa":"\u062f\u0627\u0646\u0645\u0627\u0631\u06a9","de":"D\u00e4nemark","es":"Dinamarca","fr":"Danemark","ja":"\u30c7\u30f3\u30de\u30fc\u30af","it":"Danimarca","cn":"\u4e39\u9ea6","tr":"Danimarka","ru":"\u0414\u0430\u043d\u0438\u044f","uk":"\u0414\u0430\u043d\u0456\u044f","pl":"Dania"},"latitude":"56.00000000","longitude":"10.00000000","emoji":"\ud83c\udde9\ud83c\uddf0","emojiU":"U+1F1E9 U+1F1F0","states":{"capitalregionofdenmark":{"id":1530,"name":"Capital Region of Denmark","state_code":"84","latitude":"55.67518120","longitude":"12.54932610","type":null,"cities":{"\u00c5kirkeby":{"id":30990,"name":"\u00c5kirkeby","latitude":"55.07080000","longitude":"14.91978000"},"albertslund":{"id":30577,"name":"Albertslund","latitude":"55.65691000","longitude":"12.36381000"},"albertslundkommune":{"id":30578,"name":"Albertslund Kommune","latitude":"55.68022000","longitude":"12.34797000"},"aller\u00f8dkommune":{"id":30579,"name":"Aller\u00f8d Kommune","latitude":"55.85856000","longitude":"12.32558000"},"ballerup":{"id":30589,"name":"Ballerup","latitude":"55.73165000","longitude":"12.36328000"},"ballerupkommune":{"id":30590,"name":"Ballerup Kommune","latitude":"55.73248000","longitude":"12.35793000"},"birker\u00f8d":{"id":30595,"name":"Birker\u00f8d","latitude":"55.84759000","longitude":"12.42791000"},"blovstr\u00f8d":{"id":30598,"name":"Blovstr\u00f8d","latitude":"55.87038000","longitude":"12.38640000"},"bornholmkommune":{"id":30601,"name":"Bornholm Kommune","latitude":"55.12386000","longitude":"14.91115000"},"br\u00f8ndbykommune":{"id":30610,"name":"Br\u00f8ndby Kommune","latitude":"55.64290000","longitude":"12.41101000"},"charlottenlund":{"id":30616,"name":"Charlottenlund","latitude":"55.75238000","longitude":"12.57450000"},"christianshavn":{"id":30618,"name":"Christianshavn","latitude":"55.67383000","longitude":"12.59541000"},"christians\u00f8":{"id":30619,"name":"Christians\u00f8","latitude":"55.31982000","longitude":"15.18783000"},"copenhagen":{"id":30620,"name":"Copenhagen","latitude":"55.67594000","longitude":"12.56553000"},"drag\u00f8r":{"id":30622,"name":"Drag\u00f8r","latitude":"55.59280000","longitude":"12.67221000"},"drag\u00f8rkommune":{"id":30623,"name":"Drag\u00f8r Kommune","latitude":"55.58233000","longitude":"12.62756000"},"egedalkommune":{"id":30627,"name":"Egedal Kommune","latitude":"55.75556000","longitude":"12.22778000"},"esperg\u00e6rde":{"id":30633,"name":"Esperg\u00e6rde","latitude":"55.99464000","longitude":"12.54733000"},"farum":{"id":30638,"name":"Farum","latitude":"55.80858000","longitude":"12.36066000"},"fl\u00f8ng":{"id":30645,"name":"Fl\u00f8ng","latitude":"55.66212000","longitude":"12.18698000"},"fredensborg":{"id":30648,"name":"Fredensborg","latitude":"55.97558000","longitude":"12.40314000"},"fredensborgkommune":{"id":30649,"name":"Fredensborg Kommune","latitude":"55.95000000","longitude":"12.45000000"},"frederiksberg":{"id":30652,"name":"Frederiksberg","latitude":"55.67938000","longitude":"12.53463000"},"frederiksbergkommune":{"id":30654,"name":"Frederiksberg Kommune","latitude":"55.67856000","longitude":"12.52216000"},"frederikssund":{"id":30657,"name":"Frederikssund","latitude":"55.83956000","longitude":"12.06896000"},"frederikssundkommune":{"id":30658,"name":"Frederikssund Kommune","latitude":"55.80957000","longitude":"12.04038000"},"frederiksv\u00e6rk":{"id":30659,"name":"Frederiksv\u00e6rk","latitude":"55.97073000","longitude":"12.02250000"},"fures\u00f8kommune":{"id":30662,"name":"Fures\u00f8 Kommune","latitude":"55.78333000","longitude":"12.34167000"},"ganl\u00f8se":{"id":30664,"name":"Ganl\u00f8se","latitude":"55.79124000","longitude":"12.26421000"},"gentoftekommune":{"id":30665,"name":"Gentofte Kommune","latitude":"55.75000000","longitude":"12.55000000"},"gilleleje":{"id":30666,"name":"Gilleleje","latitude":"56.12196000","longitude":"12.31056000"},"gladsaxemunicipality":{"id":30670,"name":"Gladsaxe Municipality","latitude":"55.76667000","longitude":"12.43333000"},"glostrup":{"id":30672,"name":"Glostrup","latitude":"55.66660000","longitude":"12.40377000"},"glostrupkommune":{"id":30673,"name":"Glostrup Kommune","latitude":"55.68188000","longitude":"12.41018000"},"gr\u00e6sted":{"id":30681,"name":"Gr\u00e6sted","latitude":"56.06558000","longitude":"12.28512000"},"gribskovkommune":{"id":30678,"name":"Gribskov Kommune","latitude":"56.05833000","longitude":"12.24167000"},"halsn\u00e6skommune":{"id":30691,"name":"Halsn\u00e6s Kommune","latitude":"55.96765000","longitude":"11.94214000"},"hedehusene":{"id":153629,"name":"Hedehusene","latitude":"55.67594000","longitude":"12.56553000"},"helleb\u00e6k":{"id":30700,"name":"Helleb\u00e6k","latitude":"56.06823000","longitude":"12.55782000"},"helsinge":{"id":30701,"name":"Helsinge","latitude":"56.02283000","longitude":"12.19752000"},"helsing\u00f8r":{"id":30702,"name":"Helsing\u00f8r","latitude":"56.03606000","longitude":"12.61360000"},"helsing\u00f8rkommune":{"id":30703,"name":"Helsing\u00f8r Kommune","latitude":"56.05000000","longitude":"12.50000000"},"herlevkommune":{"id":30704,"name":"Herlev Kommune","latitude":"55.73317000","longitude":"12.43106000"},"hiller\u00f8d":{"id":30707,"name":"Hiller\u00f8d","latitude":"55.92791000","longitude":"12.30081000"},"hiller\u00f8dkommune":{"id":30708,"name":"Hiller\u00f8d Kommune","latitude":"55.92319000","longitude":"12.23794000"},"hornb\u00e6k":{"id":30722,"name":"Hornb\u00e6k","latitude":"56.09027000","longitude":"12.45693000"},"h\u00f8je-taastrupkommune":{"id":30736,"name":"H\u00f8je-Taastrup Kommune","latitude":"55.65643000","longitude":"12.24854000"},"h\u00f8rsholm":{"id":30739,"name":"H\u00f8rsholm","latitude":"55.88098000","longitude":"12.50111000"},"h\u00f8rsholmkommune":{"id":30740,"name":"H\u00f8rsholm Kommune","latitude":"55.88759000","longitude":"12.48566000"},"humleb\u00e6k":{"id":30727,"name":"Humleb\u00e6k","latitude":"55.96180000","longitude":"12.53410000"},"hundested":{"id":30728,"name":"Hundested","latitude":"55.96397000","longitude":"11.85044000"},"hvidovre":{"id":30731,"name":"Hvidovre","latitude":"55.65719000","longitude":"12.47364000"},"hvidovrekommune":{"id":30732,"name":"Hvidovre Kommune","latitude":"55.63166000","longitude":"12.46615000"},"ish\u00f8j":{"id":30745,"name":"Ish\u00f8j","latitude":"55.61543000","longitude":"12.35182000"},"ish\u00f8jkommune":{"id":30746,"name":"Ish\u00f8j Kommune","latitude":"55.62299000","longitude":"12.30567000"},"j\u00e6gerspris":{"id":30752,"name":"J\u00e6gerspris","latitude":"55.85248000","longitude":"11.98565000"},"kokkedal":{"id":30762,"name":"Kokkedal","latitude":"55.91179000","longitude":"12.49952000"},"kongenslyngby":{"id":30766,"name":"Kongens Lyngby","latitude":"55.77044000","longitude":"12.50378000"},"k\u00f8benhavn":{"id":30770,"name":"K\u00f8benhavn","latitude":"55.67110000","longitude":"12.56529000"},"liller\u00f8d":{"id":30780,"name":"Liller\u00f8d","latitude":"55.87496000","longitude":"12.34579000"},"liseleje":{"id":30782,"name":"Liseleje","latitude":"56.01295000","longitude":"11.96544000"},"lyngby-t\u00e5rb\u00e6kkommune":{"id":30785,"name":"Lyngby-T\u00e5rb\u00e6k Kommune","latitude":"55.78456000","longitude":"12.50508000"},"lynge":{"id":30786,"name":"Lynge","latitude":"55.83941000","longitude":"12.27725000"},"m\u00e5l\u00f8v":{"id":30803,"name":"M\u00e5l\u00f8v","latitude":"55.75528000","longitude":"12.32327000"},"nex\u00f8":{"id":30808,"name":"Nex\u00f8","latitude":"55.06067000","longitude":"15.13058000"},"niv\u00e5":{"id":30810,"name":"Niv\u00e5","latitude":"55.93405000","longitude":"12.50485000"},"n\u00f8debo":{"id":30823,"name":"N\u00f8debo","latitude":"55.97877000","longitude":"12.34685000"},"\u00d8lstykke":{"id":31000,"name":"\u00d8lstykke","latitude":"55.79567000","longitude":"12.15509000"},"r\u00f8dovre":{"id":30857,"name":"R\u00f8dovre","latitude":"55.68062000","longitude":"12.45373000"},"r\u00f8dovrekommune":{"id":30858,"name":"R\u00f8dovre Kommune","latitude":"55.68852000","longitude":"12.44834000"},"r\u00f8nne":{"id":30861,"name":"R\u00f8nne","latitude":"55.10091000","longitude":"14.70664000"},"rudersdalkommune":{"id":30849,"name":"Rudersdal Kommune","latitude":"55.82500000","longitude":"12.49167000"},"sk\u00e6vinge":{"id":30880,"name":"Sk\u00e6vinge","latitude":"55.90785000","longitude":"12.15036000"},"skibby":{"id":30874,"name":"Skibby","latitude":"55.75122000","longitude":"11.96083000"},"slangerup":{"id":30884,"name":"Slangerup","latitude":"55.85000000","longitude":"12.18333000"},"sm\u00f8rumnedre":{"id":30885,"name":"Sm\u00f8rumnedre","latitude":"55.74232000","longitude":"12.30276000"},"stavnsholt":{"id":30896,"name":"Stavnsholt","latitude":"55.81479000","longitude":"12.40545000"},"stenl\u00f8se":{"id":30900,"name":"Stenl\u00f8se","latitude":"55.76828000","longitude":"12.19723000"},"taastrup":{"id":30930,"name":"Taastrup","latitude":"55.65006000","longitude":"12.30160000"},"t\u00e5rnby":{"id":30946,"name":"T\u00e5rnby","latitude":"55.63030000","longitude":"12.60035000"},"t\u00e5rnbykommune":{"id":30947,"name":"T\u00e5rnby Kommune","latitude":"55.60391000","longitude":"12.59599000"},"tr\u00f8r\u00f8d":{"id":30944,"name":"Tr\u00f8r\u00f8d","latitude":"55.83946000","longitude":"12.54432000"},"vallensb\u00e6kkommune":{"id":30958,"name":"Vallensb\u00e6k Kommune","latitude":"55.63128000","longitude":"12.37369000"},"vallensb\u00e6kstrand":{"id":30957,"name":"Vallensb\u00e6k Strand","latitude":"55.62199000","longitude":"12.38511000"},"vanl\u00f8se":{"id":30960,"name":"Vanl\u00f8se","latitude":"55.68361000","longitude":"12.48713000"},"v\u00e6rl\u00f8se":{"id":30988,"name":"V\u00e6rl\u00f8se","latitude":"55.78251000","longitude":"12.36856000"},"veks\u00f8":{"id":30967,"name":"Veks\u00f8","latitude":"55.75473000","longitude":"12.23837000"}}},"centraldenmarkregion":{"id":1531,"name":"Central Denmark Region","state_code":"82","latitude":"56.30213900","longitude":"9.30277700","type":null,"cities":{"aarhus":{"id":30993,"name":"Aarhus","latitude":"56.15674000","longitude":"10.21076000"},"aarhuskommune":{"id":30994,"name":"Aarhus Kommune","latitude":"56.16317000","longitude":"10.16897000"},"alling\u00e5bro":{"id":30580,"name":"Alling\u00e5bro","latitude":"56.46432000","longitude":"10.31957000"},"assentoft":{"id":30585,"name":"Assentoft","latitude":"56.44210000","longitude":"10.15170000"},"auning":{"id":30587,"name":"Auning","latitude":"56.43079000","longitude":"10.37818000"},"avlum":{"id":30588,"name":"Avlum","latitude":"56.26539000","longitude":"8.79256000"},"beder":{"id":30591,"name":"Beder","latitude":"56.06025000","longitude":"10.21179000"},"bjerringbro":{"id":30596,"name":"Bjerringbro","latitude":"56.37797000","longitude":"9.66065000"},"bordingkirkeby":{"id":30600,"name":"Bording Kirkeby","latitude":"56.16871000","longitude":"9.24384000"},"brande":{"id":30604,"name":"Brande","latitude":"55.94316000","longitude":"9.12798000"},"br\u00e6dstrup":{"id":30609,"name":"Br\u00e6dstrup","latitude":"55.97153000","longitude":"9.61129000"},"ebeltoft":{"id":30626,"name":"Ebeltoft","latitude":"56.19442000","longitude":"10.68210000"},"favrskovkommune":{"id":30639,"name":"Favrskov Kommune","latitude":"56.31667000","longitude":"9.94000000"},"framlev":{"id":30647,"name":"Framlev","latitude":"56.15664000","longitude":"10.01318000"},"galten":{"id":30663,"name":"Galten","latitude":"56.15902000","longitude":"9.91691000"},"gjellerup":{"id":30669,"name":"Gjellerup","latitude":"56.14616000","longitude":"9.05467000"},"grenaa":{"id":30675,"name":"Grenaa","latitude":"56.41578000","longitude":"10.87825000"},"hadsten":{"id":30688,"name":"Hadsten","latitude":"56.32819000","longitude":"10.04931000"},"hammel":{"id":30692,"name":"Hammel","latitude":"56.25762000","longitude":"9.86316000"},"hammerum":{"id":30693,"name":"Hammerum","latitude":"56.13361000","longitude":"9.06121000"},"harbo\u00f8re":{"id":30695,"name":"Harbo\u00f8re","latitude":"56.61752000","longitude":"8.18069000"},"hedensted":{"id":30698,"name":"Hedensted","latitude":"55.77043000","longitude":"9.70110000"},"hedenstedkommune":{"id":30699,"name":"Hedensted Kommune","latitude":"55.79680000","longitude":"9.74400000"},"herning":{"id":30705,"name":"Herning","latitude":"56.13615000","longitude":"8.97662000"},"herningkommune":{"id":30706,"name":"Herning Kommune","latitude":"56.14997000","longitude":"8.89712000"},"hinnerup":{"id":30709,"name":"Hinnerup","latitude":"56.26608000","longitude":"10.06299000"},"hjortsh\u00f8j":{"id":30712,"name":"Hjortsh\u00f8j","latitude":"56.24811000","longitude":"10.26533000"},"holstebro":{"id":30719,"name":"Holstebro","latitude":"56.36009000","longitude":"8.61607000"},"holstebrokommune":{"id":30720,"name":"Holstebro Kommune","latitude":"56.35916000","longitude":"8.59631000"},"hornslet":{"id":30723,"name":"Hornslet","latitude":"56.31550000","longitude":"10.32041000"},"hornsyld":{"id":30724,"name":"Hornsyld","latitude":"55.75621000","longitude":"9.85643000"},"horsens":{"id":30725,"name":"Horsens","latitude":"55.86066000","longitude":"9.85034000"},"horsenskommune":{"id":30726,"name":"Horsens Kommune","latitude":"55.92740000","longitude":"9.77377000"},"h\u00f8rning":{"id":30738,"name":"H\u00f8rning","latitude":"56.08701000","longitude":"10.03716000"},"hvidesande":{"id":30730,"name":"Hvide Sande","latitude":"55.99866000","longitude":"8.12605000"},"ikast":{"id":30743,"name":"Ikast","latitude":"56.13883000","longitude":"9.15768000"},"ikast-brandekommune":{"id":30744,"name":"Ikast-Brande Kommune","latitude":"55.98333000","longitude":"9.21667000"},"juelsminde":{"id":30749,"name":"Juelsminde","latitude":"55.70876000","longitude":"10.01668000"},"karup":{"id":30755,"name":"Karup","latitude":"56.30673000","longitude":"9.16835000"},"kib\u00e6k":{"id":30758,"name":"Kib\u00e6k","latitude":"56.03170000","longitude":"8.85697000"},"kjellerup":{"id":30760,"name":"Kjellerup","latitude":"56.28581000","longitude":"9.43528000"},"kolt":{"id":30765,"name":"Kolt","latitude":"56.10845000","longitude":"10.06986000"},"lang\u00e5":{"id":30775,"name":"Lang\u00e5","latitude":"56.39026000","longitude":"9.89486000"},"lemvig":{"id":30778,"name":"Lemvig","latitude":"56.54856000","longitude":"8.31019000"},"lemvigkommune":{"id":30779,"name":"Lemvig Kommune","latitude":"56.49136000","longitude":"8.29927000"},"lind":{"id":30781,"name":"Lind","latitude":"56.10600000","longitude":"8.97915000"},"l\u00f8gten":{"id":30790,"name":"L\u00f8gten","latitude":"56.27459000","longitude":"10.31181000"},"lystrup":{"id":30787,"name":"Lystrup","latitude":"56.23750000","longitude":"10.23778000"},"malling":{"id":30794,"name":"Malling","latitude":"56.03632000","longitude":"10.19632000"},"m\u00e5rslet":{"id":30804,"name":"M\u00e5rslet","latitude":"56.06690000","longitude":"10.16112000"},"norddjurskommune":{"id":30813,"name":"Norddjurs Kommune","latitude":"56.44124000","longitude":"10.76660000"},"odder":{"id":30827,"name":"Odder","latitude":"55.97313000","longitude":"10.15300000"},"odderkommune":{"id":30828,"name":"Odder Kommune","latitude":"55.92967000","longitude":"10.15304000"},"randers":{"id":30838,"name":"Randers","latitude":"56.46070000","longitude":"10.03639000"},"randerskommune":{"id":30839,"name":"Randers Kommune","latitude":"56.51561000","longitude":"10.06901000"},"ringk\u00f8bing":{"id":30843,"name":"Ringk\u00f8bing","latitude":"56.09006000","longitude":"8.24402000"},"ringk\u00f8bing-skjernkommune":{"id":30844,"name":"Ringk\u00f8bing-Skjern Kommune","latitude":"56.01000000","longitude":"8.39667000"},"r\u00f8nde":{"id":30860,"name":"R\u00f8nde","latitude":"56.30145000","longitude":"10.47505000"},"ry":{"id":30851,"name":"Ry","latitude":"56.09038000","longitude":"9.76505000"},"ryomg\u00e5rd":{"id":30852,"name":"Ryomg\u00e5rd","latitude":"56.38430000","longitude":"10.50295000"},"sabro":{"id":30863,"name":"Sabro","latitude":"56.21333000","longitude":"10.03441000"},"sams\u00f8kommune":{"id":30865,"name":"Sams\u00f8 Kommune","latitude":"55.85245000","longitude":"10.60045000"},"silkeborg":{"id":30867,"name":"Silkeborg","latitude":"56.16970000","longitude":"9.54508000"},"silkeborgkommune":{"id":30868,"name":"Silkeborg Kommune","latitude":"56.17495000","longitude":"9.54666000"},"skanderborg":{"id":30872,"name":"Skanderborg","latitude":"56.03434000","longitude":"9.93177000"},"skanderborgkommune":{"id":30873,"name":"Skanderborg Kommune","latitude":"56.07956000","longitude":"9.89868000"},"skive":{"id":30875,"name":"Skive","latitude":"56.56699000","longitude":"9.02707000"},"skivekommune":{"id":30876,"name":"Skive Kommune","latitude":"56.64478000","longitude":"8.97660000"},"skjern":{"id":30877,"name":"Skjern","latitude":"55.95000000","longitude":"8.50000000"},"skovby":{"id":30878,"name":"Skovby","latitude":"56.15672000","longitude":"9.94523000"},"snejbjerg":{"id":30886,"name":"Snejbjerg","latitude":"56.13291000","longitude":"8.90353000"},"solbjerg":{"id":30888,"name":"Solbjerg","latitude":"56.04271000","longitude":"10.08631000"},"s\u00f8ften":{"id":30925,"name":"S\u00f8ften","latitude":"56.23801000","longitude":"10.08510000"},"spentrup":{"id":30894,"name":"Spentrup","latitude":"56.53703000","longitude":"10.03792000"},"stavtrup":{"id":30897,"name":"Stavtrup","latitude":"56.13124000","longitude":"10.11987000"},"stilling":{"id":30903,"name":"Stilling","latitude":"56.06224000","longitude":"9.98822000"},"stoholm":{"id":30904,"name":"Stoholm","latitude":"56.48454000","longitude":"9.14617000"},"struer":{"id":30909,"name":"Struer","latitude":"56.49205000","longitude":"8.59397000"},"struerkommune":{"id":30910,"name":"Struer Kommune","latitude":"56.46667000","longitude":"8.58333000"},"sunds":{"id":30915,"name":"Sunds","latitude":"56.20743000","longitude":"9.01386000"},"svejb\u00e6k":{"id":30917,"name":"Svejb\u00e6k","latitude":"56.13255000","longitude":"9.63289000"},"syddjurskommune":{"id":30923,"name":"Syddjurs Kommune","latitude":"56.31250000","longitude":"10.52083000"},"tarm":{"id":30931,"name":"Tarm","latitude":"55.90861000","longitude":"8.53041000"},"thybor\u00f8n":{"id":30936,"name":"Thybor\u00f8n","latitude":"56.69846000","longitude":"8.21238000"},"t\u00f8rring":{"id":30952,"name":"T\u00f8rring","latitude":"55.85000000","longitude":"9.48333000"},"tranbjerg":{"id":30942,"name":"Tranbjerg","latitude":"56.09519000","longitude":"10.13605000"},"trige":{"id":30943,"name":"Trige","latitude":"56.25291000","longitude":"10.14840000"},"ulfborg":{"id":30953,"name":"Ulfborg","latitude":"56.26725000","longitude":"8.32167000"},"ulstrup":{"id":30955,"name":"Ulstrup","latitude":"56.38994000","longitude":"9.79354000"},"viborg":{"id":30972,"name":"Viborg","latitude":"56.45319000","longitude":"9.40201000"},"viborgkommune":{"id":30973,"name":"Viborg Kommune","latitude":"56.45000000","longitude":"9.36667000"},"videb\u00e6k":{"id":30975,"name":"Videb\u00e6k","latitude":"56.08760000","longitude":"8.62852000"},"vildbjerg":{"id":30976,"name":"Vildbjerg","latitude":"56.20000000","longitude":"8.76667000"},"vinderup":{"id":30978,"name":"Vinderup","latitude":"56.48176000","longitude":"8.77991000"},"virklund":{"id":30981,"name":"Virklund","latitude":"56.13218000","longitude":"9.55582000"}}},"northdenmarkregion":{"id":1532,"name":"North Denmark Region","state_code":"81","latitude":"56.83074160","longitude":"9.49305270","type":null,"cities":{"aalborg":{"id":30575,"name":"Aalborg","latitude":"57.04800000","longitude":"9.91870000"},"aars":{"id":30576,"name":"Aars","latitude":"56.80399000","longitude":"9.51441000"},"\u00c5bybro":{"id":30989,"name":"\u00c5bybro","latitude":"57.16249000","longitude":"9.72996000"},"\u00c5lborgkommune":{"id":30991,"name":"\u00c5lborg Kommune","latitude":"57.00000000","longitude":"9.95000000"},"\u00c5lestrup":{"id":30992,"name":"\u00c5lestrup","latitude":"56.69470000","longitude":"9.49336000"},"arden":{"id":30581,"name":"Arden","latitude":"56.76899000","longitude":"9.86184000"},"brovst":{"id":30608,"name":"Brovst","latitude":"57.09750000","longitude":"9.52264000"},"br\u00f8nderslev":{"id":30611,"name":"Br\u00f8nderslev","latitude":"57.27021000","longitude":"9.94102000"},"br\u00f8nderslevkommune":{"id":30612,"name":"Br\u00f8nderslev Kommune","latitude":"57.23506000","longitude":"10.10061000"},"dronninglund":{"id":30624,"name":"Dronninglund","latitude":"57.16035000","longitude":"10.29287000"},"fars\u00f8":{"id":30637,"name":"Fars\u00f8","latitude":"56.77276000","longitude":"9.33925000"},"fjerritslev":{"id":30644,"name":"Fjerritslev","latitude":"57.08822000","longitude":"9.26622000"},"frederikshavn":{"id":30655,"name":"Frederikshavn","latitude":"57.44073000","longitude":"10.53661000"},"frederikshavnkommune":{"id":30656,"name":"Frederikshavn Kommune","latitude":"57.43347000","longitude":"10.42507000"},"frejlev":{"id":30660,"name":"Frejlev","latitude":"57.00623000","longitude":"9.81711000"},"gistrup":{"id":30667,"name":"Gistrup","latitude":"56.99430000","longitude":"9.99085000"},"hadsund":{"id":30689,"name":"Hadsund","latitude":"56.71482000","longitude":"10.11682000"},"hals":{"id":30690,"name":"Hals","latitude":"56.99609000","longitude":"10.30807000"},"hanstholm":{"id":30694,"name":"Hanstholm","latitude":"57.11667000","longitude":"8.61667000"},"hirtshals":{"id":30710,"name":"Hirtshals","latitude":"57.58812000","longitude":"9.95922000"},"hjallerup":{"id":30711,"name":"Hjallerup","latitude":"57.16466000","longitude":"10.14571000"},"hj\u00f8rring":{"id":30713,"name":"Hj\u00f8rring","latitude":"57.46417000","longitude":"9.98229000"},"hj\u00f8rringkommune":{"id":30714,"name":"Hj\u00f8rring Kommune","latitude":"57.45682000","longitude":"10.05859000"},"hobro":{"id":30715,"name":"Hobro","latitude":"56.64306000","longitude":"9.79029000"},"hurup":{"id":30729,"name":"Hurup","latitude":"56.74944000","longitude":"8.41953000"},"jammerbugtkommune":{"id":30747,"name":"Jammerbugt Kommune","latitude":"57.14583000","longitude":"9.56250000"},"k\u00e5s":{"id":30769,"name":"K\u00e5s","latitude":"57.19774000","longitude":"9.67173000"},"klarup":{"id":30761,"name":"Klarup","latitude":"57.01194000","longitude":"10.05617000"},"l\u00e6sokommune":{"id":30788,"name":"L\u00e6so Kommune","latitude":"57.26774000","longitude":"11.02265000"},"l\u00f8gst\u00f8r":{"id":30789,"name":"L\u00f8gst\u00f8r","latitude":"56.96245000","longitude":"9.25830000"},"l\u00f8kken":{"id":30793,"name":"L\u00f8kken","latitude":"57.37047000","longitude":"9.71466000"},"mariager":{"id":30795,"name":"Mariager","latitude":"56.64985000","longitude":"9.97515000"},"mariagerfjordkommune":{"id":30796,"name":"Mariagerfjord Kommune","latitude":"56.69722000","longitude":"9.84722000"},"mors\u00f8kommune":{"id":30801,"name":"Mors\u00f8 Kommune","latitude":"56.79622000","longitude":"8.73272000"},"nibe":{"id":30809,"name":"Nibe","latitude":"56.98150000","longitude":"9.63917000"},"n\u00f8rresundby":{"id":30826,"name":"N\u00f8rresundby","latitude":"57.05877000","longitude":"9.92284000"},"nyk\u00f8bingmors":{"id":30818,"name":"Nyk\u00f8bing Mors","latitude":"56.79334000","longitude":"8.85282000"},"pandrup":{"id":30836,"name":"Pandrup","latitude":"57.22147000","longitude":"9.67569000"},"rebildkommune":{"id":30840,"name":"Rebild Kommune","latitude":"56.80556000","longitude":"9.77778000"},"s\u00e6by":{"id":30924,"name":"S\u00e6by","latitude":"57.33188000","longitude":"10.52251000"},"sindal":{"id":30869,"name":"Sindal","latitude":"57.47117000","longitude":"10.20312000"},"skagen":{"id":30871,"name":"Skagen","latitude":"57.72093000","longitude":"10.58394000"},"sk\u00f8rping":{"id":30881,"name":"Sk\u00f8rping","latitude":"56.83626000","longitude":"9.89255000"},"storvorde":{"id":30906,"name":"Storvorde","latitude":"57.00392000","longitude":"10.10125000"},"st\u00f8vring":{"id":30913,"name":"St\u00f8vring","latitude":"56.88536000","longitude":"9.83839000"},"strandby":{"id":30907,"name":"Strandby","latitude":"57.49150000","longitude":"10.49609000"},"svenstrup":{"id":30920,"name":"Svenstrup","latitude":"56.97230000","longitude":"9.84806000"},"t\u00e5rs":{"id":30948,"name":"T\u00e5rs","latitude":"57.38333000","longitude":"10.11667000"},"thisted":{"id":30933,"name":"Thisted","latitude":"56.95523000","longitude":"8.69491000"},"thistedkommune":{"id":30934,"name":"Thisted Kommune","latitude":"57.00397000","longitude":"8.61834000"},"vadum":{"id":30956,"name":"Vadum","latitude":"57.11790000","longitude":"9.85700000"},"vestbjerg":{"id":30968,"name":"Vestbjerg","latitude":"57.13166000","longitude":"9.95942000"},"vesterhassing":{"id":30969,"name":"Vester Hassing","latitude":"57.06767000","longitude":"10.12558000"},"vesthimmerlandkommune":{"id":30971,"name":"Vesthimmerland Kommune","latitude":"56.80000000","longitude":"9.37083000"},"vodskov":{"id":30983,"name":"Vodskov","latitude":"57.10854000","longitude":"10.02215000"},"vr\u00e5":{"id":30987,"name":"Vr\u00e5","latitude":"57.35370000","longitude":"9.94176000"}}},"regionofsoutherndenmark":{"id":1529,"name":"Region of Southern Denmark","state_code":"83","latitude":"55.33077140","longitude":"9.09249030","type":null,"cities":{"aabenraa":{"id":30573,"name":"Aabenraa","latitude":"55.04434000","longitude":"9.41741000"},"aabenraakommune":{"id":30574,"name":"Aabenraa Kommune","latitude":"54.98980000","longitude":"9.31282000"},"\u00c5rslev":{"id":30995,"name":"\u00c5rslev","latitude":"55.30353000","longitude":"10.46428000"},"\u00c5rup":{"id":30996,"name":"\u00c5rup","latitude":"55.37315000","longitude":"10.04131000"},"assens":{"id":30583,"name":"Assens","latitude":"55.27023000","longitude":"9.90081000"},"assenskommune":{"id":30584,"name":"Assens Kommune","latitude":"55.29958000","longitude":"10.07952000"},"augustenborg":{"id":30586,"name":"Augustenborg","latitude":"54.95201000","longitude":"9.87216000"},"\u00c6r\u00f8kommune":{"id":30997,"name":"\u00c6r\u00f8 Kommune","latitude":"54.85833000","longitude":"10.43333000"},"\u00c6r\u00f8sk\u00f8bing":{"id":30998,"name":"\u00c6r\u00f8sk\u00f8bing","latitude":"54.88803000","longitude":"10.41117000"},"bellinge":{"id":30592,"name":"Bellinge","latitude":"55.33535000","longitude":"10.32045000"},"billund":{"id":30593,"name":"Billund","latitude":"55.73349000","longitude":"9.10785000"},"billundkommune":{"id":30594,"name":"Billund Kommune","latitude":"55.73079000","longitude":"8.96844000"},"bogense":{"id":30599,"name":"Bogense","latitude":"55.56691000","longitude":"10.08863000"},"b\u00f8rkop":{"id":30615,"name":"B\u00f8rkop","latitude":"55.64195000","longitude":"9.64958000"},"bramming":{"id":30603,"name":"Bramming","latitude":"55.46946000","longitude":"8.70007000"},"brejning":{"id":30605,"name":"Brejning","latitude":"55.66594000","longitude":"9.67217000"},"brenderup":{"id":30606,"name":"Brenderup","latitude":"55.48407000","longitude":"9.97908000"},"broager":{"id":30607,"name":"Broager","latitude":"54.88940000","longitude":"9.67465000"},"br\u00f8rup":{"id":30613,"name":"Br\u00f8rup","latitude":"55.48194000","longitude":"9.01756000"},"bullerup":{"id":30614,"name":"Bullerup","latitude":"55.42686000","longitude":"10.47137000"},"christiansfeld":{"id":30617,"name":"Christiansfeld","latitude":"55.35817000","longitude":"9.48701000"},"dybb\u00f8l":{"id":30625,"name":"Dybb\u00f8l","latitude":"54.91079000","longitude":"9.73601000"},"egtved":{"id":30628,"name":"Egtved","latitude":"55.61613000","longitude":"9.30763000"},"ejby":{"id":30629,"name":"Ejby","latitude":"55.43010000","longitude":"9.92973000"},"esbjerg":{"id":30631,"name":"Esbjerg","latitude":"55.47028000","longitude":"8.45187000"},"esbjergkommune":{"id":30632,"name":"Esbjerg Kommune","latitude":"55.46893000","longitude":"8.46222000"},"faaborg":{"id":30634,"name":"Faaborg","latitude":"55.09510000","longitude":"10.24226000"},"faaborg-midtfynkommune":{"id":30635,"name":"Faaborg-Midtfyn Kommune","latitude":"55.22667000","longitude":"10.40667000"},"fan\u00f8kommune":{"id":30636,"name":"Fan\u00f8 Kommune","latitude":"55.41667000","longitude":"8.41667000"},"fredericia":{"id":30650,"name":"Fredericia","latitude":"55.56568000","longitude":"9.75257000"},"fredericiakommune":{"id":30651,"name":"Fredericia Kommune","latitude":"55.57271000","longitude":"9.69489000"},"give":{"id":30668,"name":"Give","latitude":"55.84523000","longitude":"9.23769000"},"glamsbjerg":{"id":30671,"name":"Glamsbjerg","latitude":"55.27237000","longitude":"10.10483000"},"gram":{"id":30674,"name":"Gram","latitude":"55.28948000","longitude":"9.04913000"},"gr\u00e5sten":{"id":30680,"name":"Gr\u00e5sten","latitude":"54.91918000","longitude":"9.59523000"},"grindsted":{"id":30679,"name":"Grindsted","latitude":"55.75726000","longitude":"8.92750000"},"guderup":{"id":30682,"name":"Guderup","latitude":"54.98978000","longitude":"9.87174000"},"haderslev":{"id":30686,"name":"Haderslev","latitude":"55.24943000","longitude":"9.48771000"},"haderslevkommune":{"id":30687,"name":"Haderslev Kommune","latitude":"55.24441000","longitude":"9.32261000"},"h\u00e5rby":{"id":30733,"name":"H\u00e5rby","latitude":"55.22357000","longitude":"10.12268000"},"holsted":{"id":30721,"name":"Holsted","latitude":"55.51086000","longitude":"8.91872000"},"h\u00f8jby":{"id":30735,"name":"H\u00f8jby","latitude":"55.33177000","longitude":"10.43725000"},"h\u00f8ruphav":{"id":30741,"name":"H\u00f8ruphav","latitude":"54.91017000","longitude":"9.89872000"},"jelling":{"id":30748,"name":"Jelling","latitude":"55.75588000","longitude":"9.42580000"},"kerteminde":{"id":30756,"name":"Kerteminde","latitude":"55.44903000","longitude":"10.65769000"},"kertemindekommune":{"id":30757,"name":"Kerteminde Kommune","latitude":"55.45498000","longitude":"10.62220000"},"kolding":{"id":30763,"name":"Kolding","latitude":"55.49040000","longitude":"9.47216000"},"koldingkommune":{"id":30764,"name":"Kolding Kommune","latitude":"55.45006000","longitude":"9.45807000"},"krus\u00e5":{"id":30768,"name":"Krus\u00e5","latitude":"54.85097000","longitude":"9.40129000"},"langelandkommune":{"id":30773,"name":"Langeland Kommune","latitude":"54.90000000","longitude":"10.77222000"},"langeskov":{"id":30774,"name":"Langeskov","latitude":"55.35655000","longitude":"10.58447000"},"l\u00f8gumkloster":{"id":30791,"name":"L\u00f8gumkloster","latitude":"55.05941000","longitude":"8.95508000"},"l\u00f8jtkirkeby":{"id":30792,"name":"L\u00f8jt Kirkeby","latitude":"55.08959000","longitude":"9.46084000"},"lunderskov":{"id":30784,"name":"Lunderskov","latitude":"55.48375000","longitude":"9.29917000"},"marstal":{"id":30798,"name":"Marstal","latitude":"54.85621000","longitude":"10.51726000"},"middelfart":{"id":30799,"name":"Middelfart","latitude":"55.50591000","longitude":"9.73054000"},"middelfartkommune":{"id":30800,"name":"Middelfart Kommune","latitude":"55.45782000","longitude":"9.88100000"},"munkebo":{"id":30802,"name":"Munkebo","latitude":"55.45553000","longitude":"10.55433000"},"nederholluf":{"id":30806,"name":"Neder Holluf","latitude":"55.36451000","longitude":"10.44824000"},"nordborg":{"id":30811,"name":"Nordborg","latitude":"55.05732000","longitude":"9.74080000"},"nordby":{"id":30812,"name":"Nordby","latitude":"55.44603000","longitude":"8.39786000"},"nordfynskommune":{"id":30814,"name":"Nordfyns Kommune","latitude":"55.52222000","longitude":"10.22222000"},"n\u00f8rre\u00c5by":{"id":30825,"name":"N\u00f8rre \u00c5by","latitude":"55.46107000","longitude":"9.87940000"},"nyborg":{"id":30815,"name":"Nyborg","latitude":"55.31274000","longitude":"10.78964000"},"nyborgkommune":{"id":30816,"name":"Nyborg Kommune","latitude":"55.29473000","longitude":"10.70310000"},"odense":{"id":30829,"name":"Odense","latitude":"55.39594000","longitude":"10.38831000"},"odensekommune":{"id":30830,"name":"Odense Kommune","latitude":"55.39570000","longitude":"10.37761000"},"oksb\u00f8l":{"id":30832,"name":"Oksb\u00f8l","latitude":"55.62680000","longitude":"8.28757000"},"otterup":{"id":30834,"name":"Otterup","latitude":"55.51527000","longitude":"10.39756000"},"\u00d8lgod":{"id":30999,"name":"\u00d8lgod","latitude":"55.80682000","longitude":"8.62859000"},"padborg":{"id":30835,"name":"Padborg","latitude":"54.82657000","longitude":"9.36247000"},"ribe":{"id":30841,"name":"Ribe","latitude":"55.33051000","longitude":"8.76966000"},"ringe":{"id":30842,"name":"Ringe","latitude":"55.23828000","longitude":"10.47860000"},"r\u00f8dding":{"id":30855,"name":"R\u00f8dding","latitude":"55.36569000","longitude":"9.06316000"},"r\u00f8dekro":{"id":30856,"name":"R\u00f8dekro","latitude":"55.07076000","longitude":"9.33531000"},"rudk\u00f8bing":{"id":30850,"name":"Rudk\u00f8bing","latitude":"54.93639000","longitude":"10.71019000"},"seden":{"id":30866,"name":"Seden","latitude":"55.42648000","longitude":"10.44265000"},"skaerbaek":{"id":30870,"name":"Skaerbaek","latitude":"55.15735000","longitude":"8.76901000"},"snogh\u00f8j":{"id":30887,"name":"Snogh\u00f8j","latitude":"55.52253000","longitude":"9.72125000"},"s\u00f8nderbjert":{"id":30926,"name":"S\u00f8nder Bjert","latitude":"55.45272000","longitude":"9.56741000"},"s\u00f8nderborg":{"id":30927,"name":"S\u00f8nderborg","latitude":"54.90896000","longitude":"9.78917000"},"s\u00f8nderborgkommune":{"id":30928,"name":"S\u00f8nderborg Kommune","latitude":"54.91667000","longitude":"9.80000000"},"s\u00f8nders\u00f8":{"id":30929,"name":"S\u00f8nders\u00f8","latitude":"55.48526000","longitude":"10.25540000"},"starup":{"id":30895,"name":"Starup","latitude":"55.24097000","longitude":"9.53503000"},"stige":{"id":30902,"name":"Stige","latitude":"55.43941000","longitude":"10.40940000"},"strib":{"id":30908,"name":"Strib","latitude":"55.54021000","longitude":"9.76748000"},"svendborg":{"id":30918,"name":"Svendborg","latitude":"55.05982000","longitude":"10.60677000"},"svendborgkommune":{"id":30919,"name":"Svendborg Kommune","latitude":"55.08410000","longitude":"10.61391000"},"taulov":{"id":30932,"name":"Taulov","latitude":"55.54582000","longitude":"9.61553000"},"thur\u00f8by":{"id":30935,"name":"Thur\u00f8 By","latitude":"55.04740000","longitude":"10.66385000"},"tinglev":{"id":30937,"name":"Tinglev","latitude":"54.93788000","longitude":"9.25547000"},"tj\u00e6reborg":{"id":30938,"name":"Tj\u00e6reborg","latitude":"55.46457000","longitude":"8.57968000"},"toftlund":{"id":30939,"name":"Toftlund","latitude":"55.18858000","longitude":"9.06925000"},"tommerup":{"id":30940,"name":"Tommerup","latitude":"55.31952000","longitude":"10.20659000"},"tommerupstationsby":{"id":30941,"name":"Tommerup Stationsby","latitude":"55.34535000","longitude":"10.17594000"},"t\u00f8nder":{"id":30950,"name":"T\u00f8nder","latitude":"54.93306000","longitude":"8.86674000"},"t\u00f8nderkommune":{"id":30951,"name":"T\u00f8nder Kommune","latitude":"55.07304000","longitude":"8.87214000"},"ullerslev":{"id":30954,"name":"Ullerslev","latitude":"55.36172000","longitude":"10.65190000"},"vamdrup":{"id":30959,"name":"Vamdrup","latitude":"55.42764000","longitude":"9.28435000"},"varde":{"id":30961,"name":"Varde","latitude":"55.62112000","longitude":"8.48069000"},"vardekommune":{"id":30962,"name":"Varde Kommune","latitude":"55.61667000","longitude":"8.50000000"},"vejen":{"id":30963,"name":"Vejen","latitude":"55.48117000","longitude":"9.13795000"},"vejenkommune":{"id":30964,"name":"Vejen Kommune","latitude":"55.46312000","longitude":"9.05004000"},"vejle":{"id":30965,"name":"Vejle","latitude":"55.70927000","longitude":"9.53570000"},"vejlekommune":{"id":30966,"name":"Vejle Kommune","latitude":"55.74874000","longitude":"9.40421000"},"vester-skerninge":{"id":30970,"name":"Vester-Skerninge","latitude":"55.07322000","longitude":"10.45536000"},"vindeby":{"id":30977,"name":"Vindeby","latitude":"55.04489000","longitude":"10.61309000"},"vissenbjerg":{"id":30982,"name":"Vissenbjerg","latitude":"55.38482000","longitude":"10.13784000"},"vojens":{"id":30984,"name":"Vojens","latitude":"55.24639000","longitude":"9.30603000"}}},"regionzealand":{"id":1528,"name":"Region Zealand","state_code":"85","latitude":"55.46325180","longitude":"11.72149790","type":null,"cities":{"asn\u00e6s":{"id":30582,"name":"Asn\u00e6s","latitude":"55.81229000","longitude":"11.50129000"},"bj\u00e6verskov":{"id":30597,"name":"Bj\u00e6verskov","latitude":"55.45756000","longitude":"12.03651000"},"borup":{"id":30602,"name":"Borup","latitude":"55.49472000","longitude":"11.97584000"},"dianalund":{"id":30621,"name":"Dianalund","latitude":"55.53133000","longitude":"11.49250000"},"ejby":{"id":30630,"name":"Ejby","latitude":"55.48580000","longitude":"12.08171000"},"faxe":{"id":30640,"name":"Faxe","latitude":"55.25561000","longitude":"12.11926000"},"faxekommune":{"id":30641,"name":"Faxe Kommune","latitude":"55.29444000","longitude":"12.06111000"},"faxeladeplads":{"id":30642,"name":"Faxe Ladeplads","latitude":"55.21981000","longitude":"12.17013000"},"fensmark":{"id":30643,"name":"Fensmark","latitude":"55.27919000","longitude":"11.80382000"},"forlev":{"id":30646,"name":"Forlev","latitude":"55.37445000","longitude":"11.25966000"},"frederiksberg":{"id":30653,"name":"Frederiksberg","latitude":"55.41618000","longitude":"11.56934000"},"fuglebjerg":{"id":30661,"name":"Fuglebjerg","latitude":"55.30604000","longitude":"11.54766000"},"g\u00f8rlev":{"id":30685,"name":"G\u00f8rlev","latitude":"55.53926000","longitude":"11.22708000"},"greve":{"id":30676,"name":"Greve","latitude":"55.58333000","longitude":"12.30000000"},"grevekommune":{"id":30677,"name":"Greve Kommune","latitude":"55.58770000","longitude":"12.25060000"},"guldborgsundkommune":{"id":30683,"name":"Guldborgsund Kommune","latitude":"54.76944000","longitude":"11.83611000"},"gunds\u00f8magle":{"id":30684,"name":"Gunds\u00f8magle","latitude":"55.73565000","longitude":"12.15158000"},"h\u00e5rlev":{"id":30734,"name":"H\u00e5rlev","latitude":"55.34936000","longitude":"12.23382000"},"haslev":{"id":30696,"name":"Haslev","latitude":"55.32346000","longitude":"11.96389000"},"havdrup":{"id":30697,"name":"Havdrup","latitude":"55.54481000","longitude":"12.12392000"},"holb\u00e6k":{"id":30716,"name":"Holb\u00e6k","latitude":"55.71750000","longitude":"11.71279000"},"holb\u00e6kkommune":{"id":30717,"name":"Holb\u00e6k Kommune","latitude":"55.65919000","longitude":"11.62049000"},"holeby":{"id":30718,"name":"Holeby","latitude":"54.71148000","longitude":"11.46416000"},"h\u00f8ng":{"id":30737,"name":"H\u00f8ng","latitude":"55.50736000","longitude":"11.28873000"},"h\u00f8rve":{"id":30742,"name":"H\u00f8rve","latitude":"55.75292000","longitude":"11.45298000"},"jyderup":{"id":30750,"name":"Jyderup","latitude":"55.66399000","longitude":"11.42029000"},"jyllinge":{"id":30751,"name":"Jyllinge","latitude":"55.75295000","longitude":"12.10315000"},"kalundborg":{"id":30753,"name":"Kalundborg","latitude":"55.67954000","longitude":"11.08864000"},"kalundborgkommune":{"id":30754,"name":"Kalundborg Kommune","latitude":"55.63545000","longitude":"11.19993000"},"kirkehvals\u00f8":{"id":30759,"name":"Kirke Hvals\u00f8","latitude":"55.59170000","longitude":"11.86253000"},"kors\u00f8r":{"id":30767,"name":"Kors\u00f8r","latitude":"55.32993000","longitude":"11.13857000"},"k\u00f8ge":{"id":30771,"name":"K\u00f8ge","latitude":"55.45802000","longitude":"12.18214000"},"k\u00f8gekommune":{"id":30772,"name":"K\u00f8ge Kommune","latitude":"55.45668000","longitude":"12.07332000"},"lejre":{"id":30776,"name":"Lejre","latitude":"55.60461000","longitude":"11.97477000"},"lejrekommune":{"id":30777,"name":"Lejre Kommune","latitude":"55.63375000","longitude":"11.92234000"},"lollandkommune":{"id":30783,"name":"Lolland Kommune","latitude":"54.80238000","longitude":"11.29524000"},"maribo":{"id":30797,"name":"Maribo","latitude":"54.77662000","longitude":"11.50017000"},"nakskov":{"id":30805,"name":"Nakskov","latitude":"54.83038000","longitude":"11.13567000"},"n\u00e6stved":{"id":30821,"name":"N\u00e6stved","latitude":"55.22992000","longitude":"11.76092000"},"n\u00e6stvedkommune":{"id":30822,"name":"N\u00e6stved Kommune","latitude":"55.25855000","longitude":"11.74615000"},"nedervindinge":{"id":30807,"name":"Neder Vindinge","latitude":"55.03211000","longitude":"11.88356000"},"n\u00f8rrealslev":{"id":30824,"name":"N\u00f8rre Alslev","latitude":"54.89784000","longitude":"11.88414000"},"nyk\u00f8bingfalster":{"id":30817,"name":"Nyk\u00f8bing Falster","latitude":"54.76906000","longitude":"11.87425000"},"nyk\u00f8bingsj\u00e6lland":{"id":30819,"name":"Nyk\u00f8bing Sj\u00e6lland","latitude":"55.92491000","longitude":"11.67109000"},"nyr\u00e5d":{"id":30820,"name":"Nyr\u00e5d","latitude":"55.00511000","longitude":"11.96060000"},"odsherredkommune":{"id":30831,"name":"Odsherred Kommune","latitude":"55.88333000","longitude":"11.59444000"},"osted":{"id":30833,"name":"Osted","latitude":"55.56228000","longitude":"11.95786000"},"\u00d8rslev":{"id":31001,"name":"\u00d8rslev","latitude":"55.04356000","longitude":"11.96792000"},"pr\u00e6st\u00f8":{"id":30837,"name":"Pr\u00e6st\u00f8","latitude":"55.12374000","longitude":"12.04477000"},"ringsted":{"id":30845,"name":"Ringsted","latitude":"55.44260000","longitude":"11.79011000"},"ringstedkommune":{"id":30846,"name":"Ringsted Kommune","latitude":"55.44721000","longitude":"11.81720000"},"roskilde":{"id":30847,"name":"Roskilde","latitude":"55.64152000","longitude":"12.08035000"},"roskildekommune":{"id":30848,"name":"Roskilde Kommune","latitude":"55.65000000","longitude":"12.10000000"},"r\u00f8dby":{"id":30853,"name":"R\u00f8dby","latitude":"54.69495000","longitude":"11.38885000"},"r\u00f8dbyhavn":{"id":30854,"name":"R\u00f8dbyhavn","latitude":"54.65944000","longitude":"11.35504000"},"r\u00f8dvig":{"id":30859,"name":"R\u00f8dvig","latitude":"55.25540000","longitude":"12.37936000"},"r\u00f8nnede":{"id":30862,"name":"R\u00f8nnede","latitude":"55.25710000","longitude":"12.02125000"},"saksk\u00f8bing":{"id":30864,"name":"Saksk\u00f8bing","latitude":"54.79970000","longitude":"11.62599000"},"sk\u00e6lsk\u00f8r":{"id":30879,"name":"Sk\u00e6lsk\u00f8r","latitude":"55.25058000","longitude":"11.29352000"},"slagelse":{"id":30882,"name":"Slagelse","latitude":"55.40276000","longitude":"11.35459000"},"slagelsekommune":{"id":30883,"name":"Slagelse Kommune","latitude":"55.34546000","longitude":"11.33390000"},"solr\u00f8d":{"id":30889,"name":"Solr\u00f8d","latitude":"55.53628000","longitude":"12.18270000"},"solr\u00f8dkommune":{"id":30890,"name":"Solr\u00f8d Kommune","latitude":"55.53553000","longitude":"12.17337000"},"solr\u00f8dstrand":{"id":30891,"name":"Solr\u00f8d Strand","latitude":"55.53285000","longitude":"12.22227000"},"sor\u00f8":{"id":30892,"name":"Sor\u00f8","latitude":"55.43184000","longitude":"11.55547000"},"sor\u00f8kommune":{"id":30893,"name":"Sor\u00f8 Kommune","latitude":"55.48268000","longitude":"11.55693000"},"stege":{"id":30898,"name":"Stege","latitude":"54.98704000","longitude":"12.28461000"},"stenlille":{"id":30899,"name":"Stenlille","latitude":"55.53888000","longitude":"11.59120000"},"stevnskommune":{"id":30901,"name":"Stevns Kommune","latitude":"55.33373000","longitude":"12.30692000"},"storeheddinge":{"id":30905,"name":"Store Heddinge","latitude":"55.30965000","longitude":"12.38885000"},"str\u00f8byegede":{"id":30911,"name":"Str\u00f8by Egede","latitude":"55.41382000","longitude":"12.24502000"},"stubbek\u00f8bing":{"id":30912,"name":"Stubbek\u00f8bing","latitude":"54.88875000","longitude":"12.04102000"},"sundby":{"id":30914,"name":"Sundby","latitude":"54.76711000","longitude":"11.84979000"},"sveb\u00f8lle":{"id":30916,"name":"Sveb\u00f8lle","latitude":"55.65183000","longitude":"11.28658000"},"svinninge":{"id":30921,"name":"Svinninge","latitude":"55.72111000","longitude":"11.46547000"},"svogerslev":{"id":30922,"name":"Svogerslev","latitude":"55.63423000","longitude":"12.01465000"},"t\u00f8ll\u00f8se":{"id":30949,"name":"T\u00f8ll\u00f8se","latitude":"55.61250000","longitude":"11.77034000"},"tune":{"id":30945,"name":"Tune","latitude":"55.59287000","longitude":"12.16968000"},"viby":{"id":30974,"name":"Viby","latitude":"55.54872000","longitude":"12.02391000"},"vindinge":{"id":30979,"name":"Vindinge","latitude":"55.62298000","longitude":"12.13870000"},"vipper\u00f8d":{"id":30980,"name":"Vipper\u00f8d","latitude":"55.66768000","longitude":"11.73967000"},"vordingborg":{"id":30985,"name":"Vordingborg","latitude":"55.00801000","longitude":"11.91057000"},"vordingborgkommune":{"id":30986,"name":"Vordingborg Kommune","latitude":"55.01383000","longitude":"12.10008000"}}}}}