{"id":239,"name":"Venezuela","iso3":"VEN","iso2":"VE","numeric_code":"862","phone_code":"58","capital":"Caracas","currency":"VES","currency_name":"Bol\u00edvar","currency_symbol":"Bs","tld":".ve","native":"Venezuela","region":"Americas","region_id":"2","subregion":"South America","subregion_id":"8","nationality":"Venezuelan","timezones":[{"zoneName":"America/Caracas","gmtOffset":-14400,"gmtOffsetName":"UTC-04:00","abbreviation":"VET","tzName":"Venezuelan Standard Time"}],"translations":{"kr":"\ubca0\ub124\uc218\uc5d8\ub77c","pt-BR":"Venezuela","pt":"Venezuela","nl":"Venezuela","hr":"Venezuela","fa":"\u0648\u0646\u0632\u0648\u0626\u0644\u0627","de":"Venezuela","es":"Venezuela","fr":"Venezuela","ja":"\u30d9\u30cd\u30ba\u30a8\u30e9\u30fb\u30dc\u30ea\u30d0\u30eb\u5171\u548c\u56fd","it":"Venezuela","cn":"\u59d4\u5185\u745e\u62c9","tr":"Venezuela","ru":"\u0412\u0435\u043d\u0435\u0441\u0443\u044d\u043b\u0430","uk":"\u0412\u0435\u043d\u0435\u0441\u0443\u0435\u043b\u0430","pl":"Wenezuela"},"latitude":"8.00000000","longitude":"-66.00000000","emoji":"\ud83c\uddfb\ud83c\uddea","emojiU":"U+1F1FB U+1F1EA","states":{"amazonas":{"id":2044,"name":"Amazonas","state_code":"Z","latitude":"-3.41684270","longitude":"-65.85606460","type":"state","cities":{"maroa":{"id":130106,"name":"Maroa","latitude":"2.71880000","longitude":"-67.56046000"},"municipioaut\u00f3nomoaltoorinoco":{"id":130110,"name":"Municipio Aut\u00f3nomo Alto Orinoco","latitude":"2.73456000","longitude":"-64.83032000"},"puertoayacucho":{"id":130131,"name":"Puerto Ayacucho","latitude":"5.66049000","longitude":"-67.58343000"},"sancarlosder\u00edonegro":{"id":130142,"name":"San Carlos de R\u00edo Negro","latitude":"1.92027000","longitude":"-67.06089000"},"sanfernandodeatabapo":{"id":130146,"name":"San Fernando de Atabapo","latitude":"4.04564000","longitude":"-67.69934000"},"sanjuandemanapiare":{"id":130149,"name":"San Juan de Manapiare","latitude":"5.32665000","longitude":"-66.05402000"}}},"anzo\u00e1tegui":{"id":2050,"name":"Anzo\u00e1tegui","state_code":"B","latitude":"8.59130730","longitude":"-63.95861110","type":"state","cities":{"anaco":{"id":130041,"name":"Anaco","latitude":"9.42958000","longitude":"-64.46428000"},"araguadebarcelona":{"id":130042,"name":"Aragua de Barcelona","latitude":"9.45588000","longitude":"-64.82928000"},"barcelona":{"id":130044,"name":"Barcelona","latitude":"10.13625000","longitude":"-64.68618000"},"cantaura":{"id":130054,"name":"Cantaura","latitude":"9.30571000","longitude":"-64.35841000"},"eltigre":{"id":130078,"name":"El Tigre","latitude":"8.88902000","longitude":"-64.25270000"},"municipiojos\u00e9gregoriomonagas":{"id":130113,"name":"Municipio Jos\u00e9 Gregorio Monagas","latitude":"7.73874000","longitude":"-64.71876000"},"onoto":{"id":130127,"name":"Onoto","latitude":"9.59714000","longitude":"-65.19350000"},"puertolacruz":{"id":130133,"name":"Puerto La Cruz","latitude":"10.21382000","longitude":"-64.63280000"},"puertop\u00edritu":{"id":130134,"name":"Puerto P\u00edritu","latitude":"10.05896000","longitude":"-65.03698000"},"sanjos\u00e9deguanipa":{"id":130148,"name":"San Jos\u00e9 de Guanipa","latitude":"8.88724000","longitude":"-64.16512000"}}},"apure":{"id":4856,"name":"Apure","state_code":"C","latitude":"6.92694830","longitude":"-68.52471490","type":"state","cities":{"sanfernandodeapure":{"id":153351,"name":"San Fernando de Apure","latitude":"7.87266930","longitude":"-67.48193280"}}},"aragua":{"id":2047,"name":"Aragua","state_code":"D","latitude":"10.06357580","longitude":"-67.28478750","type":"state","cities":{"cagua":{"id":130052,"name":"Cagua","latitude":"10.18634000","longitude":"-67.45935000"},"ellim\u00f3n":{"id":130077,"name":"El Lim\u00f3n","latitude":"10.30589000","longitude":"-67.63212000"},"lavictoria":{"id":130093,"name":"La Victoria","latitude":"10.22677000","longitude":"-67.33122000"},"lastejer\u00edas":{"id":130096,"name":"Las Tejer\u00edas","latitude":"10.25416000","longitude":"-67.17333000"},"maracay":{"id":130104,"name":"Maracay","latitude":"10.23535000","longitude":"-67.59113000"},"palonegro":{"id":130128,"name":"Palo Negro","latitude":"10.17389000","longitude":"-67.54194000"},"sanmateo":{"id":130151,"name":"San Mateo","latitude":"10.21302000","longitude":"-67.42365000"},"santarita":{"id":130153,"name":"Santa Rita","latitude":"10.20540000","longitude":"-67.55948000"},"turmero":{"id":130162,"name":"Turmero","latitude":"10.22856000","longitude":"-67.47421000"},"villadecura":{"id":130169,"name":"Villa de Cura","latitude":"10.03863000","longitude":"-67.48938000"}}},"barinas":{"id":2049,"name":"Barinas","state_code":"E","latitude":"8.62314980","longitude":"-70.23710450","type":"state","cities":{"altobarinas":{"id":130040,"name":"Alto Barinas","latitude":"8.59310000","longitude":"-70.22610000"},"barinas":{"id":130045,"name":"Barinas","latitude":"8.62261000","longitude":"-70.20749000"},"barinitas":{"id":130046,"name":"Barinitas","latitude":"8.76171000","longitude":"-70.41199000"},"municipiobarinas":{"id":130111,"name":"Municipio Barinas","latitude":"8.61497000","longitude":"-70.19852000"}}},"bol\u00edvar":{"id":2039,"name":"Bol\u00edvar","state_code":"F","latitude":"37.61448380","longitude":"-93.41047490","type":"state","cities":{"ciudadbol\u00edvar":{"id":130067,"name":"Ciudad Bol\u00edvar","latitude":"8.12923000","longitude":"-63.54086000"},"ciudadguayana":{"id":130068,"name":"Ciudad Guayana","latitude":"8.35122000","longitude":"-62.64102000"},"municipiopadrepedrochien":{"id":130119,"name":"Municipio Padre Pedro Chien","latitude":"8.02455000","longitude":"-61.88187000"},"santaelenadeuair\u00e9n":{"id":130152,"name":"Santa Elena de Uair\u00e9n","latitude":"4.60226000","longitude":"-61.11025000"},"upata":{"id":130164,"name":"Upata","latitude":"8.01620000","longitude":"-62.40561000"}}},"carabobo":{"id":2040,"name":"Carabobo","state_code":"G","latitude":"10.11764330","longitude":"-68.04775090","type":"state","cities":{"guacara":{"id":130081,"name":"Guacara","latitude":"10.22609000","longitude":"-67.87700000"},"g\u00fcig\u00fce":{"id":130085,"name":"G\u00fcig\u00fce","latitude":"10.08344000","longitude":"-67.77799000"},"losguayos":{"id":130098,"name":"Los Guayos","latitude":"10.18932000","longitude":"-67.93828000"},"mariara":{"id":130105,"name":"Mariara","latitude":"10.29532000","longitude":"-67.71770000"},"mor\u00f3n":{"id":130108,"name":"Mor\u00f3n","latitude":"10.48715000","longitude":"-68.20078000"},"puertocabello":{"id":130132,"name":"Puerto Cabello","latitude":"10.47306000","longitude":"-68.01250000"},"sanjoaqu\u00edn":{"id":130147,"name":"San Joaqu\u00edn","latitude":"10.26061000","longitude":"-67.79348000"},"tacarigua":{"id":130156,"name":"Tacarigua","latitude":"10.08621000","longitude":"-67.91982000"},"tocuyito":{"id":130158,"name":"Tocuyito","latitude":"10.11347000","longitude":"-68.06783000"},"valencia":{"id":130165,"name":"Valencia","latitude":"10.16202000","longitude":"-68.00765000"}}},"cojedes":{"id":2034,"name":"Cojedes","state_code":"H","latitude":"9.38166820","longitude":"-68.33392750","type":"state","cities":{"sancarlos":{"id":130141,"name":"San Carlos","latitude":"9.66124000","longitude":"-68.58268000"},"tinaquillo":{"id":130157,"name":"Tinaquillo","latitude":"9.91861000","longitude":"-68.30472000"}}},"deltaamacuro":{"id":2051,"name":"Delta Amacuro","state_code":"Y","latitude":"8.84993070","longitude":"-61.14031960","type":"state","cities":{"tucupita":{"id":130161,"name":"Tucupita","latitude":"9.05806000","longitude":"-62.05000000"}}},"distritocapital":{"id":4855,"name":"Distrito Capital","state_code":"A","latitude":"41.26148460","longitude":"-95.93108070","type":"capital district","cities":{"caracas":{"id":149261,"name":"Caracas","latitude":"10.50000000","longitude":"-66.93333333"}}},"falc\u00f3n":{"id":2035,"name":"Falc\u00f3n","state_code":"I","latitude":"11.18106740","longitude":"-69.85974060","type":"state","cities":{"chichiriviche":{"id":130065,"name":"Chichiriviche","latitude":"10.92872000","longitude":"-68.27283000"},"coro":{"id":130071,"name":"Coro","latitude":"11.40450000","longitude":"-69.67344000"},"municipiolostaques":{"id":130116,"name":"Municipio Los Taques","latitude":"11.82308000","longitude":"-70.25353000"},"municipiomiranda":{"id":130118,"name":"Municipio Miranda","latitude":"11.31667000","longitude":"-69.86667000"},"puntacard\u00f3n":{"id":130135,"name":"Punta Card\u00f3n","latitude":"11.65806000","longitude":"-70.21500000"},"puntofijo":{"id":130136,"name":"Punto Fijo","latitude":"11.69152000","longitude":"-70.19918000"},"tucacas":{"id":130160,"name":"Tucacas","latitude":"10.79006000","longitude":"-68.32564000"}}},"federaldependenciesofvenezuela":{"id":2046,"name":"Federal Dependencies of Venezuela","state_code":"W","latitude":"10.93770530","longitude":"-65.35695730","type":"federal dependency"},"gu\u00e1rico":{"id":2045,"name":"Gu\u00e1rico","state_code":"J","latitude":"8.74893090","longitude":"-66.23671720","type":"state","cities":{"altagraciadeorituco":{"id":130039,"name":"Altagracia de Orituco","latitude":"9.86005000","longitude":"-66.38139000"},"calabozo":{"id":130053,"name":"Calabozo","latitude":"8.92416000","longitude":"-67.42929000"},"sanjuandelosmorros":{"id":130150,"name":"San Juan de los Morros","latitude":"9.91152000","longitude":"-67.35381000"},"valledelapascua":{"id":130167,"name":"Valle de La Pascua","latitude":"9.21554000","longitude":"-66.00734000"},"zaraza":{"id":130171,"name":"Zaraza","latitude":"9.35029000","longitude":"-65.32452000"}}},"laguaira":{"id":2055,"name":"La Guaira","state_code":"X","latitude":"29.30522680","longitude":"-94.79138540","type":"state","cities":{"caraballeda":{"id":130055,"name":"Caraballeda","latitude":"10.61216000","longitude":"-66.85192000"},"catialamar":{"id":130060,"name":"Catia La Mar","latitude":"10.60545000","longitude":"-67.03238000"},"laguaira":{"id":130092,"name":"La Guaira","latitude":"10.60156000","longitude":"-66.93293000"},"maiquet\u00eda":{"id":130102,"name":"Maiquet\u00eda","latitude":"10.59450000","longitude":"-66.95624000"}}},"lara":{"id":2038,"name":"Lara","state_code":"K","latitude":"33.98221650","longitude":"-118.13227470","type":"state","cities":{"barquisimeto":{"id":130047,"name":"Barquisimeto","latitude":"10.06470000","longitude":"-69.35703000"},"cabudare":{"id":130051,"name":"Cabudare","latitude":"10.02658000","longitude":"-69.26203000"},"carora":{"id":130057,"name":"Carora","latitude":"10.17283000","longitude":"-70.08100000"},"eltocuyo":{"id":130079,"name":"El Tocuyo","latitude":"9.78709000","longitude":"-69.79294000"},"losrastrojos":{"id":130099,"name":"Los Rastrojos","latitude":"10.02588000","longitude":"-69.24166000"},"qu\u00edbor":{"id":130137,"name":"Qu\u00edbor","latitude":"9.92866000","longitude":"-69.62010000"}}},"m\u00e9rida":{"id":2053,"name":"M\u00e9rida","state_code":"L","latitude":"20.96737020","longitude":"-89.59258570","type":"state","cities":{"ejido":{"id":130074,"name":"Ejido","latitude":"8.54665000","longitude":"-71.24087000"},"elvig\u00eda":{"id":130080,"name":"El Vig\u00eda","latitude":"8.61350000","longitude":"-71.65702000"},"m\u00e9rida":{"id":130124,"name":"M\u00e9rida","latitude":"8.58972000","longitude":"-71.15611000"},"mucumpiz":{"id":130109,"name":"Mucumpiz","latitude":"8.41667000","longitude":"-71.13333000"},"municipiolibertador":{"id":130115,"name":"Municipio Libertador","latitude":"8.33333000","longitude":"-71.11667000"}}},"miranda":{"id":2037,"name":"Miranda","state_code":"M","latitude":"42.35193830","longitude":"-71.52907660","type":"state","cities":{"baruta":{"id":130048,"name":"Baruta","latitude":"10.43424000","longitude":"-66.87558000"},"carrizal":{"id":130058,"name":"Carrizal","latitude":"10.34985000","longitude":"-66.98632000"},"caucaguita":{"id":130061,"name":"Caucaguita","latitude":"10.35782000","longitude":"-66.80252000"},"caucag\u00fcito":{"id":130062,"name":"Caucag\u00fcito","latitude":"10.48666000","longitude":"-66.73799000"},"chacao":{"id":130063,"name":"Chacao","latitude":"10.49581000","longitude":"-66.85367000"},"charallave":{"id":130064,"name":"Charallave","latitude":"10.24247000","longitude":"-66.85723000"},"c\u00faa":{"id":130073,"name":"C\u00faa","latitude":"10.16245000","longitude":"-66.88248000"},"elcafetal":{"id":130075,"name":"El Cafetal","latitude":"10.46541000","longitude":"-66.82951000"},"elhatillo":{"id":130076,"name":"El Hatillo","latitude":"10.42411000","longitude":"-66.82581000"},"guarenas":{"id":130083,"name":"Guarenas","latitude":"10.47027000","longitude":"-66.61934000"},"guatire":{"id":130084,"name":"Guatire","latitude":"10.47400000","longitude":"-66.54241000"},"ladolorita":{"id":130089,"name":"La Dolorita","latitude":"10.48830000","longitude":"-66.78608000"},"losdoscaminos":{"id":130097,"name":"Los Dos Caminos","latitude":"10.49389000","longitude":"-66.82863000"},"losteques":{"id":130100,"name":"Los Teques","latitude":"10.34447000","longitude":"-67.04325000"},"ocumaredeltuy":{"id":130126,"name":"Ocumare del Tuy","latitude":"10.11820000","longitude":"-66.77513000"},"petare":{"id":130129,"name":"Petare","latitude":"10.47679000","longitude":"-66.80786000"},"sanantoniodelosaltos":{"id":130139,"name":"San Antonio de Los Altos","latitude":"10.38853000","longitude":"-66.95179000"},"santateresadeltuy":{"id":130155,"name":"Santa Teresa del Tuy","latitude":"10.23291000","longitude":"-66.66474000"}}},"monagas":{"id":2054,"name":"Monagas","state_code":"N","latitude":"9.32416520","longitude":"-63.01475780","type":"state","cities":{"caripito":{"id":130056,"name":"Caripito","latitude":"10.11135000","longitude":"-63.09985000"},"matur\u00edn":{"id":130107,"name":"Matur\u00edn","latitude":"9.74569000","longitude":"-63.18323000"},"municipiomatur\u00edn":{"id":130117,"name":"Municipio Matur\u00edn","latitude":"9.40000000","longitude":"-63.03333000"},"municipiouracoa":{"id":130122,"name":"Municipio Uracoa","latitude":"8.99960000","longitude":"-62.35164000"}}},"nuevaesparta":{"id":2052,"name":"Nueva Esparta","state_code":"O","latitude":"10.99707230","longitude":"-63.91132960","type":"state","cities":{"juangriego":{"id":130087,"name":"Juan Griego","latitude":"11.08172000","longitude":"-63.96549000"},"laasunci\u00f3n":{"id":130088,"name":"La Asunci\u00f3n","latitude":"11.03333000","longitude":"-63.86278000"},"porlamar":{"id":130130,"name":"Porlamar","latitude":"10.95771000","longitude":"-63.86971000"}}},"portuguesa":{"id":2036,"name":"Portuguesa","state_code":"P","latitude":"9.09439990","longitude":"-69.09702300","type":"state","cities":{"acarigua":{"id":130038,"name":"Acarigua","latitude":"9.55451000","longitude":"-69.19564000"},"araure":{"id":130043,"name":"Araure","latitude":"9.58144000","longitude":"-69.23851000"},"guanare":{"id":130082,"name":"Guanare","latitude":"9.04183000","longitude":"-69.74206000"},"villabruzual":{"id":130168,"name":"Villa Bruzual","latitude":"9.33186000","longitude":"-69.11968000"}}},"sucre":{"id":2056,"name":"Sucre","state_code":"R","latitude":"-19.03534500","longitude":"-65.25921280","type":"state","cities":{"car\u00fapano":{"id":130059,"name":"Car\u00fapano","latitude":"10.66516000","longitude":"-63.25387000"},"cuman\u00e1":{"id":130072,"name":"Cuman\u00e1","latitude":"10.45397000","longitude":"-64.18256000"},"g\u00fciria":{"id":130086,"name":"G\u00fciria","latitude":"10.57721000","longitude":"-62.29841000"},"municipiovaldez":{"id":130123,"name":"Municipio Valdez","latitude":"10.57945000","longitude":"-62.30029000"}}},"t\u00e1chira":{"id":2048,"name":"T\u00e1chira","state_code":"S","latitude":"7.91370010","longitude":"-72.14161320","type":"state","cities":{"col\u00f3n":{"id":130070,"name":"Col\u00f3n","latitude":"8.03125000","longitude":"-72.26053000"},"lafr\u00eda":{"id":130090,"name":"La Fr\u00eda","latitude":"8.21523000","longitude":"-72.24888000"},"lagrita":{"id":130091,"name":"La Grita","latitude":"8.13316000","longitude":"-71.98390000"},"municipiojos\u00e9mar\u00edavargas":{"id":130114,"name":"Municipio Jos\u00e9 Mar\u00eda Vargas","latitude":"8.03514000","longitude":"-72.05675000"},"rubio":{"id":130138,"name":"Rubio","latitude":"7.70131000","longitude":"-72.35569000"},"sanantoniodelt\u00e1chira":{"id":130140,"name":"San Antonio del T\u00e1chira","latitude":"7.81454000","longitude":"-72.44310000"},"sancrist\u00f3bal":{"id":130144,"name":"San Crist\u00f3bal","latitude":"7.76694000","longitude":"-72.22500000"},"t\u00e1riba":{"id":130163,"name":"T\u00e1riba","latitude":"7.81880000","longitude":"-72.22427000"}}},"trujillo":{"id":2043,"name":"Trujillo","state_code":"T","latitude":"36.67343430","longitude":"-121.62875880","type":"state","cities":{"bocon\u00f3":{"id":130049,"name":"Bocon\u00f3","latitude":"9.25385000","longitude":"-70.25105000"},"municipiopampanito":{"id":130120,"name":"Municipio Pampanito","latitude":"9.41147000","longitude":"-70.49592000"},"municipiosanrafaeldecarvajal":{"id":130121,"name":"Municipio San Rafael de Carvajal","latitude":"9.30756000","longitude":"-70.58965000"},"trujillo":{"id":130159,"name":"Trujillo","latitude":"9.36583000","longitude":"-70.43694000"},"valera":{"id":130166,"name":"Valera","latitude":"9.31778000","longitude":"-70.60361000"}}},"yaracuy":{"id":2041,"name":"Yaracuy","state_code":"U","latitude":"10.33938900","longitude":"-68.81088490","type":"state","cities":{"chivacoa":{"id":130066,"name":"Chivacoa","latitude":"10.15951000","longitude":"-68.89453000"},"municipioindependencia":{"id":130112,"name":"Municipio Independencia","latitude":"10.33472000","longitude":"-68.75555000"},"nirgua":{"id":130125,"name":"Nirgua","latitude":"10.15039000","longitude":"-68.56478000"},"sanfelipe":{"id":130145,"name":"San Felipe","latitude":"10.33991000","longitude":"-68.74247000"},"yaritagua":{"id":130170,"name":"Yaritagua","latitude":"10.08081000","longitude":"-69.12420000"}}},"zulia":{"id":2042,"name":"Zulia","state_code":"V","latitude":"10.29102370","longitude":"-72.14161320","type":"state","cities":{"cabimas":{"id":130050,"name":"Cabimas","latitude":"10.39907000","longitude":"-71.45206000"},"ciudadojeda":{"id":130069,"name":"Ciudad Ojeda","latitude":"10.20161000","longitude":"-71.31480000"},"lavilladelrosario":{"id":130094,"name":"La Villa del Rosario","latitude":"10.32580000","longitude":"-72.31343000"},"lagunillas":{"id":130095,"name":"Lagunillas","latitude":"10.13008000","longitude":"-71.25946000"},"machiques":{"id":130101,"name":"Machiques","latitude":"10.06077000","longitude":"-72.55212000"},"maracaibo":{"id":130103,"name":"Maracaibo","latitude":"10.66663000","longitude":"-71.61245000"},"sancarlosdelzulia":{"id":130143,"name":"San Carlos del Zulia","latitude":"9.00098000","longitude":"-71.92683000"},"santarita":{"id":130154,"name":"Santa Rita","latitude":"10.53642000","longitude":"-71.51104000"}}}}}