{"id":164,"name":"Northern Mariana Islands","iso3":"MNP","iso2":"MP","numeric_code":"580","phone_code":"1-670","capital":"Saipan","currency":"USD","currency_name":"United States dollar","currency_symbol":"$","tld":".mp","native":"Northern Mariana Islands","region":"Oceania","region_id":"5","subregion":"Micronesia","subregion_id":"21","nationality":"Northern Marianan","timezones":[{"zoneName":"Pacific/Saipan","gmtOffset":36000,"gmtOffsetName":"UTC+10:00","abbreviation":"ChST","tzName":"Chamorro Standard Time"}],"translations":{"kr":"\ubd81\ub9c8\ub9ac\uc544\ub098 \uc81c\ub3c4","pt-BR":"Ilhas Marianas","pt":"Ilhas Marianas","nl":"Noordelijke Marianeneilanden","hr":"Sjevernomarijanski otoci","fa":"\u062c\u0632\u0627\u06cc\u0631 \u0645\u0627\u0631\u06cc\u0627\u0646\u0627\u06cc \u0634\u0645\u0627\u0644\u06cc","de":"N\u00f6rdliche Marianen","es":"Islas Marianas del Norte","fr":"\u00celes Mariannes du Nord","ja":"\u5317\u30de\u30ea\u30a2\u30ca\u8af8\u5cf6","it":"Isole Marianne Settentrionali","cn":"\u5317\u9a6c\u91cc\u4e9a\u7eb3\u7fa4\u5c9b","tr":"Kuzey Mariana Adalari"},"latitude":"15.20000000","longitude":"145.75000000","emoji":"\ud83c\uddf2\ud83c\uddf5","emojiU":"U+1F1F2 U+1F1F5"}