{"id":229,"name":"Uganda","iso3":"UGA","iso2":"UG","numeric_code":"800","phonecode":"256","capital":"Kampala","currency":"UGX","currency_name":"Ugandan shilling","currency_symbol":"USh","tld":".ug","native":"Uganda","region":"Africa","region_id":1,"subregion":"Eastern Africa","subregion_id":4,"nationality":"Ugandan","timezones":[{"zoneName":"Africa/Kampala","gmtOffset":10800,"gmtOffsetName":"UTC+03:00","abbreviation":"EAT","tzName":"East Africa Time"}],"translations":{"ko":"\uc6b0\uac04\ub2e4","pt-BR":"Uganda","pt":"Uganda","nl":"Oeganda","hr":"Uganda","fa":"\u0627\u0648\u06af\u0627\u0646\u062f\u0627","de":"Uganda","es":"Uganda","fr":"Uganda","ja":"\u30a6\u30ac\u30f3\u30c0","it":"Uganda","zh-CN":"\u4e4c\u5e72\u8fbe","tr":"Uganda","ru":"\u0423\u0433\u0430\u043d\u0434\u0430","uk":"\u0423\u0433\u0430\u043d\u0434\u0430","pl":"Uganda"},"latitude":"1.00000000","longitude":"32.00000000","emoji":"\ud83c\uddfa\ud83c\uddec","emojiU":"U+1F1FA U+1F1EC","states":{"abim":{"id":329,"name":"Abim","state_code":"314","latitude":"2.70669800","longitude":"33.65953370","type":"district"},"adjumani":{"id":361,"name":"Adjumani","state_code":"301","latitude":"3.25485270","longitude":"31.71954590","type":"district"},"agago":{"id":392,"name":"Agago","state_code":"322","latitude":"2.92508200","longitude":"33.34861470","type":"district"},"alebtong":{"id":344,"name":"Alebtong","state_code":"323","latitude":"2.25457730","longitude":"33.34861470","type":"district"},"amolatar":{"id":416,"name":"Amolatar","state_code":"315","latitude":"1.60544020","longitude":"32.80844960","type":"district"},"amudat":{"id":353,"name":"Amudat","state_code":"324","latitude":"1.79162240","longitude":"34.90655100","type":"district"},"amuria":{"id":352,"name":"Amuria","state_code":"216","latitude":"2.03017000","longitude":"33.64275330","type":"district"},"amuru":{"id":335,"name":"Amuru","state_code":"316","latitude":"2.96678780","longitude":"32.08374450","type":"district"},"apac":{"id":328,"name":"Apac","state_code":"302","latitude":"1.87302630","longitude":"32.62774550","type":"district"},"arua":{"id":447,"name":"Arua","state_code":"303","latitude":"2.99598460","longitude":"31.17103890","type":"district"},"budaka":{"id":441,"name":"Budaka","state_code":"217","latitude":"1.10162770","longitude":"33.93039910","type":"district"},"bududa":{"id":349,"name":"Bududa","state_code":"218","latitude":"1.00296930","longitude":"34.33381230","type":"district"},"bugiri":{"id":387,"name":"Bugiri","state_code":"201","latitude":"0.53161270","longitude":"33.75177230","type":"district"},"bugweri":{"id":5350,"name":"Bugweri","state_code":"235","latitude":"0.62222290","longitude":"33.44805470","type":"district"},"buhweju":{"id":391,"name":"Buhweju","state_code":"420","latitude":"-0.29113590","longitude":"30.29741990","type":"district"},"buikwe":{"id":377,"name":"Buikwe","state_code":"117","latitude":"0.31440460","longitude":"32.98883190","type":"district"},"bukedea":{"id":343,"name":"Bukedea","state_code":"219","latitude":"1.35568980","longitude":"34.10867930","type":"district"},"bukomansimbi":{"id":375,"name":"Bukomansimbi","state_code":"118","latitude":"-0.14327520","longitude":"31.60548930","type":"district"},"bukwo":{"id":385,"name":"Bukwo","state_code":"220","latitude":"1.28186510","longitude":"34.72987650","type":"district"},"bulambuli":{"id":428,"name":"Bulambuli","state_code":"225","latitude":"1.47988460","longitude":"34.37544140","type":"district"},"buliisa":{"id":389,"name":"Buliisa","state_code":"416","latitude":"2.02996070","longitude":"31.53700030","type":"district"},"bundibugyo":{"id":419,"name":"Bundibugyo","state_code":"401","latitude":"0.68517630","longitude":"30.02029640","type":"district"},"bunyangabu":{"id":381,"name":"Bunyangabu","state_code":"430","latitude":"0.48709180","longitude":"30.20510960","type":"district"},"bushenyi":{"id":386,"name":"Bushenyi","state_code":"402","latitude":"-0.48709180","longitude":"30.20510960","type":"district"},"busia":{"id":431,"name":"Busia","state_code":"202","latitude":"0.40447310","longitude":"34.01958270","type":"district"},"butaleja":{"id":365,"name":"Butaleja","state_code":"221","latitude":"0.84749220","longitude":"33.84112880","type":"district"},"butambala":{"id":384,"name":"Butambala","state_code":"119","latitude":"0.17425000","longitude":"32.10646680","type":"district"},"butebo":{"id":388,"name":"Butebo","state_code":"233","latitude":"1.21411240","longitude":"33.90808960","type":"district"},"buvuma":{"id":414,"name":"Buvuma","state_code":"120","latitude":"-0.37649120","longitude":"33.25879300","type":"district"},"buyende":{"id":380,"name":"Buyende","state_code":"226","latitude":"1.24136820","longitude":"33.12390490","type":"district"},"central":{"id":396,"name":"Central","state_code":"C","latitude":"44.29687500","longitude":"-94.74017330","type":"region","cities":{"bukomansimbidistrict":{"id":110880,"name":"Bukomansimbi District","latitude":"-0.12855000","longitude":"31.62527000"},"buvumadistrict":{"id":110886,"name":"Buvuma District","latitude":"-0.36744000","longitude":"33.20071000"},"bweyogerere":{"id":110888,"name":"Bweyogerere","latitude":"0.35773000","longitude":"32.66332000"},"byakabanda":{"id":110890,"name":"Byakabanda","latitude":"-0.74250000","longitude":"31.40639000"},"entebbe":{"id":110891,"name":"Entebbe","latitude":"0.05621000","longitude":"32.47949000"},"gombadistrict":{"id":110893,"name":"Gomba District","latitude":"0.20017000","longitude":"31.75023000"},"kajansi":{"id":110902,"name":"Kajansi","latitude":"0.21548000","longitude":"32.53453000"},"kampala":{"id":110903,"name":"Kampala","latitude":"0.31628000","longitude":"32.58219000"},"kampaladistrict":{"id":110904,"name":"Kampala District","latitude":"0.33508000","longitude":"32.58313000"},"kanoni":{"id":110907,"name":"Kanoni","latitude":"0.17722000","longitude":"31.88111000"},"kayunga":{"id":110911,"name":"Kayunga","latitude":"0.70250000","longitude":"32.88861000"},"kiboga":{"id":110913,"name":"Kiboga","latitude":"0.91611000","longitude":"31.77417000"},"kireka":{"id":110917,"name":"Kireka","latitude":"0.34750000","longitude":"32.64917000"},"kyotera":{"id":110924,"name":"Kyotera","latitude":"-0.61556000","longitude":"31.51750000"},"lugazi":{"id":110926,"name":"Lugazi","latitude":"0.36788000","longitude":"32.93760000"},"luwero":{"id":110927,"name":"Luwero","latitude":"0.84917000","longitude":"32.47306000"},"lyantonde":{"id":110928,"name":"Lyantonde","latitude":"-0.40306000","longitude":"31.15722000"},"masaka":{"id":110930,"name":"Masaka","latitude":"-0.33379000","longitude":"31.73409000"},"mityana":{"id":110936,"name":"Mityana","latitude":"0.41750000","longitude":"32.02278000"},"mpigi":{"id":110939,"name":"Mpigi","latitude":"0.22500000","longitude":"32.31361000"},"mubende":{"id":110940,"name":"Mubende","latitude":"0.55849000","longitude":"31.39489000"},"mubendedistrict":{"id":110941,"name":"Mubende District","latitude":"0.50000000","longitude":"31.50000000"},"mukono":{"id":110943,"name":"Mukono","latitude":"0.35333000","longitude":"32.75528000"},"nakasongola":{"id":110944,"name":"Nakasongola","latitude":"1.30889000","longitude":"32.45639000"},"namasuba":{"id":110945,"name":"Namasuba","latitude":"0.68944000","longitude":"32.42139000"},"njeru":{"id":110947,"name":"Njeru","latitude":"0.44166000","longitude":"33.17917000"},"sembabule":{"id":110957,"name":"Sembabule","latitude":"-0.07722000","longitude":"31.45667000"},"wakiso":{"id":110961,"name":"Wakiso","latitude":"0.40444000","longitude":"32.45944000"},"wakisodistrict":{"id":110962,"name":"Wakiso District","latitude":"0.23763000","longitude":"32.47836000"},"wobulenzi":{"id":110963,"name":"Wobulenzi","latitude":"0.72833000","longitude":"32.51222000"}}},"dokolo":{"id":341,"name":"Dokolo","state_code":"317","latitude":"1.96364210","longitude":"33.03387670","type":"district"},"eastern":{"id":372,"name":"Eastern","state_code":"E","latitude":"6.23740360","longitude":"-0.45023680","type":"region","cities":{"bugembe":{"id":110878,"name":"Bugembe","latitude":"0.48213000","longitude":"33.24065000"},"bugiri":{"id":110879,"name":"Bugiri","latitude":"0.57139000","longitude":"33.74167000"},"bukwadistrict":{"id":110881,"name":"Bukwa District","latitude":"1.27115000","longitude":"34.66778000"},"bulambulidistrict":{"id":110882,"name":"Bulambuli District","latitude":"1.32055000","longitude":"34.28062000"},"busembatia":{"id":110884,"name":"Busembatia","latitude":"0.77725000","longitude":"33.62364000"},"busia":{"id":110885,"name":"Busia","latitude":"0.46588000","longitude":"34.09221000"},"buwenge":{"id":110887,"name":"Buwenge","latitude":"0.64996000","longitude":"33.17128000"},"iganga":{"id":110898,"name":"Iganga","latitude":"0.60917000","longitude":"33.46861000"},"jinja":{"id":110899,"name":"Jinja","latitude":"0.43902000","longitude":"33.20317000"},"kamuli":{"id":110905,"name":"Kamuli","latitude":"0.94722000","longitude":"33.11972000"},"kapchorwa":{"id":110909,"name":"Kapchorwa","latitude":"1.40096000","longitude":"34.45038000"},"kibukudistrict":{"id":110914,"name":"Kibuku District","latitude":"1.05000000","longitude":"33.80879000"},"kumi":{"id":110922,"name":"Kumi","latitude":"1.46083000","longitude":"33.93611000"},"mayuge":{"id":110933,"name":"Mayuge","latitude":"0.45972000","longitude":"33.48028000"},"mbale":{"id":110934,"name":"Mbale","latitude":"1.08209000","longitude":"34.17503000"},"pallisa":{"id":110955,"name":"Pallisa","latitude":"1.14500000","longitude":"33.70944000"},"sironko":{"id":110958,"name":"Sironko","latitude":"1.23132000","longitude":"34.24773000"},"soroti":{"id":110959,"name":"Soroti","latitude":"1.71464000","longitude":"33.61113000"},"tororo":{"id":110960,"name":"Tororo","latitude":"0.69299000","longitude":"34.18085000"}}},"gomba":{"id":366,"name":"Gomba","state_code":"121","latitude":"0.22297910","longitude":"31.67393710","type":"district"},"gulu":{"id":413,"name":"Gulu","state_code":"304","latitude":"2.81857760","longitude":"32.44672380","type":"district"},"hoima":{"id":5358,"name":"Hoima","state_code":"403","latitude":"1.56023430","longitude":"30.52043450","type":"district"},"ibanda":{"id":339,"name":"Ibanda","state_code":"417","latitude":"-0.09648900","longitude":"30.57395790","type":"district"},"iganga":{"id":340,"name":"Iganga","state_code":"203","latitude":"0.66001370","longitude":"33.48319060","type":"district"},"isingiro":{"id":383,"name":"Isingiro","state_code":"418","latitude":"-0.84354300","longitude":"30.80394740","type":"district"},"jinja":{"id":367,"name":"Jinja","state_code":"204","latitude":"0.53437430","longitude":"33.30371430","type":"district"},"kaabong":{"id":434,"name":"Kaabong","state_code":"318","latitude":"3.51262150","longitude":"33.97500180","type":"district"},"kabale":{"id":426,"name":"Kabale","state_code":"404","latitude":"-1.24930840","longitude":"30.06652360","type":"district"},"kabarole":{"id":326,"name":"Kabarole","state_code":"405","latitude":"0.58507910","longitude":"30.25127280","type":"district"},"kaberamaido":{"id":336,"name":"Kaberamaido","state_code":"213","latitude":"1.69633220","longitude":"33.21385100","type":"district"},"kagadi":{"id":403,"name":"Kagadi","state_code":"427","latitude":"0.94007610","longitude":"30.81256380","type":"district"},"kakumiro":{"id":399,"name":"Kakumiro","state_code":"428","latitude":"0.78080350","longitude":"31.32413890","type":"district"},"kalaki":{"id":5352,"name":"Kalaki","state_code":"237","latitude":"1.82956800","longitude":"33.32930510","type":"district"},"kalangala":{"id":405,"name":"Kalangala","state_code":"101","latitude":"-0.63505780","longitude":"32.53727410","type":"district"},"kaliro":{"id":398,"name":"Kaliro","state_code":"222","latitude":"1.04311070","longitude":"33.48319060","type":"district"},"kalungu":{"id":394,"name":"Kalungu","state_code":"122","latitude":"-0.09528310","longitude":"31.76513620","type":"district"},"kampala":{"id":382,"name":"Kampala","state_code":"102","latitude":"0.34759640","longitude":"32.58251970","type":"city"},"kamuli":{"id":334,"name":"Kamuli","state_code":"205","latitude":"0.91871070","longitude":"33.12390490","type":"district"},"kamwenge":{"id":360,"name":"Kamwenge","state_code":"413","latitude":"0.22579300","longitude":"30.48184460","type":"district"},"kanungu":{"id":373,"name":"Kanungu","state_code":"414","latitude":"-0.81952530","longitude":"29.74260400","type":"district"},"kapchorwa":{"id":432,"name":"Kapchorwa","state_code":"206","latitude":"1.33502050","longitude":"34.39763560","type":"district"},"kapelebyong":{"id":5351,"name":"Kapelebyong","state_code":"236","latitude":"2.19597360","longitude":"33.37213830","type":"district"},"karenga":{"id":5355,"name":"Karenga","state_code":"335","latitude":"3.58770480","longitude":"33.55711290","type":"district"},"kasanda":{"id":5349,"name":"Kasanda","state_code":"126","latitude":"0.52794910","longitude":"31.64774850","type":"district"},"kasese":{"id":440,"name":"Kasese","state_code":"406","latitude":"0.06462850","longitude":"30.06652360","type":"district"},"katakwi":{"id":420,"name":"Katakwi","state_code":"207","latitude":"1.97310300","longitude":"34.06414190","type":"district"},"kayunga":{"id":368,"name":"Kayunga","state_code":"112","latitude":"0.98601820","longitude":"32.85357550","type":"district"},"kazo":{"id":5360,"name":"Kazo","state_code":"433","latitude":"-0.05131600","longitude":"30.75170880","type":"district"},"kibaale":{"id":436,"name":"Kibaale","state_code":"407","latitude":"0.90668020","longitude":"31.07937050","type":"district"},"kiboga":{"id":347,"name":"Kiboga","state_code":"103","latitude":"0.96575900","longitude":"31.71954590","type":"district"},"kibuku":{"id":338,"name":"Kibuku","state_code":"227","latitude":"1.04528740","longitude":"33.79925360","type":"district"},"kikuube":{"id":5359,"name":"Kikuube","state_code":"432","latitude":"1.31021900","longitude":"30.32356340","type":"district"},"kiruhura":{"id":355,"name":"Kiruhura","state_code":"419","latitude":"-0.19279980","longitude":"30.80394740","type":"district"},"kiryandongo":{"id":346,"name":"Kiryandongo","state_code":"421","latitude":"2.01799070","longitude":"32.08374450","type":"district"},"kisoro":{"id":409,"name":"Kisoro","state_code":"408","latitude":"-1.22094300","longitude":"29.64991620","type":"district"},"kitagwenda":{"id":5361,"name":"Kitagwenda","state_code":"434","latitude":"0.01432970","longitude":"30.18058940","type":"district"},"kitgum":{"id":348,"name":"Kitgum","state_code":"305","latitude":"3.33968290","longitude":"33.16888830","type":"district"},"koboko":{"id":345,"name":"Koboko","state_code":"319","latitude":"3.52370580","longitude":"31.03351000","type":"district"},"kole":{"id":401,"name":"Kole","state_code":"325","latitude":"2.37010970","longitude":"32.76330360","type":"district"},"kotido":{"id":443,"name":"Kotido","state_code":"306","latitude":"3.04156790","longitude":"33.88577470","type":"district"},"kumi":{"id":425,"name":"Kumi","state_code":"208","latitude":"1.48769990","longitude":"33.93039910","type":"district"},"kwania":{"id":5353,"name":"Kwania","state_code":"333","latitude":"1.90119710","longitude":"32.41264920","type":"district"},"kween":{"id":369,"name":"Kween","state_code":"228","latitude":"1.44387900","longitude":"34.59713200","type":"district"},"kyankwanzi":{"id":325,"name":"Kyankwanzi","state_code":"123","latitude":"1.09660370","longitude":"31.71954590","type":"district"},"kyegegwa":{"id":437,"name":"Kyegegwa","state_code":"422","latitude":"0.48181930","longitude":"31.05500930","type":"district"},"kyenjojo":{"id":402,"name":"Kyenjojo","state_code":"415","latitude":"0.60929230","longitude":"30.64012310","type":"district"},"kyotera":{"id":448,"name":"Kyotera","state_code":"125","latitude":"-0.63589880","longitude":"31.54556370","type":"district"},"lamwo":{"id":411,"name":"Lamwo","state_code":"326","latitude":"3.57075680","longitude":"32.53727410","type":"district"},"lira":{"id":342,"name":"Lira","state_code":"307","latitude":"2.23161690","longitude":"32.94376670","type":"district"},"luuka":{"id":445,"name":"Luuka","state_code":"229","latitude":"0.72505990","longitude":"33.30371430","type":"district"},"luwero":{"id":433,"name":"Luwero","state_code":"104","latitude":"0.82711180","longitude":"32.62774550","type":"district"},"lwengo":{"id":417,"name":"Lwengo","state_code":"124","latitude":"-0.41652880","longitude":"31.39989950","type":"district"},"lyantonde":{"id":376,"name":"Lyantonde","state_code":"114","latitude":"-0.22406960","longitude":"31.21684660","type":"district"},"madi-okollo":{"id":5356,"name":"Madi-Okollo","state_code":"336","latitude":"2.86773070","longitude":"30.92752690","type":"district"},"manafwa":{"id":438,"name":"Manafwa","state_code":"223","latitude":"0.90635990","longitude":"34.28660910","type":"district"},"maracha":{"id":421,"name":"Maracha","state_code":"320","latitude":"3.28731270","longitude":"30.94030230","type":"district"},"masaka":{"id":356,"name":"Masaka","state_code":"105","latitude":"-0.44636910","longitude":"31.90179540","type":"district"},"masindi":{"id":354,"name":"Masindi","state_code":"409","latitude":"1.49203630","longitude":"31.71954590","type":"district"},"mayuge":{"id":418,"name":"Mayuge","state_code":"214","latitude":"-0.21829820","longitude":"33.57280270","type":"district"},"mbale":{"id":350,"name":"Mbale","state_code":"209","latitude":"1.03442740","longitude":"34.19768820","type":"district"},"mbarara":{"id":415,"name":"Mbarara","state_code":"410","latitude":"-0.60715960","longitude":"30.65450220","type":"district"},"mitooma":{"id":435,"name":"Mitooma","state_code":"423","latitude":"-0.61932760","longitude":"30.02029640","type":"district"},"mityana":{"id":364,"name":"Mityana","state_code":"115","latitude":"0.44548450","longitude":"32.08374450","type":"district"},"moroto":{"id":395,"name":"Moroto","state_code":"308","latitude":"2.61685450","longitude":"34.59713200","type":"district"},"moyo":{"id":363,"name":"Moyo","state_code":"309","latitude":"3.56964640","longitude":"31.67393710","type":"district"},"mpigi":{"id":327,"name":"Mpigi","state_code":"106","latitude":"0.22735280","longitude":"32.32492360","type":"district"},"mubende":{"id":371,"name":"Mubende","state_code":"107","latitude":"0.57727580","longitude":"31.53700030","type":"district"},"mukono":{"id":410,"name":"Mukono","state_code":"108","latitude":"0.28354760","longitude":"32.76330360","type":"district"},"nabilatuk":{"id":5354,"name":"Nabilatuk","state_code":"334","latitude":"2.03870330","longitude":"34.17750230","type":"district"},"nakapiripirit":{"id":393,"name":"Nakapiripirit","state_code":"311","latitude":"1.96061730","longitude":"34.59713200","type":"district"},"nakaseke":{"id":423,"name":"Nakaseke","state_code":"116","latitude":"1.22308480","longitude":"32.08374450","type":"district"},"nakasongola":{"id":406,"name":"Nakasongola","state_code":"109","latitude":"1.34897210","longitude":"32.44672380","type":"district"},"namayingo":{"id":351,"name":"Namayingo","state_code":"230","latitude":"-0.28035750","longitude":"33.75177230","type":"district"},"namisindwa":{"id":400,"name":"Namisindwa","state_code":"234","latitude":"0.90710100","longitude":"34.35740370","type":"district"},"namutumba":{"id":337,"name":"Namutumba","state_code":"224","latitude":"0.84926100","longitude":"33.66233010","type":"district"},"napak":{"id":430,"name":"Napak","state_code":"327","latitude":"2.36299450","longitude":"34.24215970","type":"district"},"nebbi":{"id":446,"name":"Nebbi","state_code":"310","latitude":"2.44093920","longitude":"31.35416310","type":"district"},"ngora":{"id":424,"name":"Ngora","state_code":"231","latitude":"1.49081150","longitude":"33.75177230","type":"district"},"northern":{"id":332,"name":"Northern","state_code":"N","latitude":"9.54392690","longitude":"-0.90566230","type":"region","cities":{"adjumani":{"id":110874,"name":"Adjumani","latitude":"3.37786000","longitude":"31.79090000"},"amudat":{"id":110875,"name":"Amudat","latitude":"1.95000000","longitude":"34.95000000"},"apac":{"id":110876,"name":"Apac","latitude":"1.97556000","longitude":"32.53861000"},"arua":{"id":110877,"name":"Arua","latitude":"3.02013000","longitude":"30.91105000"},"gulu":{"id":110894,"name":"Gulu","latitude":"2.77457000","longitude":"32.29899000"},"kitgum":{"id":110920,"name":"Kitgum","latitude":"3.27833000","longitude":"32.88667000"},"kotido":{"id":110921,"name":"Kotido","latitude":"2.98056000","longitude":"34.13306000"},"lira":{"id":110925,"name":"Lira","latitude":"2.24990000","longitude":"32.89985000"},"moroto":{"id":110937,"name":"Moroto","latitude":"2.53453000","longitude":"34.66659000"},"moyo":{"id":110938,"name":"Moyo","latitude":"3.66088000","longitude":"31.72474000"},"nebbi":{"id":110946,"name":"Nebbi","latitude":"2.47826000","longitude":"31.08893000"},"otukedistrict":{"id":110950,"name":"Otuke District","latitude":"2.48372000","longitude":"33.34201000"},"oyamdistrict":{"id":110951,"name":"Oyam District","latitude":"2.38129000","longitude":"32.50071000"},"pader":{"id":110952,"name":"Pader","latitude":"3.05000000","longitude":"33.21667000"},"paderpalwo":{"id":110953,"name":"Pader Palwo","latitude":"2.80056000","longitude":"33.13500000"},"paidha":{"id":110954,"name":"Paidha","latitude":"2.41669000","longitude":"30.98551000"},"yumbe":{"id":110964,"name":"Yumbe","latitude":"3.46506000","longitude":"31.24689000"}}},"ntoroko":{"id":422,"name":"Ntoroko","state_code":"424","latitude":"1.07881780","longitude":"30.38966510","type":"district"},"ntungamo":{"id":404,"name":"Ntungamo","state_code":"411","latitude":"-0.98073410","longitude":"30.25127280","type":"district"},"nwoya":{"id":378,"name":"Nwoya","state_code":"328","latitude":"2.56244400","longitude":"31.90179540","type":"district"},"obongi":{"id":5357,"name":"Obongi","state_code":"337","latitude":"3.36393610","longitude":"31.43316460","type":"district"},"omoro":{"id":374,"name":"Omoro","state_code":"331","latitude":"2.71522300","longitude":"32.49200880","type":"district"},"otuke":{"id":390,"name":"Otuke","state_code":"329","latitude":"2.52140590","longitude":"33.34861470","type":"district"},"oyam":{"id":397,"name":"Oyam","state_code":"321","latitude":"2.27762810","longitude":"32.44672380","type":"district"},"pader":{"id":408,"name":"Pader","state_code":"312","latitude":"2.94306820","longitude":"32.80844960","type":"district"},"pakwach":{"id":357,"name":"Pakwach","state_code":"332","latitude":"2.46071410","longitude":"31.49417380","type":"district"},"pallisa":{"id":412,"name":"Pallisa","state_code":"210","latitude":"1.23242060","longitude":"33.75177230","type":"district"},"rakai":{"id":439,"name":"Rakai","state_code":"110","latitude":"-0.70691350","longitude":"31.53700030","type":"district"},"rubanda":{"id":358,"name":"Rubanda","state_code":"429","latitude":"-1.18611900","longitude":"29.84535760","type":"district"},"rubirizi":{"id":442,"name":"Rubirizi","state_code":"425","latitude":"-0.26424100","longitude":"30.10840330","type":"district"},"rukiga":{"id":331,"name":"Rukiga","state_code":"431","latitude":"-1.13263370","longitude":"30.04341200","type":"district"},"rukungiri":{"id":324,"name":"Rukungiri","state_code":"412","latitude":"-0.75184900","longitude":"29.92779470","type":"district"},"rwampara":{"id":5362,"name":"Rwampara","state_code":"435","latitude":"-0.73456010","longitude":"30.32019320","type":"district"},"sembabule":{"id":427,"name":"Sembabule","state_code":"111","latitude":"0.06377150","longitude":"31.35416310","type":"district"},"serere":{"id":333,"name":"Serere","state_code":"232","latitude":"1.49940330","longitude":"33.54900780","type":"district"},"sheema":{"id":407,"name":"Sheema","state_code":"426","latitude":"-0.55152980","longitude":"30.38966510","type":"district"},"sironko":{"id":429,"name":"Sironko","state_code":"215","latitude":"1.23022740","longitude":"34.24910640","type":"district"},"soroti":{"id":444,"name":"Soroti","state_code":"211","latitude":"1.72291170","longitude":"33.52800720","type":"district"},"tororo":{"id":359,"name":"Tororo","state_code":"212","latitude":"0.68709940","longitude":"34.06414190","type":"district"},"wakiso":{"id":362,"name":"Wakiso","state_code":"113","latitude":"0.06301900","longitude":"32.44672380","type":"district"},"western":{"id":370,"name":"Western","state_code":"W","latitude":"40.76672150","longitude":"-111.88772030","type":"region","cities":{"bundibugyo":{"id":110883,"name":"Bundibugyo","latitude":"0.71117000","longitude":"30.06469000"},"bwizibwera":{"id":110889,"name":"Bwizibwera","latitude":"-0.59167000","longitude":"30.62861000"},"fortportal":{"id":110892,"name":"Fort Portal","latitude":"0.66174000","longitude":"30.27480000"},"hoima":{"id":110895,"name":"Hoima","latitude":"1.43314000","longitude":"31.35241000"},"ibanda":{"id":110896,"name":"Ibanda","latitude":"-0.13398000","longitude":"30.49616000"},"ibandadistrict":{"id":110897,"name":"Ibanda District","latitude":"-0.08100000","longitude":"30.55600000"},"kabale":{"id":110900,"name":"Kabale","latitude":"-1.24857000","longitude":"29.98993000"},"kagadi":{"id":110901,"name":"Kagadi","latitude":"0.93778000","longitude":"30.80889000"},"kamwenge":{"id":110906,"name":"Kamwenge","latitude":"0.18660000","longitude":"30.45393000"},"kanungu":{"id":110908,"name":"Kanungu","latitude":"-0.95750000","longitude":"29.78972000"},"kasese":{"id":110910,"name":"Kasese","latitude":"0.18333000","longitude":"30.08333000"},"kibale":{"id":110912,"name":"Kibale","latitude":"0.80000000","longitude":"31.06667000"},"kigorobya":{"id":110915,"name":"Kigorobya","latitude":"1.61620000","longitude":"31.30890000"},"kilembe":{"id":110916,"name":"Kilembe","latitude":"0.19835000","longitude":"30.01302000"},"kiruhura":{"id":110918,"name":"Kiruhura","latitude":"-0.19664000","longitude":"30.84446000"},"kisoro":{"id":110919,"name":"Kisoro","latitude":"-1.28538000","longitude":"29.68497000"},"kyenjojo":{"id":110923,"name":"Kyenjojo","latitude":"0.63278000","longitude":"30.62139000"},"margherita":{"id":110929,"name":"Margherita","latitude":"0.41861000","longitude":"29.89111000"},"masindi":{"id":110931,"name":"Masindi","latitude":"1.67444000","longitude":"31.71500000"},"masindiport":{"id":110932,"name":"Masindi Port","latitude":"1.69606000","longitude":"32.08608000"},"mbarara":{"id":110935,"name":"Mbarara","latitude":"-0.60467000","longitude":"30.64851000"},"muhororo":{"id":110942,"name":"Muhororo","latitude":"0.93806000","longitude":"30.75944000"},"ntungamo":{"id":110948,"name":"Ntungamo","latitude":"-0.87944000","longitude":"30.26417000"},"nyachera":{"id":110949,"name":"Nyachera","latitude":"-0.90000000","longitude":"30.41667000"},"rukungiri":{"id":110956,"name":"Rukungiri","latitude":"-0.84111000","longitude":"29.94194000"}}},"yumbe":{"id":330,"name":"Yumbe","state_code":"313","latitude":"3.46980230","longitude":"31.24832910","type":"district"},"zombo":{"id":379,"name":"Zombo","state_code":"330","latitude":"2.55442930","longitude":"30.94173680","type":"district"}}}