{"id":95,"name":"Haiti","iso3":"HTI","iso2":"HT","numeric_code":"332","phone_code":"509","capital":"Port-au-Prince","currency":"HTG","currency_name":"Haitian gourde","currency_symbol":"G","tld":".ht","native":"Ha\u00efti","region":"Americas","region_id":2,"subregion":"Caribbean","subregion_id":7,"nationality":"Haitian","timezones":[{"zoneName":"America/Port-au-Prince","gmtOffset":-18000,"gmtOffsetName":"UTC-05:00","abbreviation":"EST","tzName":"Eastern Standard Time (North America"}],"translations":{"ko":"\uc544\uc774\ud2f0","pt-BR":"Haiti","pt":"Haiti","nl":"Ha\u00efti","hr":"Haiti","fa":"\u0647\u0627\u0626\u06cc\u062a\u06cc","de":"Haiti","es":"Haiti","fr":"Ha\u00efti","ja":"\u30cf\u30a4\u30c1","it":"Haiti","zh-CN":"\u6d77\u5730","tr":"Haiti","ru":"\u0413\u0430\u0438\u0442\u0438","uk":"\u0413\u0430\u0457\u0442\u0456","pl":"Haiti"},"latitude":"19.00000000","longitude":"-72.41666666","emoji":"\ud83c\udded\ud83c\uddf9","emojiU":"U+1F1ED U+1F1F9","states":{"artibonite":{"id":4123,"name":"Artibonite","state_code":"AR","latitude":"19.36290200","longitude":"-72.42581450","type":null,"cities":{"anserouge":{"id":55046,"name":"Anse Rouge","latitude":"19.63382000","longitude":"-73.05530000"},"arrondissementdesaint-marc":{"id":55064,"name":"Arrondissement de Saint-Marc","latitude":"19.00000000","longitude":"-72.50000000"},"d\u00e9sarmes":{"id":55094,"name":"D\u00e9sarmes","latitude":"18.99345000","longitude":"-72.39058000"},"dessalines":{"id":55091,"name":"Dessalines","latitude":"19.26177000","longitude":"-72.51611000"},"ennery":{"id":55095,"name":"Ennery","latitude":"19.48342000","longitude":"-72.48537000"},"gona\u00efves":{"id":55102,"name":"Gona\u00efves","latitude":"19.44755000","longitude":"-72.68928000"},"grandesaline":{"id":55104,"name":"Grande Saline","latitude":"19.26513000","longitude":"-72.76897000"},"grosmorne":{"id":55107,"name":"Gros Morne","latitude":"19.67080000","longitude":"-72.67808000"},"marmelade":{"id":55126,"name":"Marmelade","latitude":"19.51736000","longitude":"-72.36133000"},"saint-marc":{"id":55155,"name":"Saint-Marc","latitude":"19.10819000","longitude":"-72.69379000"},"verrettes":{"id":55166,"name":"Verrettes","latitude":"19.05050000","longitude":"-72.46585000"}}},"centre":{"id":4125,"name":"Centre","state_code":"CE","latitude":"32.83702510","longitude":"-96.77738820","type":null,"cities":{"arrondissementdecercalasource":{"id":55054,"name":"Arrondissement de Cerca La Source","latitude":"19.11667000","longitude":"-71.75000000"},"cercalasource":{"id":55082,"name":"Cerca la Source","latitude":"19.16696000","longitude":"-71.79015000"},"hinche":{"id":55108,"name":"Hinche","latitude":"19.15000000","longitude":"-72.01667000"},"lascahobas":{"id":55117,"name":"Lascahobas","latitude":"18.83047000","longitude":"-71.93563000"},"mayisad":{"id":55127,"name":"Mayisad","latitude":"19.17607000","longitude":"-72.13958000"},"mirebalais":{"id":55130,"name":"Mirebalais","latitude":"18.83455000","longitude":"-72.10480000"},"thomassique":{"id":55158,"name":"Thomassique","latitude":"19.08209000","longitude":"-71.83855000"},"thomonde":{"id":55160,"name":"Thomonde","latitude":"19.01730000","longitude":"-71.96235000"}}},"grand\u0027anse":{"id":4119,"name":"Grand\u0027Anse","state_code":"GA","latitude":"12.01666670","longitude":"-61.76666670","type":null,"cities":{"anse-\u00e0-veau":{"id":55049,"name":"Anse-\u00e0-Veau","latitude":"18.50110000","longitude":"-73.34490000"},"chambellan":{"id":55083,"name":"Chambellan","latitude":"18.55037000","longitude":"-74.31317000"},"corail":{"id":55086,"name":"Corail","latitude":"18.56766000","longitude":"-73.88942000"},"dame-marie":{"id":55089,"name":"Dame-Marie","latitude":"18.56107000","longitude":"-74.42167000"},"jeremi":{"id":55111,"name":"Jeremi","latitude":"18.58333000","longitude":"-74.20000000"},"j\u00e9r\u00e9mie":{"id":55112,"name":"J\u00e9r\u00e9mie","latitude":"18.65000000","longitude":"-74.11667000"},"lesabricots":{"id":55119,"name":"Les Abricots","latitude":"18.64901000","longitude":"-74.30786000"},"lesirois":{"id":55122,"name":"Les Irois","latitude":"18.40490000","longitude":"-74.45280000"},"moron":{"id":55132,"name":"Moron","latitude":"18.56039000","longitude":"-74.25777000"},"petiterivi\u00e8redenippes":{"id":55139,"name":"Petite Rivi\u00e8re de Nippes","latitude":"18.47611000","longitude":"-73.23495000"}}},"nippes":{"id":4118,"name":"Nippes","state_code":"NI","latitude":"18.39907350","longitude":"-73.41802110","type":null,"cities":{"ansavo":{"id":55045,"name":"Ansavo","latitude":"18.41667000","longitude":"-73.50000000"},"barad\u00e8res":{"id":55072,"name":"Barad\u00e8res","latitude":"18.48255000","longitude":"-73.63884000"},"mirago\u00e2ne":{"id":55129,"name":"Mirago\u00e2ne","latitude":"18.44599000","longitude":"-73.08957000"},"petittroudenippes":{"id":55137,"name":"Petit Trou de Nippes","latitude":"18.52535000","longitude":"-73.50815000"}}},"nord":{"id":4117,"name":"Nord","state_code":"ND","latitude":"43.19052600","longitude":"-89.43792100","type":null,"cities":{"aculdunord":{"id":55044,"name":"Acul du Nord","latitude":"19.66667000","longitude":"-72.28333000"},"arrondissementdelagranderivi\u00e8redunord":{"id":55065,"name":"Arrondissement de la Grande Rivi\u00e8re du Nord","latitude":"19.51667000","longitude":"-72.16667000"},"arrondissementdeplaisance":{"id":55059,"name":"Arrondissement de Plaisance","latitude":"19.66756000","longitude":"-72.54908000"},"arrondissementduborgne":{"id":55067,"name":"Arrondissement du Borgne","latitude":"19.75000000","longitude":"-72.50000000"},"bahon":{"id":55070,"name":"Bahon","latitude":"19.46959000","longitude":"-72.11466000"},"borgne":{"id":55075,"name":"Borgne","latitude":"19.84507000","longitude":"-72.52349000"},"dondon":{"id":55092,"name":"Dondon","latitude":"19.52734000","longitude":"-72.24337000"},"granderivi\u00e8redunord":{"id":55103,"name":"Grande Rivi\u00e8re du Nord","latitude":"19.57744000","longitude":"-72.16872000"},"lenbe":{"id":55118,"name":"Lenbe","latitude":"19.70603000","longitude":"-72.40336000"},"limonade":{"id":55123,"name":"Limonade","latitude":"19.67014000","longitude":"-72.12430000"},"milot":{"id":55128,"name":"Milot","latitude":"19.60837000","longitude":"-72.21319000"},"okap":{"id":55134,"name":"Okap","latitude":"19.75938000","longitude":"-72.19815000"},"pignon":{"id":55141,"name":"Pignon","latitude":"19.33594000","longitude":"-72.11662000"},"pilate":{"id":55142,"name":"Pilate","latitude":"19.66745000","longitude":"-72.55229000"},"plainedunord":{"id":55143,"name":"Plaine du Nord","latitude":"19.67707000","longitude":"-72.26969000"},"plaisance":{"id":55144,"name":"Plaisance","latitude":"19.59795000","longitude":"-72.46994000"},"port-margot":{"id":55145,"name":"Port-Margot","latitude":"19.75180000","longitude":"-72.43006000"},"quartiermorin":{"id":55150,"name":"Quartier Morin","latitude":"19.69696000","longitude":"-72.15712000"},"ranquitte":{"id":55151,"name":"Ranquitte","latitude":"19.41327000","longitude":"-72.08077000"},"saint-rapha\u00ebl":{"id":55156,"name":"Saint-Rapha\u00ebl","latitude":"19.43877000","longitude":"-72.19910000"}}},"nord-est":{"id":4121,"name":"Nord-Est","state_code":"NE","latitude":"19.48897230","longitude":"-71.85713310","type":null,"cities":{"arrondissementdefortlibert\u00e9":{"id":55056,"name":"Arrondissement de Fort Libert\u00e9","latitude":"19.56667000","longitude":"-71.83333000"},"arrondissementdutroudunord":{"id":55069,"name":"Arrondissement du Trou du Nord","latitude":"19.55000000","longitude":"-71.98333000"},"caracol":{"id":55077,"name":"Caracol","latitude":"19.69274000","longitude":"-72.01733000"},"carice":{"id":55078,"name":"Carice","latitude":"19.37795000","longitude":"-71.83030000"},"d\u00e9rac":{"id":55093,"name":"D\u00e9rac","latitude":"19.65476000","longitude":"-71.81451000"},"ferrier":{"id":55096,"name":"Ferrier","latitude":"19.61549000","longitude":"-71.77792000"},"fortlibert\u00e9":{"id":55101,"name":"Fort Libert\u00e9","latitude":"19.66273000","longitude":"-71.83798000"},"mont\u00f2rganize":{"id":55131,"name":"Mont\u00f2rganize","latitude":"19.40815000","longitude":"-71.78132000"},"ouanaminthe":{"id":55135,"name":"Ouanaminthe","latitude":"19.54934000","longitude":"-71.72475000"},"perches":{"id":55136,"name":"Perches","latitude":"19.52201000","longitude":"-71.92323000"},"pha\u00ebton":{"id":55140,"name":"Pha\u00ebton","latitude":"19.67525000","longitude":"-71.89691000"},"troudunord":{"id":55165,"name":"Trou du Nord","latitude":"19.61668000","longitude":"-72.02442000"},"wanament":{"id":55167,"name":"Wanament","latitude":"19.48333000","longitude":"-71.76667000"}}},"nord-ouest":{"id":4126,"name":"Nord-Ouest","state_code":"NO","latitude":"19.83740090","longitude":"-73.04052770","type":null,"cities":{"arcahaie":{"id":55051,"name":"Arcahaie","latitude":"19.81667000","longitude":"-72.91667000"},"arrondissementdeport-de-paix":{"id":55062,"name":"Arrondissement de Port-de-Paix","latitude":"19.83333000","longitude":"-72.88333000"},"arrondissementdesaint-louisdunord":{"id":55063,"name":"Arrondissement de Saint-Louis du Nord","latitude":"19.85000000","longitude":"-72.66667000"},"arrondissementdum\u00f4lesaint-nicolas":{"id":55068,"name":"Arrondissement du M\u00f4le Saint-Nicolas","latitude":"19.75000000","longitude":"-73.25000000"},"baiedehenne":{"id":55071,"name":"Baie de Henne","latitude":"19.66307000","longitude":"-73.20943000"},"bombardopolis":{"id":55074,"name":"Bombardopolis","latitude":"19.69142000","longitude":"-73.33769000"},"fondbassinbleu":{"id":55097,"name":"Fond Bassin Bleu","latitude":"19.79445000","longitude":"-72.79949000"},"jean-rabel":{"id":55110,"name":"Jean-Rabel","latitude":"19.85379000","longitude":"-73.19131000"},"m\u00f4lesaint-nicolas":{"id":55133,"name":"M\u00f4le Saint-Nicolas","latitude":"19.80700000","longitude":"-73.37605000"},"petiteanse":{"id":55138,"name":"Petite Anse","latitude":"19.63011000","longitude":"-73.15499000"},"port-de-paix":{"id":55147,"name":"Port-de-Paix","latitude":"19.93984000","longitude":"-72.83037000"},"saint-louisdunord":{"id":55153,"name":"Saint-Louis du Nord","latitude":"19.93397000","longitude":"-72.72138000"},"tiport-de-paix":{"id":55161,"name":"Ti Port-de-Paix","latitude":"19.93333000","longitude":"-72.83333000"}}},"ouest":{"id":4120,"name":"Ouest","state_code":"OU","latitude":"45.45472490","longitude":"-73.65023650","type":null,"cities":{"anse\u00e0galets":{"id":55047,"name":"Anse \u00e0 Galets","latitude":"18.83449000","longitude":"-72.86644000"},"arcahaie":{"id":55052,"name":"Arcahaie","latitude":"18.83333000","longitude":"-72.41667000"},"arrondissementdecroixdesbouquets":{"id":55055,"name":"Arrondissement de Croix des Bouquets","latitude":"18.48333000","longitude":"-72.01667000"},"arrondissementdel\u00e9og\u00e2ne":{"id":55058,"name":"Arrondissement de L\u00e9og\u00e2ne","latitude":"18.41667000","longitude":"-72.75000000"},"arrondissementdeport-au-prince":{"id":55061,"name":"Arrondissement de Port-au-Prince","latitude":"18.50000000","longitude":"-72.36667000"},"cabaret":{"id":55076,"name":"Cabaret","latitude":"18.73582000","longitude":"-72.41929000"},"carrefour":{"id":55079,"name":"Carrefour","latitude":"18.54114000","longitude":"-72.39922000"},"cornillon":{"id":55087,"name":"Cornillon","latitude":"18.67546000","longitude":"-71.95271000"},"croix-des-bouquets":{"id":55088,"name":"Croix-des-Bouquets","latitude":"18.57677000","longitude":"-72.22625000"},"delmas73":{"id":55090,"name":"Delmas 73","latitude":"18.54472000","longitude":"-72.30278000"},"fondparisien":{"id":55098,"name":"Fond Parisien","latitude":"18.50547000","longitude":"-71.98122000"},"fondsverrettes":{"id":55100,"name":"Fonds Verrettes","latitude":"18.39566000","longitude":"-71.85634000"},"grangwav":{"id":55105,"name":"Grangwav","latitude":"18.42590000","longitude":"-72.76995000"},"gressier":{"id":55106,"name":"Gressier","latitude":"18.54091000","longitude":"-72.52679000"},"kenscoff":{"id":55113,"name":"Kenscoff","latitude":"18.44773000","longitude":"-72.28398000"},"lagonav":{"id":55116,"name":"Lagonav","latitude":"18.85000000","longitude":"-73.05000000"},"l\u00e9og\u00e2ne":{"id":55124,"name":"L\u00e9og\u00e2ne","latitude":"18.51110000","longitude":"-72.63343000"},"p\u00e9tionville":{"id":55149,"name":"P\u00e9tionville","latitude":"18.51250000","longitude":"-72.28528000"},"port-au-prince":{"id":55146,"name":"Port-au-Prince","latitude":"18.54349000","longitude":"-72.33881000"},"thomazeau":{"id":55159,"name":"Thomazeau","latitude":"18.65297000","longitude":"-72.09391000"},"tigwav":{"id":55163,"name":"Tigwav","latitude":"18.43117000","longitude":"-72.86521000"}}},"sud":{"id":4122,"name":"Sud","state_code":"SD","latitude":"29.92132480","longitude":"-90.09737720","type":null,"cities":{"aquin":{"id":55050,"name":"Aquin","latitude":"18.27974000","longitude":"-73.39433000"},"arrondissementdeport-salut":{"id":55060,"name":"Arrondissement de Port-Salut","latitude":"18.13333000","longitude":"-73.90000000"},"arrondissementdescayes":{"id":55066,"name":"Arrondissement des Cayes","latitude":"18.30000000","longitude":"-73.83333000"},"cavaillon":{"id":55080,"name":"Cavaillon","latitude":"18.29987000","longitude":"-73.65455000"},"chantal":{"id":55084,"name":"Chantal","latitude":"18.20169000","longitude":"-73.88957000"},"chardonni\u00e8re":{"id":55085,"name":"Chardonni\u00e8re","latitude":"18.27484000","longitude":"-74.16613000"},"fonddesblancs":{"id":55099,"name":"Fond des Blancs","latitude":"18.27782000","longitude":"-73.12733000"},"koto":{"id":55115,"name":"Koto","latitude":"18.20601000","longitude":"-74.04013000"},"lesanglais":{"id":55120,"name":"Les Anglais","latitude":"18.30540000","longitude":"-74.21968000"},"lescayes":{"id":55121,"name":"Les Cayes","latitude":"18.19331000","longitude":"-73.74601000"},"port-\u00e0-piment":{"id":55148,"name":"Port-\u00e0-Piment","latitude":"18.24963000","longitude":"-74.09710000"},"roche-\u00e0-bateau":{"id":55152,"name":"Roche-\u00e0-Bateau","latitude":"18.18182000","longitude":"-74.00345000"},"saint-louisdusud":{"id":55154,"name":"Saint-Louis du Sud","latitude":"18.26241000","longitude":"-73.54603000"},"tiburon":{"id":55162,"name":"Tiburon","latitude":"18.32589000","longitude":"-74.39598000"},"torbeck":{"id":55164,"name":"Torbeck","latitude":"18.16338000","longitude":"-73.80949000"}}},"sud-est":{"id":4124,"name":"Sud-Est","state_code":"SE","latitude":"18.27835980","longitude":"-72.35479150","type":null,"cities":{"anse-\u00e0-pitre":{"id":55048,"name":"Anse-\u00e0-Pitre","latitude":"18.05000000","longitude":"-71.75000000"},"arrondissementdebainet":{"id":55053,"name":"Arrondissement de Bainet","latitude":"18.25000000","longitude":"-72.85000000"},"arrondissementdejacmel":{"id":55057,"name":"Arrondissement de Jacmel","latitude":"18.33333000","longitude":"-72.50000000"},"belle-anse":{"id":55073,"name":"Belle-Anse","latitude":"18.23768000","longitude":"-72.06638000"},"cayes-jacmel":{"id":55081,"name":"Cayes-Jacmel","latitude":"18.23110000","longitude":"-72.39545000"},"jacmel":{"id":55109,"name":"Jacmel","latitude":"18.23427000","longitude":"-72.53539000"},"kotdef\u00e8":{"id":55114,"name":"Kotdef\u00e8","latitude":"18.18872000","longitude":"-73.00287000"},"marigot":{"id":55125,"name":"Marigot","latitude":"18.23167000","longitude":"-72.32289000"},"thiotte":{"id":55157,"name":"Thiotte","latitude":"18.24384000","longitude":"-71.84157000"}}}}}