{"id":44,"name":"Chile","iso3":"CHL","iso2":"CL","numeric_code":"152","phone_code":"56","capital":"Santiago","currency":"CLP","currency_name":"Chilean peso","currency_symbol":"$","tld":".cl","native":"Chile","region":"Americas","region_id":2,"subregion":"South America","subregion_id":8,"nationality":"Chilean","timezones":[{"zoneName":"America/Punta_Arenas","gmtOffset":-10800,"gmtOffsetName":"UTC-03:00","abbreviation":"CLST","tzName":"Chile Summer Time"},{"zoneName":"America/Santiago","gmtOffset":-10800,"gmtOffsetName":"UTC-03:00","abbreviation":"CLST","tzName":"Chile Summer Time"},{"zoneName":"Pacific/Easter","gmtOffset":-18000,"gmtOffsetName":"UTC-05:00","abbreviation":"EASST","tzName":"Easter Island Summer Time"}],"translations":{"ko":"\uce60\ub9ac","pt-BR":"Chile","pt":"Chile","nl":"Chili","hr":"\u010cile","fa":"\u0634\u06cc\u0644\u06cc","de":"Chile","es":"Chile","fr":"Chili","ja":"\u30c1\u30ea","it":"Cile","zh-CN":"\u667a\u5229","tr":"\u015eili","ru":"\u0427\u0438\u043b\u0438","uk":"\u0427\u0438\u043b\u0456","pl":"Chile"},"latitude":"-30.00000000","longitude":"-71.00000000","emoji":"\ud83c\udde8\ud83c\uddf1","emojiU":"U+1F1E8 U+1F1F1","states":{"ais\u00e9ndelgeneralcarlosiba\u00f1ezdelcampo":{"id":2828,"name":"Ais\u00e9n del General Carlos Iba\u00f1ez del Campo","state_code":"AI","latitude":"-46.37834500","longitude":"-72.30076230","type":null,"cities":{"ays\u00e9n":{"id":19082,"name":"Ays\u00e9n","latitude":"-45.40303000","longitude":"-72.69184000"},"chilechico":{"id":18962,"name":"Chile Chico","latitude":"-46.53760000","longitude":"-71.72930000"},"cisnes":{"id":19084,"name":"Cisnes","latitude":"-44.72750000","longitude":"-72.68050000"},"cochrane":{"id":18966,"name":"Cochrane","latitude":"-47.25390000","longitude":"-72.57320000"},"coyhaique":{"id":18976,"name":"Coyhaique","latitude":"-45.57524000","longitude":"-72.06619000"},"guaitecas":{"id":148332,"name":"Guaitecas","latitude":"-43.88333333","longitude":"-73.73333333"},"lagoverde":{"id":148333,"name":"Lago Verde","latitude":"-44.24031000","longitude":"-71.84950000"},"o\u0027higgins":{"id":148334,"name":"O\u0027Higgins","latitude":"-48.46666667","longitude":"-72.56666667"},"r\u00edoib\u00e1\u00f1ez":{"id":148335,"name":"R\u00edo Ib\u00e1\u00f1ez","latitude":"-46.30000000","longitude":"-71.93333333"},"tortel":{"id":148336,"name":"Tortel","latitude":"-47.83333333","longitude":"-73.56666667"}}},"antofagasta":{"id":2832,"name":"Antofagasta","state_code":"AN","latitude":"-23.83691040","longitude":"-69.28775350","type":null,"cities":{"antofagasta":{"id":18946,"name":"Antofagasta","latitude":"-23.65236000","longitude":"-70.39540000"},"calama":{"id":18952,"name":"Calama","latitude":"-22.45667000","longitude":"-68.92371000"},"mar\u00edaelena":{"id":148326,"name":"Mar\u00eda Elena","latitude":"-22.35000000","longitude":"-69.66666667"},"mejillones":{"id":19033,"name":"Mejillones","latitude":"-23.10000000","longitude":"-70.45000000"},"ollag\u00fce":{"id":19074,"name":"Ollag\u00fce","latitude":"-21.22496000","longitude":"-68.25352000"},"sanpedrodeatacama":{"id":19107,"name":"San Pedro de Atacama","latitude":"-22.91110000","longitude":"-68.20113000"},"sierragorda":{"id":19051,"name":"Sierra Gorda","latitude":"-22.88333333","longitude":"-69.31666667"},"taltal":{"id":19115,"name":"Taltal","latitude":"-25.40713000","longitude":"-70.48554000"},"tocopilla":{"id":19118,"name":"Tocopilla","latitude":"-22.09198000","longitude":"-70.19792000"}}},"aricayparinacota":{"id":2829,"name":"Arica y Parinacota","state_code":"AP","latitude":"-18.59404850","longitude":"-69.47845410","type":null,"cities":{"arica":{"id":18948,"name":"Arica","latitude":"-18.47460000","longitude":"-70.29792000"},"camarones":{"id":19035,"name":"Camarones","latitude":"-19.01666667","longitude":"-69.86666667"},"generallagos":{"id":148327,"name":"General Lagos","latitude":"-17.56666667","longitude":"-69.50000000"},"putre":{"id":19067,"name":"Putre","latitude":"-18.19640000","longitude":"-69.55920000"}}},"atacama":{"id":2823,"name":"Atacama","state_code":"AT","latitude":"-27.56605580","longitude":"-70.05031400","type":null,"cities":{"altodelcarmen":{"id":148330,"name":"Alto del Carmen","latitude":"-28.93355556","longitude":"-70.46227778"},"caldera":{"id":148328,"name":"Caldera","latitude":"-27.06666667","longitude":"-70.81666667"},"cha\u00f1aral":{"id":19042,"name":"Cha\u00f1aral","latitude":"-26.34790000","longitude":"-70.62240000"},"copiap\u00f3":{"id":18972,"name":"Copiap\u00f3","latitude":"-27.36650000","longitude":"-70.33230000"},"diegodealmagro":{"id":18981,"name":"Diego de Almagro","latitude":"-26.36667000","longitude":"-70.05000000"},"freirina":{"id":148331,"name":"Freirina","latitude":"-28.50000000","longitude":"-71.06666667"},"huasco":{"id":19053,"name":"Huasco","latitude":"-28.45000000","longitude":"-71.21666667"},"tierraamarilla":{"id":148329,"name":"Tierra Amarilla","latitude":"-27.46666667","longitude":"-70.26666667"},"vallenar":{"id":19122,"name":"Vallenar","latitude":"-28.57617000","longitude":"-70.75938000"}}},"biob\u00edo":{"id":2827,"name":"Biob\u00edo","state_code":"BI","latitude":"-37.44644280","longitude":"-72.14161320","type":null,"cities":{"altobiob\u00edo":{"id":19036,"name":"Alto Biob\u00edo","latitude":"-38.05000000","longitude":"-71.31666667"},"antuco":{"id":148337,"name":"Antuco","latitude":"-37.33333333","longitude":"-71.68333333"},"arauco":{"id":18947,"name":"Arauco","latitude":"-37.24630000","longitude":"-73.31752000"},"cabrero":{"id":18951,"name":"Cabrero","latitude":"-37.03394000","longitude":"-72.40468000"},"ca\u00f1ete":{"id":18958,"name":"Ca\u00f1ete","latitude":"-37.80128000","longitude":"-73.39616000"},"chiguayante":{"id":18961,"name":"Chiguayante","latitude":"-36.92560000","longitude":"-73.02841000"},"concepci\u00f3n":{"id":18970,"name":"Concepci\u00f3n","latitude":"-36.82699000","longitude":"-73.04977000"},"contulmo":{"id":148338,"name":"Contulmo","latitude":"-38.00000000","longitude":"-73.23333333"},"coronel":{"id":18974,"name":"Coronel","latitude":"-37.03386000","longitude":"-73.14019000"},"curanilahue":{"id":18977,"name":"Curanilahue","latitude":"-37.47793000","longitude":"-73.34495000"},"florida":{"id":148339,"name":"Florida","latitude":"-36.81666667","longitude":"-72.66666667"},"hualp\u00e9n":{"id":148340,"name":"Hualp\u00e9n","latitude":"-36.78333333","longitude":"-73.08333333"},"hualqui":{"id":148341,"name":"Hualqui","latitude":"-36.97266000","longitude":"-72.93559000"},"laja":{"id":18996,"name":"Laja","latitude":"-37.28415000","longitude":"-72.71105000"},"lebu":{"id":19001,"name":"Lebu","latitude":"-37.60825000","longitude":"-73.65356000"},"los\u00c1lamos":{"id":148342,"name":"Los \u00c1lamos","latitude":"-37.61666667","longitude":"-73.46666667"},"los\u00c1ngeles":{"id":19009,"name":"Los \u00c1ngeles","latitude":"-37.46973000","longitude":"-72.35366000"},"lota":{"id":19010,"name":"Lota","latitude":"-37.08994000","longitude":"-73.15770000"},"mulch\u00e9n":{"id":19015,"name":"Mulch\u00e9n","latitude":"-37.71893000","longitude":"-72.24099000"},"nacimiento":{"id":19016,"name":"Nacimiento","latitude":"-37.50253000","longitude":"-72.67307000"},"negrete":{"id":148343,"name":"Negrete","latitude":"-37.58333333","longitude":"-72.51666667"},"penco":{"id":19024,"name":"Penco","latitude":"-36.74075000","longitude":"-72.99528000"},"quilaco":{"id":148344,"name":"Quilaco","latitude":"-37.68436111","longitude":"-72.00636111"},"quilleco":{"id":148345,"name":"Quilleco","latitude":"-37.46666667","longitude":"-71.96666667"},"sanpedrodelapaz":{"id":148346,"name":"San Pedro de la Paz","latitude":"-36.84082000","longitude":"-73.10311000"},"sanrosendo":{"id":148347,"name":"San Rosendo","latitude":"-37.26666667","longitude":"-72.71666667"},"santab\u00e1rbara":{"id":148348,"name":"Santa B\u00e1rbara","latitude":"-37.66666667","longitude":"-72.01666667"},"santajuana":{"id":148349,"name":"Santa Juana","latitude":"-37.16666667","longitude":"-72.93333333"},"talcahuano":{"id":19114,"name":"Talcahuano","latitude":"-36.72494000","longitude":"-73.11684000"},"tir\u00faa":{"id":148350,"name":"Tir\u00faa","latitude":"-38.33333333","longitude":"-73.50000000"},"tom\u00e9":{"id":19119,"name":"Tom\u00e9","latitude":"-36.61756000","longitude":"-72.95593000"},"tucapel":{"id":148351,"name":"Tucapel","latitude":"-37.28333333","longitude":"-71.95000000"},"yumbel":{"id":19131,"name":"Yumbel","latitude":"-37.09820000","longitude":"-72.56084000"}}},"coquimbo":{"id":2825,"name":"Coquimbo","state_code":"CO","latitude":"-30.54018100","longitude":"-70.81199530","type":null,"cities":{"andacollo":{"id":148352,"name":"Andacollo","latitude":"-30.21666667","longitude":"-71.08333333"},"canela":{"id":148353,"name":"Canela","latitude":"-31.40000000","longitude":"-71.45000000"},"combarbal\u00e1":{"id":148354,"name":"Combarbal\u00e1","latitude":"-31.16666667","longitude":"-71.05000000"},"coquimbo":{"id":18973,"name":"Coquimbo","latitude":"-29.95332000","longitude":"-71.33947000"},"illapel":{"id":18988,"name":"Illapel","latitude":"-31.63349000","longitude":"-71.16967000"},"lahiguera":{"id":148355,"name":"La Higuera","latitude":"-29.50000000","longitude":"-71.26666667"},"laserena":{"id":18994,"name":"La Serena","latitude":"-29.90453000","longitude":"-71.24894000"},"losvilos":{"id":148356,"name":"Los Vilos","latitude":"-31.90000000","longitude":"-71.51666667"},"montepatria":{"id":19014,"name":"Monte Patria","latitude":"-30.69496000","longitude":"-70.95770000"},"ovalle":{"id":19019,"name":"Ovalle","latitude":"-30.60106000","longitude":"-71.19901000"},"paihuano":{"id":148357,"name":"Paihuano","latitude":"-30.02884000","longitude":"-70.51708000"},"punitaqui":{"id":148358,"name":"Punitaqui","latitude":"-30.90000000","longitude":"-71.26666667"},"r\u00edohurtado":{"id":148359,"name":"R\u00edo Hurtado","latitude":"-30.26666667","longitude":"-70.70000000"},"salamanca":{"id":19099,"name":"Salamanca","latitude":"-31.77922000","longitude":"-70.96389000"},"vicu\u00f1a":{"id":19125,"name":"Vicu\u00f1a","latitude":"-30.03541000","longitude":"-70.71274000"}}},"laaraucan\u00eda":{"id":2826,"name":"La Araucan\u00eda","state_code":"AR","latitude":"-38.94892100","longitude":"-72.33111300","type":null,"cities":{"angol":{"id":18945,"name":"Angol","latitude":"-37.79519000","longitude":"-72.71636000"},"carahue":{"id":18954,"name":"Carahue","latitude":"-38.71122000","longitude":"-73.16101000"},"cholchol":{"id":148360,"name":"Cholchol","latitude":"-38.60000000","longitude":"-72.85000000"},"collipulli":{"id":18969,"name":"Collipulli","latitude":"-37.95453000","longitude":"-72.43438000"},"cunco":{"id":148361,"name":"Cunco","latitude":"-38.91666667","longitude":"-72.03333333"},"curacaut\u00edn":{"id":148362,"name":"Curacaut\u00edn","latitude":"-38.44049210","longitude":"-71.90539600"},"curarrehue":{"id":148363,"name":"Curarrehue","latitude":"-39.35000000","longitude":"-71.58333333"},"ercilla":{"id":148364,"name":"Ercilla","latitude":"-38.05000000","longitude":"-72.38333333"},"freire":{"id":18983,"name":"Freire","latitude":"-38.95252000","longitude":"-72.62653000"},"galvarino":{"id":148365,"name":"Galvarino","latitude":"-38.40000000","longitude":"-72.78333333"},"gorbea":{"id":148366,"name":"Gorbea","latitude":"-39.10000000","longitude":"-72.68333333"},"lautaro":{"id":19000,"name":"Lautaro","latitude":"-38.53066000","longitude":"-72.43652000"},"loncoche":{"id":19006,"name":"Loncoche","latitude":"-39.36708000","longitude":"-72.63087000"},"lonquimay":{"id":148367,"name":"Lonquimay","latitude":"-38.43333333","longitude":"-71.23333333"},"lossauces":{"id":148368,"name":"Los Sauces","latitude":"-37.96666667","longitude":"-72.83333333"},"lumaco":{"id":148369,"name":"Lumaco","latitude":"-38.15000000","longitude":"-72.91666667"},"melipeuco":{"id":148370,"name":"Melipeuco","latitude":"-38.85000000","longitude":"-71.70000000"},"nuevaimperial":{"id":19017,"name":"Nueva Imperial","latitude":"-38.74451000","longitude":"-72.95025000"},"padrelascasas":{"id":148371,"name":"Padre Las Casas","latitude":"-38.76666667","longitude":"-72.60000000"},"perquenco":{"id":148372,"name":"Perquenco","latitude":"-38.41666667","longitude":"-72.38333333"},"pitrufqu\u00e9n":{"id":19027,"name":"Pitrufqu\u00e9n","latitude":"-38.98635000","longitude":"-72.63721000"},"puc\u00f3n":{"id":19080,"name":"Puc\u00f3n","latitude":"-39.28223000","longitude":"-71.95427000"},"pur\u00e9n":{"id":148373,"name":"Pur\u00e9n","latitude":"-38.01666667","longitude":"-73.08333333"},"renaico":{"id":148374,"name":"Renaico","latitude":"-37.71779000","longitude":"-72.57570000"},"saavedra":{"id":148375,"name":"Saavedra","latitude":"-38.78333333","longitude":"-73.40000000"},"temuco":{"id":19116,"name":"Temuco","latitude":"-38.73965000","longitude":"-72.59842000"},"teodoroschmidt":{"id":148376,"name":"Teodoro Schmidt","latitude":"-38.96666667","longitude":"-73.05000000"},"tolt\u00e9n":{"id":148377,"name":"Tolt\u00e9n","latitude":"-39.17852000","longitude":"-73.16448000"},"traigu\u00e9n":{"id":19120,"name":"Traigu\u00e9n","latitude":"-38.24960000","longitude":"-72.67027000"},"victoria":{"id":19124,"name":"Victoria","latitude":"-38.23291000","longitude":"-72.33292000"},"vilc\u00fan":{"id":19126,"name":"Vilc\u00fan","latitude":"-38.66875000","longitude":"-72.22565000"},"villarrica":{"id":19129,"name":"Villarrica","latitude":"-39.28569000","longitude":"-72.22790000"}}},"libertadorgeneralbernardoo\u0027higgins":{"id":2838,"name":"Libertador General Bernardo O\u0027Higgins","state_code":"LI","latitude":"-34.57553740","longitude":"-71.00223110","type":null,"cities":{"ch\u00e9pica":{"id":148378,"name":"Ch\u00e9pica","latitude":"-34.73333333","longitude":"-71.28333333"},"chimbarongo":{"id":18964,"name":"Chimbarongo","latitude":"-34.71247000","longitude":"-71.04340000"},"codegua":{"id":148379,"name":"Codegua","latitude":"-34.03333333","longitude":"-70.66666667"},"co\u00ednco":{"id":148381,"name":"Co\u00ednco","latitude":"-34.26666667","longitude":"-70.96666667"},"coltauco":{"id":148380,"name":"Coltauco","latitude":"-34.30000000","longitude":"-71.10000000"},"do\u00f1ihue":{"id":148382,"name":"Do\u00f1ihue","latitude":"-34.23333333","longitude":"-70.96666667"},"graneros":{"id":18985,"name":"Graneros","latitude":"-34.06863000","longitude":"-70.72747000"},"laestrella":{"id":148383,"name":"La Estrella","latitude":"-34.20000000","longitude":"-71.66666667"},"lascabras":{"id":148384,"name":"Las Cabras","latitude":"-34.30000000","longitude":"-71.31666667"},"litueche":{"id":148385,"name":"Litueche","latitude":"-34.11666667","longitude":"-71.73333333"},"lolol":{"id":148386,"name":"Lolol","latitude":"-34.72861111","longitude":"-71.64472222"},"machal\u00ed":{"id":19011,"name":"Machal\u00ed","latitude":"-34.18082000","longitude":"-70.64933000"},"malloa":{"id":148387,"name":"Malloa","latitude":"-34.45000000","longitude":"-70.95000000"},"marchig\u00fce":{"id":148388,"name":"Marchig\u00fce","latitude":"-34.40000000","longitude":"-71.63333333"},"mostazal":{"id":148389,"name":"Mostazal","latitude":"-33.98333333","longitude":"-70.70000000"},"nancagua":{"id":148390,"name":"Nancagua","latitude":"-34.66666667","longitude":"-71.21666667"},"navidad":{"id":148391,"name":"Navidad","latitude":"-33.93333333","longitude":"-71.83333333"},"olivar":{"id":148392,"name":"Olivar","latitude":"-34.21164000","longitude":"-70.82012000"},"palmilla":{"id":148393,"name":"Palmilla","latitude":"-34.60000000","longitude":"-71.36666667"},"paredones":{"id":148394,"name":"Paredones","latitude":"-34.78333333","longitude":"-71.16666667"},"peralillo":{"id":148395,"name":"Peralillo","latitude":"-34.48333333","longitude":"-71.48333333"},"peumo":{"id":148396,"name":"Peumo","latitude":"-34.40000000","longitude":"-71.16666667"},"pichidegua":{"id":148397,"name":"Pichidegua","latitude":"-34.35000000","longitude":"-71.30000000"},"pichilemu":{"id":148398,"name":"Pichilemu","latitude":"-34.38333000","longitude":"-72.00000000"},"placilla":{"id":148399,"name":"Placilla","latitude":"-34.63333333","longitude":"-71.11666667"},"pumanque":{"id":148400,"name":"Pumanque","latitude":"-34.60000000","longitude":"-71.66666667"},"quintadetilcoco":{"id":148401,"name":"Quinta de Tilcoco","latitude":"-34.35550000","longitude":"-70.96527000"},"rancagua":{"id":19095,"name":"Rancagua","latitude":"-34.17083000","longitude":"-70.74444000"},"rengo":{"id":19097,"name":"Rengo","latitude":"-34.40639000","longitude":"-70.85834000"},"requ\u00ednoa":{"id":148402,"name":"Requ\u00ednoa","latitude":"-34.28333333","longitude":"-70.83333333"},"sanfernando":{"id":148403,"name":"San Fernando","latitude":"-34.74330000","longitude":"-70.60328000"},"sanvicente":{"id":19109,"name":"San Vicente","latitude":"-34.43859000","longitude":"-71.07751000"},"santacruz":{"id":19110,"name":"Santa Cruz","latitude":"-34.63881000","longitude":"-71.36576000"}}},"loslagos":{"id":2835,"name":"Los Lagos","state_code":"LL","latitude":"-41.91977790","longitude":"-72.14161320","type":null,"cities":{"ancud":{"id":18944,"name":"Ancud","latitude":"-41.87070000","longitude":"-73.81622000"},"calbuco":{"id":18953,"name":"Calbuco","latitude":"-41.77338000","longitude":"-73.13049000"},"castro":{"id":18956,"name":"Castro","latitude":"-42.47210000","longitude":"-73.77319000"},"chait\u00e9n":{"id":18959,"name":"Chait\u00e9n","latitude":"-42.91596000","longitude":"-72.70632000"},"chonchi":{"id":18965,"name":"Chonchi","latitude":"-42.62387000","longitude":"-73.77500000"},"cocham\u00f3":{"id":148477,"name":"Cocham\u00f3","latitude":"-41.50000000","longitude":"-72.31666667"},"curacodev\u00e9lez":{"id":148478,"name":"Curaco de V\u00e9lez","latitude":"-42.43970000","longitude":"-73.60290000"},"dalcahue":{"id":18980,"name":"Dalcahue","latitude":"-42.37845000","longitude":"-73.65011000"},"fresia":{"id":148480,"name":"Fresia","latitude":"-41.15364000","longitude":"-73.42102000"},"frutillar":{"id":148481,"name":"Frutillar","latitude":"-41.08716000","longitude":"-73.09563000"},"futaleuf\u00fa":{"id":18984,"name":"Futaleuf\u00fa","latitude":"-43.18492000","longitude":"-71.86722000"},"hualaihu\u00e9":{"id":148482,"name":"Hualaihu\u00e9","latitude":"-42.01666667","longitude":"-72.68333333"},"llanquihue":{"id":19058,"name":"Llanquihue","latitude":"-41.34285000","longitude":"-72.65800000"},"losmuermos":{"id":148483,"name":"Los Muermos","latitude":"-41.40000000","longitude":"-73.48333333"},"maull\u00edn":{"id":148484,"name":"Maull\u00edn","latitude":"-41.61666667","longitude":"-73.60000000"},"osorno":{"id":19018,"name":"Osorno","latitude":"-40.57395000","longitude":"-73.13348000"},"palena":{"id":19021,"name":"Palena","latitude":"-43.61876000","longitude":"-71.80434000"},"puertomontt":{"id":19085,"name":"Puerto Montt","latitude":"-41.46930000","longitude":"-72.94237000"},"puertooctay":{"id":148485,"name":"Puerto Octay","latitude":"-40.96666667","longitude":"-72.90000000"},"puertovaras":{"id":19087,"name":"Puerto Varas","latitude":"-41.31946000","longitude":"-72.98538000"},"puqueld\u00f3n":{"id":148486,"name":"Puqueld\u00f3n","latitude":"-42.60001000","longitude":"-73.67458000"},"purranque":{"id":19089,"name":"Purranque","latitude":"-40.91305000","longitude":"-73.15913000"},"puyehue":{"id":148479,"name":"Puyehue","latitude":"-40.70968010","longitude":"-72.64190560"},"queil\u00e9n":{"id":148487,"name":"Queil\u00e9n","latitude":"-42.85572000","longitude":"-73.56436000"},"quell\u00f3n":{"id":19091,"name":"Quell\u00f3n","latitude":"-43.11819000","longitude":"-73.61661000"},"quemchi":{"id":148488,"name":"Quemchi","latitude":"-42.13333333","longitude":"-73.51666667"},"quinchao":{"id":148489,"name":"Quinchao","latitude":"-42.53333333","longitude":"-73.41666667"},"r\u00edonegro":{"id":148490,"name":"R\u00edo Negro","latitude":"-40.79615000","longitude":"-73.21614000"},"sanjuandelacosta":{"id":148491,"name":"San Juan de la Costa","latitude":"-40.51666667","longitude":"-73.40000000"},"sanpablo":{"id":148492,"name":"San Pablo","latitude":"-40.40000000","longitude":"-73.01666667"}}},"losr\u00edos":{"id":2834,"name":"Los R\u00edos","state_code":"LR","latitude":"-40.23102170","longitude":"-72.33111300","type":null,"cities":{"corral":{"id":18975,"name":"Corral","latitude":"-39.88730000","longitude":"-73.43101000"},"futrono":{"id":148493,"name":"Futrono","latitude":"-40.13333333","longitude":"-72.40000000"},"launi\u00f3n":{"id":18995,"name":"La Uni\u00f3n","latitude":"-40.29313000","longitude":"-73.08167000"},"lagoranco":{"id":148494,"name":"Lago Ranco","latitude":"-40.31666667","longitude":"-72.50000000"},"lanco":{"id":148495,"name":"Lanco","latitude":"-39.45246000","longitude":"-72.77117000"},"loslagos":{"id":148496,"name":"Los Lagos","latitude":"-39.85000000","longitude":"-72.83333333"},"m\u00e1fil":{"id":148498,"name":"M\u00e1fil","latitude":"-39.65000000","longitude":"-72.95000000"},"mariquina":{"id":148497,"name":"Mariquina","latitude":"-39.51666667","longitude":"-72.96666667"},"paillaco":{"id":148499,"name":"Paillaco","latitude":"-40.07060000","longitude":"-72.87270000"},"panguipulli":{"id":19022,"name":"Panguipulli","latitude":"-39.64355000","longitude":"-72.33269000"},"r\u00edobueno":{"id":19098,"name":"R\u00edo Bueno","latitude":"-40.33494000","longitude":"-72.95564000"},"valdivia":{"id":19121,"name":"Valdivia","latitude":"-39.81422000","longitude":"-73.24589000"}}},"magallanesydelaant\u00e1rticachilena":{"id":2836,"name":"Magallanes y de la Ant\u00e1rtica Chilena","state_code":"MA","latitude":"-52.20643160","longitude":"-72.16850010","type":null,"cities":{"ant\u00e1rtica":{"id":19029,"name":"Ant\u00e1rtica","latitude":"-75.00000000","longitude":"-71.50000000"},"cabodehornos":{"id":148404,"name":"Cabo de Hornos","latitude":"-54.93333333","longitude":"-67.61666667"},"lagunablanca":{"id":148405,"name":"Laguna Blanca","latitude":"-52.25000000","longitude":"-71.91666667"},"natales":{"id":148406,"name":"Natales","latitude":"-51.73333333","longitude":"-72.51666667"},"porvenir":{"id":19028,"name":"Porvenir","latitude":"-53.30000000","longitude":"-70.36666667"},"primavera":{"id":148407,"name":"Primavera","latitude":"-52.71666667","longitude":"-69.25000000"},"puntaarenas":{"id":19088,"name":"Punta Arenas","latitude":"-53.16270000","longitude":"-70.90810000"},"r\u00edoverde":{"id":148408,"name":"R\u00edo Verde","latitude":"-52.65000000","longitude":"-71.48333333"},"sangregorio":{"id":148409,"name":"San Gregorio","latitude":"-52.31666667","longitude":"-69.68333333"},"timaukel":{"id":148410,"name":"Timaukel","latitude":"-53.66666667","longitude":"-69.90000000"},"torresdelpaine":{"id":148411,"name":"Torres del Paine","latitude":"-51.26666667","longitude":"-72.35000000"}}},"maule":{"id":2833,"name":"Maule","state_code":"ML","latitude":"-35.51636030","longitude":"-71.57239530","type":null,"cities":{"cauquenes":{"id":18957,"name":"Cauquenes","latitude":"-35.96710000","longitude":"-72.32248000"},"chanco":{"id":148435,"name":"Chanco","latitude":"-35.73333333","longitude":"-72.53333333"},"colb\u00fan":{"id":18968,"name":"Colb\u00fan","latitude":"-35.69494000","longitude":"-71.40568000"},"constituci\u00f3n":{"id":18971,"name":"Constituci\u00f3n","latitude":"-35.33321000","longitude":"-72.41156000"},"curepto":{"id":148436,"name":"Curepto","latitude":"-35.08333333","longitude":"-72.01666667"},"curic\u00f3":{"id":18978,"name":"Curic\u00f3","latitude":"-34.98279000","longitude":"-71.23943000"},"empedrado":{"id":148437,"name":"Empedrado","latitude":"-35.60000000","longitude":"-72.28333333"},"huala\u00f1\u00e9":{"id":148438,"name":"Huala\u00f1\u00e9","latitude":"-34.97653333","longitude":"-71.80478611"},"licant\u00e9n":{"id":148439,"name":"Licant\u00e9n","latitude":"-34.98333333","longitude":"-72.00000000"},"linares":{"id":19003,"name":"Linares","latitude":"-35.84667000","longitude":"-71.59308000"},"longav\u00ed":{"id":19007,"name":"Longav\u00ed","latitude":"-35.96496000","longitude":"-71.68360000"},"maule":{"id":148440,"name":"Maule","latitude":"-35.53333333","longitude":"-71.70000000"},"molina":{"id":19013,"name":"Molina","latitude":"-35.11428000","longitude":"-71.28232000"},"parral":{"id":19023,"name":"Parral","latitude":"-36.14311000","longitude":"-71.82605000"},"pelarco":{"id":148441,"name":"Pelarco","latitude":"-35.38333333","longitude":"-71.45000000"},"pelluhue":{"id":148442,"name":"Pelluhue","latitude":"-35.83333333","longitude":"-72.63333333"},"pencahue":{"id":148443,"name":"Pencahue","latitude":"-35.40000000","longitude":"-71.81666667"},"rauco":{"id":19096,"name":"Rauco","latitude":"-34.92546000","longitude":"-71.31722000"},"retiro":{"id":148444,"name":"Retiro","latitude":"-36.05000000","longitude":"-71.76666667"},"r\u00edoclaro":{"id":148446,"name":"R\u00edo Claro","latitude":"-35.28333333","longitude":"-71.26666667"},"romeral":{"id":148445,"name":"Romeral","latitude":"-34.96666667","longitude":"-71.13333333"},"sagradafamilia":{"id":148447,"name":"Sagrada Familia","latitude":"-35.00000000","longitude":"-71.38333333"},"sanclemente":{"id":19104,"name":"San Clemente","latitude":"-35.53777000","longitude":"-71.48700000"},"sanjavier":{"id":19106,"name":"San Javier","latitude":"-35.59520000","longitude":"-71.72924000"},"sanrafael":{"id":148448,"name":"San Rafael","latitude":"-35.31666667","longitude":"-71.53333333"},"talca":{"id":19113,"name":"Talca","latitude":"-35.42640000","longitude":"-71.65542000"},"teno":{"id":19117,"name":"Teno","latitude":"-34.87055000","longitude":"-71.16219000"},"vichuqu\u00e9n":{"id":148449,"name":"Vichuqu\u00e9n","latitude":"-34.88333333","longitude":"-72.00000000"},"villaalegre":{"id":148450,"name":"Villa Alegre","latitude":"-35.66666667","longitude":"-71.75000000"},"yerbasbuenas":{"id":148451,"name":"Yerbas Buenas","latitude":"-35.75000000","longitude":"-71.58333333"}}},"\u00d1uble":{"id":2831,"name":"\u00d1uble","state_code":"NB","latitude":"-36.72257430","longitude":"-71.76224810","type":null,"cities":{"bulnes":{"id":18950,"name":"Bulnes","latitude":"-36.74232000","longitude":"-72.29854000"},"chill\u00e1n":{"id":18963,"name":"Chill\u00e1n","latitude":"-36.60664000","longitude":"-72.10344000"},"chill\u00e1nviejo":{"id":148419,"name":"Chill\u00e1n Viejo","latitude":"-36.62290000","longitude":"-72.13170000"},"cobquecura":{"id":148420,"name":"Cobquecura","latitude":"-36.13333333","longitude":"-72.78333333"},"coelemu":{"id":148421,"name":"Coelemu","latitude":"-36.48333333","longitude":"-72.70000000"},"coihueco":{"id":18967,"name":"Coihueco","latitude":"-36.62785000","longitude":"-71.83068000"},"elcarmen":{"id":148422,"name":"El Carmen","latitude":"-36.90000000","longitude":"-72.03333333"},"ninhue":{"id":148423,"name":"Ninhue","latitude":"-36.40000000","longitude":"-72.40000000"},"\u00d1iqu\u00e9n":{"id":148424,"name":"\u00d1iqu\u00e9n","latitude":"-36.30000000","longitude":"-71.90000000"},"pemuco":{"id":148425,"name":"Pemuco","latitude":"-36.96666667","longitude":"-72.10000000"},"pinto":{"id":148426,"name":"Pinto","latitude":"-36.70000000","longitude":"-71.90000000"},"portezuelo":{"id":148427,"name":"Portezuelo","latitude":"-36.53333333","longitude":"-72.43333333"},"quill\u00f3n":{"id":148428,"name":"Quill\u00f3n","latitude":"-36.73333333","longitude":"-72.46666667"},"quirihue":{"id":19094,"name":"Quirihue","latitude":"-36.27998000","longitude":"-72.54118000"},"r\u00e1nquil":{"id":148429,"name":"R\u00e1nquil","latitude":"-36.65000000","longitude":"-72.55000000"},"sancarlos":{"id":19103,"name":"San Carlos","latitude":"-36.42477000","longitude":"-71.95800000"},"sanfabi\u00e1n":{"id":148430,"name":"San Fabi\u00e1n","latitude":"-36.55000000","longitude":"-71.55000000"},"sanignacio":{"id":148431,"name":"San Ignacio","latitude":"-36.79999910","longitude":"-72.04207620"},"sannicol\u00e1s":{"id":148432,"name":"San Nicol\u00e1s","latitude":"-36.50000000","longitude":"-72.21666667"},"treguaco":{"id":148433,"name":"Treguaco","latitude":"-36.43333333","longitude":"-72.66666667"},"yungay":{"id":148434,"name":"Yungay","latitude":"-37.11666667","longitude":"-72.01666667"}}},"regi\u00f3nmetropolitanadesantiago":{"id":2824,"name":"Regi\u00f3n Metropolitana de Santiago","state_code":"RM","latitude":"-33.43755450","longitude":"-70.65048960","type":null,"cities":{"alhu\u00e9":{"id":148500,"name":"Alhu\u00e9","latitude":"-34.03333333","longitude":"-71.10000000"},"buin":{"id":18949,"name":"Buin","latitude":"-33.73257000","longitude":"-70.74281000"},"caleradetango":{"id":148501,"name":"Calera de Tango","latitude":"-33.65000000","longitude":"-70.81666667"},"cerrillos":{"id":148535,"name":"Cerrillos","latitude":"-33.50229190","longitude":"-70.73009420"},"cerronavia":{"id":148540,"name":"Cerro Navia","latitude":"-33.42516430","longitude":"-70.78407540"},"colina":{"id":148502,"name":"Colina","latitude":"-33.20000000","longitude":"-70.68333333"},"conchal\u00ed":{"id":148503,"name":"Conchal\u00ed","latitude":"-33.35000000","longitude":"-70.61666667"},"curacav\u00ed":{"id":148536,"name":"Curacav\u00ed","latitude":"-33.46937830","longitude":"-70.72612030"},"elbosque":{"id":148504,"name":"El Bosque","latitude":"-33.56666667","longitude":"-70.70000000"},"elmonte":{"id":18982,"name":"El Monte","latitude":"-33.67969000","longitude":"-70.98482000"},"estaci\u00f3ncentral":{"id":148505,"name":"Estaci\u00f3n Central","latitude":"-33.45194400","longitude":"-70.67888900"},"huechuraba":{"id":148537,"name":"Huechuraba","latitude":"-33.36928270","longitude":"-70.66482650"},"independencia":{"id":148506,"name":"Independencia","latitude":"-33.41666667","longitude":"-70.63333333"},"islademaipo":{"id":148507,"name":"Isla de Maipo","latitude":"-33.75000000","longitude":"-70.90000000"},"lacisterna":{"id":148508,"name":"La Cisterna","latitude":"-33.55000000","longitude":"-70.68333000"},"laflorida":{"id":148510,"name":"La Florida","latitude":"-33.55000000","longitude":"-70.56666667"},"lagranja":{"id":148511,"name":"La Granja","latitude":"-33.54305556","longitude":"-70.63194444"},"lapintana":{"id":18993,"name":"La Pintana","latitude":"-33.58331000","longitude":"-70.63419000"},"lareina":{"id":148512,"name":"La Reina","latitude":"-33.45000000","longitude":"-70.55000000"},"lampa":{"id":18997,"name":"Lampa","latitude":"-33.28630000","longitude":"-70.87561000"},"lascondes":{"id":148513,"name":"Las Condes","latitude":"-33.41666667","longitude":"-70.58333333"},"lobarnechea":{"id":148514,"name":"Lo Barnechea","latitude":"-33.35000000","longitude":"-70.51666667"},"loespejo":{"id":148515,"name":"Lo Espejo","latitude":"-33.53333333","longitude":"-70.71666667"},"loprado":{"id":19005,"name":"Lo Prado","latitude":"-33.44430000","longitude":"-70.72552000"},"macul":{"id":148516,"name":"Macul","latitude":"-33.50000000","longitude":"-70.56666667"},"maip\u00fa":{"id":148517,"name":"Maip\u00fa","latitude":"-33.51666667","longitude":"-70.76666667"},"mar\u00edapinto":{"id":148518,"name":"Mar\u00eda Pinto","latitude":"-33.53333333","longitude":"-71.13333333"},"melipilla":{"id":19012,"name":"Melipilla","latitude":"-33.68909000","longitude":"-71.21528000"},"\u00d1u\u00f1oa":{"id":148534,"name":"\u00d1u\u00f1oa","latitude":"-33.46666667","longitude":"-70.60000000"},"padrehurtado":{"id":148519,"name":"Padre Hurtado","latitude":"-33.56666667","longitude":"-70.83333333"},"paine":{"id":19020,"name":"Paine","latitude":"-33.80796000","longitude":"-70.74109000"},"pedroaguirrecerda":{"id":148520,"name":"Pedro Aguirre Cerda","latitude":"-33.46666667","longitude":"-70.63333333"},"pe\u00f1aflor":{"id":19026,"name":"Pe\u00f1aflor","latitude":"-33.60627000","longitude":"-70.87649000"},"pe\u00f1alol\u00e9n":{"id":148521,"name":"Pe\u00f1alol\u00e9n","latitude":"-33.48333333","longitude":"-70.53333333"},"pirque":{"id":148522,"name":"Pirque","latitude":"-33.71865000","longitude":"-70.50658000"},"providencia":{"id":148523,"name":"Providencia","latitude":"-33.43333333","longitude":"-70.61666667"},"pudahuel":{"id":148538,"name":"Pudahuel","latitude":"-33.41883590","longitude":"-70.91463070"},"puentealto":{"id":19081,"name":"Puente Alto","latitude":"-33.61169000","longitude":"-70.57577000"},"quilicura":{"id":148524,"name":"Quilicura","latitude":"-33.36666667","longitude":"-70.75000000"},"quintanormal":{"id":148525,"name":"Quinta Normal","latitude":"-33.45000000","longitude":"-70.70000000"},"recoleta":{"id":148526,"name":"Recoleta","latitude":"-33.41666667","longitude":"-70.65000000"},"renca":{"id":148527,"name":"Renca","latitude":"-33.40000000","longitude":"-70.73333333"},"sanbernardo":{"id":19102,"name":"San Bernardo","latitude":"-33.59217000","longitude":"-70.69960000"},"sanjoaqu\u00edn":{"id":148528,"name":"San Joaqu\u00edn","latitude":"-33.50000000","longitude":"-70.61666667"},"sanjos\u00e9demaipo":{"id":148529,"name":"San Jos\u00e9 de Maipo","latitude":"-33.63333333","longitude":"-70.36666667"},"sanmiguel":{"id":148530,"name":"San Miguel","latitude":"-33.50000000","longitude":"-70.66666667"},"sanpedro":{"id":148531,"name":"San Pedro","latitude":"-33.90000000","longitude":"-71.46666667"},"sanram\u00f3n":{"id":148539,"name":"San Ram\u00f3n","latitude":"-33.53775950","longitude":"-70.65176730"},"santiago":{"id":19111,"name":"Santiago","latitude":"-33.45694000","longitude":"-70.64827000"},"talagante":{"id":19112,"name":"Talagante","latitude":"-33.66386000","longitude":"-70.92734000"},"tiltil":{"id":148532,"name":"Tiltil","latitude":"-33.08333333","longitude":"-70.93333333"},"vitacura":{"id":148533,"name":"Vitacura","latitude":"-33.40000000","longitude":"-70.60000000"}}},"tarapac\u00e1":{"id":2837,"name":"Tarapac\u00e1","state_code":"TA","latitude":"-20.20287990","longitude":"-69.28775350","type":null,"cities":{"altohospicio":{"id":148412,"name":"Alto Hospicio","latitude":"-20.25000000","longitude":"-70.11666667"},"cami\u00f1a":{"id":148413,"name":"Cami\u00f1a","latitude":"-19.30000000","longitude":"-69.41666667"},"colchane":{"id":148414,"name":"Colchane","latitude":"-19.27541100","longitude":"-68.63964600"},"huara":{"id":148415,"name":"Huara","latitude":"-19.96666667","longitude":"-69.76666667"},"iquique":{"id":18989,"name":"Iquique","latitude":"-20.21326000","longitude":"-70.15027000"},"pica":{"id":148416,"name":"Pica","latitude":"-20.50000000","longitude":"-69.33333333"},"pozoalmonte":{"id":148417,"name":"Pozo Almonte","latitude":"-20.25970000","longitude":"-69.78620000"}}},"valpara\u00edso":{"id":2830,"name":"Valpara\u00edso","state_code":"VS","latitude":"-33.04723800","longitude":"-71.61268850","type":null,"cities":{"algarrobo":{"id":148452,"name":"Algarrobo","latitude":"-33.36925600","longitude":"-71.66813900"},"cabildo":{"id":148453,"name":"Cabildo","latitude":"-32.41737000","longitude":"-70.82435000"},"callelarga":{"id":148454,"name":"Calle Larga","latitude":"-32.85000000","longitude":"-70.63333333"},"cartagena":{"id":18955,"name":"Cartagena","latitude":"-33.55384000","longitude":"-71.60761000"},"casablanca":{"id":148455,"name":"Casablanca","latitude":"-33.31666667","longitude":"-71.41666667"},"catemu":{"id":148456,"name":"Catemu","latitude":"-32.63333333","longitude":"-71.03333333"},"conc\u00f3n":{"id":148457,"name":"Conc\u00f3n","latitude":"-32.91666667","longitude":"-71.51666667"},"elquisco":{"id":148458,"name":"El Quisco","latitude":"-33.40000000","longitude":"-71.70000000"},"eltabo":{"id":148459,"name":"El Tabo","latitude":"-33.45000000","longitude":"-71.66666667"},"hijuelas":{"id":148460,"name":"Hijuelas","latitude":"-32.80000000","longitude":"-71.16666667"},"isladepascua":{"id":19055,"name":"Isla de Pascua","latitude":"-27.11048000","longitude":"-109.29749000"},"juanfern\u00e1ndez":{"id":148461,"name":"Juan Fern\u00e1ndez","latitude":"-30.02564270","longitude":"-82.05192080"},"lacalera":{"id":148463,"name":"La Calera","latitude":"-32.78333333","longitude":"-71.21666667"},"lacruz":{"id":148464,"name":"La Cruz","latitude":"-32.81666667","longitude":"-71.23333333"},"laligua":{"id":18992,"name":"La Ligua","latitude":"-32.45242000","longitude":"-71.23106000"},"limache":{"id":19002,"name":"Limache","latitude":"-33.01667000","longitude":"-71.26667000"},"llaillay":{"id":19004,"name":"Llaillay","latitude":"-32.84043000","longitude":"-70.95623000"},"losandes":{"id":19008,"name":"Los Andes","latitude":"-32.83369000","longitude":"-70.59827000"},"nogales":{"id":148465,"name":"Nogales","latitude":"-32.71666667","longitude":"-71.23333333"},"olmu\u00e9":{"id":148466,"name":"Olmu\u00e9","latitude":"-33.00000000","longitude":"-71.20000000"},"panquehue":{"id":148467,"name":"Panquehue","latitude":"-32.80000000","longitude":"-70.83333333"},"papudo":{"id":148468,"name":"Papudo","latitude":"-32.51666667","longitude":"-71.45000000"},"petorca":{"id":148469,"name":"Petorca","latitude":"-32.25000000","longitude":"-70.93333333"},"puchuncav\u00ed":{"id":148470,"name":"Puchuncav\u00ed","latitude":"-32.72575000","longitude":"-71.41514000"},"putaendo":{"id":148471,"name":"Putaendo","latitude":"-32.63333333","longitude":"-70.73333333"},"quillota":{"id":19092,"name":"Quillota","latitude":"-32.88341000","longitude":"-71.24882000"},"quilpu\u00e9":{"id":19093,"name":"Quilpu\u00e9","latitude":"-33.04752000","longitude":"-71.44249000"},"quintero":{"id":148472,"name":"Quintero","latitude":"-32.78333333","longitude":"-71.53333333"},"rinconada":{"id":148473,"name":"Rinconada","latitude":"-32.83333333","longitude":"-70.70000000"},"sanantonio":{"id":19100,"name":"San Antonio","latitude":"-33.59473000","longitude":"-71.60746000"},"sanesteban":{"id":148474,"name":"San Esteban","latitude":"-32.80000000","longitude":"-70.58333333"},"sanfelipe":{"id":19105,"name":"San Felipe","latitude":"-32.74976000","longitude":"-70.72584000"},"santamar\u00eda":{"id":148475,"name":"Santa Mar\u00eda","latitude":"-32.75000000","longitude":"-70.66666667"},"santodomingo":{"id":148462,"name":"Santo Domingo","latitude":"-33.64719330","longitude":"-71.63527900"},"valpara\u00edso":{"id":19123,"name":"Valpara\u00edso","latitude":"-33.03600000","longitude":"-71.62963000"},"villaalemana":{"id":19127,"name":"Villa Alemana","latitude":"-33.04222000","longitude":"-71.37333000"},"vi\u00f1adelmar":{"id":19130,"name":"Vi\u00f1a del Mar","latitude":"-33.02457000","longitude":"-71.55183000"},"zapallar":{"id":148476,"name":"Zapallar","latitude":"-32.55390000","longitude":"-71.45770000"}}}}}