{"id":77,"name":"French Polynesia","iso3":"PYF","iso2":"PF","numeric_code":"258","phone_code":"689","capital":"Papeete","currency":"XPF","currency_name":"CFP franc","currency_symbol":"\u20a3","tld":".pf","native":"Polyn\u00e9sie fran\u00e7aise","region":"Oceania","region_id":"5","subregion":"Polynesia","subregion_id":"22","nationality":"French Polynesia","timezones":[{"zoneName":"Pacific/Gambier","gmtOffset":-32400,"gmtOffsetName":"UTC-09:00","abbreviation":"GAMT","tzName":"Gambier Islands Time"},{"zoneName":"Pacific/Marquesas","gmtOffset":-34200,"gmtOffsetName":"UTC-09:30","abbreviation":"MART","tzName":"Marquesas Islands Time"},{"zoneName":"Pacific/Tahiti","gmtOffset":-36000,"gmtOffsetName":"UTC-10:00","abbreviation":"TAHT","tzName":"Tahiti Time"}],"translations":{"kr":"\ud504\ub791\uc2a4\ub839 \ud3f4\ub9ac\ub124\uc2dc\uc544","pt-BR":"Polin\u00e9sia Francesa","pt":"Polin\u00e9sia Francesa","nl":"Frans-Polynesi\u00eb","hr":"Francuska Polinezija","fa":"\u067e\u0644\u06cc\u200c\u0646\u0632\u06cc \u0641\u0631\u0627\u0646\u0633\u0647","de":"Franz\u00f6sisch-Polynesien","es":"Polinesia Francesa","fr":"Polyn\u00e9sie fran\u00e7aise","ja":"\u30d5\u30e9\u30f3\u30b9\u9818\u30dd\u30ea\u30cd\u30b7\u30a2","it":"Polinesia Francese","cn":"\u6cd5\u5c5e\u6ce2\u5229\u5c3c\u897f\u4e9a","tr":"Fransiz Polinezyasi"},"latitude":"-15.00000000","longitude":"-140.00000000","emoji":"\ud83c\uddf5\ud83c\uddeb","emojiU":"U+1F1F5 U+1F1EB"}