{"id":77,"name":"French Polynesia","iso3":"PYF","iso2":"PF","numeric_code":"258","phonecode":"689","capital":"Papeete","currency":"XPF","currency_name":"CFP franc","currency_symbol":"\u20a3","tld":".pf","native":"Polyn\u00e9sie fran\u00e7aise","region":"Oceania","region_id":5,"subregion":"Polynesia","subregion_id":22,"nationality":"French Polynesia","timezones":[{"zoneName":"Pacific/Gambier","gmtOffset":-32400,"gmtOffsetName":"UTC-09:00","abbreviation":"GAMT","tzName":"Gambier Islands Time"},{"zoneName":"Pacific/Marquesas","gmtOffset":-34200,"gmtOffsetName":"UTC-09:30","abbreviation":"MART","tzName":"Marquesas Islands Time"},{"zoneName":"Pacific/Tahiti","gmtOffset":-36000,"gmtOffsetName":"UTC-10:00","abbreviation":"TAHT","tzName":"Tahiti Time"}],"translations":{"ko":"\ud504\ub791\uc2a4\ub839 \ud3f4\ub9ac\ub124\uc2dc\uc544","pt-BR":"Polin\u00e9sia Francesa","pt":"Polin\u00e9sia Francesa","nl":"Frans-Polynesi\u00eb","hr":"Francuska Polinezija","fa":"\u067e\u0644\u06cc\u200c\u0646\u0632\u06cc \u0641\u0631\u0627\u0646\u0633\u0647","de":"Franz\u00f6sisch-Polynesien","es":"Polinesia Francesa","fr":"Polyn\u00e9sie fran\u00e7aise","ja":"\u30d5\u30e9\u30f3\u30b9\u9818\u30dd\u30ea\u30cd\u30b7\u30a2","it":"Polinesia Francese","zh-CN":"\u6cd5\u5c5e\u6ce2\u5229\u5c3c\u897f\u4e9a","tr":"Fransiz Polinezyasi","ru":"\u0424\u0440\u0430\u043d\u0446\u0443\u0437\u0441\u043a\u0430\u044f \u041f\u043e\u043b\u0438\u043d\u0435\u0437\u0438\u044f","uk":"\u0424\u0440\u0430\u043d\u0446\u0443\u0437\u044c\u043a\u0430 \u041f\u043e\u043b\u0456\u043d\u0435\u0437\u0456\u044f","pl":"Polinezja Francuska"},"latitude":"-15.00000000","longitude":"-140.00000000","emoji":"\ud83c\uddf5\ud83c\uddeb","emojiU":"U+1F1F5 U+1F1EB","states":{"australislands":{"id":5369,"name":"Austral Islands","state_code":"01","latitude":"-24.62108770","longitude":"-154.79155860","type":"division","cities":{"raivavae":{"id":154867,"name":"Raivavae","latitude":"-23.86946330","longitude":"-147.73244720"},"rapa":{"id":154868,"name":"Rapa","latitude":"-27.60822390","longitude":"-144.38427770"},"rimatara":{"id":154869,"name":"Rimatara","latitude":"-22.64382540","longitude":"-152.83120520"},"rurutu":{"id":154870,"name":"Rurutu","latitude":"-22.46958690","longitude":"-151.39113710"},"tubuai":{"id":154871,"name":"Tubuai","latitude":"-23.36850430","longitude":"-149.54496480"}}},"leewardislands":{"id":5370,"name":"Leeward Islands","state_code":"02","latitude":"-16.33144420","longitude":"-155.45770620","type":"division","cities":{"bora-bora":{"id":154872,"name":"Bora-Bora","latitude":"-16.39169250","longitude":"-151.93003350"},"huahine":{"id":154873,"name":"Huahine","latitude":"-16.75212330","longitude":"-151.07889500"},"maupiti":{"id":154874,"name":"Maupiti","latitude":"-16.31438490","longitude":"-154.79908630"},"tahaa":{"id":154875,"name":"Tahaa","latitude":"-16.61957120","longitude":"-151.57215390"},"taputapuatea":{"id":154876,"name":"Taputapuatea","latitude":"-16.82062470","longitude":"-151.47741330"},"tumaraa":{"id":154877,"name":"Tumaraa","latitude":"-16.82985330","longitude":"-151.53381840"},"uturoa":{"id":154878,"name":"Uturoa","latitude":"-16.73858290","longitude":"-151.49549020"}}},"marquesasislands":{"id":5371,"name":"Marquesas Islands","state_code":"03","latitude":"-9.17852990","longitude":"-140.97670260","type":"division","cities":{"fatu-hiva":{"id":154879,"name":"Fatu-Hiva","latitude":"-10.48604740","longitude":"-138.69188860"},"hiva-oa":{"id":154880,"name":"Hiva-Oa","latitude":"-9.72631690","longitude":"-139.30998880"},"nuku-hiva":{"id":154881,"name":"Nuku-Hiva","latitude":"-8.41030010","longitude":"-141.02327110"},"tahuata":{"id":154882,"name":"Tahuata","latitude":"-9.95732410","longitude":"-139.16563470"},"ua-huka":{"id":154883,"name":"Ua-Huka","latitude":"-8.90967990","longitude":"-139.63171970"},"ua-pou":{"id":154884,"name":"Ua-Pou","latitude":"-9.40892440","longitude":"-140.15553770"}}},"tuamotu-gambier":{"id":5372,"name":"Tuamotu-Gambier","state_code":"04","latitude":"-18.32071570","longitude":"-152.44871660","type":"division","cities":{"anaa":{"id":154885,"name":"Anaa","latitude":"-17.41194390","longitude":"-145.66284990"},"arutua":{"id":154886,"name":"Arutua","latitude":"-15.31203340","longitude":"-146.91262850"},"fakarava":{"id":154887,"name":"Fakarava","latitude":"-16.29845160","longitude":"-145.92218890"},"fangatau":{"id":154888,"name":"Fangatau","latitude":"-15.82097880","longitude":"-140.90810600"},"gambier":{"id":154889,"name":"Gambier","latitude":"-23.10088440","longitude":"-135.07922550"},"hao":{"id":154890,"name":"Hao","latitude":"-18.74532930","longitude":"-145.33383850"},"hikueru":{"id":154891,"name":"Hikueru","latitude":"-17.58767480","longitude":"-142.69120590"},"makemo":{"id":154892,"name":"Makemo","latitude":"-16.59334420","longitude":"-144.01756280"},"manihi":{"id":154893,"name":"Manihi","latitude":"-14.39757810","longitude":"-146.12217070"},"napuka":{"id":154894,"name":"Napuka","latitude":"-14.17342310","longitude":"-141.30676690"},"nukutavake":{"id":154895,"name":"Nukutavake","latitude":"-18.97808660","longitude":"-139.29284520"},"puka-puka":{"id":154896,"name":"Puka-Puka","latitude":"-14.81902510","longitude":"-138.86100870"},"rangiroa":{"id":154897,"name":"Rangiroa","latitude":"-15.12282920","longitude":"-147.91140150"},"reao":{"id":154898,"name":"Reao","latitude":"-18.51946500","longitude":"-136.46088500"},"takaroa":{"id":154899,"name":"Takaroa","latitude":"-14.67263940","longitude":"-145.22680410"},"tatakoto":{"id":154900,"name":"Tatakoto","latitude":"-17.34173160","longitude":"-138.47584630"},"tureia":{"id":154901,"name":"Tureia","latitude":"-20.82803180","longitude":"-138.58163900"}}},"windwardislands":{"id":5373,"name":"Windward Islands","state_code":"05","latitude":"-17.42539670","longitude":"-150.67802270","type":"division","cities":{"arue":{"id":154902,"name":"Arue","latitude":"-17.27738940","longitude":"-149.87199430"},"faaa":{"id":154903,"name":"Faaa","latitude":"-17.58391940","longitude":"-149.64609260"},"hitiaaotera":{"id":154904,"name":"Hitiaa O Te Ra","latitude":"-17.59142580","longitude":"-149.47324810"},"mahina":{"id":154905,"name":"Mahina","latitude":"-17.55747420","longitude":"-149.51647820"},"moorea-maiao":{"id":154906,"name":"Moorea-Maiao","latitude":"-17.57566530","longitude":"-150.86188770"},"paea":{"id":154907,"name":"Paea","latitude":"-17.69616980","longitude":"-149.58969660"},"papara":{"id":154908,"name":"Papara","latitude":"-17.71187630","longitude":"-149.59042950"},"papeete":{"id":154909,"name":"Papeete","latitude":"-17.55713870","longitude":"-149.59660090"},"pirae":{"id":154910,"name":"Pirae","latitude":"-17.56986380","longitude":"-149.56352800"},"punaauia":{"id":154911,"name":"Punaauia","latitude":"-17.61796960","longitude":"-149.63102240"},"taiarapu-est":{"id":154912,"name":"Taiarapu-Est","latitude":"-17.75551280","longitude":"-149.39533960"},"taiarapu-ouest":{"id":154913,"name":"Taiarapu-Ouest","latitude":"-17.81004520","longitude":"-149.32700520"},"tevaiuta":{"id":154914,"name":"Teva I Uta","latitude":"-17.72250080","longitude":"-149.48196150"}}}}}