{"id":20,"name":"Barbados","iso3":"BRB","iso2":"BB","numeric_code":"052","phonecode":"1","capital":"Bridgetown","currency":"BBD","currency_name":"Barbadian dollar","currency_symbol":"Bds$","tld":".bb","native":"Barbados","region":"Americas","region_id":2,"subregion":"Caribbean","subregion_id":7,"nationality":"Barbadian","timezones":[{"zoneName":"America/Barbados","gmtOffset":-14400,"gmtOffsetName":"UTC-04:00","abbreviation":"AST","tzName":"Atlantic Standard Time"}],"translations":{"ko":"\ubc14\ubca0\uc774\ub3c4\uc2a4","pt-BR":"Barbados","pt":"Barbados","nl":"Barbados","hr":"Barbados","fa":"\u0628\u0627\u0631\u0628\u0627\u062f\u0648\u0633","de":"Barbados","es":"Barbados","fr":"Barbade","ja":"\u30d0\u30eb\u30d0\u30c9\u30b9","it":"Barbados","zh-CN":"\u5df4\u5df4\u591a\u65af","tr":"Barbados","ru":"\u0411\u0430\u0440\u0431\u0430\u0434\u043e\u0441","uk":"\u0411\u0430\u0440\u0431\u0430\u0434\u043e\u0441","pl":"Barbados"},"latitude":"13.16666666","longitude":"-59.53333333","emoji":"\ud83c\udde7\ud83c\udde7","emojiU":"U+1F1E7 U+1F1E7","states":{"christchurch":{"id":1228,"name":"Christ Church","state_code":"01","latitude":"13.08528990","longitude":"-59.62390140","type":"parish","cities":{"oistins":{"id":8452,"name":"Oistins","latitude":"13.07067000","longitude":"-59.54637000"}}},"saintandrew":{"id":1229,"name":"Saint Andrew","state_code":"02","latitude":"13.24946070","longitude":"-59.61269570","type":"parish","cities":{"greenland":{"id":8450,"name":"Greenland","latitude":"13.25808000","longitude":"-59.57763000"}}},"saintgeorge":{"id":1226,"name":"Saint George","state_code":"03","latitude":"13.14038630","longitude":"-59.58546770","type":"parish"},"saintjames":{"id":1224,"name":"Saint James","state_code":"04","latitude":"13.18793480","longitude":"-59.66224020","type":"parish","cities":{"holetown":{"id":8451,"name":"Holetown","latitude":"13.18672000","longitude":"-59.63808000"}}},"saintjohn":{"id":1227,"name":"Saint John","state_code":"05","latitude":"13.17411180","longitude":"-59.54045070","type":"parish"},"saintjoseph":{"id":1223,"name":"Saint Joseph","state_code":"06","latitude":"13.20219120","longitude":"-59.58385770","type":"parish","cities":{"bathsheba":{"id":8447,"name":"Bathsheba","latitude":"13.21133000","longitude":"-59.52596000"}}},"saintlucy":{"id":1221,"name":"Saint Lucy","state_code":"07","latitude":"13.30458280","longitude":"-59.65366180","type":"parish"},"saintmichael":{"id":1230,"name":"Saint Michael","state_code":"08","latitude":"13.11847670","longitude":"-59.64349020","type":"parish","cities":{"bridgetown":{"id":8448,"name":"Bridgetown","latitude":"13.10732000","longitude":"-59.62021000"}}},"saintpeter":{"id":1222,"name":"Saint Peter","state_code":"09","latitude":"13.26227090","longitude":"-59.65113430","type":"parish","cities":{"speightstown":{"id":8453,"name":"Speightstown","latitude":"13.25072000","longitude":"-59.64396000"}}},"saintphilip":{"id":1220,"name":"Saint Philip","state_code":"10","latitude":"13.13095230","longitude":"-59.50714670","type":"parish","cities":{"crane":{"id":8449,"name":"Crane","latitude":"13.10487000","longitude":"-59.44861000"}}},"saintthomas":{"id":1225,"name":"Saint Thomas","state_code":"11","latitude":"18.33809650","longitude":"-64.89409460","type":"parish"}}}