{"id":60,"name":"Djibouti","iso3":"DJI","iso2":"DJ","numeric_code":"262","phone_code":"253","capital":"Djibouti","currency":"DJF","currency_name":"Djiboutian franc","currency_symbol":"Fdj","tld":".dj","native":"Djibouti","region":"Africa","region_id":"1","subregion":"Eastern Africa","subregion_id":"4","nationality":"Djiboutian","timezones":[{"zoneName":"Africa/Djibouti","gmtOffset":10800,"gmtOffsetName":"UTC+03:00","abbreviation":"EAT","tzName":"East Africa Time"}],"translations":{"kr":"\uc9c0\ubd80\ud2f0","pt-BR":"Djibuti","pt":"Djibuti","nl":"Djibouti","hr":"D\u017eibuti","fa":"\u062c\u06cc\u0628\u0648\u062a\u06cc","de":"Dschibuti","es":"Yibuti","fr":"Djibouti","ja":"\u30b8\u30d6\u30c1","it":"Gibuti","cn":"\u5409\u5e03\u63d0","tr":"Cibuti"},"latitude":"11.50000000","longitude":"43.00000000","emoji":"\ud83c\udde9\ud83c\uddef","emojiU":"U+1F1E9 U+1F1EF","states":{"alisabiehregion":{"id":2933,"name":"Ali Sabieh Region","state_code":"AS","latitude":"11.19289730","longitude":"42.94169800","type":null,"cities":{"\u0027alisabieh":{"id":30561,"name":"\u0027Ali Sabieh","latitude":"11.15583000","longitude":"42.71250000"},"goub\u00e9tto":{"id":30567,"name":"Goub\u00e9tto","latitude":"11.42389000","longitude":"43.00028000"},"holhol":{"id":30569,"name":"Holhol","latitude":"11.31028000","longitude":"42.92944000"}}},"artaregion":{"id":2932,"name":"Arta Region","state_code":"AR","latitude":"11.52555280","longitude":"42.84794740","type":null,"cities":{"arta":{"id":30563,"name":"Arta","latitude":"11.52639000","longitude":"42.85194000"}}},"dikhilregion":{"id":2930,"name":"Dikhil Region","state_code":"DI","latitude":"11.10543360","longitude":"42.37047440","type":null,"cities":{"dikhil":{"id":30564,"name":"Dikhil","latitude":"11.10454000","longitude":"42.36971000"},"g\u00e2l\u00e2fi":{"id":30568,"name":"G\u00e2l\u00e2fi","latitude":"11.71583000","longitude":"41.83611000"}}},"djibouti":{"id":2929,"name":"Djibouti","state_code":"DJ","latitude":"11.82513800","longitude":"42.59027500","type":null,"cities":{"djibouti":{"id":30565,"name":"Djibouti","latitude":"11.58901000","longitude":"43.14503000"},"loyada":{"id":30570,"name":"Loyada","latitude":"11.46111000","longitude":"43.25278000"}}},"obockregion":{"id":2928,"name":"Obock Region","state_code":"OB","latitude":"12.38956910","longitude":"43.01948970","type":null,"cities":{"ala\u00efli\u1e0ea\u1e0f\u1e0fa\u2018":{"id":30562,"name":"Ala\u00efli \u1e0ea\u1e0f\u1e0fa\u2018","latitude":"12.42167000","longitude":"42.89556000"},"obock":{"id":30571,"name":"Obock","latitude":"11.96693000","longitude":"43.28835000"}}},"tadjourahregion":{"id":2931,"name":"Tadjourah Region","state_code":"TA","latitude":"11.93388850","longitude":"42.39383750","type":null,"cities":{"dorra":{"id":30566,"name":"Dorra","latitude":"12.15028000","longitude":"42.47624000"},"tadjourah":{"id":30572,"name":"Tadjourah","latitude":"11.78778000","longitude":"42.88222000"}}}}}