{"id":157,"name":"New Caledonia","iso3":"NCL","iso2":"NC","numeric_code":"540","phonecode":"687","capital":"Noumea","currency":"XPF","currency_name":"CFP franc","currency_symbol":"\u20a3","tld":".nc","native":"Nouvelle-Cal\u00e9donie","region":"Oceania","region_id":5,"subregion":"Melanesia","subregion_id":20,"nationality":"New Caledonian","timezones":[{"zoneName":"Pacific/Noumea","gmtOffset":39600,"gmtOffsetName":"UTC+11:00","abbreviation":"NCT","tzName":"New Caledonia Time"}],"translations":{"ko":"\ub204\ubca8\uce7c\ub808\ub3c4\ub2c8","pt-BR":"Nova Caled\u00f4nia","pt":"Nova Caled\u00f3nia","nl":"Nieuw-Caledoni\u00eb","hr":"Nova Kaledonija","fa":"\u06a9\u0627\u0644\u062f\u0648\u0646\u06cc\u0627\u06cc \u062c\u062f\u06cc\u062f","de":"Neukaledonien","es":"Nueva Caledonia","fr":"Nouvelle-Cal\u00e9donie","ja":"\u30cb\u30e5\u30fc\u30ab\u30ec\u30c9\u30cb\u30a2","it":"Nuova Caledonia","zh-CN":"\u65b0\u5580\u91cc\u591a\u5c3c\u4e9a","tr":"Yeni Kaledonya","ru":"\u041d\u043e\u0432\u0430\u044f \u041a\u0430\u043b\u0435\u0434\u043e\u043d\u0438\u044f","uk":"\u041d\u043e\u0432\u0430 \u041a\u0430\u043b\u0435\u0434\u043e\u043d\u0456\u044f","pl":"Nowa Kaledonia"},"latitude":"-21.50000000","longitude":"165.50000000","emoji":"\ud83c\uddf3\ud83c\udde8","emojiU":"U+1F1F3 U+1F1E8","states":{"loyaltyislandsprovince":{"id":5227,"name":"Loyalty Islands Province","state_code":"03","latitude":"-20.96670000","longitude":"167.23330000","type":"province","cities":{"lifou":{"id":153638,"name":"Lifou","latitude":"-20.96670000","longitude":"167.23330000"},"mar\u00e9":{"id":153639,"name":"Mar\u00e9","latitude":"-21.51670000","longitude":"167.98330000"}}},"northprovince":{"id":5226,"name":"North Province","state_code":"02","latitude":"-22.27580000","longitude":"166.45800000","type":"province","cities":{"houa\u00eflou":{"id":153637,"name":"Houa\u00eflou","latitude":"-21.29090000","longitude":"165.62170000"},"kon\u00e9":{"id":153635,"name":"Kon\u00e9","latitude":"-21.05900000","longitude":"164.85180000"},"poindimi\u00e9":{"id":153636,"name":"Poindimi\u00e9","latitude":"-20.94960000","longitude":"165.32930000"}}},"southprovince":{"id":5225,"name":"South Province","state_code":"01","latitude":"-22.27580000","longitude":"166.45800000","type":"province","cities":{"bourail":{"id":153634,"name":"Bourail","latitude":"-21.57010000","longitude":"165.48040000"},"dumb\u00e9a":{"id":153632,"name":"Dumb\u00e9a","latitude":"-22.15000000","longitude":"166.45000000"},"lemont-dore":{"id":153631,"name":"Le Mont-Dore","latitude":"-22.21570000","longitude":"166.46650000"},"noum\u00e9a":{"id":153630,"name":"Noum\u00e9a","latitude":"-22.27580000","longitude":"166.45800000"},"pa\u00efta":{"id":153633,"name":"Pa\u00efta","latitude":"-22.13370000","longitude":"166.35050000"}}}}}